document_number,title,publication_date,comments_close_on,page_length,lead_agency,agency_count,html_url,abstract_word_count,comment_window_days,pages_per_30_comment_days,retrieved_at_utc
2025-24134,"No-Migration Variance From Land Disposal Restrictions for Clean Harbors Grassy Mountain, Utah",2025-12-31,2026-01-30,6,Environmental Protection Agency,1,https://www.federalregister.gov/documents/2025/12/31/2025-24134/no-migration-variance-from-land-disposal-restrictions-for-clean-harbors-grassy-mountain-utah,160,30.0,6.0,2026-08-24T03:37:09Z
2025-24026,"Modification of Class E Airspace; Denver International Airport, Denver, CO",2025-12-30,2026-02-13,3,Transportation Department,2,https://www.federalregister.gov/documents/2025/12/30/2025-24026/modification-of-class-e-airspace-denver-international-airport-denver-co,71,45.0,2.0,2026-08-24T03:37:09Z
2025-24022,"Modification of Class E Airspace; Ketchikan International Airport, Ketchikan, AK",2025-12-30,2026-02-13,3,Transportation Department,2,https://www.federalregister.gov/documents/2025/12/30/2025-24022/modification-of-class-e-airspace-ketchikan-international-airport-ketchikan-ak,68,45.0,2.0,2026-08-24T03:37:09Z
2025-23988,Real Estate Lending Escrow Accounts,2025-12-30,2026-01-29,7,Treasury Department,2,https://www.federalregister.gov/documents/2025/12/30/2025-23988/real-estate-lending-escrow-accounts,65,30.0,7.0,2026-08-24T03:37:09Z
2025-23987,Preemption Determination: State Interest-on-Escrow Laws,2025-12-30,2026-01-29,7,Treasury Department,2,https://www.federalregister.gov/documents/2025/12/30/2025-23987/preemption-determination-state-interest-on-escrow-laws,66,30.0,7.0,2026-08-24T03:37:09Z
2025-23986,"OCC Guidelines Establishing Heightened Standards for Certain Large Insured National Banks, Insured Federal Savings Associations, and Insured Federal Branches; Technical Amendments",2025-12-30,2026-03-02,10,Treasury Department,2,https://www.federalregister.gov/documents/2025/12/30/2025-23986/occ-guidelines-establishing-heightened-standards-for-certain-large-insured-national-banks-insured,64,62.0,4.838709677419355,2026-08-24T03:37:09Z
2025-23976,"Safety Zone; Rocket Test Site, Rio Grande River, Boca Chica, TX",2025-12-30,2026-01-29,2,Homeland Security Department,2,https://www.federalregister.gov/documents/2025/12/30/2025-23976/safety-zone-rocket-test-site-rio-grande-river-boca-chica-tx,84,30.0,2.0,2026-08-24T03:37:09Z
2025-23974,Streamlining Probationary and Trial Period Appeals,2025-12-30,2026-01-29,15,Personnel Management Office,1,https://www.federalregister.gov/documents/2025/12/30/2025-23974/streamlining-probationary-and-trial-period-appeals,140,30.0,15.0,2026-08-24T03:37:09Z
2025-23963,Implementation of the Administrative False Claims Act,2025-12-30,2026-02-13,3,National Aeronautics and Space Administration,1,https://www.federalregister.gov/documents/2025/12/30/2025-23963/implementation-of-the-administrative-false-claims-act,99,45.0,2.0,2026-08-24T03:37:09Z
2025-23917,Required Use by Foreign Applicants and Patent Owners of a Patent Practitioner,2025-12-29,2026-01-28,9,Commerce Department,2,https://www.federalregister.gov/documents/2025/12/29/2025-23917/required-use-by-foreign-applicants-and-patent-owners-of-a-patent-practitioner,147,30.0,9.0,2026-08-24T03:37:09Z
2025-23896,"Health Data, Technology, and Interoperability: ASTP/ONC Deregulatory Actions To Unleash Prosperity",2025-12-29,2026-02-27,65,Health and Human Services Department,2,https://www.federalregister.gov/documents/2025/12/29/2025-23896/health-data-technology-and-interoperability-astponc-deregulatory-actions-to-unleash-prosperity,77,60.0,32.5,2026-08-24T03:37:09Z
2025-23890,"Health Data, Technology, and Interoperability: Patient Engagement, Information Sharing, and Public Health Interoperability; Withdrawal",2025-12-29,,3,Health and Human Services Department,2,https://www.federalregister.gov/documents/2025/12/29/2025-23890/health-data-technology-and-interoperability-patient-engagement-information-sharing-and-public-health,75,,,2026-08-24T03:37:09Z
2025-23875,Fisheries of the Northeastern United States; Amendment 21 to the Atlantic Surfclam and Ocean Quahog Fishery Management Plan,2025-12-29,2026-02-27,2,Commerce Department,2,https://www.federalregister.gov/documents/2025/12/29/2025-23875/fisheries-of-the-northeastern-united-states-amendment-21-to-the-atlantic-surfclam-and-ocean-quahog,97,60.0,1.0,2026-08-24T03:37:09Z
2025-23857,Suretyship and Guaranty; Segregated Deposit and Collateral,2025-12-29,2026-02-27,3,National Credit Union Administration,1,https://www.federalregister.gov/documents/2025/12/29/2025-23857/suretyship-and-guaranty-segregated-deposit-and-collateral,60,60.0,1.5,2026-08-24T03:37:09Z
2025-23856,Catastrophic Act Reporting,2025-12-29,2026-02-27,4,National Credit Union Administration,1,https://www.federalregister.gov/documents/2025/12/29/2025-23856/catastrophic-act-reporting,82,60.0,2.0,2026-08-24T03:37:09Z
2025-23855,Limits on Loans to Other Credit Unions,2025-12-29,2026-02-27,3,National Credit Union Administration,1,https://www.federalregister.gov/documents/2025/12/29/2025-23855/limits-on-loans-to-other-credit-unions,70,60.0,1.5,2026-08-24T03:37:09Z
2025-23854,Accuracy of Advertising and Notice of Insured Status,2025-12-29,2026-02-27,4,National Credit Union Administration,1,https://www.federalregister.gov/documents/2025/12/29/2025-23854/accuracy-of-advertising-and-notice-of-insured-status,81,60.0,2.0,2026-08-24T03:37:09Z
2025-23830,Agricultural Foreign Investment Disclosure Act: Revisions to Reporting Requirements,2025-12-29,2026-01-28,3,Agriculture Department,2,https://www.federalregister.gov/documents/2025/12/29/2025-23830/agricultural-foreign-investment-disclosure-act-revisions-to-reporting-requirements,294,30.0,3.0,2026-08-24T03:37:09Z
2025-23794,Airworthiness Directives; Diamond Aircraft Industries Inc. Airplanes,2025-12-23,2026-02-06,4,Transportation Department,2,https://www.federalregister.gov/documents/2025/12/23/2025-23794/airworthiness-directives-diamond-aircraft-industries-inc-airplanes,142,45.0,2.666666666666667,2026-08-24T03:37:09Z
2025-23773,"Security Zones; Vessels Carrying Dangerous Cargo, Corpus Christi and La Quinta Ship Channels, Corpus Christi, TX",2025-12-23,2026-01-22,3,Homeland Security Department,2,https://www.federalregister.gov/documents/2025/12/23/2025-23773/security-zones-vessels-carrying-dangerous-cargo-corpus-christi-and-la-quinta-ship-channels-corpus,73,30.0,3.0,2026-08-24T03:37:09Z
2025-23719,Airworthiness Directives; Honda Aircraft Company LLC Airplanes,2025-12-23,2026-02-06,3,Transportation Department,2,https://www.federalregister.gov/documents/2025/12/23/2025-23719/airworthiness-directives-honda-aircraft-company-llc-airplanes,94,45.0,2.0,2026-08-24T03:37:09Z
2025-23705,Guarding U.S. Medicare Against Rising Drug Costs (GUARD) Model,2025-12-23,2026-02-23,92,Health and Human Services Department,2,https://www.federalregister.gov/documents/2025/12/23/2025-23705/guarding-us-medicare-against-rising-drug-costs-guard-model,86,62.0,44.516129032258064,2026-08-24T03:37:09Z
2025-23704,Debt Collection Authorities Under the Debt Collection Improvement Act of 1996,2025-12-23,2026-02-23,20,Treasury Department,3,https://www.federalregister.gov/documents/2025/12/23/2025-23704/debt-collection-authorities-under-the-debt-collection-improvement-act-of-1996,73,62.0,9.67741935483871,2026-08-24T03:37:09Z
2025-23702,Global Benchmark for Efficient Drug Pricing (GLOBE) Model,2025-12-23,2026-02-23,93,Health and Human Services Department,2,https://www.federalregister.gov/documents/2025/12/23/2025-23702/global-benchmark-for-efficient-drug-pricing-globe-model,78,62.0,45.0,2026-08-24T03:37:09Z
2025-23693,Transparency in Coverage,2025-12-23,2026-02-23,87,Treasury Department,5,https://www.federalregister.gov/documents/2025/12/23/2025-23693/transparency-in-coverage,267,62.0,42.09677419354839,2026-08-24T03:37:09Z
2025-23638,Space Bureau Seeks To Refresh the Record on Proposed Rules To Permit the Use of Additional Frequency Bands for NGSO Satellites To Communicate With Earth Stations in Motion,2025-12-22,2026-01-21,2,Federal Communications Commission,1,https://www.federalregister.gov/documents/2025/12/22/2025-23638/space-bureau-seeks-to-refresh-the-record-on-proposed-rules-to-permit-the-use-of-additional-frequency,39,30.0,2.0,2026-08-24T03:37:09Z
2025-23625,Space Bureau Extends Comment and Reply Comment Deadlines for Notice of Proposed Rulemaking Regarding Facilitating More Intensive Use of Upper Microwave Spectrum,2025-12-22,2025-01-20,2,Federal Communications Commission,1,https://www.federalregister.gov/documents/2025/12/22/2025-23625/space-bureau-extends-comment-and-reply-comment-deadlines-for-notice-of-proposed-rulemaking-regarding,51,-336.0,-0.17857142857142855,2026-08-24T03:37:09Z
2025-23613,Airworthiness Directives; Restricted Category Model CH-47D Helicopters,2025-12-22,2026-02-05,4,Transportation Department,2,https://www.federalregister.gov/documents/2025/12/22/2025-23613/airworthiness-directives-restricted-category-model-ch-47d-helicopters,89,45.0,2.666666666666667,2026-08-24T03:37:09Z
2025-23566,Petition To Delist Hazardous Air Pollutant: 2-Butoxyethyl Benzoate (2-BEB),2025-12-22,2026-02-20,17,Environmental Protection Agency,1,https://www.federalregister.gov/documents/2025/12/22/2025-23566/petition-to-delist-hazardous-air-pollutant-2-butoxyethyl-benzoate-2-beb,81,60.0,8.5,2026-08-24T03:37:09Z
2025-23547,Community Reinvestment Act: Simplified Strategic Plan Process for Community Banks,2025-12-22,2026-02-20,21,Treasury Department,2,https://www.federalregister.gov/documents/2025/12/22/2025-23547/community-reinvestment-act-simplified-strategic-plan-process-for-community-banks,64,60.0,10.5,2026-08-24T03:37:09Z
2025-23510,Approval Requirements for Issuance of Payment Stablecoins by Subsidiaries of FDIC-Supervised Insured Depository Institutions,2025-12-19,2026-02-17,10,Federal Deposit Insurance Corporation,1,https://www.federalregister.gov/documents/2025/12/19/2025-23510/approval-requirements-for-issuance-of-payment-stablecoins-by-subsidiaries-of-fdic-supervised-insured,60,60.0,5.0,2026-08-24T03:37:09Z
2025-23488,Five-Year Review of the Oil Pipeline Index; Correction,2025-12-19,,1,Energy Department,2,https://www.federalregister.gov/documents/2025/12/19/2025-23488/five-year-review-of-the-oil-pipeline-index-correction,45,,,2026-08-24T03:37:09Z
2025-23484,Nondiscrimination on the Basis of Disability in Programs or Activities Receiving Federal Financial Assistance,2025-12-19,2026-01-20,6,Health and Human Services Department,2,https://www.federalregister.gov/documents/2025/12/19/2025-23484/nondiscrimination-on-the-basis-of-disability-in-programs-or-activities-receiving-federal-financial,157,32.0,5.625,2026-08-24T03:37:09Z
2025-23465,Medicare and Medicaid Programs; Hospital Condition of Participation: Prohibiting Sex-Rejecting Procedures for Children,2025-12-19,2026-02-17,16,Health and Human Services Department,2,https://www.federalregister.gov/documents/2025/12/19/2025-23465/medicare-and-medicaid-programs-hospital-condition-of-participation-prohibiting-sex-rejecting,67,60.0,8.0,2026-08-24T03:37:09Z
2025-23464,Medicaid Program; Prohibition on Federal Medicaid and Children's Health Insurance Program Funding for Sex-Rejecting Procedures Furnished to Children,2025-12-19,2026-02-17,23,Health and Human Services Department,2,https://www.federalregister.gov/documents/2025/12/19/2025-23464/medicaid-program-prohibition-on-federal-medicaid-and-childrens-health-insurance-program-funding-for,103,60.0,11.5,2026-08-24T03:37:09Z
2025-23459,"Amendment of Class D, Class E2, Class E4 and Class E5 Airspace Over Patuxent River, MD",2025-12-19,2026-02-02,4,Transportation Department,2,https://www.federalregister.gov/documents/2025/12/19/2025-23459/amendment-of-class-d-class-e2-class-e4-and-class-e5-airspace-over-patuxent-river-md,114,45.0,2.666666666666667,2026-08-24T03:37:09Z
2025-23447,"Amendment of Class E Airspace; Franklin, NC",2025-12-19,2026-02-02,2,Transportation Department,2,https://www.federalregister.gov/documents/2025/12/19/2025-23447/amendment-of-class-e-airspace-franklin-nc,68,45.0,1.3333333333333335,2026-08-24T03:37:09Z
2025-23435,"Special Local Regulation, Temporary Anchorage Ground Suspension, and Security Zones: Sail 4th 250, International Naval Review 250; Port of New York and New Jersey",2025-12-19,2026-02-17,20,Homeland Security Department,2,https://www.federalregister.gov/documents/2025/12/19/2025-23435/special-local-regulation-temporary-anchorage-ground-suspension-and-security-zones-sail-4th-250,98,60.0,10.0,2026-08-24T03:37:09Z
2025-23428,Incorporation by Reference of Institute of Electrical and Electronics Engineers Standard 603-2018,2025-12-19,2026-02-17,7,Nuclear Regulatory Commission,1,https://www.federalregister.gov/documents/2025/12/19/2025-23428/incorporation-by-reference-of-institute-of-electrical-and-electronics-engineers-standard-603-2018,97,60.0,3.5,2026-08-24T03:37:09Z
2025-23289,Ensuring Consistent and Rigorous Standards for Senior Executive Service Candidate Development Programs,2025-12-18,2026-02-17,7,Personnel Management Office,1,https://www.federalregister.gov/documents/2025/12/18/2025-23289/ensuring-consistent-and-rigorous-standards-for-senior-executive-service-candidate-development,85,61.0,3.4426229508196724,2026-08-24T03:37:09Z
2025-23273,"Amendment of Class D and Establishment of Class E Airspace; Chandler and Phoenix, AZ",2025-12-18,2026-02-02,3,Transportation Department,2,https://www.federalregister.gov/documents/2025/12/18/2025-23273/amendment-of-class-d-and-establishment-of-class-e-airspace-chandler-and-phoenix-az,70,46.0,1.9565217391304348,2026-08-24T03:37:09Z
2025-23264,North Dakota Reclamation Plan,2025-12-18,2026-01-20,3,Interior Department,2,https://www.federalregister.gov/documents/2025/12/18/2025-23264/north-dakota-reclamation-plan,85,33.0,2.7272727272727275,2026-08-24T03:37:09Z
2025-23260,Service Performance Reporting,2025-12-18,2026-01-19,3,Postal Regulatory Commission,1,https://www.federalregister.gov/documents/2025/12/18/2025-23260/service-performance-reporting,57,32.0,2.8125,2026-08-24T03:37:09Z
2025-23258,Airworthiness Directives; Airbus Helicopters Deutschland GmbH (AHD) Helicopters,2025-12-18,2026-02-02,4,Transportation Department,2,https://www.federalregister.gov/documents/2025/12/18/2025-23258/airworthiness-directives-airbus-helicopters-deutschland-gmbh-ahd-helicopters,168,46.0,2.608695652173913,2026-08-24T03:37:09Z
2025-23254,"Amendment of Class E Airspace; Morganton, NC",2025-12-18,2026-02-02,2,Transportation Department,2,https://www.federalregister.gov/documents/2025/12/18/2025-23254/amendment-of-class-e-airspace-morganton-nc,97,46.0,1.3043478260869565,2026-08-24T03:37:09Z
2025-23150,"Proposal To Provide Exemptive Relief To Facilitate Cross-Margining of Customer Positions Cleared at Chicago Mercantile Exchange, Inc. and Fixed Income Clearing Corporation",2025-12-17,2026-01-16,15,Commodity Futures Trading Commission,1,https://www.federalregister.gov/documents/2025/12/17/2025-23150/proposal-to-provide-exemptive-relief-to-facilitate-cross-margining-of-customer-positions-cleared-at,96,30.0,15.0,2026-08-24T03:37:09Z
2025-23115,Notification of Public Meetings and Request for Comment on the Modernization of Pilot Schools,2025-12-17,,2,Transportation Department,2,https://www.federalregister.gov/documents/2025/12/17/2025-23115/notification-of-public-meetings-and-request-for-comment-on-the-modernization-of-pilot-schools,18,,,2026-08-24T03:37:09Z
2025-23113,Notification of Public Meeting and Request for Comment on the Modernization of Pilot Schools,2025-12-17,,2,Transportation Department,2,https://www.federalregister.gov/documents/2025/12/17/2025-23113/notification-of-public-meeting-and-request-for-comment-on-the-modernization-of-pilot-schools,19,,,2026-08-24T03:37:09Z
2025-23103,Airworthiness Directives; Airbus Helicopters,2025-12-17,2026-02-02,4,Transportation Department,2,https://www.federalregister.gov/documents/2025/12/17/2025-23103/airworthiness-directives-airbus-helicopters,122,47.0,2.5531914893617023,2026-08-24T03:37:09Z
2025-23101,Airworthiness Directives; Airbus Helicopters,2025-12-17,2026-02-02,3,Transportation Department,2,https://www.federalregister.gov/documents/2025/12/17/2025-23101/airworthiness-directives-airbus-helicopters,91,47.0,1.9148936170212765,2026-08-24T03:37:09Z
2025-23100,Airworthiness Directives; Airbus Helicopters,2025-12-17,2026-02-02,4,Transportation Department,2,https://www.federalregister.gov/documents/2025/12/17/2025-23100/airworthiness-directives-airbus-helicopters,158,47.0,2.5531914893617023,2026-08-24T03:37:09Z
2025-23090,"Amendment of Restricted Area R-5201; Fort Drum, NY",2025-12-17,2026-02-02,2,Transportation Department,2,https://www.federalregister.gov/documents/2025/12/17/2025-23090/amendment-of-restricted-area-r-5201-fort-drum-ny,75,47.0,1.2765957446808511,2026-08-24T03:37:09Z
2025-23085,"Special Local Regulation; Milwaukee River, Milwaukee, WI",2025-12-17,2026-01-16,3,Homeland Security Department,2,https://www.federalregister.gov/documents/2025/12/17/2025-23085/special-local-regulation-milwaukee-river-milwaukee-wi,97,30.0,3.0,2026-08-24T03:37:09Z
2025-23044,Fisheries of the Exclusive Economic Zone Off Alaska; Gulf of Alaska; 2026 and 2027 Harvest Specifications for Groundfish,2025-12-16,2026-01-05,20,Commerce Department,2,https://www.federalregister.gov/documents/2025/12/16/2025-23044/fisheries-of-the-exclusive-economic-zone-off-alaska-gulf-of-alaska-2026-and-2027-harvest,161,20.0,30.0,2026-08-24T03:37:09Z
2025-22995,Fisheries of the Exclusive Economic Zone Off Alaska; Bering Sea and Aleutian Islands; 2026 and 2027 Harvest Specifications for Groundfish,2025-12-16,2026-01-05,25,Commerce Department,2,https://www.federalregister.gov/documents/2025/12/16/2025-22995/fisheries-of-the-exclusive-economic-zone-off-alaska-bering-sea-and-aleutian-islands-2026-and-2027,134,20.0,37.5,2026-08-24T03:37:09Z
2025-22963,"Schedules of Controlled Substances: Placement of 4F-MDMB-BUTICA, ADB-4en-PINACA, 5F-EDMB-PICA, and MMB-FUBICA in Schedule I",2025-12-16,2026-01-15,8,Justice Department,2,https://www.federalregister.gov/documents/2025/12/16/2025-22963/schedules-of-controlled-substances-placement-of-4f-mdmb-butica-adb-4en-pinaca-5f-edmb-pica-and,126,30.0,8.0,2026-08-24T03:37:09Z
2025-22948,Magnuson-Stevens Act Provisions; Fisheries Off West Coast States; Pacific Coast Groundfish Fishery; Pacific Coast Groundfish Fishery Management Plan; Amendment 36; Limited Entry Fixed Gear Follow-On Actions,2025-12-16,2026-02-10,3,Commerce Department,2,https://www.federalregister.gov/documents/2025/12/16/2025-22948/magnuson-stevens-act-provisions-fisheries-off-west-coast-states-pacific-coast-groundfish-fishery,153,56.0,1.607142857142857,2026-08-24T03:37:09Z
2025-22937,Receipt of Pesticide Petitions Filed for Residues of Pesticide Chemicals in or on Various Commodities-October 2025,2025-12-16,2026-01-15,3,Environmental Protection Agency,1,https://www.federalregister.gov/documents/2025/12/16/2025-22937/receipt-of-pesticide-petitions-filed-for-residues-of-pesticide-chemicals-in-or-on-various,109,30.0,3.0,2026-08-24T03:37:09Z
2025-22837,Program Review-Subsistence Management for Public Lands in Alaska,2025-12-15,,4,Agriculture Department,4,https://www.federalregister.gov/documents/2025/12/15/2025-22837/program-review-subsistence-management-for-public-lands-in-alaska,172,,,2026-08-24T03:37:09Z
2025-22831,Petition for Reconsideration of Action in Rulemaking Proceeding,2025-12-15,,1,Federal Communications Commission,1,https://www.federalregister.gov/documents/2025/12/15/2025-22831/petition-for-reconsideration-of-action-in-rulemaking-proceeding,21,,,2026-08-24T03:37:09Z
2025-22825,Updating Regulation References To Reflect Reorganizations at the Department of Justice and the Internal Revenue Service,2025-12-15,2026-01-14,5,Treasury Department,3,https://www.federalregister.gov/documents/2025/12/15/2025-22825/updating-regulation-references-to-reflect-reorganizations-at-the-department-of-justice-and-the,83,30.0,5.0,2026-08-24T03:37:09Z
2025-22788,Relief From Joint and Several Liability,2025-12-15,,1,Treasury Department,2,https://www.federalregister.gov/documents/2025/12/15/2025-22788/relief-from-joint-and-several-liability,53,,,2026-08-24T03:37:09Z
2025-22775,Income of Foreign Governments and of International Organizations,2025-12-15,2026-02-13,10,Treasury Department,2,https://www.federalregister.gov/documents/2025/12/15/2025-22775/income-of-foreign-governments-and-of-international-organizations,76,60.0,5.0,2026-08-24T03:37:09Z
2025-22763,Schedules of Controlled Substances: Temporary Placement of Bromazolam in Schedule I,2025-12-15,,5,Justice Department,2,https://www.federalregister.gov/documents/2025/12/15/2025-22763/schedules-of-controlled-substances-temporary-placement-of-bromazolam-in-schedule-i,106,,,2026-08-24T03:37:09Z
2025-22756,Receipt of Pesticide Petitions Filed for Residues of Pesticide Chemicals in or on Various Commodities-August 2025,2025-12-15,2026-01-14,3,Environmental Protection Agency,1,https://www.federalregister.gov/documents/2025/12/15/2025-22756/receipt-of-pesticide-petitions-filed-for-residues-of-pesticide-chemicals-in-or-on-various,109,30.0,3.0,2026-08-24T03:37:09Z
2025-22674,Public Hearing for Corporate Average Fuel Economy Standards: The Safer Affordable Fuel-Efficient (SAFE) Vehicle Rule III for Model Years 2022 to 2031 Passenger Cars and Light Trucks,2025-12-12,,2,Transportation Department,2,https://www.federalregister.gov/documents/2025/12/12/2025-22674/public-hearing-for-corporate-average-fuel-economy-standards-the-safer-affordable-fuel-efficient-safe,97,,,2026-08-24T03:37:09Z
2025-22635,"Establishment of United States Area Navigation Route T-581 in the Vicinity of Missoula, Montana",2025-12-12,2026-01-26,2,Transportation Department,2,https://www.federalregister.gov/documents/2025/12/12/2025-22635/establishment-of-united-states-area-navigation-route-t-581-in-the-vicinity-of-missoula-montana,42,45.0,1.3333333333333335,2026-08-24T03:37:09Z
2025-22634,Amendment of United States Area Navigation Route Q-10 and Revocation of Alaska Area Navigation Routes J-804R and J-889R in Alaska,2025-12-12,2026-01-26,3,Transportation Department,2,https://www.federalregister.gov/documents/2025/12/12/2025-22634/amendment-of-united-states-area-navigation-route-q-10-and-revocation-of-alaska-area-navigation,39,45.0,2.0,2026-08-24T03:37:09Z
2025-22632,"Revocation of Very High Frequency Omnidirectional Range Federal Airway V-320 in the Vicinity of Mount Pleasant, Michigan",2025-12-12,2026-01-26,3,Transportation Department,2,https://www.federalregister.gov/documents/2025/12/12/2025-22632/revocation-of-very-high-frequency-omnidirectional-range-federal-airway-v-320-in-the-vicinity-of,77,45.0,2.0,2026-08-24T03:37:09Z
2025-22610,Air Plan Approval; New Hampshire; Single Source VOC RACT Order for Hutchinson Sealing Systems,2025-12-11,2026-01-12,3,Environmental Protection Agency,1,https://www.federalregister.gov/documents/2025/12/11/2025-22610/air-plan-approval-new-hampshire-single-source-voc-ract-order-for-hutchinson-sealing-systems,55,32.0,2.8125,2026-08-24T03:37:09Z
2025-22607,"Air Plan Approval; Michigan; Moderate Attainment Plan Elements for the Allegan County, Berrien County, and Muskegon County Areas for the 2015 Ozone Standard",2025-12-11,2026-01-12,7,Environmental Protection Agency,1,https://www.federalregister.gov/documents/2025/12/11/2025-22607/air-plan-approval-michigan-moderate-attainment-plan-elements-for-the-allegan-county-berrien-county,126,32.0,6.5625,2026-08-24T03:37:09Z
2025-22596,Raisins Produced From Grapes Grown in California; Secretary's Decision and Referendum Order on Proposed Amendments to Marketing Order No. 989,2025-12-11,,8,Agriculture Department,2,https://www.federalregister.gov/documents/2025/12/11/2025-22596/raisins-produced-from-grapes-grown-in-california-secretarys-decision-and-referendum-order-on,146,,,2026-08-24T03:37:09Z
2025-22594,Air Plan Disapproval; Ohio; E-Check Attestation Provisions,2025-12-11,2026-01-12,4,Environmental Protection Agency,1,https://www.federalregister.gov/documents/2025/12/11/2025-22594/air-plan-disapproval-ohio-e-check-attestation-provisions,121,32.0,3.75,2026-08-24T03:37:09Z
2025-22553,"No-Migration Variance From Land Disposal Restrictions for Clean Harbors Lone Mountain, Oklahoma",2025-12-11,2026-01-12,7,Environmental Protection Agency,1,https://www.federalregister.gov/documents/2025/12/11/2025-22553/no-migration-variance-from-land-disposal-restrictions-for-clean-harbors-lone-mountain-oklahoma,160,32.0,6.5625,2026-08-24T03:37:09Z
2025-22543,Medicare Program; Alternative Payment Model Updates and the Increasing Organ Transplant Access (IOTA) Model,2025-12-11,2026-02-09,37,Health and Human Services Department,2,https://www.federalregister.gov/documents/2025/12/11/2025-22543/medicare-program-alternative-payment-model-updates-and-the-increasing-organ-transplant-access-iota,19,60.0,18.5,2026-08-24T03:37:09Z
2025-22542,Pribilof Islands Administration; Dogs Prohibited,2025-12-11,2026-01-12,5,Commerce Department,2,https://www.federalregister.gov/documents/2025/12/11/2025-22542/pribilof-islands-administration-dogs-prohibited,101,32.0,4.6875,2026-08-24T03:37:09Z
2025-22533,"Air Plan Approval; Virginia; Amendment to the State Operating Permit for GP Big Island, LLC",2025-12-11,2026-01-12,3,Environmental Protection Agency,1,https://www.federalregister.gov/documents/2025/12/11/2025-22533/air-plan-approval-virginia-amendment-to-the-state-operating-permit-for-gp-big-island-llc,83,32.0,2.8125,2026-08-24T03:37:09Z
2025-22530,Air Plan Approval; California; San Joaquin Valley Air Pollution Control District,2025-12-11,2026-01-12,3,Environmental Protection Agency,1,https://www.federalregister.gov/documents/2025/12/11/2025-22530/air-plan-approval-california-san-joaquin-valley-air-pollution-control-district,79,32.0,2.8125,2026-08-24T03:37:09Z
2025-22519,"Pesticide Tolerances; Implementing Registration Review Decisions for Certain Pesticides; Atrazine, et al.",2025-12-11,2026-02-09,19,Environmental Protection Agency,1,https://www.federalregister.gov/documents/2025/12/11/2025-22519/pesticide-tolerances-implementing-registration-review-decisions-for-certain-pesticides-atrazine-et,95,60.0,9.5,2026-08-24T03:37:09Z
2025-22499,"Establishment of Class E Airspace; Providence Seaside Hospital Heliport, Seaside, OR",2025-12-11,2026-01-26,3,Transportation Department,2,https://www.federalregister.gov/documents/2025/12/11/2025-22499/establishment-of-class-e-airspace-providence-seaside-hospital-heliport-seaside-or,60,46.0,1.9565217391304348,2026-08-24T03:37:09Z
2025-22495,Schedules of Controlled Substances: Placement of CUMYL-PEGACLONE in Schedule I,2025-12-11,2026-01-12,8,Justice Department,2,https://www.federalregister.gov/documents/2025/12/11/2025-22495/schedules-of-controlled-substances-placement-of-cumyl-pegaclone-in-schedule-i,118,32.0,7.5,2026-08-24T03:37:09Z
2025-22490,Guidance on Response Programs for Unauthorized Access to Member Information and Member Notice,2025-12-11,2026-02-09,3,National Credit Union Administration,1,https://www.federalregister.gov/documents/2025/12/11/2025-22490/guidance-on-response-programs-for-unauthorized-access-to-member-information-and-member-notice,129,60.0,1.5,2026-08-24T03:37:09Z
2025-22489,Guidelines for Safeguarding Member Information,2025-12-11,2026-02-09,3,National Credit Union Administration,1,https://www.federalregister.gov/documents/2025/12/11/2025-22489/guidelines-for-safeguarding-member-information,135,60.0,1.5,2026-08-24T03:37:09Z
2025-22488,Supervisory Committee Audits and Verifications,2025-12-11,2026-02-09,5,National Credit Union Administration,1,https://www.federalregister.gov/documents/2025/12/11/2025-22488/supervisory-committee-audits-and-verifications,71,60.0,2.5,2026-08-24T03:37:09Z
2025-22487,Corporate Credit Unions,2025-12-11,2026-02-09,3,National Credit Union Administration,1,https://www.federalregister.gov/documents/2025/12/11/2025-22487/corporate-credit-unions,94,60.0,1.5,2026-08-24T03:37:09Z
2025-22445,Airworthiness Directives; Extra Aerobatic Aircraft GmbH Airplanes,2025-12-10,2026-01-26,3,Transportation Department,2,https://www.federalregister.gov/documents/2025/12/10/2025-22445/airworthiness-directives-extra-aerobatic-aircraft-gmbh-airplanes,81,47.0,1.9148936170212765,2026-08-24T03:37:09Z
2025-22444,Airworthiness Directives; Piaggio Aviation S.p.A. Airplanes,2025-12-10,2026-01-26,4,Transportation Department,2,https://www.federalregister.gov/documents/2025/12/10/2025-22444/airworthiness-directives-piaggio-aviation-spa-airplanes,85,47.0,2.5531914893617023,2026-08-24T03:37:09Z
2025-22414,"Amendment of Jet Routes J-70 and J-94 and Amendment of Very High Frequency Omnidirectional Range Federal Airways V-30, V-55, V-84, V-170, and V-274 and Revocation of Jet Routes J-547 and J-548 in the Vicinity of Pullman, MI",2025-12-10,2026-01-26,4,Transportation Department,2,https://www.federalregister.gov/documents/2025/12/10/2025-22414/amendment-of-jet-routes-j-70-and-j-94-and-amendment-of-very-high-frequency-omnidirectional-range,81,47.0,2.5531914893617023,2026-08-24T03:37:09Z
2025-22373,Airworthiness Directives; Airbus Helicopters,2025-12-09,2026-01-23,3,Transportation Department,2,https://www.federalregister.gov/documents/2025/12/09/2025-22373/airworthiness-directives-airbus-helicopters,100,45.0,2.0,2026-08-24T03:37:09Z
2025-22340,"Magnuson-Stevens Fishery Conservation and Management Act Provisions; Fisheries of the Northeastern United States; Proposed 2026 and Projected 2027 Specifications for the Summer Flounder, Scup, Black Sea Bass, and Bluefish Fisheries",2025-12-09,2025-12-24,8,Commerce Department,2,https://www.federalregister.gov/documents/2025/12/09/2025-22340/magnuson-stevens-fishery-conservation-and-management-act-provisions-fisheries-of-the-northeastern,82,15.0,16.0,2026-08-24T03:37:09Z
2025-22327,Solicitation of Proposals for New and Modified Safe Harbors and Special Fraud Alerts,2025-12-09,2026-02-09,3,Health and Human Services Department,1,https://www.federalregister.gov/documents/2025/12/09/2025-22327/solicitation-of-proposals-for-new-and-modified-safe-harbors-and-special-fraud-alerts,55,62.0,1.4516129032258065,2026-08-24T03:37:09Z
2025-22319,"Amendment of Class D, E2 and E5 Airspace; Miami, FL",2025-12-09,2026-01-23,2,Transportation Department,2,https://www.federalregister.gov/documents/2025/12/09/2025-22319/amendment-of-class-d-e2-and-e5-airspace-miami-fl,98,45.0,1.3333333333333335,2026-08-24T03:37:09Z
2025-22230,"List of Approved Spent Fuel Storage Casks: NAC International, Inc., NAC-UMS® Universal Storage System, Certificate of Compliance No. 1015, Renewed Amendment No. 10, and Revision 1 to Renewed Amendment Nos. 5 Through 9",2025-12-08,2026-01-07,3,Nuclear Regulatory Commission,1,https://www.federalregister.gov/documents/2025/12/08/2025-22230/list-of-approved-spent-fuel-storage-casks-nac-international-inc-nac-ums-universal-storage-system,102,30.0,3.0,2026-08-24T03:37:09Z
2025-22226,Magnuson-Stevens Fishery Conservation and Management Act Provisions; Fisheries of the Northeastern United States; Northeast Multispecies Fishery; Framework Adjustment 69,2025-12-08,2026-01-07,52,Commerce Department,2,https://www.federalregister.gov/documents/2025/12/08/2025-22226/magnuson-stevens-fishery-conservation-and-management-act-provisions-fisheries-of-the-northeastern,100,30.0,52.0,2026-08-24T03:37:09Z
2025-22220,Sport Pilot Practical Test Standards Alignment,2025-12-08,2026-01-07,11,Transportation Department,2,https://www.federalregister.gov/documents/2025/12/08/2025-22220/sport-pilot-practical-test-standards-alignment,70,30.0,11.0,2026-08-24T03:37:09Z
2025-22175,"Safety Zone; Hampton Roads Bridge-Tunnel Expansion Project, Hampton/Norfolk, VA",2025-12-08,2025-12-22,3,Homeland Security Department,2,https://www.federalregister.gov/documents/2025/12/08/2025-22175/safety-zone-hampton-roads-bridge-tunnel-expansion-project-hamptonnorfolk-va,96,14.0,6.428571428571428,2026-08-24T03:37:09Z
2025-22171,"Amendment of Class E Airspace; Benton Harbor, MI",2025-12-08,2026-01-22,2,Transportation Department,2,https://www.federalregister.gov/documents/2025/12/08/2025-22171/amendment-of-class-e-airspace-benton-harbor-mi,95,45.0,1.3333333333333335,2026-08-24T03:37:09Z
2025-22162,Airworthiness Directives; Airbus Helicopters,2025-12-08,2026-01-22,3,Transportation Department,2,https://www.federalregister.gov/documents/2025/12/08/2025-22162/airworthiness-directives-airbus-helicopters,114,45.0,2.0,2026-08-24T03:37:09Z
2025-22130,Incarcerated People's Communication Services; Implementation of the Martha Wright-Reed Act; Rates for Interstate Inmate Calling Services,2025-12-05,2026-01-05,9,Federal Communications Commission,1,https://www.federalregister.gov/documents/2025/12/05/2025-22130/incarcerated-peoples-communication-services-implementation-of-the-martha-wright-reed-act-rates-for,145,31.0,8.70967741935484,2026-08-24T03:37:09Z
2025-22106,Airworthiness Directives; Airbus SAS Airplanes,2025-12-05,2026-01-20,5,Transportation Department,2,https://www.federalregister.gov/documents/2025/12/05/2025-22106/airworthiness-directives-airbus-sas-airplanes,142,46.0,3.260869565217391,2026-08-24T03:37:09Z
2025-22063,Advanced Methods To Target and Eliminate Robocalls,2025-12-05,2026-01-05,15,Federal Communications Commission,1,https://www.federalregister.gov/documents/2025/12/05/2025-22063/advanced-methods-to-target-and-eliminate-robocalls,207,31.0,14.516129032258064,2026-08-24T03:37:09Z
2025-22020,In the Matter of Upper C-band (3.98-4.2 GHz),2025-12-05,2026-01-05,26,Federal Communications Commission,1,https://www.federalregister.gov/documents/2025/12/05/2025-22020/in-the-matter-of-upper-c-band-398-42-ghz,322,31.0,25.161290322580648,2026-08-24T03:37:09Z
2025-22019,Space Modernization for the 21st Century,2025-12-05,2026-01-20,98,Federal Communications Commission,1,https://www.federalregister.gov/documents/2025/12/05/2025-22019/space-modernization-for-the-21st-century,127,46.0,63.913043478260875,2026-08-24T03:37:09Z
2025-22015,Loan Performance Categories and Financial Reporting,2025-12-05,2026-02-03,5,Farm Credit Administration,1,https://www.federalregister.gov/documents/2025/12/05/2025-22015/loan-performance-categories-and-financial-reporting,142,60.0,2.5,2026-08-24T03:37:09Z
2025-22014,The Safer Affordable Fuel-Efficient (SAFE) Vehicles Rule III for Model Years 2022 to 2031 Passenger Cars and Light Trucks,2025-12-05,2026-01-20,219,Transportation Department,2,https://www.federalregister.gov/documents/2025/12/05/2025-22014/the-safer-affordable-fuel-efficient-safe-vehicles-rule-iii-for-model-years-2022-to-2031-passenger,356,46.0,142.82608695652175,2026-08-24T03:37:09Z
2025-22011,Assessment Framework and Organizational Restatement Regarding Preemption for Certain Regulations Issued by the Coast Guard,2025-12-05,,1,Homeland Security Department,2,https://www.federalregister.gov/documents/2025/12/05/2025-22011/assessment-framework-and-organizational-restatement-regarding-preemption-for-certain-regulations,71,,,2026-08-24T03:37:09Z
2025-21999,Airworthiness Directives; Airbus Helicopters Deutschland GmbH Helicopters,2025-12-05,2026-01-20,3,Transportation Department,2,https://www.federalregister.gov/documents/2025/12/05/2025-21999/airworthiness-directives-airbus-helicopters-deutschland-gmbh-helicopters,101,46.0,1.9565217391304348,2026-08-24T03:37:09Z
2025-21970,Hazardous Materials: Modernizing Regulations To Facilitate Transportation of Hazardous Materials Using Highly Automated Transportation Systems,2025-12-04,2026-03-04,9,Transportation Department,2,https://www.federalregister.gov/documents/2025/12/04/2025-21970/hazardous-materials-modernizing-regulations-to-facilitate-transportation-of-hazardous-materials,43,90.0,3.0,2026-08-24T03:37:09Z
2025-21935,Determination of Rates and Terms for Digital Performance of Sound Recordings and Making of Ephemeral Copies To Facilitate Those Performances (Web VI),2025-12-04,2026-01-05,6,Library of Congress,2,https://www.federalregister.gov/documents/2025/12/04/2025-21935/determination-of-rates-and-terms-for-digital-performance-of-sound-recordings-and-making-of-ephemeral,51,32.0,5.625,2026-08-24T03:37:09Z
2025-21930,Petition for Reconsideration of Action in Rulemaking Proceeding,2025-12-04,,1,Federal Communications Commission,1,https://www.federalregister.gov/documents/2025/12/04/2025-21930/petition-for-reconsideration-of-action-in-rulemaking-proceeding,21,,,2026-08-24T03:37:09Z
2025-21928,Protecting Against National Security Threats to the Communications Supply Chain Through the Equipment Authorization Program,2025-12-04,2026-01-05,10,Federal Communications Commission,1,https://www.federalregister.gov/documents/2025/12/04/2025-21928/protecting-against-national-security-threats-to-the-communications-supply-chain-through-the,140,32.0,9.375,2026-08-24T03:37:09Z
2025-21912,"Establishment and Amendment of Class E Airspace; South Bend, IN",2025-12-04,2026-01-20,3,Transportation Department,2,https://www.federalregister.gov/documents/2025/12/04/2025-21912/establishment-and-amendment-of-class-e-airspace-south-bend-in,96,47.0,1.9148936170212765,2026-08-24T03:37:09Z
2025-21899,Airworthiness Directives; Leonardo S.p.A. Helicopters,2025-12-04,2026-01-20,3,Transportation Department,2,https://www.federalregister.gov/documents/2025/12/04/2025-21899/airworthiness-directives-leonardo-spa-helicopters,90,47.0,1.9148936170212765,2026-08-24T03:37:09Z
2025-21893,Resilient Networks; Concerning Disruptions to Communications; Reopening of Comment Period,2025-12-04,2025-12-18,1,Federal Communications Commission,1,https://www.federalregister.gov/documents/2025/12/04/2025-21893/resilient-networks-concerning-disruptions-to-communications-reopening-of-comment-period,56,14.0,2.142857142857143,2026-08-24T03:37:09Z
2025-21887,Petition for Rulemaking of Consumer Federation of America and the American Economic Liberties Project,2025-12-03,2026-01-02,1,Federal Trade Commission,1,https://www.federalregister.gov/documents/2025/12/03/2025-21887/petition-for-rulemaking-of-consumer-federation-of-america-and-the-american-economic-liberties,69,30.0,1.0,2026-08-24T03:37:09Z
2025-21876,Notice of Availability and Request for Comment: Revision to the Voluntary Standard for Crib Mattresses,2025-12-03,2025-12-17,2,Consumer Product Safety Commission,1,https://www.federalregister.gov/documents/2025/12/03/2025-21876/notice-of-availability-and-request-for-comment-revision-to-the-voluntary-standard-for-crib,53,14.0,4.285714285714286,2026-08-24T03:37:09Z
2025-21807,"Empowering Broadband Consumers Through Transparency; Delete, Delete, Delete",2025-12-03,2026-01-02,4,Federal Communications Commission,1,https://www.federalregister.gov/documents/2025/12/03/2025-21807/empowering-broadband-consumers-through-transparency-delete-delete-delete,138,30.0,4.0,2026-08-24T03:37:09Z
2025-21805,Facilitating More Intensive Use of Upper Microwave Spectrum,2025-12-03,2026-01-02,12,Federal Communications Commission,1,https://www.federalregister.gov/documents/2025/12/03/2025-21805/facilitating-more-intensive-use-of-upper-microwave-spectrum,210,30.0,12.0,2026-08-24T03:37:09Z
2025-21785,The Sunset Rule,2025-12-03,2026-01-02,3,Nuclear Regulatory Commission,1,https://www.federalregister.gov/documents/2025/12/03/2025-21785/the-sunset-rule,35,30.0,3.0,2026-08-24T03:37:09Z
2025-21679,Receipt of Pesticide Petitions Filed for Residues of Pesticide Chemicals in or on Various Commodities-September 2025,2025-12-01,2025-12-31,2,Environmental Protection Agency,1,https://www.federalregister.gov/documents/2025/12/01/2025-21679/receipt-of-pesticide-petitions-filed-for-residues-of-pesticide-chemicals-in-or-on-various,107,30.0,2.0,2026-08-24T03:37:09Z
2025-21670,"Drawbridge Operation Regulation; Passaic River, Between the City of Newark and Town of Kearny, NJ",2025-12-01,2025-12-31,3,Homeland Security Department,2,https://www.federalregister.gov/documents/2025/12/01/2025-21670/drawbridge-operation-regulation-passaic-river-between-the-city-of-newark-and-town-of-kearny-nj,89,30.0,3.0,2026-08-24T03:37:09Z
2025-21625,Regulatory Capital Rule: Revisions to the Community Bank Leverage Ratio Framework,2025-12-01,2026-01-30,16,Treasury Department,4,https://www.federalregister.gov/documents/2025/12/01/2025-21625/regulatory-capital-rule-revisions-to-the-community-bank-leverage-ratio-framework,131,60.0,8.0,2026-08-24T03:37:09Z
2025-21620,Build America: Eliminating Barriers to Wireless Deployments,2025-12-01,2025-12-31,18,Federal Communications Commission,1,https://www.federalregister.gov/documents/2025/12/01/2025-21620/build-america-eliminating-barriers-to-wireless-deployments,36,30.0,18.0,2026-08-24T03:37:09Z
2025-21597,Hazardous and Solid Waste Management System: Disposal of Coal Combustion Residuals From Electric Utilities; Extension of an Alternative Closure Requirement Deadline,2025-11-28,2026-01-07,9,Environmental Protection Agency,1,https://www.federalregister.gov/documents/2025/11/28/2025-21597/hazardous-and-solid-waste-management-system-disposal-of-coal-combustion-residuals-from-electric,91,40.0,6.75,2026-08-24T03:37:09Z
2025-21581,Furnishing Identifying Number of Tax Return Preparer,2025-11-28,,2,Treasury Department,2,https://www.federalregister.gov/documents/2025/11/28/2025-21581/furnishing-identifying-number-of-tax-return-preparer,32,,,2026-08-24T03:37:09Z
2025-21557,Air Plan Approval; Virginia; Repeal of Existing Stationary Source Regulations,2025-11-28,2025-12-29,3,Environmental Protection Agency,1,https://www.federalregister.gov/documents/2025/11/28/2025-21557/air-plan-approval-virginia-repeal-of-existing-stationary-source-regulations,72,31.0,2.903225806451613,2026-08-24T03:37:09Z
2025-21506,Event Data Recorders,2025-11-28,2025-12-29,15,Transportation Department,2,https://www.federalregister.gov/documents/2025/11/28/2025-21506/event-data-recorders,133,31.0,14.516129032258064,2026-08-24T03:37:09Z
2025-21495,Airworthiness Directives; Airbus Helicopters,2025-11-28,2026-01-12,3,Transportation Department,2,https://www.federalregister.gov/documents/2025/11/28/2025-21495/airworthiness-directives-airbus-helicopters,112,45.0,2.0,2026-08-24T03:37:09Z
2025-21456,"Medicare Program; Contract Year 2027 Policy and Technical Changes to the Medicare Advantage Program, Medicare Prescription Drug Benefit Program, and Medicare Cost Plan Program",2025-11-28,2026-01-26,137,Health and Human Services Department,2,https://www.federalregister.gov/documents/2025/11/28/2025-21456/medicare-program-contract-year-2027-policy-and-technical-changes-to-the-medicare-advantage-program,42,59.0,69.66101694915254,2026-08-24T03:37:09Z
2025-21437,Airworthiness Directives; Airbus Helicopters,2025-11-28,2026-01-12,4,Transportation Department,2,https://www.federalregister.gov/documents/2025/11/28/2025-21437/airworthiness-directives-airbus-helicopters,136,45.0,2.666666666666667,2026-08-24T03:37:09Z
2025-21434,Airworthiness Directives; Airbus Helicopters,2025-11-28,2026-01-12,3,Transportation Department,2,https://www.federalregister.gov/documents/2025/11/28/2025-21434/airworthiness-directives-airbus-helicopters,77,45.0,2.0,2026-08-24T03:37:09Z
2025-21416,"Airworthiness Directives; Textron Aviation, Inc. (Type Certificate Previously Held by Cessna Aircraft Company) Airplanes",2025-11-28,2026-01-12,3,Transportation Department,2,https://www.federalregister.gov/documents/2025/11/28/2025-21416/airworthiness-directives-textron-aviation-inc-type-certificate-previously-held-by-cessna-aircraft,84,45.0,2.0,2026-08-24T03:37:09Z
2025-21413,Air Plan Approval; Connecticut; New Source Review Permit Program State Plan Revision,2025-11-28,2025-12-29,3,Environmental Protection Agency,1,https://www.federalregister.gov/documents/2025/11/28/2025-21413/air-plan-approval-connecticut-new-source-review-permit-program-state-plan-revision,55,31.0,2.903225806451613,2026-08-24T03:37:09Z
2025-21409,Airworthiness Directives; Schempp-Hirth Flugzeugbau GmbH Gliders,2025-11-28,2026-01-12,4,Transportation Department,2,https://www.federalregister.gov/documents/2025/11/28/2025-21409/airworthiness-directives-schempp-hirth-flugzeugbau-gmbh-gliders,69,45.0,2.666666666666667,2026-08-24T03:37:09Z
2025-21407,Testing Methods for Detecting and Identifying Asbestos in Talc-Containing Cosmetic Products; Withdrawal,2025-11-28,,2,Health and Human Services Department,2,https://www.federalregister.gov/documents/2025/11/28/2025-21407/testing-methods-for-detecting-and-identifying-asbestos-in-talc-containing-cosmetic-products,94,,,2026-08-24T03:37:09Z
2025-21346,"Air Plan Approval; Missouri; Reporting Emission Data, Emission Fees, and Process Information",2025-11-28,2025-12-29,3,Environmental Protection Agency,1,https://www.federalregister.gov/documents/2025/11/28/2025-21346/air-plan-approval-missouri-reporting-emission-data-emission-fees-and-process-information,119,31.0,2.903225806451613,2026-08-24T03:37:09Z
2025-21325,Promoting Technological Solutions To Combat Contraband Wireless Device Use in Correctional Facilities,2025-11-26,2025-12-26,19,Federal Communications Commission,1,https://www.federalregister.gov/documents/2025/11/26/2025-21325/promoting-technological-solutions-to-combat-contraband-wireless-device-use-in-correctional,102,30.0,19.0,2026-08-24T03:37:09Z
2025-21324,Advancing IP Interconnection,2025-11-26,2025-12-26,16,Federal Communications Commission,1,https://www.federalregister.gov/documents/2025/11/26/2025-21324/advancing-ip-interconnection,188,30.0,16.0,2026-08-24T03:37:09Z
2025-21321,Air Plan Approval; Ohio; Emergency Episodes and Ambient Air Quality Standards,2025-11-26,2025-12-26,1,Environmental Protection Agency,1,https://www.federalregister.gov/documents/2025/11/26/2025-21321/air-plan-approval-ohio-emergency-episodes-and-ambient-air-quality-standards,53,30.0,1.0,2026-08-24T03:37:09Z
2025-21308,Claims Filing Date for Insured Mail,2025-11-26,2025-12-26,2,Postal Service,1,https://www.federalregister.gov/documents/2025/11/26/2025-21308/claims-filing-date-for-insured-mail,30,30.0,2.0,2026-08-24T03:37:09Z
2025-21226,Green Innovation GmbH; Filing of Food Additive Petition (Animal Use),2025-11-26,,1,Health and Human Services Department,2,https://www.federalregister.gov/documents/2025/11/26/2025-21226/green-innovation-gmbh-filing-of-food-additive-petition-animal-use,90,,,2026-08-24T03:37:09Z
2025-21198,"Drawbridge Operation Regulation; Wishkah River, Aberdeen, WA",2025-11-26,2026-01-12,3,Homeland Security Department,2,https://www.federalregister.gov/documents/2025/11/26/2025-21198/drawbridge-operation-regulation-wishkah-river-aberdeen-wa,62,47.0,1.9148936170212765,2026-08-24T03:37:09Z
2025-21100,Airworthiness Directives; The Boeing Company Airplanes,2025-11-25,2026-01-09,3,Transportation Department,2,https://www.federalregister.gov/documents/2025/11/25/2025-21100/airworthiness-directives-the-boeing-company-airplanes,98,45.0,2.0,2026-08-24T03:37:09Z
2025-21093,Airworthiness Directives; The Boeing Company Airplanes,2025-11-25,2026-01-09,4,Transportation Department,2,https://www.federalregister.gov/documents/2025/11/25/2025-21093/airworthiness-directives-the-boeing-company-airplanes,79,45.0,2.666666666666667,2026-08-24T03:37:09Z
2025-21087,"Enhanced Transparency and Public Accountability of the Supervisory Stress Test Models and Scenarios; Modifications to the Capital Planning and Stress Capital Buffer Requirement Rule, Enhanced Prudential Standards Rule, and Regulation LL; Extension of Comment Period",2025-11-25,2026-02-21,1,Federal Reserve System,1,https://www.federalregister.gov/documents/2025/11/25/2025-21087/enhanced-transparency-and-public-accountability-of-the-supervisory-stress-test-models-and-scenarios,74,88.0,0.34090909090909094,2026-08-24T03:37:09Z
2025-21071,Immunology and Microbiology Devices; Reclassification of Nucleic Acid-Based Test Systems for Use With a Corresponding Approved Oncology Therapeutic Product; Proposed Amendment; Proposed Order; Request for Comments,2025-11-25,2026-01-26,14,Health and Human Services Department,2,https://www.federalregister.gov/documents/2025/11/25/2025-21071/immunology-and-microbiology-devices-reclassification-of-nucleic-acid-based-test-systems-for-use-with,80,62.0,6.774193548387097,2026-08-24T03:37:09Z
2025-20949,"Modification of Class E Airspace; Driggs/Reed Memorial Airport, Driggs, ID",2025-11-25,2026-01-09,2,Transportation Department,2,https://www.federalregister.gov/documents/2025/11/25/2025-20949/modification-of-class-e-airspace-driggsreed-memorial-airport-driggs-id,56,45.0,1.3333333333333335,2026-08-24T03:37:09Z
2025-20906,Duty of Candor,2025-11-25,,2,Energy Department,2,https://www.federalregister.gov/documents/2025/11/25/2025-20906/duty-of-candor,71,,,2026-08-24T03:37:09Z
2025-20900,Supplemental Review of the Oil Pipeline Index Level,2025-11-25,,7,Energy Department,2,https://www.federalregister.gov/documents/2025/11/25/2025-20900/supplemental-review-of-the-oil-pipeline-index-level,50,,,2026-08-24T03:37:09Z
2025-20898,Authorizations for Certain Activities at Liquefied Natural Gas Plants,2025-11-25,2026-01-26,5,Energy Department,2,https://www.federalregister.gov/documents/2025/11/25/2025-20898/authorizations-for-certain-activities-at-liquefied-natural-gas-plants,55,62.0,2.4193548387096775,2026-08-24T03:37:09Z
2025-20897,Safe Harbor Policy for Data Providers to Price Index Developers,2025-11-25,,2,Energy Department,2,https://www.federalregister.gov/documents/2025/11/25/2025-20897/safe-harbor-policy-for-data-providers-to-price-index-developers,45,,,2026-08-24T03:37:09Z
2025-20852,Airworthiness Directives; Airbus Helicopters,2025-11-25,2026-01-09,5,Transportation Department,2,https://www.federalregister.gov/documents/2025/11/25/2025-20852/airworthiness-directives-airbus-helicopters,118,45.0,3.333333333333333,2026-08-24T03:37:09Z
2025-20790,"Amendment of Class D and Class E4 Airspace Over Wilkes-Barre, PA",2025-11-24,2026-01-08,2,Transportation Department,2,https://www.federalregister.gov/documents/2025/11/24/2025-20790/amendment-of-class-d-and-class-e4-airspace-over-wilkes-barre-pa,61,45.0,1.3333333333333335,2026-08-24T03:37:09Z
2025-20762,Five-Year Review of the Oil Pipeline Index,2025-11-24,2025-12-24,7,Energy Department,2,https://www.federalregister.gov/documents/2025/11/24/2025-20762/five-year-review-of-the-oil-pipeline-index,67,30.0,7.0,2026-08-24T03:37:09Z
2025-20753,Review of National Emission Standards for Hazardous Air Pollutants From Secondary Lead Smelting Technology Review; Reopening of Comment Period,2025-11-24,2025-12-08,3,Environmental Protection Agency,1,https://www.federalregister.gov/documents/2025/11/24/2025-20753/review-of-national-emission-standards-for-hazardous-air-pollutants-from-secondary-lead-smelting,67,14.0,6.428571428571428,2026-08-24T03:37:09Z
2025-20751,Airworthiness Directives; Bell Textron Canada Limited Helicopters,2025-11-24,2026-01-08,3,Transportation Department,2,https://www.federalregister.gov/documents/2025/11/24/2025-20751/airworthiness-directives-bell-textron-canada-limited-helicopters,107,45.0,2.0,2026-08-24T03:37:09Z
2025-20749,Freedom of Information Act,2025-11-24,2025-12-24,5,Defense Nuclear Facilities Safety Board,1,https://www.federalregister.gov/documents/2025/11/24/2025-20749/freedom-of-information-act,138,30.0,5.0,2026-08-24T03:37:09Z
2025-20732,"Modification of Class E Airspace; Ralph Wien Memorial Airport, Kotzebue, AK",2025-11-24,2026-01-08,3,Transportation Department,2,https://www.federalregister.gov/documents/2025/11/24/2025-20732/modification-of-class-e-airspace-ralph-wien-memorial-airport-kotzebue-ak,56,45.0,2.0,2026-08-24T03:37:09Z
2025-20672,Air Plan Approval; Indiana; Second Maintenance Plan for 2008 Ozone NAAQS,2025-11-21,2025-12-22,6,Environmental Protection Agency,1,https://www.federalregister.gov/documents/2025/11/21/2025-20672/air-plan-approval-indiana-second-maintenance-plan-for-2008-ozone-naaqs,136,31.0,5.806451612903226,2026-08-24T03:37:09Z
2025-20664,Airworthiness Directives; The Boeing Company Airplanes,2025-11-21,2026-01-05,4,Transportation Department,2,https://www.federalregister.gov/documents/2025/11/21/2025-20664/airworthiness-directives-the-boeing-company-airplanes,146,45.0,2.666666666666667,2026-08-24T03:37:09Z
2025-20611,"Special Conditions: Skyryse, Robinson Model R66 Helicopter; Static Longitudinal Stability",2025-11-21,2026-01-05,2,Transportation Department,2,https://www.federalregister.gov/documents/2025/11/21/2025-20611/special-conditions-skyryse-robinson-model-r66-helicopter-static-longitudinal-stability,112,45.0,1.3333333333333335,2026-08-24T03:37:09Z
2025-20600,"Amendment of Class E Airspace; Beeville, TX",2025-11-21,2026-01-05,2,Transportation Department,2,https://www.federalregister.gov/documents/2025/11/21/2025-20600/amendment-of-class-e-airspace-beeville-tx,70,45.0,1.3333333333333335,2026-08-24T03:37:09Z
2025-20596,"Amendment of Class D and Class E Airspace; Ashland, Bucyrus, and Mansfield, OH",2025-11-21,2026-01-05,3,Transportation Department,2,https://www.federalregister.gov/documents/2025/11/21/2025-20596/amendment-of-class-d-and-class-e-airspace-ashland-bucyrus-and-mansfield-oh,122,45.0,2.0,2026-08-24T03:37:09Z
2025-20595,"Amendment of Class E Airspace; New Lexington, OH",2025-11-21,2026-01-05,3,Transportation Department,2,https://www.federalregister.gov/documents/2025/11/21/2025-20595/amendment-of-class-e-airspace-new-lexington-oh,92,45.0,2.0,2026-08-24T03:37:09Z
2025-20572,Airworthiness Directives; Airbus SAS Airplanes,2025-11-21,2026-01-05,4,Transportation Department,2,https://www.federalregister.gov/documents/2025/11/21/2025-20572/airworthiness-directives-airbus-sas-airplanes,97,45.0,2.666666666666667,2026-08-24T03:37:09Z
2025-20561,Exempting Whole Health Well-Being Services From Copayment,2025-11-21,,2,Veterans Affairs Department,1,https://www.federalregister.gov/documents/2025/11/21/2025-20561/exempting-whole-health-well-being-services-from-copayment,65,,,2026-08-24T03:37:09Z
2025-20552,Endangered and Threatened Wildlife and Plants; Regulations Pertaining to Endangered and Threatened Wildlife and Plants,2025-11-21,2025-12-22,6,Interior Department,2,https://www.federalregister.gov/documents/2025/11/21/2025-20552/endangered-and-threatened-wildlife-and-plants-regulations-pertaining-to-endangered-and-threatened,87,31.0,5.806451612903226,2026-08-24T03:37:09Z
2025-20551,Endangered and Threatened Wildlife and Plants; Interagency Cooperation Regulations,2025-11-21,2025-12-22,8,Interior Department,4,https://www.federalregister.gov/documents/2025/11/21/2025-20551/endangered-and-threatened-wildlife-and-plants-interagency-cooperation-regulations,68,31.0,7.741935483870968,2026-08-24T03:37:09Z
2025-20550,Endangered and Threatened Wildlife and Plants; Regulations for Designating Critical Habitat,2025-11-21,2025-12-22,8,Interior Department,2,https://www.federalregister.gov/documents/2025/11/21/2025-20550/endangered-and-threatened-wildlife-and-plants-regulations-for-designating-critical-habitat,155,31.0,7.741935483870968,2026-08-24T03:37:09Z
2025-20549,Endangered and Threatened Wildlife and Plants; Listing Endangered and Threatened Species and Designating Critical Habitat,2025-11-21,2025-12-22,9,Interior Department,4,https://www.federalregister.gov/documents/2025/11/21/2025-20549/endangered-and-threatened-wildlife-and-plants-listing-endangered-and-threatened-species-and,79,31.0,8.70967741935484,2026-08-24T03:37:09Z
2025-20499,Air Plan Approval; New York; Athens Generating Plant,2025-11-20,2025-12-22,4,Environmental Protection Agency,1,https://www.federalregister.gov/documents/2025/11/20/2025-20499/air-plan-approval-new-york-athens-generating-plant,186,32.0,3.75,2026-08-24T03:37:09Z
2025-20498,Air Plan Approval; Maine; Chapter 140: Part 70 Air Emission License Regulation,2025-11-20,2025-12-22,3,Environmental Protection Agency,1,https://www.federalregister.gov/documents/2025/11/20/2025-20498/air-plan-approval-maine-chapter-140-part-70-air-emission-license-regulation,102,32.0,2.8125,2026-08-24T03:37:09Z
2025-20497,Finding of Failure To Attain and Reclassification of Tribal Portions of the Greater Connecticut Ozone Nonattainment Area as Serious for the 2015 Ozone National Ambient Air Quality Standards,2025-11-20,2025-12-22,7,Environmental Protection Agency,1,https://www.federalregister.gov/documents/2025/11/20/2025-20497/finding-of-failure-to-attain-and-reclassification-of-tribal-portions-of-the-greater-connecticut,237,32.0,6.5625,2026-08-24T03:37:09Z
2025-20496,Operating Permit Program Approval; New Hampshire; Revised Definitions,2025-11-20,2025-12-22,2,Environmental Protection Agency,1,https://www.federalregister.gov/documents/2025/11/20/2025-20496/operating-permit-program-approval-new-hampshire-revised-definitions,57,32.0,1.875,2026-08-24T03:37:09Z
2025-20494,Air Plan Approval; Michigan; Infrastructure SIP Requirements for the 2015 Ozone NAAQS; Michigan State Board Requirements,2025-11-20,2025-12-22,2,Environmental Protection Agency,1,https://www.federalregister.gov/documents/2025/11/20/2025-20494/air-plan-approval-michigan-infrastructure-sip-requirements-for-the-2015-ozone-naaqs-michigan-state,69,32.0,1.875,2026-08-24T03:37:09Z
2025-20491,Electronic Logbook Reporting in Commercial Fisheries of the Gulf of America and Atlantic,2025-11-20,2026-01-20,4,Commerce Department,2,https://www.federalregister.gov/documents/2025/11/20/2025-20491/electronic-logbook-reporting-in-commercial-fisheries-of-the-gulf-of-america-and-atlantic,148,61.0,1.9672131147540985,2026-08-24T03:37:09Z
2025-20463,Air Plan Approval; Connecticut; Ozone Ambient Air Quality Standard and Adhesive and Sealants Regulation Revisions,2025-11-20,2025-12-22,3,Environmental Protection Agency,1,https://www.federalregister.gov/documents/2025/11/20/2025-20463/air-plan-approval-connecticut-ozone-ambient-air-quality-standard-and-adhesive-and-sealants,89,32.0,2.8125,2026-08-24T03:37:09Z
2025-20450,Shape-Based Labeling Lists,2025-11-20,2025-12-22,5,Postal Service,1,https://www.federalregister.gov/documents/2025/11/20/2025-20450/shape-based-labeling-lists,34,32.0,4.6875,2026-08-24T03:37:09Z
2025-20445,Hazardous Materials: Adjusting Registration and Fee Assessment Program,2025-11-20,,2,Transportation Department,2,https://www.federalregister.gov/documents/2025/11/20/2025-20445/hazardous-materials-adjusting-registration-and-fee-assessment-program,27,,,2026-08-24T03:37:09Z
2025-20444,Air Plan Approval; Rhode Island; Regional Haze State Implementation Plan for the Second Implementation Period; Prong 4 (Visibility) for the 2015 8-Hour Ozone National Ambient Air Quality Standard,2025-11-20,2025-12-22,19,Environmental Protection Agency,1,https://www.federalregister.gov/documents/2025/11/20/2025-20444/air-plan-approval-rhode-island-regional-haze-state-implementation-plan-for-the-second-implementation,174,32.0,17.8125,2026-08-24T03:37:09Z
2025-20441,Air Plan Approval; Minnesota; Metropolitan Council Wastewater Treatment Plant Title I PM10 SIP Revisions,2025-11-20,2025-12-22,3,Environmental Protection Agency,1,https://www.federalregister.gov/documents/2025/11/20/2025-20441/air-plan-approval-minnesota-metropolitan-council-wastewater-treatment-plant-title-i-pm10-sip,94,32.0,2.8125,2026-08-24T03:37:09Z
2025-20437,Authorizing Permissive Use of the “Next Generation” Broadcast Television Standard,2025-11-20,2026-01-20,22,Federal Communications Commission,1,https://www.federalregister.gov/documents/2025/11/20/2025-20437/authorizing-permissive-use-of-the-next-generation-broadcast-television-standard,82,61.0,10.819672131147541,2026-08-24T03:37:09Z
2025-20419,Approval and Promulgation of State Air Quality Plans (Negative Declarations) for Designated Facilities and Pollutants; District of Columbia,2025-11-20,2025-12-22,2,Environmental Protection Agency,1,https://www.federalregister.gov/documents/2025/11/20/2025-20419/approval-and-promulgation-of-state-air-quality-plans-negative-declarations-for-designated-facilities,81,32.0,1.875,2026-08-24T03:37:09Z
2025-20418,Air Plan Approval; Delaware; 2006 24-Hour Fine Particulate Matter Limited Maintenance Plan for the Philadelphia Nonattainment Area,2025-11-20,2025-12-22,8,Environmental Protection Agency,1,https://www.federalregister.gov/documents/2025/11/20/2025-20418/air-plan-approval-delaware-2006-24-hour-fine-particulate-matter-limited-maintenance-plan-for-the,126,32.0,7.5,2026-08-24T03:37:09Z
2025-20416,Air Plan Approval; District of Columbia; Creation of Synthetic Minor Permit Program,2025-11-20,2025-12-22,4,Environmental Protection Agency,1,https://www.federalregister.gov/documents/2025/11/20/2025-20416/air-plan-approval-district-of-columbia-creation-of-synthetic-minor-permit-program,114,32.0,3.75,2026-08-24T03:37:09Z
2025-20415,Air Plan Approval; AK; Regional Haze Plan for the Second Implementation Period; Extension of Comment Period,2025-11-20,2025-12-16,1,Environmental Protection Agency,1,https://www.federalregister.gov/documents/2025/11/20/2025-20415/air-plan-approval-ak-regional-haze-plan-for-the-second-implementation-period-extension-of-comment,45,26.0,1.153846153846154,2026-08-24T03:37:09Z
2025-20411,Approval and Promulgation of Delegation of Authority for Designated Facilities and Pollutants; Allegheny County; Delegation of Authority of the Federal Plan for Existing Sewage Sludge Incineration Units,2025-11-20,2025-12-22,4,Environmental Protection Agency,1,https://www.federalregister.gov/documents/2025/11/20/2025-20411/approval-and-promulgation-of-delegation-of-authority-for-designated-facilities-and-pollutants,120,32.0,3.75,2026-08-24T03:37:09Z
2025-20409,Air Plan Approval; Pennsylvania; Redesignation Request for the Allegheny County Area for the 2012 Annual Fine Particulate Matter Standard,2025-11-20,2025-12-22,9,Environmental Protection Agency,1,https://www.federalregister.gov/documents/2025/11/20/2025-20409/air-plan-approval-pennsylvania-redesignation-request-for-the-allegheny-county-area-for-the-2012,119,32.0,8.4375,2026-08-24T03:37:09Z
2025-20402,Updated Definition of “Waters of the United States”,2025-11-20,2026-01-05,49,Defense Department,3,https://www.federalregister.gov/documents/2025/11/20/2025-20402/updated-definition-of-waters-of-the-united-states,134,46.0,31.956521739130437,2026-08-24T03:37:09Z
2025-20363,Airworthiness Directives; Airbus Helicopters,2025-11-20,2026-01-05,3,Transportation Department,2,https://www.federalregister.gov/documents/2025/11/20/2025-20363/airworthiness-directives-airbus-helicopters,91,46.0,1.9565217391304348,2026-08-24T03:37:09Z
2025-20357,"Determination of Attainment by the Attainment Date but for International Emissions for the 2015 Ozone National Ambient Air Quality Standards; Phoenix-Mesa Nonattainment Area, Arizona",2025-11-19,2025-12-19,12,Environmental Protection Agency,1,https://www.federalregister.gov/documents/2025/11/19/2025-20357/determination-of-attainment-by-the-attainment-date-but-for-international-emissions-for-the-2015,114,30.0,12.0,2026-08-24T03:37:09Z
2025-20325,Standards for Business Practices of Interstate Natural Gas Pipelines,2025-11-19,2026-01-20,8,Energy Department,2,https://www.federalregister.gov/documents/2025/11/19/2025-20325/standards-for-business-practices-of-interstate-natural-gas-pipelines,73,62.0,3.870967741935484,2026-08-24T03:37:09Z
2025-20323,"Airworthiness Directives; Airbus Canada Limited Partnership (Type Certificate Previously Held by C Series Aircraft Limited Partnership (CSALP); Bombardier, Inc.) Airplanes",2025-11-19,2026-01-05,4,Transportation Department,2,https://www.federalregister.gov/documents/2025/11/19/2025-20323/airworthiness-directives-airbus-canada-limited-partnership-type-certificate-previously-held-by-c,114,47.0,2.5531914893617023,2026-08-24T03:37:09Z
2025-20303,Airworthiness Directives; Various Helicopters,2025-11-19,2026-01-05,4,Transportation Department,2,https://www.federalregister.gov/documents/2025/11/19/2025-20303/airworthiness-directives-various-helicopters,140,47.0,2.5531914893617023,2026-08-24T03:37:09Z
2025-20282,Incorporation by Reference; North American Standard Out-of-Service Criteria; Hazardous Materials Safety Permits (2025),2025-11-19,2025-12-19,7,Transportation Department,2,https://www.federalregister.gov/documents/2025/11/19/2025-20282/incorporation-by-reference-north-american-standard-out-of-service-criteria-hazardous-materials,89,30.0,7.0,2026-08-24T03:37:09Z
2025-20278,Public Charge Ground of Inadmissibility,2025-11-19,2025-12-19,57,Homeland Security Department,1,https://www.federalregister.gov/documents/2025/11/19/2025-20278/public-charge-ground-of-inadmissibility,98,30.0,57.0,2026-08-24T03:37:09Z
2025-20247,"Modification of Class E Airspace; Newport Municipal Airport, Newport, OR",2025-11-19,2026-01-05,2,Transportation Department,2,https://www.federalregister.gov/documents/2025/11/19/2025-20247/modification-of-class-e-airspace-newport-municipal-airport-newport-or,68,47.0,1.2765957446808511,2026-08-24T03:37:09Z
2025-20229,Radio Broadcasting Services; Various Locations,2025-11-18,2025-11-21,2,Federal Communications Commission,1,https://www.federalregister.gov/documents/2025/11/18/2025-20229/radio-broadcasting-services-various-locations,103,3.0,20.0,2026-08-24T03:37:09Z
2025-20225,Updating Class I Rail Carrier Reporting Requirements; Extension of Comment Period,2025-11-18,2025-11-24,2,Surface Transportation Board,1,https://www.federalregister.gov/documents/2025/11/18/2025-20225/updating-class-i-rail-carrier-reporting-requirements-extension-of-comment-period,33,6.0,10.0,2026-08-24T03:37:09Z
2025-20214,"Tart Cherries Grown in the States of Michigan, et al.; Free and Restricted Percentages for the 2024-25 Crop Year",2025-11-18,2025-12-18,6,Agriculture Department,2,https://www.federalregister.gov/documents/2025/11/18/2025-20214/tart-cherries-grown-in-the-states-of-michigan-et-al-free-and-restricted-percentages-for-the-2024-25,90,30.0,6.0,2026-08-24T03:37:09Z
2025-20211,"Enhanced Transparency and Public Accountability of the Supervisory Stress Test Models and Scenarios; Modifications to the Capital Planning and Stress Capital Buffer Requirement Rule, Enhanced Prudential Standards Rule, and Regulation LL",2025-11-18,2026-01-22,98,Federal Reserve System,1,https://www.federalregister.gov/documents/2025/11/18/2025-20211/enhanced-transparency-and-public-accountability-of-the-supervisory-stress-test-models-and-scenarios,163,65.0,45.230769230769226,2026-08-24T03:37:09Z
2025-20204,Community Bank Licensing Amendments,2025-11-18,2026-01-20,7,Treasury Department,2,https://www.federalregister.gov/documents/2025/11/18/2025-20204/community-bank-licensing-amendments,60,63.0,3.333333333333333,2026-08-24T03:37:09Z
2025-20202,Fair Housing Home Loan Data System,2025-11-18,2025-12-18,5,Treasury Department,2,https://www.federalregister.gov/documents/2025/11/18/2025-20202/fair-housing-home-loan-data-system,134,30.0,5.0,2026-08-24T03:37:09Z
2025-20199,"Rescission of OCC Guidelines Establishing Standards for Recovery Planning by Certain Large Insured National Banks, Insured Federal Savings Associations, and Insured Federal Branches",2025-11-18,2025-12-18,4,Treasury Department,2,https://www.federalregister.gov/documents/2025/11/18/2025-20199/rescission-of-occ-guidelines-establishing-standards-for-recovery-planning-by-certain-large-insured,32,30.0,4.0,2026-08-24T03:37:09Z
2025-20164,"Drawbridge Operation Regulation; Newark Bay, Between the City of Newark and City of Bayonne, NJ",2025-11-18,2026-04-16,3,Homeland Security Department,2,https://www.federalregister.gov/documents/2025/11/18/2025-20164/drawbridge-operation-regulation-newark-bay-between-the-city-of-newark-and-city-of-bayonne-nj,73,149.0,0.6040268456375839,2026-08-24T03:37:09Z
2025-20154,Endangered and Threatened Wildlife and Plants; 12-Month Not-Warranted Finding for the Okinawa Woodpecker,2025-11-18,,4,Interior Department,2,https://www.federalregister.gov/documents/2025/11/18/2025-20154/endangered-and-threatened-wildlife-and-plants-12-month-not-warranted-finding-for-the-okinawa,108,,,2026-08-24T03:37:09Z
2025-20129,Ohio: Proposed Authorization of State Hazardous Waste Management Program Revisions,2025-11-18,2025-12-18,6,Environmental Protection Agency,1,https://www.federalregister.gov/documents/2025/11/18/2025-20129/ohio-proposed-authorization-of-state-hazardous-waste-management-program-revisions,69,30.0,6.0,2026-08-24T03:37:09Z
2025-20093,"Airworthiness Directives; MD Helicopters, LLC Helicopters",2025-11-18,2026-01-02,5,Transportation Department,2,https://www.federalregister.gov/documents/2025/11/18/2025-20093/airworthiness-directives-md-helicopters-llc-helicopters,107,45.0,3.333333333333333,2026-08-24T03:37:09Z
2025-20092,Airworthiness Directives; Airbus Helicopters,2025-11-18,2026-01-02,3,Transportation Department,2,https://www.federalregister.gov/documents/2025/11/18/2025-20092/airworthiness-directives-airbus-helicopters,97,45.0,2.0,2026-08-24T03:37:09Z
2025-20091,Airworthiness Directives; Airbus Helicopters,2025-11-18,2026-01-02,4,Transportation Department,2,https://www.federalregister.gov/documents/2025/11/18/2025-20091/airworthiness-directives-airbus-helicopters,99,45.0,2.666666666666667,2026-08-24T03:37:09Z
2025-20090,Airworthiness Directives; Bell Textron Canada Limited Helicopters,2025-11-18,2026-01-02,4,Transportation Department,2,https://www.federalregister.gov/documents/2025/11/18/2025-20090/airworthiness-directives-bell-textron-canada-limited-helicopters,91,45.0,2.666666666666667,2026-08-24T03:37:09Z
2025-20089,Airworthiness Directives; General Electric Company Engines,2025-11-18,2026-01-02,3,Transportation Department,2,https://www.federalregister.gov/documents/2025/11/18/2025-20089/airworthiness-directives-general-electric-company-engines,110,45.0,2.0,2026-08-24T03:37:09Z
2025-20088,Airworthiness Directives; International Aero Engines AG Engines,2025-11-18,2026-01-02,3,Transportation Department,2,https://www.federalregister.gov/documents/2025/11/18/2025-20088/airworthiness-directives-international-aero-engines-ag-engines,89,45.0,2.0,2026-08-24T03:37:09Z
2025-20087,Airworthiness Directives; Embraer S.A. Airplanes,2025-11-18,2026-01-02,4,Transportation Department,2,https://www.federalregister.gov/documents/2025/11/18/2025-20087/airworthiness-directives-embraer-sa-airplanes,93,45.0,2.666666666666667,2026-08-24T03:37:09Z
2025-20085,Airworthiness Directives; Twin Commander Aircraft LLC Airplanes,2025-11-18,2026-01-02,8,Transportation Department,2,https://www.federalregister.gov/documents/2025/11/18/2025-20085/airworthiness-directives-twin-commander-aircraft-llc-airplanes,131,45.0,5.333333333333334,2026-08-24T03:37:09Z
2025-20084,Airworthiness Directives; LAVIA ARGENTINA S.A. Airplanes,2025-11-18,2026-01-02,4,Transportation Department,2,https://www.federalregister.gov/documents/2025/11/18/2025-20084/airworthiness-directives-lavia-argentina-sa-airplanes,105,45.0,2.666666666666667,2026-08-24T03:37:09Z
2025-20061,Airworthiness Directives; The Boeing Company Airplanes,2025-11-18,2026-01-02,5,Transportation Department,2,https://www.federalregister.gov/documents/2025/11/18/2025-20061/airworthiness-directives-the-boeing-company-airplanes,152,45.0,3.333333333333333,2026-08-24T03:37:09Z
2025-20042,Airline Passenger Rights; Withdrawal,2025-11-17,,3,Transportation Department,2,https://www.federalregister.gov/documents/2025/11/17/2025-20042/airline-passenger-rights-withdrawal,102,,,2026-08-24T03:37:09Z
2025-20018,Kentucky Regulatory Program,2025-11-17,2025-12-17,3,Interior Department,2,https://www.federalregister.gov/documents/2025/11/17/2025-20018/kentucky-regulatory-program,69,30.0,3.0,2026-08-24T03:37:09Z
2025-20017,Airworthiness Directives; Airbus SAS Airplanes,2025-11-17,2026-01-02,4,Transportation Department,2,https://www.federalregister.gov/documents/2025/11/17/2025-20017/airworthiness-directives-airbus-sas-airplanes,74,46.0,2.608695652173913,2026-08-24T03:37:09Z
2025-20014,Airworthiness Directives; The Boeing Company Airplanes,2025-11-17,2026-01-02,3,Transportation Department,2,https://www.federalregister.gov/documents/2025/11/17/2025-20014/airworthiness-directives-the-boeing-company-airplanes,72,46.0,1.9565217391304348,2026-08-24T03:37:09Z
2025-20013,Airworthiness Directives; The Boeing Company Airplanes,2025-11-17,2026-01-02,3,Transportation Department,2,https://www.federalregister.gov/documents/2025/11/17/2025-20013/airworthiness-directives-the-boeing-company-airplanes,99,46.0,1.9565217391304348,2026-08-24T03:37:09Z
2025-20012,Airworthiness Directives; Airbus SAS Airplanes,2025-11-17,2026-01-02,5,Transportation Department,2,https://www.federalregister.gov/documents/2025/11/17/2025-20012/airworthiness-directives-airbus-sas-airplanes,179,46.0,3.260869565217391,2026-08-24T03:37:09Z
2025-20011,Airworthiness Directives; Airbus SAS Airplanes,2025-11-17,2026-01-02,5,Transportation Department,2,https://www.federalregister.gov/documents/2025/11/17/2025-20011/airworthiness-directives-airbus-sas-airplanes,162,46.0,3.260869565217391,2026-08-24T03:37:09Z
2025-20010,Airworthiness Directives; The Boeing Company Airplanes,2025-11-17,2026-01-02,4,Transportation Department,2,https://www.federalregister.gov/documents/2025/11/17/2025-20010/airworthiness-directives-the-boeing-company-airplanes,100,46.0,2.608695652173913,2026-08-24T03:37:09Z
2025-20008,Implementing Voluntary Agreements Under the Defense Production Act,2025-11-17,2025-11-24,5,Energy Department,2,https://www.federalregister.gov/documents/2025/11/17/2025-20008/implementing-voluntary-agreements-under-the-defense-production-act,57,7.0,21.42857142857143,2026-08-24T03:37:09Z
2025-20001,2022 Quadrennial Regulatory Review-Review of the Commission's Broadcast Ownership Rules and Other Rules Adopted Pursuant to the Telecommunications Act of 1996,2025-11-17,2026-01-16,10,Federal Communications Commission,1,https://www.federalregister.gov/documents/2025/11/17/2025-20001/2022-quadrennial-regulatory-review-review-of-the-commissions-broadcast-ownership-rules-and-other,66,60.0,5.0,2026-08-24T03:37:09Z
2025-19992,Approval of Source-Specific Air Quality Implementation Plan; New York; Calpine JFK Energy Center,2025-11-17,2025-12-17,4,Environmental Protection Agency,1,https://www.federalregister.gov/documents/2025/11/17/2025-19992/approval-of-source-specific-air-quality-implementation-plan-new-york-calpine-jfk-energy-center,152,30.0,4.0,2026-08-24T03:37:09Z
2025-19989,Air Plan Approval; Oklahoma; Updates to the State Implementation Plan for New Source Review Permitting and General SIP Provisions,2025-11-17,2025-12-17,17,Environmental Protection Agency,1,https://www.federalregister.gov/documents/2025/11/17/2025-19989/air-plan-approval-oklahoma-updates-to-the-state-implementation-plan-for-new-source-review-permitting,60,30.0,17.0,2026-08-24T03:37:09Z
2025-19927,Proposal of Special Measure Regarding Transactions Involving Ten Mexican Gambling Establishments as a Class of Transactions of Primary Money Laundering Concern,2025-11-17,2025-12-17,14,Treasury Department,2,https://www.federalregister.gov/documents/2025/11/17/2025-19927/proposal-of-special-measure-regarding-transactions-involving-ten-mexican-gambling-establishments-as,111,30.0,14.0,2026-08-24T03:37:09Z
2025-19920,Technical Amendments to the EPCRA Hazardous Chemical Inventory Reporting Requirements To Conform to the 2024 OSHA Hazard Communication Standard,2025-11-17,2025-12-17,26,Environmental Protection Agency,1,https://www.federalregister.gov/documents/2025/11/17/2025-19920/technical-amendments-to-the-epcra-hazardous-chemical-inventory-reporting-requirements-to-conform-to,195,30.0,26.0,2026-08-24T03:37:09Z
2025-19895,Phasedown of Hydrofluorocarbons: Reconsideration of Certain Regulatory Requirements Promulgated Under the Technology Transitions Provisions of the American Innovation and Manufacturing Act of 2020; Extension of Comment Period,2025-11-14,2025-11-21,1,Environmental Protection Agency,1,https://www.federalregister.gov/documents/2025/11/14/2025-19895/phasedown-of-hydrofluorocarbons-reconsideration-of-certain-regulatory-requirements-promulgated-under,48,7.0,4.285714285714286,2026-08-24T03:37:09Z
2025-19884,"Approval of Clean Air Plans; San Joaquin Valley, California; Contingency Measures for 1997 Ozone Standards",2025-11-14,2025-12-15,14,Environmental Protection Agency,1,https://www.federalregister.gov/documents/2025/11/14/2025-19884/approval-of-clean-air-plans-san-joaquin-valley-california-contingency-measures-for-1997-ozone,176,31.0,13.548387096774194,2026-08-24T03:37:09Z
2025-19882,Perfluoroalkyl and Polyfluoroalkyl Substances (PFAS) Data Reporting and Recordkeeping Under the Toxic Substances Control Act (TSCA); Revision to Regulation,2025-11-13,2025-12-29,15,Environmental Protection Agency,1,https://www.federalregister.gov/documents/2025/11/13/2025-19882/perfluoroalkyl-and-polyfluoroalkyl-substances-pfas-data-reporting-and-recordkeeping-under-the-toxic,107,46.0,9.782608695652174,2026-08-24T03:37:09Z
2025-19865,Small Business Lending Under the Equal Credit Opportunity Act (Regulation B),2025-11-13,2025-12-15,60,Consumer Financial Protection Bureau,1,https://www.federalregister.gov/documents/2025/11/13/2025-19865/small-business-lending-under-the-equal-credit-opportunity-act-regulation-b,100,32.0,56.25,2026-08-24T03:37:09Z
2025-19864,Equal Credit Opportunity Act (Regulation B),2025-11-13,2025-12-15,23,Consumer Financial Protection Bureau,1,https://www.federalregister.gov/documents/2025/11/13/2025-19864/equal-credit-opportunity-act-regulation-b,63,32.0,21.5625,2026-08-24T03:37:09Z
2025-19815,National Emission Standards for Hazardous Air Pollutants From Hazardous Waste Combustors: Residual Risk and Technology Review; Withdrawal of Proposed Revisions to Standards for Periods of Malfunction,2025-11-10,2025-12-26,42,Environmental Protection Agency,1,https://www.federalregister.gov/documents/2025/11/10/2025-19815/national-emission-standards-for-hazardous-air-pollutants-from-hazardous-waste-combustors-residual,150,46.0,27.391304347826086,2026-08-24T03:37:09Z
2025-19812,Protection of Stratospheric Ozone: Listing of Substitutes Under the Significant New Alternatives Policy Program in Refrigeration and Air Conditioning and Fire Suppression,2025-11-10,2025-12-26,46,Environmental Protection Agency,1,https://www.federalregister.gov/documents/2025/11/10/2025-19812/protection-of-stratospheric-ozone-listing-of-substitutes-under-the-significant-new-alternatives,71,46.0,30.0,2026-08-24T03:37:09Z
2025-19817,Revision to Rules of Practice Before the Patent Trial and Appeal Board,2025-11-07,2025-12-02,1,Commerce Department,2,https://www.federalregister.gov/documents/2025/11/07/2025-19817/revision-to-rules-of-practice-before-the-patent-trial-and-appeal-board,52,25.0,1.2,2026-08-24T03:37:09Z
2025-19757,Significant New Use Rules on Certain Chemical Substances (25-2.5e),2025-11-03,2025-12-03,28,Environmental Protection Agency,1,https://www.federalregister.gov/documents/2025/11/03/2025-19757/significant-new-use-rules-on-certain-chemical-substances-25-25e,142,30.0,28.0,2026-08-24T03:37:09Z
2025-19756,Significant New Use Rules on Certain Chemical Substances (24-5.5e),2025-11-03,2025-12-03,30,Environmental Protection Agency,1,https://www.federalregister.gov/documents/2025/11/03/2025-19756/significant-new-use-rules-on-certain-chemical-substances-24-55e,142,30.0,30.0,2026-08-24T03:37:09Z
2025-19755,Significant New Use Rules on Certain Chemical Substances (25-1.5e),2025-11-03,2025-12-03,29,Environmental Protection Agency,1,https://www.federalregister.gov/documents/2025/11/03/2025-19755/significant-new-use-rules-on-certain-chemical-substances-25-15e,142,30.0,29.0,2026-08-24T03:37:09Z
2025-19749,Periodic Reporting,2025-11-03,2025-12-08,1,Postal Regulatory Commission,1,https://www.federalregister.gov/documents/2025/11/03/2025-19749/periodic-reporting,49,35.0,0.8571428571428571,2026-08-24T03:37:09Z
2025-19747,Collection and Use of Biometrics by U.S. Citizenship and Immigration Services,2025-11-03,2026-01-02,84,Homeland Security Department,1,https://www.federalregister.gov/documents/2025/11/03/2025-19747/collection-and-use-of-biometrics-by-us-citizenship-and-immigration-services,100,60.0,42.0,2026-08-24T03:37:09Z
2025-19732,Endangered and Threatened Wildlife and Plants; Review of Species That Are Candidates for Listing as Endangered or Threatened; Annual Notification of Findings on Resubmitted Petitions; Annual Description of Progress on Listing Actions,2025-10-31,,26,Interior Department,2,https://www.federalregister.gov/documents/2025/10/31/2025-19732/endangered-and-threatened-wildlife-and-plants-review-of-species-that-are-candidates-for-listing-as,212,,,2026-08-24T03:37:09Z
2025-19715,Prohibition on Use of Reputation Risk by Regulators,2025-10-30,2025-12-29,11,Treasury Department,3,https://www.federalregister.gov/documents/2025/10/30/2025-19715/prohibition-on-use-of-reputation-risk-by-regulators,135,60.0,5.5,2026-08-24T03:37:09Z
2025-19713,Air Plan Approval; AK; Regional Haze Plan for the Second Implementation Period,2025-10-30,2025-12-01,26,Environmental Protection Agency,1,https://www.federalregister.gov/documents/2025/10/30/2025-19713/air-plan-approval-ak-regional-haze-plan-for-the-second-implementation-period,38,32.0,24.375,2026-08-24T03:37:09Z
2025-19711,"Unsafe or Unsound Practices, Matters Requiring Attention",2025-10-30,2025-12-29,15,Treasury Department,3,https://www.federalregister.gov/documents/2025/10/30/2025-19711/unsafe-or-unsound-practices-matters-requiring-attention,53,60.0,7.5,2026-08-24T03:37:09Z
2025-19692,Procedures in Regulating and Enforcing Unfair or Deceptive Practices,2025-10-30,2025-12-01,7,Transportation Department,2,https://www.federalregister.gov/documents/2025/10/30/2025-19692/procedures-in-regulating-and-enforcing-unfair-or-deceptive-practices,53,32.0,6.5625,2026-08-24T03:37:09Z
2025-19690,Registry of Supervised Nonbanks That Use Form Contracts To Impose Terms and Conditions That Seek To Waive or Limit Consumer Legal Protections; Withdrawal of Proposed Rule,2025-10-29,,6,Consumer Financial Protection Bureau,1,https://www.federalregister.gov/documents/2025/10/29/2025-19690/registry-of-supervised-nonbanks-that-use-form-contracts-to-impose-terms-and-conditions-that-seek-to,87,,,2026-08-24T03:37:09Z
2025-19673,Modification of Significant New Use Rules of Certain Chemical Substances (23-1.M),2025-10-28,2025-11-28,9,Environmental Protection Agency,1,https://www.federalregister.gov/documents/2025/10/28/2025-19673/modification-of-significant-new-use-rules-of-certain-chemical-substances-23-1m,126,31.0,8.70967741935484,2026-08-24T03:37:09Z
2025-19657,"Review of Submarine Cable Landing License Rules and Procedures To Assess Evolving National Security, Law Enforcement, Foreign Policy, and Trade Policy Risks",2025-10-27,2025-11-26,22,Federal Communications Commission,1,https://www.federalregister.gov/documents/2025/10/27/2025-19657/review-of-submarine-cable-landing-license-rules-and-procedures-to-assess-evolving-national-security,210,30.0,22.0,2026-08-24T03:37:09Z
2025-19642,"U.S. Citizenship and Immigration Services Employment-Based Immigrant Visa, Fifth Preference (EB-5) Fee Rule",2025-10-23,2025-12-22,37,Homeland Security Department,1,https://www.federalregister.gov/documents/2025/10/23/2025-19642/us-citizenship-and-immigration-services-employment-based-immigrant-visa-fifth-preference-eb-5-fee,84,60.0,18.5,2026-08-24T03:37:09Z
2025-19638,Air Plan Approval; Arizona; Interstate Transport Requirements for the 2012 Fine Particulate Matter National Ambient Air Quality Standard,2025-10-23,2025-11-24,3,Environmental Protection Agency,1,https://www.federalregister.gov/documents/2025/10/23/2025-19638/air-plan-approval-arizona-interstate-transport-requirements-for-the-2012-fine-particulate-matter,117,32.0,2.8125,2026-08-24T03:37:09Z
2025-19637,Approval and Promulgation of Air Quality Implementation Plans; Nevada; Regional Haze State Implementation Plan for the Second Implementation Period,2025-10-23,2025-11-24,22,Environmental Protection Agency,1,https://www.federalregister.gov/documents/2025/10/23/2025-19637/approval-and-promulgation-of-air-quality-implementation-plans-nevada-regional-haze-state,140,32.0,20.625,2026-08-24T03:37:09Z
2025-19634,Occupations That Customarily and Regularly Received Tips; Definition of Qualified Tips,2025-10-23,,1,Treasury Department,2,https://www.federalregister.gov/documents/2025/10/23/2025-19634/occupations-that-customarily-and-regularly-received-tips-definition-of-qualified-tips,73,,,2026-08-24T03:37:09Z
2025-19625,Domestically Controlled Qualified Investment Entities,2025-10-21,2025-12-22,5,Treasury Department,2,https://www.federalregister.gov/documents/2025/10/21/2025-19625/domestically-controlled-qualified-investment-entities,84,62.0,2.4193548387096775,2026-08-24T03:37:09Z
2025-19623,Prohibition on Use of Reputation Risk by NCUA,2025-10-21,2025-12-22,6,National Credit Union Administration,1,https://www.federalregister.gov/documents/2025/10/21/2025-19623/prohibition-on-use-of-reputation-risk-by-ncua,143,62.0,2.903225806451613,2026-08-24T03:37:09Z
2025-19609,"Airworthiness Directives; Bombardier, Inc., Airplanes",2025-10-21,2025-11-20,6,Transportation Department,2,https://www.federalregister.gov/documents/2025/10/21/2025-19609/airworthiness-directives-bombardier-inc-airplanes,116,30.0,6.0,2026-08-24T03:37:09Z
2025-19608,Implementation of the Executive Order Entitled “Zero-Based Regulatory Budgeting To Unleash American Energy”,2025-10-21,2025-11-20,3,Energy Department,2,https://www.federalregister.gov/documents/2025/10/21/2025-19608/implementation-of-the-executive-order-entitled-zero-based-regulatory-budgeting-to-unleash-american,31,30.0,3.0,2026-08-24T03:37:09Z
2025-19587,"Patent Trial and Appeal Board Rules of Practice for Briefing Discretionary Denial Issues, and Rules for 325(d) Considerations, Instituting Parallel and Serial Petitions, and Termination Due to Settlement Agreement",2025-10-17,,1,Commerce Department,2,https://www.federalregister.gov/documents/2025/10/17/2025-19587/patent-trial-and-appeal-board-rules-of-practice-for-briefing-discretionary-denial-issues-and-rules,68,,,2026-08-24T03:37:09Z
2025-19580,Revision to Rules of Practice Before the Patent Trial and Appeal Board,2025-10-17,2025-11-17,7,Commerce Department,2,https://www.federalregister.gov/documents/2025/10/17/2025-19580/revision-to-rules-of-practice-before-the-patent-trial-and-appeal-board,55,31.0,6.774193548387097,2026-08-24T03:37:09Z
2025-19557,Periodic Reporting,2025-10-15,2025-11-03,3,Postal Regulatory Commission,1,https://www.federalregister.gov/documents/2025/10/15/2025-19557/periodic-reporting,42,19.0,4.7368421052631575,2026-08-24T03:37:09Z
2025-19541,Implementing Voluntary Agreements Under the Defense Production Act,2025-10-15,,1,Energy Department,1,https://www.federalregister.gov/documents/2025/10/15/2025-19541/implementing-voluntary-agreements-under-the-defense-production-act,61,,,2026-08-24T03:37:09Z
2025-19538,Roth In-Plan Conversions,2025-10-15,2025-11-14,2,Federal Retirement Thrift Investment Board,1,https://www.federalregister.gov/documents/2025/10/15/2025-19538/roth-in-plan-conversions,43,30.0,2.0,2026-08-24T03:37:09Z
2025-19438,Phasedown of Hydrofluorocarbons: Reconsideration of Certain Regulatory Requirements Promulgated Under the Technology Transitions Provisions of the American Innovation and Manufacturing Act of 2020,2025-10-03,2025-11-17,21,Environmental Protection Agency,1,https://www.federalregister.gov/documents/2025/10/03/2025-19438/phasedown-of-hydrofluorocarbons-reconsideration-of-certain-regulatory-requirements-promulgated-under,154,45.0,14.0,2026-08-24T03:37:09Z
2025-19429,Enterprise Liquidity Requirements; Federal Home Loan Bank System Boards of Directors and Executive Management; Federal Home Loan Bank Unsecured Credit Limits; Withdrawal,2025-10-02,,2,Federal Housing Finance Agency,1,https://www.federalregister.gov/documents/2025/10/02/2025-19429/enterprise-liquidity-requirements-federal-home-loan-bank-system-boards-of-directors-and-executive,48,,,2026-08-24T03:37:09Z
2025-19428,2026-2028 Enterprise Housing Goals,2025-10-02,2025-11-03,31,Federal Housing Finance Agency,1,https://www.federalregister.gov/documents/2025/10/02/2025-19428/2026-2028-enterprise-housing-goals,94,32.0,29.0625,2026-08-24T03:37:09Z
2025-19385,Fisheries of the Exclusive Economic Zone Off Alaska; Modify the Timing of Haul Designation for Trawl Catcher Processors in the Gulf of Alaska and Bering Sea and Aleutian Islands Groundfish Fisheries,2025-10-02,2025-11-03,4,Commerce Department,2,https://www.federalregister.gov/documents/2025/10/02/2025-19385/fisheries-of-the-exclusive-economic-zone-off-alaska-modify-the-timing-of-haul-designation-for-trawl,140,32.0,3.75,2026-08-24T03:37:09Z
2025-19384,Designation of P2P Methyl Glycidic Acid as a List I Chemical,2025-10-02,2025-11-03,8,Justice Department,2,https://www.federalregister.gov/documents/2025/10/02/2025-19384/designation-of-p2p-methyl-glycidic-acid-as-a-list-i-chemical,218,32.0,7.5,2026-08-24T03:37:09Z
2025-19363,Fishery Management Plans of St. Croix and St. Thomas and St. John; Queen Triggerfish Management Measures,2025-10-02,2025-11-03,4,Commerce Department,2,https://www.federalregister.gov/documents/2025/10/02/2025-19363/fishery-management-plans-of-st-croix-and-st-thomas-and-st-john-queen-triggerfish-management-measures,119,32.0,3.75,2026-08-24T03:37:09Z
2025-19348,Schedules of Controlled Substances: Placement of MDMB-4en-PINACA in Schedule I,2025-10-02,2025-11-03,7,Justice Department,2,https://www.federalregister.gov/documents/2025/10/02/2025-19348/schedules-of-controlled-substances-placement-of-mdmb-4en-pinaca-in-schedule-i,111,32.0,6.5625,2026-08-24T03:37:09Z
2025-19280,Visibility Protection: Regional Haze State Plan Requirements Rule Revision,2025-10-02,2025-12-01,10,Environmental Protection Agency,1,https://www.federalregister.gov/documents/2025/10/02/2025-19280/visibility-protection-regional-haze-state-plan-requirements-rule-revision,92,60.0,5.0,2026-08-24T03:37:09Z
2025-19278,Air Plan Approval; Ohio; Muskingum River 2010 Sulfur Dioxide Redesignation and Maintenance Plan,2025-10-02,2025-11-03,8,Environmental Protection Agency,1,https://www.federalregister.gov/documents/2025/10/02/2025-19278/air-plan-approval-ohio-muskingum-river-2010-sulfur-dioxide-redesignation-and-maintenance-plan,80,32.0,7.5,2026-08-24T03:37:09Z
2025-19268,Effluent Limitations Guidelines and Standards for the Steam Electric Power Generating Point Source Category-Deadline Extensions,2025-10-02,2025-11-03,21,Environmental Protection Agency,1,https://www.federalregister.gov/documents/2025/10/02/2025-19268/effluent-limitations-guidelines-and-standards-for-the-steam-electric-power-generating-point-source,88,32.0,19.6875,2026-08-24T03:37:09Z
2025-19229,Eliminating the Requirement for Laparoscopy To Establish Service Connection for Endometriosis,2025-10-01,2025-12-01,3,Veterans Affairs Department,1,https://www.federalregister.gov/documents/2025/10/01/2025-19229/eliminating-the-requirement-for-laparoscopy-to-establish-service-connection-for-endometriosis,52,61.0,1.4754098360655736,2026-08-24T03:37:09Z
2025-19224,Walnuts Grown in California; Changes to Administrative Requirements,2025-10-01,2025-10-31,4,Agriculture Department,2,https://www.federalregister.gov/documents/2025/10/01/2025-19224/walnuts-grown-in-california-changes-to-administrative-requirements,65,30.0,4.0,2026-08-24T03:37:09Z
2025-19220,"Oranges, Grapefruit, Tangerines, and Pummelos Grown in Florida; Increased Assessment Rate",2025-10-01,2025-10-31,3,Agriculture Department,2,https://www.federalregister.gov/documents/2025/10/01/2025-19220/oranges-grapefruit-tangerines-and-pummelos-grown-in-florida-increased-assessment-rate,58,30.0,3.0,2026-08-24T03:37:09Z
2025-19203,Grapes Grown in a Designated Area of Southeastern California; Decreased Assessment Rate,2025-10-01,2025-10-31,3,Agriculture Department,2,https://www.federalregister.gov/documents/2025/10/01/2025-19203/grapes-grown-in-a-designated-area-of-southeastern-california-decreased-assessment-rate,59,30.0,3.0,2026-08-24T03:37:09Z
2025-19155,National Emission Standards for Hazardous Air Pollutants From Secondary Lead Smelting Technology Review,2025-10-01,2025-11-17,19,Environmental Protection Agency,1,https://www.federalregister.gov/documents/2025/10/01/2025-19155/national-emission-standards-for-hazardous-air-pollutants-from-secondary-lead-smelting-technology,177,47.0,12.127659574468085,2026-08-24T03:37:09Z
2025-19152,Concept Release on Residential Mortgage-Backed Securities Disclosures and Enhancements to Asset-Backed Securities Registration,2025-10-01,2025-12-01,13,Securities and Exchange Commission,1,https://www.federalregister.gov/documents/2025/10/01/2025-19152/concept-release-on-residential-mortgage-backed-securities-disclosures-and-enhancements-to,81,61.0,6.393442622950819,2026-08-24T03:37:09Z
2025-19151,Sweet Onions Grown in the Walla Walla Valley of Southeast Washington and Northeast Oregon; Decreased Assessment Rate,2025-10-01,2025-10-31,4,Agriculture Department,2,https://www.federalregister.gov/documents/2025/10/01/2025-19151/sweet-onions-grown-in-the-walla-walla-valley-of-southeast-washington-and-northeast-oregon-decreased,67,30.0,4.0,2026-08-24T03:37:09Z
2025-19128,Airworthiness Directives; ATR-GIE Avions de Transport Régional Airplanes,2025-10-01,2025-11-15,4,Transportation Department,2,https://www.federalregister.gov/documents/2025/10/01/2025-19128/airworthiness-directives-atr-gie-avions-de-transport-rgional-airplanes,73,45.0,2.666666666666667,2026-08-24T03:37:09Z
2025-19119,Procedures for Transportation Workplace Drug and Alcohol Testing Programs,2025-10-01,2025-11-15,5,Transportation Department,2,https://www.federalregister.gov/documents/2025/10/01/2025-19119/procedures-for-transportation-workplace-drug-and-alcohol-testing-programs,81,45.0,3.333333333333333,2026-08-24T03:37:09Z
2025-19093,GENIUS Act Implementation,2025-10-01,2025-11-04,1,Treasury Department,1,https://www.federalregister.gov/documents/2025/10/01/2025-19093/genius-act-implementation,53,34.0,0.8823529411764706,2026-08-24T03:37:09Z
2025-19083,Airworthiness Directives; Airbus Helicopters,2025-09-30,2025-11-14,4,Transportation Department,2,https://www.federalregister.gov/documents/2025/09/30/2025-19083/airworthiness-directives-airbus-helicopters,87,45.0,2.666666666666667,2026-08-24T03:37:09Z
2025-19082,Airworthiness Directives; Leonardo S.p.A. Helicopters,2025-09-30,2025-11-14,4,Transportation Department,2,https://www.federalregister.gov/documents/2025/09/30/2025-19082/airworthiness-directives-leonardo-spa-helicopters,136,45.0,2.666666666666667,2026-08-24T03:37:09Z
2025-19055,Airworthiness Directives; The Boeing Company Airplanes,2025-09-30,2025-11-14,3,Transportation Department,2,https://www.federalregister.gov/documents/2025/09/30/2025-19055/airworthiness-directives-the-boeing-company-airplanes,92,45.0,2.0,2026-08-24T03:37:09Z
2025-19037,Preparer Tax Identification Number (PTIN) User Fee Update,2025-09-30,2025-10-30,2,Treasury Department,2,https://www.federalregister.gov/documents/2025/09/30/2025-19037/preparer-tax-identification-number-ptin-user-fee-update,61,30.0,2.0,2026-08-24T03:37:09Z
2025-19019,Contingent Additional Meeting Dates for Negotiated Rulemaking Committee,2025-09-30,,2,Education Department,1,https://www.federalregister.gov/documents/2025/09/30/2025-19019/contingent-additional-meeting-dates-for-negotiated-rulemaking-committee,120,,,2026-08-24T03:37:09Z
2025-19018,"Guidance Regarding Certain Matters Relating to Nonrecognition of Gain or Loss in Corporate Separations, Incorporations, and Reorganizations; Multi-Year Reporting Requirements for Corporate Separations and Related Transactions; Withdrawal",2025-09-30,,2,Treasury Department,2,https://www.federalregister.gov/documents/2025/09/30/2025-19018/guidance-regarding-certain-matters-relating-to-nonrecognition-of-gain-or-loss-in-corporate,68,,,2026-08-24T03:37:09Z
2025-19009,Updating Class I Rail Carrier Reporting Requirements,2025-09-30,2025-10-30,7,Surface Transportation Board,1,https://www.federalregister.gov/documents/2025/09/30/2025-19009/updating-class-i-rail-carrier-reporting-requirements,75,30.0,7.0,2026-08-24T03:37:09Z
2025-18984,Previously Taxed Earnings and Profits and Related Basis Adjustments; Hearing Cancellation,2025-09-30,,1,Treasury Department,2,https://www.federalregister.gov/documents/2025/09/30/2025-18984/previously-taxed-earnings-and-profits-and-related-basis-adjustments-hearing-cancellation,22,,,2026-08-24T03:37:09Z
2025-18924,Revisions to Business Conduct and Swap Documentation Requirements for Swap Dealers and Major Swap Participants,2025-09-30,2025-10-24,33,Commodity Futures Trading Commission,1,https://www.federalregister.gov/documents/2025/09/30/2025-18924/revisions-to-business-conduct-and-swap-documentation-requirements-for-swap-dealers-and-major-swap,94,24.0,41.25,2026-08-24T03:37:09Z
2025-18902,Receipt of Pesticide Petitions Filed for Residues of Pesticide Chemicals in or on Various Commodities-July 2025,2025-09-29,2025-10-29,2,Environmental Protection Agency,1,https://www.federalregister.gov/documents/2025/09/29/2025-18902/receipt-of-pesticide-petitions-filed-for-residues-of-pesticide-chemicals-in-or-on-various,111,30.0,2.0,2026-08-24T03:37:09Z
2025-18873,Normalizing Unmanned Aircraft Systems Beyond Visual Line of Sight Operations; Denial of Extension of Comment Period,2025-09-29,,2,Transportation Department,4,https://www.federalregister.gov/documents/2025/09/29/2025-18873/normalizing-unmanned-aircraft-systems-beyond-visual-line-of-sight-operations-denial-of-extension-of,39,,,2026-08-24T03:37:09Z
2025-18833,Airworthiness Directives; The Boeing Company Airplanes,2025-09-29,2025-11-13,4,Transportation Department,2,https://www.federalregister.gov/documents/2025/09/29/2025-18833/airworthiness-directives-the-boeing-company-airplanes,105,45.0,2.666666666666667,2026-08-24T03:37:09Z
2025-18829,Objective Evidence of Pain for Painful Scars Under DC 7804,2025-09-29,2025-11-28,3,Veterans Affairs Department,1,https://www.federalregister.gov/documents/2025/09/29/2025-18829/objective-evidence-of-pain-for-painful-scars-under-dc-7804,57,60.0,1.5,2026-08-24T03:37:09Z
2025-18810,Withdrawal of Proposed Regulatory Actions,2025-09-29,,2,Consumer Product Safety Commission,1,https://www.federalregister.gov/documents/2025/09/29/2025-18810/withdrawal-of-proposed-regulatory-actions,59,,,2026-08-24T03:37:09Z
2025-18808,"Airworthiness Directives; Airbus Canada Limited Partnership (Type Certificate Previously Held by C Series Aircraft Limited Partnership (CSALP); Bombardier, Inc.) Airplanes",2025-09-29,2025-11-13,3,Transportation Department,2,https://www.federalregister.gov/documents/2025/09/29/2025-18808/airworthiness-directives-airbus-canada-limited-partnership-type-certificate-previously-held-by-c,100,45.0,2.0,2026-08-24T03:37:09Z
2025-18807,"Tribal Consultation for SBA's Office of Manufacturing and Trade and Other Small Business Programs and Services Offered by the Agency, With a Focus on SBA's Ongoing Manufacturing, Onshoring and Export Initiatives To Encourage Small Businesses Going Global",2025-09-29,,2,Small Business Administration,1,https://www.federalregister.gov/documents/2025/09/29/2025-18807/tribal-consultation-for-sbas-office-of-manufacturing-and-trade-and-other-small-business-programs-and,113,,,2026-08-24T03:37:09Z
2025-18805,"Airworthiness Directives; De Havilland Aircraft of Canada Limited (Type Certificate Previously Held by Bombardier, Inc.) Airplanes",2025-09-29,2025-11-13,4,Transportation Department,2,https://www.federalregister.gov/documents/2025/09/29/2025-18805/airworthiness-directives-de-havilland-aircraft-of-canada-limited-type-certificate-previously-held-by,78,45.0,2.666666666666667,2026-08-24T03:37:09Z
2025-18768,Approval of American Society of Mechanical Engineers Unconditioned Code Cases,2025-09-26,2025-11-25,3,Nuclear Regulatory Commission,1,https://www.federalregister.gov/documents/2025/09/26/2025-18768/approval-of-american-society-of-mechanical-engineers-unconditioned-code-cases,100,60.0,1.5,2026-08-24T03:37:09Z
2025-18738,Airworthiness Directives; ATR-GIE Avions de Transport Régional Airplanes,2025-09-26,2025-11-10,4,Transportation Department,2,https://www.federalregister.gov/documents/2025/09/26/2025-18738/airworthiness-directives-atr-gie-avions-de-transport-rgional-airplanes,73,45.0,2.666666666666667,2026-08-24T03:37:09Z
2025-18728,Endangered and Threatened Wildlife and Plants; Regulations for Eleven Species Treated as Listed Due to Similarity of Appearance,2025-09-26,2025-10-27,9,Interior Department,2,https://www.federalregister.gov/documents/2025/09/26/2025-18728/endangered-and-threatened-wildlife-and-plants-regulations-for-eleven-species-treated-as-listed-due,191,31.0,8.70967741935484,2026-08-24T03:37:09Z
2025-18711,"Airworthiness Directives; Safran Helicopter Engines, S.A. (Type Certificate Previously Held by Turbomeca, S.A.) Engines",2025-09-26,2025-11-10,4,Transportation Department,2,https://www.federalregister.gov/documents/2025/09/26/2025-18711/airworthiness-directives-safran-helicopter-engines-sa-type-certificate-previously-held-by-turbomeca,80,45.0,2.666666666666667,2026-08-24T03:37:09Z
2025-18705,Airworthiness Directives; Dassault Aviation Airplanes,2025-09-26,2025-11-10,4,Transportation Department,2,https://www.federalregister.gov/documents/2025/09/26/2025-18705/airworthiness-directives-dassault-aviation-airplanes,74,45.0,2.666666666666667,2026-08-24T03:37:09Z
2025-18670,Heat Injury and Illness Prevention in Outdoor and Indoor Work Settings,2025-09-25,,2,Labor Department,2,https://www.federalregister.gov/documents/2025/09/25/2025-18670/heat-injury-and-illness-prevention-in-outdoor-and-indoor-work-settings,89,,,2026-08-24T03:37:09Z
2025-18652,Air Plan Approval; Ohio; Volatile Organic Compounds RFD Beaufort,2025-09-25,2025-10-27,2,Environmental Protection Agency,1,https://www.federalregister.gov/documents/2025/09/25/2025-18652/air-plan-approval-ohio-volatile-organic-compounds-rfd-beaufort,114,32.0,1.875,2026-08-24T03:37:09Z
2025-18640,Proposed Priority and Definitions-Secretary's Supplemental Priority and Definitions on Meaningful Learning Opportunities,2025-09-25,2025-10-27,4,Education Department,1,https://www.federalregister.gov/documents/2025/09/25/2025-18640/proposed-priority-and-definitions-secretarys-supplemental-priority-and-definitions-on-meaningful,159,32.0,3.75,2026-08-24T03:37:09Z
2025-18639,Proposed Priority and Definitions-Secretary's Supplemental Priority and Definitions on Career Pathways and Workforce Readiness,2025-09-25,2025-10-27,4,Education Department,1,https://www.federalregister.gov/documents/2025/09/25/2025-18639/proposed-priority-and-definitions-secretarys-supplemental-priority-and-definitions-on-career,157,32.0,3.75,2026-08-24T03:37:09Z
2025-18635,Air Plan Approval; Virginia; Revision to the Regulatory Definition of Volatile Organic Compound,2025-09-25,2025-10-27,3,Environmental Protection Agency,1,https://www.federalregister.gov/documents/2025/09/25/2025-18635/air-plan-approval-virginia-revision-to-the-regulatory-definition-of-volatile-organic-compound,69,32.0,2.8125,2026-08-24T03:37:09Z
2025-18629,Air Plan Approval; Oregon; 2024 Vehicle Inspection Program Updates,2025-09-25,2025-10-27,4,Environmental Protection Agency,1,https://www.federalregister.gov/documents/2025/09/25/2025-18629/air-plan-approval-oregon-2024-vehicle-inspection-program-updates,85,32.0,3.75,2026-08-24T03:37:09Z
2025-18624,Updated Staple Food Stocking Standards for Retailers in the Supplemental Nutrition Assistance Program,2025-09-25,2025-11-24,12,Agriculture Department,2,https://www.federalregister.gov/documents/2025/09/25/2025-18624/updated-staple-food-stocking-standards-for-retailers-in-the-supplemental-nutrition-assistance,117,60.0,6.0,2026-08-24T03:37:09Z
2025-18606,"Airworthiness Directives; Airbus Canada Limited Partnership (Type Certificate Previously Held by C Series Aircraft Limited Partnership (CSALP); Bombardier, Inc.) Airplanes",2025-09-25,2025-11-10,5,Transportation Department,2,https://www.federalregister.gov/documents/2025/09/25/2025-18606/airworthiness-directives-airbus-canada-limited-partnership-type-certificate-previously-held-by-c,77,46.0,3.260869565217391,2026-08-24T03:37:09Z
2025-18594,Air Plan Approval; Indiana; Huntington County 2010 Sulfur Dioxide Redesignation and Maintenance Plan,2025-09-25,2025-10-27,5,Environmental Protection Agency,1,https://www.federalregister.gov/documents/2025/09/25/2025-18594/air-plan-approval-indiana-huntington-county-2010-sulfur-dioxide-redesignation-and-maintenance-plan,100,32.0,4.6875,2026-08-24T03:37:09Z
2025-18569,Utah; Northern Wasatch Front; 2015 8-Hour Ozone Nonattainment Area Boundary Expansion and Applicability of Certain Clean Air Act Requirements,2025-09-25,2025-10-27,7,Environmental Protection Agency,1,https://www.federalregister.gov/documents/2025/09/25/2025-18569/utah-northern-wasatch-front-2015-8-hour-ozone-nonattainment-area-boundary-expansion-and,103,32.0,6.5625,2026-08-24T03:37:09Z
2025-18567,Passports; Procedures for Passport Couriers,2025-09-25,2025-11-24,9,State Department,1,https://www.federalregister.gov/documents/2025/09/25/2025-18567/passports-procedures-for-passport-couriers,107,60.0,4.5,2026-08-24T03:37:09Z
2025-18566,Spearmint Oil Produced in the Far West; Salable Quantities and Allotment Percentages for the 2025-2026 Marketing Year,2025-09-25,2025-10-27,7,Agriculture Department,2,https://www.federalregister.gov/documents/2025/09/25/2025-18566/spearmint-oil-produced-in-the-far-west-salable-quantities-and-allotment-percentages-for-the,53,32.0,6.5625,2026-08-24T03:37:09Z
2025-18473,Weighted Selection Process for Registrants and Petitioners Seeking To File Cap-Subject H-1B Petitions,2025-09-24,2025-10-24,36,Homeland Security Department,1,https://www.federalregister.gov/documents/2025/09/24/2025-18473/weighted-selection-process-for-registrants-and-petitioners-seeking-to-file-cap-subject-h-1b,96,30.0,36.0,2026-08-24T03:37:09Z
2025-18467,"Safety Zone; Port Miami Main Shipping Channel, Miami, FL",2025-09-24,2025-10-09,3,Homeland Security Department,2,https://www.federalregister.gov/documents/2025/09/24/2025-18467/safety-zone-port-miami-main-shipping-channel-miami-fl,100,15.0,6.0,2026-08-24T03:37:09Z
2025-18466,Airworthiness Directives; ATR-GIE Avions de Transport Régional Airplanes,2025-09-24,2025-11-10,3,Transportation Department,2,https://www.federalregister.gov/documents/2025/09/24/2025-18466/airworthiness-directives-atr-gie-avions-de-transport-rgional-airplanes,74,47.0,1.9148936170212765,2026-08-24T03:37:09Z
2025-18463,Airworthiness Directives; Airbus SAS Airplanes,2025-09-24,2025-11-10,5,Transportation Department,2,https://www.federalregister.gov/documents/2025/09/24/2025-18463/airworthiness-directives-airbus-sas-airplanes,136,47.0,3.1914893617021276,2026-08-24T03:37:09Z
2025-18431,Procedures for Chemical Risk Evaluation Under the Toxic Substances Control Act (TSCA),2025-09-23,2025-11-07,28,Environmental Protection Agency,1,https://www.federalregister.gov/documents/2025/09/23/2025-18431/procedures-for-chemical-risk-evaluation-under-the-toxic-substances-control-act-tsca,138,45.0,18.666666666666668,2026-08-24T03:37:09Z
2025-18396,Critical Infrastructure Protection Reliability Standard CIP-003-11-Cyber Security-Security Management Controls,2025-09-23,2025-11-24,6,Energy Department,2,https://www.federalregister.gov/documents/2025/09/23/2025-18396/critical-infrastructure-protection-reliability-standard-cip-003-11-cyber-security-security,59,62.0,2.903225806451613,2026-08-24T03:37:09Z
2025-18395,Virtualization Reliability Standards,2025-09-23,2025-11-24,7,Energy Department,2,https://www.federalregister.gov/documents/2025/09/23/2025-18395/virtualization-reliability-standards,75,62.0,3.3870967741935485,2026-08-24T03:37:09Z
2025-18370,"Establishment of Class E Airspace; Manila Airport, Manila, UT",2025-09-23,2025-11-07,2,Transportation Department,2,https://www.federalregister.gov/documents/2025/09/23/2025-18370/establishment-of-class-e-airspace-manila-airport-manila-ut,36,45.0,1.3333333333333335,2026-08-24T03:37:09Z
C1-2025-17923,Reconsideration of the Greenhouse Gas Reporting Program,2025-09-22,,1,Environmental Protection Agency,1,https://www.federalregister.gov/documents/2025/09/22/C1-2025-17923/reconsideration-of-the-greenhouse-gas-reporting-program,0,,,2026-08-24T03:37:09Z
2025-18342,"Television Broadcasting Services Hutchinson, Kansas",2025-09-22,2025-10-22,1,Federal Communications Commission,1,https://www.federalregister.gov/documents/2025/09/22/2025-18342/television-broadcasting-services-hutchinson-kansas,140,30.0,1.0,2026-08-24T03:37:09Z
2025-18278,Occupations That Customarily and Regularly Received Tips; Definition of Qualified Tips,2025-09-22,2025-10-22,22,Treasury Department,2,https://www.federalregister.gov/documents/2025/09/22/2025-18278/occupations-that-customarily-and-regularly-received-tips-definition-of-qualified-tips,50,30.0,22.0,2026-08-24T03:37:09Z
2025-18271,Delaying the Effective Date of the Anti-Money Laundering/Countering the Financing of Terrorism Program and Suspicious Activity Report Filing Requirements for Registered Investment Advisers and Exempt Reporting Advisers,2025-09-22,2025-10-22,5,Treasury Department,2,https://www.federalregister.gov/documents/2025/09/22/2025-18271/delaying-the-effective-date-of-the-anti-money-launderingcountering-the-financing-of-terrorism,63,30.0,5.0,2026-08-24T03:37:09Z
2025-18263,Airworthiness Directives; Airbus Helicopters,2025-09-22,2025-11-06,3,Transportation Department,2,https://www.federalregister.gov/documents/2025/09/22/2025-18263/airworthiness-directives-airbus-helicopters,98,45.0,2.0,2026-08-24T03:37:09Z
2025-18261,"Safety Zone; Ohio River, Pittsburgh, PA",2025-09-22,2025-10-02,3,Homeland Security Department,2,https://www.federalregister.gov/documents/2025/09/22/2025-18261/safety-zone-ohio-river-pittsburgh-pa,54,10.0,9.0,2026-08-24T03:37:09Z
2025-18232,Watermelon Research and Promotion Plan; Realignment,2025-09-19,2025-10-20,5,Agriculture Department,2,https://www.federalregister.gov/documents/2025/09/19/2025-18232/watermelon-research-and-promotion-plan-realignment,49,31.0,4.838709677419355,2026-08-24T03:37:09Z
2025-18226,GENIUS Act Implementation,2025-09-19,2025-10-20,5,Treasury Department,1,https://www.federalregister.gov/documents/2025/09/19/2025-18226/genius-act-implementation,159,31.0,4.838709677419355,2026-08-24T03:37:09Z
2025-18182,Uniform Procedures for State Highway Safety Grant Programs,2025-09-19,2025-10-20,6,Transportation Department,2,https://www.federalregister.gov/documents/2025/09/19/2025-18182/uniform-procedures-for-state-highway-safety-grant-programs,24,31.0,5.806451612903226,2026-08-24T03:37:09Z
2025-18153,"Special Local Regulation; Clinch River, Oak Ridge, TN",2025-09-19,2025-10-20,3,Homeland Security Department,2,https://www.federalregister.gov/documents/2025/09/19/2025-18153/special-local-regulation-clinch-river-oak-ridge-tn,84,31.0,2.903225806451613,2026-08-24T03:37:09Z
2025-18111,"Renewable Fuel Standard (RFS) Program: Standards for 2026 and 2027, Partial Waiver of 2025 Cellulosic Biofuel Volume Requirement, and Other Changes; Supplemental Notice of Proposed Rulemaking",2025-09-18,2025-10-31,11,Environmental Protection Agency,1,https://www.federalregister.gov/documents/2025/09/18/2025-18111/renewable-fuel-standard-rfs-program-standards-for-2026-and-2027-partial-waiver-of-2025-cellulosic,146,43.0,7.674418604651163,2026-08-24T03:37:09Z
2025-18070,Requirements for Designated Contract Markets and Swap Execution Facilities Regarding Governance and the Mitigation of Conflicts of Interest Impacting Market Regulation Functions; Withdrawal of Proposed Regulatory Action,2025-09-18,,1,Commodity Futures Trading Commission,1,https://www.federalregister.gov/documents/2025/09/18/2025-18070/requirements-for-designated-contract-markets-and-swap-execution-facilities-regarding-governance-and,44,,,2026-08-24T03:37:09Z
2025-18056,"Hawaii: Final Approval of State Underground Storage Tank Program Revisions, Codification, and Incorporation by Reference",2025-09-18,2025-10-20,1,Environmental Protection Agency,1,https://www.federalregister.gov/documents/2025/09/18/2025-18056/hawaii-final-approval-of-state-underground-storage-tank-program-revisions-codification-and,122,32.0,0.9375,2026-08-24T03:37:09Z
2025-18023,Proposal To Remove the Color Additive Listing for Use of Orange B on Casings or Surfaces of Frankfurters and Sausages,2025-09-17,2025-10-17,3,Health and Human Services Department,2,https://www.federalregister.gov/documents/2025/09/17/2025-18023/proposal-to-remove-the-color-additive-listing-for-use-of-orange-b-on-casings-or-surfaces-of,107,30.0,3.0,2026-08-24T03:37:09Z
2025-17960,Proposed Priority and Definitions-Secretary's Supplemental Priority and Definitions on Promoting Patriotic Education,2025-09-17,2025-10-17,3,Education Department,1,https://www.federalregister.gov/documents/2025/09/17/2025-17960/proposed-priority-and-definitions-secretarys-supplemental-priority-and-definitions-on-promoting,115,30.0,3.0,2026-08-24T03:37:09Z
2025-17939,Hours of Service of Drivers; Pilot Program To Allow Commercial Drivers To Split Sleeper Berth Time,2025-09-17,2025-11-17,9,Transportation Department,2,https://www.federalregister.gov/documents/2025/09/17/2025-17939/hours-of-service-of-drivers-pilot-program-to-allow-commercial-drivers-to-split-sleeper-berth-time,209,61.0,4.426229508196721,2026-08-24T03:37:09Z
2025-17923,Reconsideration of the Greenhouse Gas Reporting Program,2025-09-16,2025-11-03,28,Environmental Protection Agency,1,https://www.federalregister.gov/documents/2025/09/16/2025-17923/reconsideration-of-the-greenhouse-gas-reporting-program,57,48.0,17.5,2026-08-24T03:37:09Z
2025-17892,"Special Local Regulation; Ohio River, Cincinnati, OH",2025-09-16,2025-09-22,3,Homeland Security Department,2,https://www.federalregister.gov/documents/2025/09/16/2025-17892/special-local-regulation-ohio-river-cincinnati-oh,100,6.0,15.0,2026-08-24T03:37:09Z
2025-17889,"Airworthiness Directives; Airbus Canada Limited Partnership (Type Certificate Previously Held by C Series Aircraft Limited Partnership (CSALP); Bombardier, Inc.) Airplanes",2025-09-16,2025-10-31,3,Transportation Department,2,https://www.federalregister.gov/documents/2025/09/16/2025-17889/airworthiness-directives-airbus-canada-limited-partnership-type-certificate-previously-held-by-c,106,45.0,2.0,2026-08-24T03:37:09Z
2025-17831,"Magnuson-Stevens Fishery Conservation and Management Act Provisions; Fisheries of the Northeastern United States; Framework Adjustment 18 to the Summer Flounder, Scup, and Black Sea Bass Fishery Management Plan",2025-09-16,2025-10-16,5,Commerce Department,2,https://www.federalregister.gov/documents/2025/09/16/2025-17831/magnuson-stevens-fishery-conservation-and-management-act-provisions-fisheries-of-the-northeastern,51,30.0,5.0,2026-08-24T03:37:09Z
2025-17781,Airworthiness Directives; The Boeing Company Airplanes,2025-09-15,2025-10-30,8,Transportation Department,2,https://www.federalregister.gov/documents/2025/09/15/2025-17781/airworthiness-directives-the-boeing-company-airplanes,140,45.0,5.333333333333334,2026-08-24T03:37:09Z
2025-17733,"Airworthiness Directives; Airbus Canada Limited Partnership (Type Certificate Previously Held by C Series Aircraft Limited Partnership (CSALP); Bombardier, Inc.) Airplanes",2025-09-15,2025-10-30,4,Transportation Department,2,https://www.federalregister.gov/documents/2025/09/15/2025-17733/airworthiness-directives-airbus-canada-limited-partnership-type-certificate-previously-held-by-c,89,45.0,2.666666666666667,2026-08-24T03:37:09Z
2025-17732,"Airworthiness Directives; Airbus Canada Limited Partnership (Type Certificate Previously Held by C Series Aircraft Limited Partnership (CSALP); Bombardier, Inc.) Airplanes",2025-09-15,2025-10-30,4,Transportation Department,2,https://www.federalregister.gov/documents/2025/09/15/2025-17732/airworthiness-directives-airbus-canada-limited-partnership-type-certificate-previously-held-by-c,106,45.0,2.666666666666667,2026-08-24T03:37:09Z
2025-17731,Airworthiness Directives; Airbus SAS Airplanes,2025-09-15,2025-10-30,4,Transportation Department,2,https://www.federalregister.gov/documents/2025/09/15/2025-17731/airworthiness-directives-airbus-sas-airplanes,134,45.0,2.666666666666667,2026-08-24T03:37:09Z
2025-17717,Airworthiness Directives; Rolls-Royce Deutschland Ltd & Co KG Engines,2025-09-15,2025-10-30,3,Transportation Department,2,https://www.federalregister.gov/documents/2025/09/15/2025-17717/airworthiness-directives-rolls-royce-deutschland-ltd-and-co-kg-engines,93,45.0,2.0,2026-08-24T03:37:09Z
2025-17716,Airworthiness Directives; Airbus Helicopters Deutschland GmbH Helicopters,2025-09-15,2025-10-30,4,Transportation Department,2,https://www.federalregister.gov/documents/2025/09/15/2025-17716/airworthiness-directives-airbus-helicopters-deutschland-gmbh-helicopters,102,45.0,2.666666666666667,2026-08-24T03:37:09Z
2025-17715,Airworthiness Directives; Airbus Helicopters,2025-09-15,2025-10-30,4,Transportation Department,2,https://www.federalregister.gov/documents/2025/09/15/2025-17715/airworthiness-directives-airbus-helicopters,104,45.0,2.666666666666667,2026-08-24T03:37:09Z
2025-17700,"Domestic Dates Produced or Packed in Riverside County, California; Decreased Assessment Rate",2025-09-12,2025-10-14,3,Agriculture Department,2,https://www.federalregister.gov/documents/2025/09/12/2025-17700/domestic-dates-produced-or-packed-in-riverside-county-california-decreased-assessment-rate,57,32.0,2.8125,2026-08-24T03:37:09Z
2025-17659,Manifest Mailing System Retired,2025-09-12,2025-10-14,3,Postal Service,1,https://www.federalregister.gov/documents/2025/09/12/2025-17659/manifest-mailing-system-retired,28,32.0,2.8125,2026-08-24T03:37:09Z
2025-17638,Air Plan Approval; California; San Joaquin Valley Unified Air Pollution Control District,2025-09-12,2025-10-14,3,Environmental Protection Agency,1,https://www.federalregister.gov/documents/2025/09/12/2025-17638/air-plan-approval-california-san-joaquin-valley-unified-air-pollution-control-district,101,32.0,2.8125,2026-08-24T03:37:09Z
2025-17555,"Operational Resilience Framework for Futures Commission Merchants, Swap Dealers, and Major Swap Participants; Withdrawal of Proposed Regulatory Action",2025-09-11,,2,Commodity Futures Trading Commission,1,https://www.federalregister.gov/documents/2025/09/11/2025-17555/operational-resilience-framework-for-futures-commission-merchants-swap-dealers-and-major-swap,65,,,2026-08-24T03:37:09Z
2025-17540,Authorization of State Hazardous Waste Management Program Revisions: California,2025-09-11,2025-10-14,2,Environmental Protection Agency,1,https://www.federalregister.gov/documents/2025/09/11/2025-17540/authorization-of-state-hazardous-waste-management-program-revisions-california,97,33.0,1.8181818181818183,2026-08-24T03:37:09Z
2025-17537,Rescission of Conservation and Landscape Health Rule,2025-09-11,2025-11-10,5,Interior Department,2,https://www.federalregister.gov/documents/2025/09/11/2025-17537/rescission-of-conservation-and-landscape-health-rule,34,60.0,2.5,2026-08-24T03:37:09Z
2025-17528,Air Plan Approval; California; Mojave Desert Air Quality Management District; Replacing Outdated Requirements,2025-09-11,2025-10-14,10,Environmental Protection Agency,1,https://www.federalregister.gov/documents/2025/09/11/2025-17528/air-plan-approval-california-mojave-desert-air-quality-management-district-replacing-outdated,91,33.0,9.090909090909092,2026-08-24T03:37:09Z
2025-17526,Department of Justice; Withdrawal of Rulemaking Actions,2025-09-11,,2,Justice Department,1,https://www.federalregister.gov/documents/2025/09/11/2025-17526/department-of-justice-withdrawal-of-rulemaking-actions,63,,,2026-08-24T03:37:09Z
2025-17520,"Minnesota: Final Approval of State Underground Storage Tank Program Revisions, Codification, and Incorporation by Reference",2025-09-11,2025-10-14,2,Environmental Protection Agency,1,https://www.federalregister.gov/documents/2025/09/11/2025-17520/minnesota-final-approval-of-state-underground-storage-tank-program-revisions-codification-and,100,33.0,1.8181818181818183,2026-08-24T03:37:09Z
2025-17518,"Maryland: Final Approval of State Underground Storage Tank Program Revisions, Codification, and Incorporation by Reference",2025-09-11,2025-11-10,1,Environmental Protection Agency,1,https://www.federalregister.gov/documents/2025/09/11/2025-17518/maryland-final-approval-of-state-underground-storage-tank-program-revisions-codification-and,209,60.0,0.5,2026-08-24T03:37:09Z
2025-17505,Proposed Deletion From the National Priorities List,2025-09-11,2025-10-14,3,Environmental Protection Agency,1,https://www.federalregister.gov/documents/2025/09/11/2025-17505/proposed-deletion-from-the-national-priorities-list,104,33.0,2.7272727272727275,2026-08-24T03:37:09Z
2025-17504,"Safety Zone; Beltway 8 Bridge Construction, Houston Ship Channel, Houston, TX",2025-09-11,2025-10-14,3,Homeland Security Department,2,https://www.federalregister.gov/documents/2025/09/11/2025-17504/safety-zone-beltway-8-bridge-construction-houston-ship-channel-houston-tx,90,33.0,2.7272727272727275,2026-08-24T03:37:09Z
2025-17502,Approval of Air Quality Implementation Plans; Arizona; Arizona Department of Environmental Quality; Stationary Source Permits; West Pinal County; PM10,2025-09-11,2025-10-14,4,Environmental Protection Agency,1,https://www.federalregister.gov/documents/2025/09/11/2025-17502/approval-of-air-quality-implementation-plans-arizona-arizona-department-of-environmental-quality,92,33.0,3.6363636363636367,2026-08-24T03:37:09Z
2025-17501,"Air Plan Revisions; Arizona; Maricopa County Air Quality Department; Particulate Matter; Incinerators, Burn-Off Ovens, and Crematories",2025-09-11,2025-10-14,4,Environmental Protection Agency,1,https://www.federalregister.gov/documents/2025/09/11/2025-17501/air-plan-revisions-arizona-maricopa-county-air-quality-department-particulate-matter-incinerators,78,33.0,3.6363636363636367,2026-08-24T03:37:09Z
2025-17500,Air Plan Approval; Arizona; Maricopa County Air Quality Department; Volatile Organic Compounds; Architectural Coatings,2025-09-11,2025-10-14,3,Environmental Protection Agency,1,https://www.federalregister.gov/documents/2025/09/11/2025-17500/air-plan-approval-arizona-maricopa-county-air-quality-department-volatile-organic-compounds,127,33.0,2.7272727272727275,2026-08-24T03:37:09Z
2025-17499,Air Plan Approval; Montana; Regional Haze Plan for the Second Implementation Period; Prong 4 (Visibility) for the 2015 8-Hour Ozone National Ambient Air Quality Standard,2025-09-11,2025-10-14,14,Environmental Protection Agency,1,https://www.federalregister.gov/documents/2025/09/11/2025-17499/air-plan-approval-montana-regional-haze-plan-for-the-second-implementation-period-prong-4-visibility,150,33.0,12.727272727272728,2026-08-24T03:37:09Z
2025-17498,Air Plan Revisions; Arizona; Maricopa County Air Quality Department; Volatile Organic Compounds; Solvent Cleaning,2025-09-11,2025-10-14,4,Environmental Protection Agency,1,https://www.federalregister.gov/documents/2025/09/11/2025-17498/air-plan-revisions-arizona-maricopa-county-air-quality-department-volatile-organic-compounds-solvent,71,33.0,3.6363636363636367,2026-08-24T03:37:09Z
2025-17488,Air Plan Approval; Wyoming; R-35 Wyoming Air Quality Standards and Regulations Rule Package,2025-09-11,2025-10-14,2,Environmental Protection Agency,1,https://www.federalregister.gov/documents/2025/09/11/2025-17488/air-plan-approval-wyoming-r-35-wyoming-air-quality-standards-and-regulations-rule-package,205,33.0,1.8181818181818183,2026-08-24T03:37:09Z
2025-17481,Revising U.S. Standards for Grades of Lemons,2025-09-11,2025-11-10,1,Agriculture Department,2,https://www.federalregister.gov/documents/2025/09/11/2025-17481/revising-us-standards-for-grades-of-lemons,41,60.0,0.5,2026-08-24T03:37:09Z
2025-17472,"Conformance of Cost Accounting Standards to Generally Accepted Accounting Principles for Cost Accounting Standards 404, 408, 409, and 411",2025-09-11,2025-10-14,6,Management and Budget Office,2,https://www.federalregister.gov/documents/2025/09/11/2025-17472/conformance-of-cost-accounting-standards-to-generally-accepted-accounting-principles-for-cost,90,33.0,5.454545454545455,2026-08-24T03:37:09Z
2025-17439,Notification of Availability and Request for Comment: Revision to the Voluntary Standard for Bassinets and Cradles,2025-09-10,2025-09-24,2,Consumer Product Safety Commission,1,https://www.federalregister.gov/documents/2025/09/10/2025-17439/notification-of-availability-and-request-for-comment-revision-to-the-voluntary-standard-for,56,14.0,4.285714285714286,2026-08-24T03:37:09Z
2025-17372,"Amendment of Very High Frequency Omnidirectional Range Federal Airways V-14, V-192, V-210, and V-221 in the Vicinity of Muncie, Indiana",2025-09-10,2025-10-27,3,Transportation Department,2,https://www.federalregister.gov/documents/2025/09/10/2025-17372/amendment-of-very-high-frequency-omnidirectional-range-federal-airways-v-14-v-192-v-210-and-v-221-in,67,47.0,1.9148936170212765,2026-08-24T03:37:09Z
2025-17357,"Establishment of Class E Airspace; Providence Seaside Hospital, Seaside, Oregon (OR)",2025-09-10,2025-10-27,2,Transportation Department,2,https://www.federalregister.gov/documents/2025/09/10/2025-17357/establishment-of-class-e-airspace-providence-seaside-hospital-seaside-oregon-or,59,47.0,1.2765957446808511,2026-08-24T03:37:09Z
2025-17302,"Drawbridge Operation Regulation; Atlantic Intracoastal Waterway, North Myrtle Beach, SC",2025-09-09,2025-10-09,3,Homeland Security Department,2,https://www.federalregister.gov/documents/2025/09/09/2025-17302/drawbridge-operation-regulation-atlantic-intracoastal-waterway-north-myrtle-beach-sc,65,30.0,3.0,2026-08-24T03:37:09Z
2025-17270,Safety Zones; Recurring Events in Captain of the Port Duluth Zone,2025-09-09,2025-10-09,4,Homeland Security Department,2,https://www.federalregister.gov/documents/2025/09/09/2025-17270/safety-zones-recurring-events-in-captain-of-the-port-duluth-zone,90,30.0,4.0,2026-08-24T03:37:09Z
2025-17246,"Airworthiness Directives; Bombardier, Inc., Airplanes",2025-09-09,2025-10-24,3,Transportation Department,2,https://www.federalregister.gov/documents/2025/09/09/2025-17246/airworthiness-directives-bombardier-inc-airplanes,70,45.0,2.0,2026-08-24T03:37:09Z
2025-17204,Previously Taxed Earnings and Profits and Related Basis Adjustments; Hearing,2025-09-08,,1,Treasury Department,2,https://www.federalregister.gov/documents/2025/09/08/2025-17204/previously-taxed-earnings-and-profits-and-related-basis-adjustments-hearing,24,,,2026-08-24T03:37:09Z
2025-17179,Airworthiness Directives; The Boeing Company Airplanes,2025-09-08,2025-10-23,4,Transportation Department,2,https://www.federalregister.gov/documents/2025/09/08/2025-17179/airworthiness-directives-the-boeing-company-airplanes,74,45.0,2.666666666666667,2026-08-24T03:37:09Z
2025-17115,Airworthiness Directives; Airbus Helicopters,2025-09-08,2025-10-23,4,Transportation Department,2,https://www.federalregister.gov/documents/2025/09/08/2025-17115/airworthiness-directives-airbus-helicopters,81,45.0,2.666666666666667,2026-08-24T03:37:09Z
2025-17095,Great Lakes Pilotage Rates-2026 Annual Review and Revisions to Methodology,2025-09-05,2025-10-08,32,Homeland Security Department,2,https://www.federalregister.gov/documents/2025/09/05/2025-17095/great-lakes-pilotage-rates-2026-annual-review-and-revisions-to-methodology,100,33.0,29.090909090909093,2026-08-24T03:37:09Z
2025-17094,"Safety Zone; Patapsco River, Francis Scott Key Bridge",2025-09-05,2025-09-28,4,Homeland Security Department,2,https://www.federalregister.gov/documents/2025/09/05/2025-17094/safety-zone-patapsco-river-francis-scott-key-bridge,80,23.0,5.217391304347826,2026-08-24T03:37:09Z
2025-17081,Air Plan Approval; Texas; Reasonably Available Control Technology in the Dallas-Fort Worth Ozone Nonattainment Area,2025-09-05,2025-10-06,3,Environmental Protection Agency,1,https://www.federalregister.gov/documents/2025/09/05/2025-17081/air-plan-approval-texas-reasonably-available-control-technology-in-the-dallas-fort-worth-ozone,168,31.0,2.903225806451613,2026-08-24T03:37:09Z
2025-17080,Air Plan Approval; Texas; Reasonably Available Control Technology in the Houston-Galveston-Brazoria Ozone Nonattainment Area,2025-09-05,2025-10-06,3,Environmental Protection Agency,1,https://www.federalregister.gov/documents/2025/09/05/2025-17080/air-plan-approval-texas-reasonably-available-control-technology-in-the-houston-galveston-brazoria,165,31.0,2.903225806451613,2026-08-24T03:37:09Z
2025-17063,Airworthiness Directives; Airbus Helicopters Deutschland GmbH Helicopters,2025-09-05,2025-10-20,3,Transportation Department,2,https://www.federalregister.gov/documents/2025/09/05/2025-17063/airworthiness-directives-airbus-helicopters-deutschland-gmbh-helicopters,116,45.0,2.0,2026-08-24T03:37:09Z
2025-17055,Air Plan Approval; OR; Lane County Permitting Rule Revisions,2025-09-05,2025-10-06,12,Environmental Protection Agency,1,https://www.federalregister.gov/documents/2025/09/05/2025-17055/air-plan-approval-or-lane-county-permitting-rule-revisions,78,31.0,11.612903225806452,2026-08-24T03:37:09Z
2025-17052,Massachusetts: Final Authorization of State Hazardous Waste Management Program Revisions,2025-09-05,2025-10-06,2,Environmental Protection Agency,1,https://www.federalregister.gov/documents/2025/09/05/2025-17052/massachusetts-final-authorization-of-state-hazardous-waste-management-program-revisions,110,31.0,1.935483870967742,2026-08-24T03:37:09Z
2025-17051,Air Plan Approval; South Carolina; Charlotte-Gastonia-Rock Hill Area Maintenance Plan for the 2008 8-Hour Ozone NAAQS,2025-09-05,2025-10-06,8,Environmental Protection Agency,1,https://www.federalregister.gov/documents/2025/09/05/2025-17051/air-plan-approval-south-carolina-charlotte-gastonia-rock-hill-area-maintenance-plan-for-the-2008,167,31.0,7.741935483870968,2026-08-24T03:37:09Z
2025-17048,Air Plan Approval; Kentucky; Emissions Inventory and Nonattainment New Source Review for the Henderson-Webster Sulfur Dioxide Nonattainment Area,2025-09-05,2025-10-06,7,Environmental Protection Agency,1,https://www.federalregister.gov/documents/2025/09/05/2025-17048/air-plan-approval-kentucky-emissions-inventory-and-nonattainment-new-source-review-for-the,112,31.0,6.774193548387097,2026-08-24T03:37:09Z
2025-17041,Air Plan Approval; Arkansas; Regional Haze State Implementation Plan for the Second Implementation Period,2025-09-05,2025-10-06,38,Environmental Protection Agency,1,https://www.federalregister.gov/documents/2025/09/05/2025-17041/air-plan-approval-arkansas-regional-haze-state-implementation-plan-for-the-second-implementation,130,31.0,36.774193548387096,2026-08-24T03:37:09Z
2025-17038,Revisions to the Clean Air Act Operating Permit Program; California; San Diego County Air Pollution Control District,2025-09-05,2025-10-06,2,Environmental Protection Agency,1,https://www.federalregister.gov/documents/2025/09/05/2025-17038/revisions-to-the-clean-air-act-operating-permit-program-california-san-diego-county-air-pollution,81,31.0,1.935483870967742,2026-08-24T03:37:09Z
2025-17033,Airworthiness Directives; Piaggio Aviation S.p.A. Airplanes,2025-09-05,2025-10-20,3,Transportation Department,2,https://www.federalregister.gov/documents/2025/09/05/2025-17033/airworthiness-directives-piaggio-aviation-spa-airplanes,81,45.0,2.0,2026-08-24T03:37:09Z
2025-17008,Receipt of Pesticide Petitions Filed for Residues of Pesticide Chemicals in or on Various Commodities-June 2025,2025-09-05,2025-10-06,3,Environmental Protection Agency,1,https://www.federalregister.gov/documents/2025/09/05/2025-17008/receipt-of-pesticide-petitions-filed-for-residues-of-pesticide-chemicals-in-or-on-various,110,31.0,2.903225806451613,2026-08-24T03:37:09Z
2025-16981,Price Cap Business Data Services; Regulation of Business Data Services for Rate-of-Return Local Exchange Carriers,2025-09-04,2025-10-06,13,Federal Communications Commission,1,https://www.federalregister.gov/documents/2025/09/04/2025-16981/price-cap-business-data-services-regulation-of-business-data-services-for-rate-of-return-local,71,32.0,12.1875,2026-08-24T03:37:09Z
2025-16974,Hazardous and Solid Waste Management System: Disposal of Coal Combustion Residuals From Electric Utilities; CCR Management Unit Deadline Extension Rule; Reopening of Comment Period and Public Hearing,2025-09-04,2025-09-15,1,Environmental Protection Agency,1,https://www.federalregister.gov/documents/2025/09/04/2025-16974/hazardous-and-solid-waste-management-system-disposal-of-coal-combustion-residuals-from-electric,61,11.0,2.7272727272727275,2026-08-24T03:37:09Z
2025-16934,"Pacific Island Fisheries; Annual Catch Limit and Accountability Measures; Main Hawaiian Islands Deep 7 Bottomfish for Fishing Years 2024-2025, 2025-2026, and 2026-2027",2025-09-04,2025-10-06,3,Commerce Department,2,https://www.federalregister.gov/documents/2025/09/04/2025-16934/pacific-island-fisheries-annual-catch-limit-and-accountability-measures-main-hawaiian-islands-deep-7,71,32.0,2.8125,2026-08-24T03:37:09Z
2025-16933,Endangered and Threatened Wildlife and Plants; Five Species Not Warranted for Listing as Endangered or Threatened Species,2025-09-04,,10,Interior Department,2,https://www.federalregister.gov/documents/2025/09/04/2025-16933/endangered-and-threatened-wildlife-and-plants-five-species-not-warranted-for-listing-as-endangered,112,,,2026-08-24T03:37:09Z
2025-16921,"Modifications to the Regulations Implementing the Vietnam Era Veterans' Readjustment Assistance Act of 1974, as Amended; Extension of Comment Period",2025-09-04,2025-09-17,1,Labor Department,2,https://www.federalregister.gov/documents/2025/09/04/2025-16921/modifications-to-the-regulations-implementing-the-vietnam-era-veterans-readjustment-assistance-act,141,13.0,2.307692307692308,2026-08-24T03:37:09Z
2025-16920,"Modifications to the Regulations Implementing Section 503 of the Rehabilitation Act of 1973, as Amended; Extension of Comment Period",2025-09-04,2025-09-17,1,Labor Department,2,https://www.federalregister.gov/documents/2025/09/04/2025-16920/modifications-to-the-regulations-implementing-section-503-of-the-rehabilitation-act-of-1973-as,140,13.0,2.307692307692308,2026-08-24T03:37:09Z
2025-16919,Rescission of Executive Order 11246 Implementing Regulations; Extension of Comment Period,2025-09-04,2025-09-17,2,Labor Department,2,https://www.federalregister.gov/documents/2025/09/04/2025-16919/rescission-of-executive-order-11246-implementing-regulations-extension-of-comment-period,135,13.0,4.615384615384616,2026-08-24T03:37:09Z
2025-16881,Public Input on Energy Conservation Standards for Manufactured Housing,2025-09-03,2025-12-02,7,Energy Department,1,https://www.federalregister.gov/documents/2025/09/03/2025-16881/public-input-on-energy-conservation-standards-for-manufactured-housing,106,90.0,2.3333333333333335,2026-08-24T03:37:09Z
2025-16866,Disclosure of Returns and Return Information in Connection With Written Contracts or Agreements for the Acquisition of Property or Services for Tax Administration Purposes; Withdrawal,2025-09-03,,2,Treasury Department,2,https://www.federalregister.gov/documents/2025/09/03/2025-16866/disclosure-of-returns-and-return-information-in-connection-with-written-contracts-or-agreements-for,66,,,2026-08-24T03:37:09Z
2025-16859,Biomin GmbH; Filing of Food Additive Petition (Animal Use),2025-09-03,,2,Health and Human Services Department,2,https://www.federalregister.gov/documents/2025/09/03/2025-16859/biomin-gmbh-filing-of-food-additive-petition-animal-use,73,,,2026-08-24T03:37:09Z
2025-16836,State Approving Agency Jurisdiction Rule,2025-09-03,2025-11-03,5,Veterans Affairs Department,1,https://www.federalregister.gov/documents/2025/09/03/2025-16836/state-approving-agency-jurisdiction-rule,84,61.0,2.4590163934426226,2026-08-24T03:37:09Z
2025-16801,Wyoming: Approval of State Coal Combustion Residuals Permit Program,2025-09-02,2025-11-03,9,Environmental Protection Agency,1,https://www.federalregister.gov/documents/2025/09/02/2025-16801/wyoming-approval-of-state-coal-combustion-residuals-permit-program,118,62.0,4.35483870967742,2026-08-24T03:37:09Z
2025-16740,"Safety Zone; Charles River, Boston, MA.",2025-09-02,2025-10-02,5,Homeland Security Department,2,https://www.federalregister.gov/documents/2025/09/02/2025-16740/safety-zone-charles-river-boston-ma,83,30.0,5.0,2026-08-24T03:37:09Z
2025-16737,Resilient Networks; Disruptions to Communications,2025-09-02,2025-11-03,9,Federal Communications Commission,1,https://www.federalregister.gov/documents/2025/09/02/2025-16737/resilient-networks-disruptions-to-communications,164,62.0,4.35483870967742,2026-08-24T03:37:09Z
2025-16723,Air Plan Approval; GA; Removal of Nonattainment Area New Source Review,2025-09-02,2025-09-23,5,Environmental Protection Agency,1,https://www.federalregister.gov/documents/2025/09/02/2025-16723/air-plan-approval-ga-removal-of-nonattainment-area-new-source-review,105,21.0,7.142857142857142,2026-08-24T03:37:09Z
2025-16720,Procedures for Transportation Workplace Drug and Alcohol Testing Programs: Addition of Fentanyl to the Department of Transportation's Drug-Testing Panel; Harmonization With Certain Items in the HHS Mandatory Guidelines for Urine and Oral Fluid; and Technical Amendments,2025-09-02,2025-10-17,19,Transportation Department,2,https://www.federalregister.gov/documents/2025/09/02/2025-16720/procedures-for-transportation-workplace-drug-and-alcohol-testing-programs-addition-of-fentanyl-to,170,45.0,12.666666666666666,2026-08-24T03:37:09Z
2025-16688,Endangered and Threatened Wildlife and Plants; Threatened Species Status With Section 4(d) Rule for Southern Hognose Snake,2025-08-29,2025-10-28,28,Interior Department,2,https://www.federalregister.gov/documents/2025/08/29/2025-16688/endangered-and-threatened-wildlife-and-plants-threatened-species-status-with-section-4d-rule-for,152,60.0,14.0,2026-08-24T03:37:09Z
2025-16648,Privacy Act of 1974; Implementation,2025-08-29,2025-09-29,4,Justice Department,1,https://www.federalregister.gov/documents/2025/08/29/2025-16648/privacy-act-of-1974-implementation,164,31.0,3.870967741935484,2026-08-24T03:37:09Z
2025-16645,Federal-State Unemployment Compensation (UC) Program; Data Availability,2025-08-29,2025-09-29,6,Labor Department,2,https://www.federalregister.gov/documents/2025/08/29/2025-16645/federal-state-unemployment-compensation-uc-program-data-availability,79,31.0,5.806451612903226,2026-08-24T03:37:09Z
2025-16619,Airworthiness Directives; ATR-GIE Avions de Transport Régional Airplanes,2025-08-29,2025-10-14,3,Transportation Department,2,https://www.federalregister.gov/documents/2025/08/29/2025-16619/airworthiness-directives-atr-gie-avions-de-transport-rgional-airplanes,74,46.0,1.9565217391304348,2026-08-24T03:37:09Z
2025-16597,Deepwater Ports,2025-08-29,,1,Homeland Security Department,2,https://www.federalregister.gov/documents/2025/08/29/2025-16597/deepwater-ports,53,,,2026-08-24T03:37:09Z
C3-2025-12347,"Medicare and Medicaid Programs; Calendar Year 2026 Home Health Prospective Payment System (HH PPS) Rate Update; Requirements for the HH Quality Reporting Program and the HH Value-Based Purchasing Expanded Model; Durable Medical Equipment, Prosthetics, Orthotics, and Supplies (DMEPOS) Competitive Bidding Program Updates; DMEPOS Accreditation Requirements; Provider Enrollment; and Other Medicare and Medicaid Policies",2025-08-28,,1,Health and Human Services Department,2,https://www.federalregister.gov/documents/2025/08/28/C3-2025-12347/medicare-and-medicaid-programs-calendar-year-2026-home-health-prospective-payment-system-hh-pps-rate,0,,,2026-08-24T03:37:09Z
2025-16554,"Establishing a Fixed Time Period of Admission and an Extension of Stay Procedure for Nonimmigrant Academic Students, Exchange Visitors, and Representatives of Foreign Information Media",2025-08-28,2025-09-29,46,Homeland Security Department,1,https://www.federalregister.gov/documents/2025/08/28/2025-16554/establishing-a-fixed-time-period-of-admission-and-an-extension-of-stay-procedure-for-nonimmigrant,97,32.0,43.125,2026-08-24T03:37:09Z
2025-16548,Disclosure of Interests in Commission Proceedings,2025-08-28,,1,Consumer Product Safety Commission,1,https://www.federalregister.gov/documents/2025/08/28/2025-16548/disclosure-of-interests-in-commission-proceedings,58,,,2026-08-24T03:37:09Z
2025-16545,Information Disclosure Under Section 6(b) of the Consumer Product Safety Act,2025-08-28,,2,Consumer Product Safety Commission,1,https://www.federalregister.gov/documents/2025/08/28/2025-16545/information-disclosure-under-section-6b-of-the-consumer-product-safety-act,81,,,2026-08-24T03:37:09Z
2025-16540,Reducing Barriers to Network Improvements and Service Changes,2025-08-28,2025-09-29,26,Federal Communications Commission,1,https://www.federalregister.gov/documents/2025/08/28/2025-16540/reducing-barriers-to-network-improvements-and-service-changes,108,32.0,24.375,2026-08-24T03:37:09Z
2025-16486,"Approval of the Clean Air Act, Section 112(l), Authority for Hazardous Air Pollutants; State of Connecticut Department of Energy and Environmental Protection; Approval of the Clean Air Act Section 502, State Operating Permit Programs, State of Connecticut Department of Energy and Environmental Protection",2025-08-28,2025-09-29,3,Environmental Protection Agency,1,https://www.federalregister.gov/documents/2025/08/28/2025-16486/approval-of-the-clean-air-act-section-112l-authority-for-hazardous-air-pollutants-state-of,105,32.0,2.8125,2026-08-24T03:37:09Z
2025-16484,Air Plan Approval; Ohio; 2015 Ozone Moderate Reasonably Available Control Technology SIP,2025-08-28,2025-09-29,6,Environmental Protection Agency,1,https://www.federalregister.gov/documents/2025/08/28/2025-16484/air-plan-approval-ohio-2015-ozone-moderate-reasonably-available-control-technology-sip,142,32.0,5.625,2026-08-24T03:37:09Z
2025-16483,Air Plan Approval; Arkansas; Codification of the State Implementation Plan,2025-08-28,2025-09-29,2,Environmental Protection Agency,1,https://www.federalregister.gov/documents/2025/08/28/2025-16483/air-plan-approval-arkansas-codification-of-the-state-implementation-plan,87,32.0,1.875,2026-08-24T03:37:09Z
2025-16482,Air Plan Approval; Pennsylvania; Motor Vehicle Inspection and Maintenance Program Certification for Moderate Nonattainment Under the 2015 Ozone National Ambient Air Quality Standards,2025-08-28,2025-09-29,8,Environmental Protection Agency,1,https://www.federalregister.gov/documents/2025/08/28/2025-16482/air-plan-approval-pennsylvania-motor-vehicle-inspection-and-maintenance-program-certification-for,74,32.0,7.5,2026-08-24T03:37:09Z
2025-16374,Telecommunications Relay Service ASCII Format Requirement,2025-08-27,2025-10-14,3,Federal Communications Commission,1,https://www.federalregister.gov/documents/2025/08/27/2025-16374/telecommunications-relay-service-ascii-format-requirement,81,48.0,1.875,2026-08-24T03:37:09Z
2025-16352,Legal Standard Applicable to Supervisory Designation Proceedings,2025-08-26,2025-09-25,4,Consumer Financial Protection Bureau,1,https://www.federalregister.gov/documents/2025/08/26/2025-16352/legal-standard-applicable-to-supervisory-designation-proceedings,72,30.0,4.0,2026-08-24T03:37:09Z
2025-16333,Modernization of the Nation's Alerting Systems,2025-08-26,2025-10-10,13,Federal Communications Commission,1,https://www.federalregister.gov/documents/2025/08/26/2025-16333/modernization-of-the-nations-alerting-systems,117,45.0,8.666666666666666,2026-08-24T03:37:09Z
2025-16325,Air Plan Revisions; California; Heavy-Duty Vehicle Inspection and Maintenance Program,2025-08-26,2025-09-25,6,Environmental Protection Agency,1,https://www.federalregister.gov/documents/2025/08/26/2025-16325/air-plan-revisions-california-heavy-duty-vehicle-inspection-and-maintenance-program,175,30.0,6.0,2026-08-24T03:37:09Z
2025-16319,Airworthiness Directives; ATR-GIE Avions de Transport Régional Airplanes,2025-08-26,2025-10-10,3,Transportation Department,2,https://www.federalregister.gov/documents/2025/08/26/2025-16319/airworthiness-directives-atr-gie-avions-de-transport-rgional-airplanes,77,45.0,2.0,2026-08-24T03:37:09Z
2025-16263,Airworthiness Directives; DAHER AEROSPACE (Type Certificate Previously Held by SOCATA) Airplanes,2025-08-25,2025-10-09,4,Transportation Department,2,https://www.federalregister.gov/documents/2025/08/25/2025-16263/airworthiness-directives-daher-aerospace-type-certificate-previously-held-by-socata-airplanes,158,45.0,2.666666666666667,2026-08-24T03:37:09Z
2025-16246,"Fisheries of the Caribbean, Gulf of Mexico, and South Atlantic; Snapper-Grouper Fishery of the South Atlantic; Amendment 55",2025-08-25,2025-09-24,11,Commerce Department,2,https://www.federalregister.gov/documents/2025/08/25/2025-16246/fisheries-of-the-caribbean-gulf-of-mexico-and-south-atlantic-snapper-grouper-fishery-of-the-south,149,30.0,11.0,2026-08-24T03:37:09Z
2025-16240,"Fisheries of the Northeastern United States; Advanced Notice of Proposed Rulemaking To Establish a Control Date for the Summer Flounder, Scup, Black Sea Bass, and Bluefish Recreational For-Hire Fisheries",2025-08-25,2025-09-24,2,Commerce Department,2,https://www.federalregister.gov/documents/2025/08/25/2025-16240/fisheries-of-the-northeastern-united-states-advanced-notice-of-proposed-rulemaking-to-establish-a,101,30.0,2.0,2026-08-24T03:37:09Z
2025-16236,"Establishment of Restricted Areas R-6319A&B in the Vicinity of South Padre Island, TX",2025-08-25,2025-10-09,3,Transportation Department,2,https://www.federalregister.gov/documents/2025/08/25/2025-16236/establishment-of-restricted-areas-r-6319aandb-in-the-vicinity-of-south-padre-island-tx,47,45.0,2.0,2026-08-24T03:37:09Z
2025-16233,Fisheries Off West Coast States; Coastal Pelagic Species Fisheries; Biennial Specifications; 2025-2026 and 2026-2027 Specifications for Pacific Mackerel,2025-08-25,2025-09-24,4,Commerce Department,2,https://www.federalregister.gov/documents/2025/08/25/2025-16233/fisheries-off-west-coast-states-coastal-pelagic-species-fisheries-biennial-specifications-2025-2026,166,30.0,4.0,2026-08-24T03:37:09Z
2025-16227,Endangered and Threatened Wildlife and Plants; 90-Day Findings for Nine Species,2025-08-25,,7,Interior Department,2,https://www.federalregister.gov/documents/2025/08/25/2025-16227/endangered-and-threatened-wildlife-and-plants-90-day-findings-for-nine-species,304,,,2026-08-24T03:37:09Z
2025-16209,Endangered and Threatened Wildlife and Plants; 12-Month Not-Warranted Finding for the Northern California-Southern Oregon Distinct Population Segment of Fisher,2025-08-25,,5,Interior Department,2,https://www.federalregister.gov/documents/2025/08/25/2025-16209/endangered-and-threatened-wildlife-and-plants-12-month-not-warranted-finding-for-the-northern,119,,,2026-08-24T03:37:09Z
2025-16208,Defense Federal Acquisition Regulation Supplement: Disclosure of DoD Funding in Technical Publications (DFARS Case 2024-D003),2025-08-25,2025-10-24,2,Defense Department,2,https://www.federalregister.gov/documents/2025/08/25/2025-16208/defense-federal-acquisition-regulation-supplement-disclosure-of-dod-funding-in-technical,45,60.0,1.0,2026-08-24T03:37:09Z
2025-16195,Airworthiness Directives; Diamond Aircraft Industries GmbH Airplanes,2025-08-25,2025-10-09,5,Transportation Department,2,https://www.federalregister.gov/documents/2025/08/25/2025-16195/airworthiness-directives-diamond-aircraft-industries-gmbh-airplanes,120,45.0,3.333333333333333,2026-08-24T03:37:09Z
2025-16163,"Television Broadcasting Services Fort Bragg and Cloverdale, California",2025-08-22,2025-09-22,1,Federal Communications Commission,1,https://www.federalregister.gov/documents/2025/08/22/2025-16163/television-broadcasting-services-fort-bragg-and-cloverdale-california,95,31.0,0.967741935483871,2026-08-24T03:37:09Z
2025-16162,"Television Broadcasting Services West Point, Mississippi",2025-08-22,2025-09-22,2,Federal Communications Commission,1,https://www.federalregister.gov/documents/2025/08/22/2025-16162/television-broadcasting-services-west-point-mississippi,96,31.0,1.935483870967742,2026-08-24T03:37:09Z
2025-16158,Atlantic Highly Migratory Species; Prohibit Retention of Mobulid Rays in Fisheries for Atlantic Highly Migratory Species,2025-08-22,2025-09-22,7,Commerce Department,2,https://www.federalregister.gov/documents/2025/08/22/2025-16158/atlantic-highly-migratory-species-prohibit-retention-of-mobulid-rays-in-fisheries-for-atlantic,76,31.0,6.774193548387097,2026-08-24T03:37:09Z
2025-16142,Small Business Size Standards: Monetary-Based Industry Size Standards,2025-08-22,2025-10-21,110,Small Business Administration,1,https://www.federalregister.gov/documents/2025/08/22/2025-16142/small-business-size-standards-monetary-based-industry-size-standards,126,60.0,55.0,2026-08-24T03:37:09Z
2025-16139,Personal Financial Data Rights Reconsideration,2025-08-22,2025-10-21,4,Consumer Financial Protection Bureau,1,https://www.federalregister.gov/documents/2025/08/22/2025-16139/personal-financial-data-rights-reconsideration,108,60.0,2.0,2026-08-24T03:37:09Z
2025-16103,Public Dissemination of the Identity of a Delinquent Debtor,2025-08-22,2025-10-21,5,Treasury Department,2,https://www.federalregister.gov/documents/2025/08/22/2025-16103/public-dissemination-of-the-identity-of-a-delinquent-debtor,86,60.0,2.5,2026-08-24T03:37:09Z
2025-16089,Protecting Consumers From Unauthorized Carrier Changes and Related Unauthorized Charges: Truth-in-Billing and Billing Format,2025-08-22,2025-09-22,7,Federal Communications Commission,1,https://www.federalregister.gov/documents/2025/08/22/2025-16089/protecting-consumers-from-unauthorized-carrier-changes-and-related-unauthorized-charges,126,31.0,6.774193548387097,2026-08-24T03:37:09Z
2025-16088,Accelerating Wireline Broadband Deployment by Removing Barriers to Infrastructure Investment,2025-08-22,2025-09-22,24,Federal Communications Commission,1,https://www.federalregister.gov/documents/2025/08/22/2025-16088/accelerating-wireline-broadband-deployment-by-removing-barriers-to-infrastructure-investment,210,31.0,23.225806451612904,2026-08-24T03:37:09Z
2025-16078,"Radio Broadcasting Services; Enterprise, Utah",2025-08-22,2025-10-06,2,Federal Communications Commission,1,https://www.federalregister.gov/documents/2025/08/22/2025-16078/radio-broadcasting-services-enterprise-utah,83,45.0,1.3333333333333335,2026-08-24T03:37:09Z
2025-16056,"FDIC Official Signs, Advertisement of Membership, False Advertising, Misrepresentation of Insured Status, and Misuse of the FDIC's Name or Logo",2025-08-21,2025-10-20,12,Federal Deposit Insurance Corporation,1,https://www.federalregister.gov/documents/2025/08/21/2025-16056/fdic-official-signs-advertisement-of-membership-false-advertising-misrepresentation-of-insured,96,60.0,6.0,2026-08-24T03:37:09Z
2025-16012,Airworthiness Directives; Airbus Helicopters,2025-08-21,2025-10-06,4,Transportation Department,2,https://www.federalregister.gov/documents/2025/08/21/2025-16012/airworthiness-directives-airbus-helicopters,130,46.0,2.608695652173913,2026-08-24T03:37:09Z
2025-15999,Airworthiness Directives; ATR-GIE Avions de Transport Régional Airplanes,2025-08-21,2025-10-06,3,Transportation Department,2,https://www.federalregister.gov/documents/2025/08/21/2025-15999/airworthiness-directives-atr-gie-avions-de-transport-rgional-airplanes,127,46.0,1.9565217391304348,2026-08-24T03:37:09Z
2025-15998,"Airworthiness Directives; MHI RJ Aviation ULC (Type Certificate Previously Held by Bombardier, Inc.) Airplanes",2025-08-21,2025-10-06,5,Transportation Department,2,https://www.federalregister.gov/documents/2025/08/21/2025-15998/airworthiness-directives-mhi-rj-aviation-ulc-type-certificate-previously-held-by-bombardier-inc,100,46.0,3.260869565217391,2026-08-24T03:37:09Z
2025-15987,Air Plan Approval; Alabama; Standards for Granting Permits and Major New Source Review Permit Rules,2025-08-21,2025-09-11,3,Environmental Protection Agency,1,https://www.federalregister.gov/documents/2025/08/21/2025-15987/air-plan-approval-alabama-standards-for-granting-permits-and-major-new-source-review-permit-rules,75,21.0,4.285714285714286,2026-08-24T03:37:09Z
2025-15986,Air Plan Approval; GA; Removal of Emissions Statements Requirement and Updates To Permit by Rule,2025-08-21,2025-09-11,3,Environmental Protection Agency,1,https://www.federalregister.gov/documents/2025/08/21/2025-15986/air-plan-approval-ga-removal-of-emissions-statements-requirement-and-updates-to-permit-by-rule,84,21.0,4.285714285714286,2026-08-24T03:37:09Z
2025-15985,Montana Regulatory Program,2025-08-21,2025-09-22,2,Interior Department,2,https://www.federalregister.gov/documents/2025/08/21/2025-15985/montana-regulatory-program,152,32.0,1.875,2026-08-24T03:37:09Z
2025-15984,Air Plan Approval; Arizona; Maricopa County Air Quality Department; Petroleum Solvent Dry Cleaning,2025-08-21,2025-09-22,3,Environmental Protection Agency,1,https://www.federalregister.gov/documents/2025/08/21/2025-15984/air-plan-approval-arizona-maricopa-county-air-quality-department-petroleum-solvent-dry-cleaning,80,32.0,2.8125,2026-08-24T03:37:09Z
2025-15983,"Air Plan Approval; IA, Muscatine; 2010 1-Hour SO2 Maintenance Plan and Redesignation",2025-08-21,2025-09-22,16,Environmental Protection Agency,1,https://www.federalregister.gov/documents/2025/08/21/2025-15983/air-plan-approval-ia-muscatine-2010-1-hour-so2-maintenance-plan-and-redesignation,90,32.0,15.0,2026-08-24T03:37:09Z
2025-15982,"Airworthiness Directives; Gulfstream Aerospace LP (Type Certificate Previously Held by Israel Aircraft Industries, Ltd.) Airplanes",2025-08-21,2025-10-06,3,Transportation Department,2,https://www.federalregister.gov/documents/2025/08/21/2025-15982/airworthiness-directives-gulfstream-aerospace-lp-type-certificate-previously-held-by-israel-aircraft,72,46.0,1.9565217391304348,2026-08-24T03:37:09Z
2025-15917,Vinyl Chloride,2025-08-20,2025-11-01,2,Labor Department,2,https://www.federalregister.gov/documents/2025/08/20/2025-15917/vinyl-chloride,39,73.0,0.821917808219178,2026-08-24T03:37:09Z
2025-15914,Ethylene Oxide,2025-08-20,2025-11-01,2,Labor Department,2,https://www.federalregister.gov/documents/2025/08/20/2025-15914/ethylene-oxide,39,73.0,0.821917808219178,2026-08-24T03:37:09Z
2025-15913,Occupational Exposure to COVID-19 in Healthcare Settings,2025-08-20,2025-11-01,2,Labor Department,2,https://www.federalregister.gov/documents/2025/08/20/2025-15913/occupational-exposure-to-covid-19-in-healthcare-settings,44,73.0,0.821917808219178,2026-08-24T03:37:09Z
2025-15912,Amending the Medical Evaluation Requirements in the Respiratory Protection Standard for Certain Types of Respirators,2025-08-20,2025-11-01,1,Labor Department,2,https://www.federalregister.gov/documents/2025/08/20/2025-15912/amending-the-medical-evaluation-requirements-in-the-respiratory-protection-standard-for-certain,54,73.0,0.410958904109589,2026-08-24T03:37:09Z
2025-15911,Methylene Chloride,2025-08-20,2025-11-01,2,Labor Department,2,https://www.federalregister.gov/documents/2025/08/20/2025-15911/methylene-chloride,39,73.0,0.821917808219178,2026-08-24T03:37:09Z
2025-15910,Lead,2025-08-20,2025-11-01,2,Labor Department,2,https://www.federalregister.gov/documents/2025/08/20/2025-15910/lead,38,73.0,0.821917808219178,2026-08-24T03:37:09Z
2025-15909,Inorganic Arsenic,2025-08-20,2025-11-01,2,Labor Department,2,https://www.federalregister.gov/documents/2025/08/20/2025-15909/inorganic-arsenic,39,73.0,0.821917808219178,2026-08-24T03:37:09Z
2025-15908,Occupational Safety and Health Standards; Interpretation of the General Duty Clause: Limitation for Inherently Risky Professional Activities,2025-08-20,2025-11-01,2,Labor Department,2,https://www.federalregister.gov/documents/2025/08/20/2025-15908/occupational-safety-and-health-standards-interpretation-of-the-general-duty-clause-limitation-for,61,73.0,0.821917808219178,2026-08-24T03:37:09Z
2025-15907,Formaldehyde,2025-08-20,2025-11-01,1,Labor Department,2,https://www.federalregister.gov/documents/2025/08/20/2025-15907/formaldehyde,38,73.0,0.410958904109589,2026-08-24T03:37:09Z
2025-15906,Cotton Dust,2025-08-20,2025-11-01,1,Labor Department,2,https://www.federalregister.gov/documents/2025/08/20/2025-15906/cotton-dust,39,73.0,0.410958904109589,2026-08-24T03:37:09Z
2025-15905,Construction Illumination,2025-08-20,2025-11-01,2,Labor Department,2,https://www.federalregister.gov/documents/2025/08/20/2025-15905/construction-illumination,40,73.0,0.821917808219178,2026-08-24T03:37:09Z
2025-15904,Coke Oven Emissions,2025-08-20,2025-11-01,1,Labor Department,2,https://www.federalregister.gov/documents/2025/08/20/2025-15904/coke-oven-emissions,40,73.0,0.410958904109589,2026-08-24T03:37:09Z
2025-15903,Cadmium,2025-08-20,2025-11-01,2,Labor Department,2,https://www.federalregister.gov/documents/2025/08/20/2025-15903/cadmium,38,73.0,0.821917808219178,2026-08-24T03:37:09Z
2025-15902,Benzene,2025-08-20,2025-11-01,1,Labor Department,2,https://www.federalregister.gov/documents/2025/08/20/2025-15902/benzene,38,73.0,0.410958904109589,2026-08-24T03:37:09Z
2025-15901,Asbestos,2025-08-20,2025-11-01,2,Labor Department,2,https://www.federalregister.gov/documents/2025/08/20/2025-15901/asbestos,38,73.0,0.821917808219178,2026-08-24T03:37:09Z
2025-15900,Acrylonitrile,2025-08-20,2025-11-01,2,Labor Department,2,https://www.federalregister.gov/documents/2025/08/20/2025-15900/acrylonitrile,38,73.0,0.821917808219178,2026-08-24T03:37:09Z
2025-15899,"1,3-Butadiene",2025-08-20,2025-11-01,2,Labor Department,2,https://www.federalregister.gov/documents/2025/08/20/2025-15899/13-butadiene,38,73.0,0.821917808219178,2026-08-24T03:37:09Z
2025-15898,"13 Carcinogens (4-Nitrobiphenyl, etc.)",2025-08-20,2025-11-01,2,Labor Department,2,https://www.federalregister.gov/documents/2025/08/20/2025-15898/13-carcinogens-4-nitrobiphenyl-etc,41,73.0,0.821917808219178,2026-08-24T03:37:09Z
2025-15897,Methylenedianiline,2025-08-20,2025-11-01,2,Labor Department,2,https://www.federalregister.gov/documents/2025/08/20/2025-15897/methylenedianiline,38,73.0,0.821917808219178,2026-08-24T03:37:09Z
2025-15896,"1,2-dibromo-3-chloropropane",2025-08-20,2025-11-01,1,Labor Department,2,https://www.federalregister.gov/documents/2025/08/20/2025-15896/12-dibromo-3-chloropropane,38,73.0,0.410958904109589,2026-08-24T03:37:09Z
2025-15886,"Amendment of Class D and Class E Airspace; Morgantown, WV: Withdrawal",2025-08-20,,1,Transportation Department,2,https://www.federalregister.gov/documents/2025/08/20/2025-15886/amendment-of-class-d-and-class-e-airspace-morgantown-wv-withdrawal,81,,,2026-08-24T03:37:09Z
2025-15875,"Revocation of Class E Airspace; Oakwood, TX",2025-08-20,2025-10-06,2,Transportation Department,2,https://www.federalregister.gov/documents/2025/08/20/2025-15875/revocation-of-class-e-airspace-oakwood-tx,32,47.0,1.2765957446808511,2026-08-24T03:37:09Z
2025-15818,Modernizing the Commission's National Environmental Policy Act Rules,2025-08-19,2025-09-18,23,Federal Communications Commission,1,https://www.federalregister.gov/documents/2025/08/19/2025-15818/modernizing-the-commissions-national-environmental-policy-act-rules,54,30.0,23.0,2026-08-24T03:37:09Z
2025-15792,Evonik Corporation; Filing of Food Additive Petition (Animal Use),2025-08-19,,1,Health and Human Services Department,2,https://www.federalregister.gov/documents/2025/08/19/2025-15792/evonik-corporation-filing-of-food-additive-petition-animal-use,51,,,2026-08-24T03:37:09Z
2025-15776,Airworthiness Directives; Airbus Helicopters,2025-08-19,2025-10-03,5,Transportation Department,2,https://www.federalregister.gov/documents/2025/08/19/2025-15776/airworthiness-directives-airbus-helicopters,167,45.0,3.333333333333333,2026-08-24T03:37:09Z
2025-15775,"Takes of Marine Mammals Incidental to Specified Activities; Taking Marine Mammals Incidental to the Interstate Bridge Replacement Project on Interstate 5 Between Portland, Oregon and Vancouver, WA",2025-08-19,2025-09-18,37,Commerce Department,2,https://www.federalregister.gov/documents/2025/08/19/2025-15775/takes-of-marine-mammals-incidental-to-specified-activities-taking-marine-mammals-incidental-to-the,130,30.0,37.0,2026-08-24T03:37:09Z
2025-15773,Airworthiness Directives; ATR-GIE Avions de Transport Régional Airplanes,2025-08-19,2025-10-03,4,Transportation Department,2,https://www.federalregister.gov/documents/2025/08/19/2025-15773/airworthiness-directives-atr-gie-avions-de-transport-rgional-airplanes,93,45.0,2.666666666666667,2026-08-24T03:37:09Z
2025-15750,Returns Relating to Sales or Exchanges of Certain Partnership Interests,2025-08-19,2025-09-18,4,Treasury Department,2,https://www.federalregister.gov/documents/2025/08/19/2025-15750/returns-relating-to-sales-or-exchanges-of-certain-partnership-interests,30,30.0,4.0,2026-08-24T03:37:09Z
2025-15749,Visual Post-Mortem Inspection in Swine Slaughter Establishments,2025-08-19,2025-10-20,6,Agriculture Department,2,https://www.federalregister.gov/documents/2025/08/19/2025-15749/visual-post-mortem-inspection-in-swine-slaughter-establishments,170,62.0,2.903225806451613,2026-08-24T03:37:09Z
2025-15748,Air Plan Approval; Tennessee; Second Planning Period Regional Haze Plan,2025-08-19,2025-10-20,24,Environmental Protection Agency,1,https://www.federalregister.gov/documents/2025/08/19/2025-15748/air-plan-approval-tennessee-second-planning-period-regional-haze-plan,130,62.0,11.612903225806452,2026-08-24T03:37:09Z
2025-15704,"Tribal Consultation for SBA's Office of Capital Access and Access to All Agency Financial Assistance, Contracting, Business Counseling and Technical Assistance Programs, Identifying Issues and Best Practices",2025-08-18,,2,Small Business Administration,1,https://www.federalregister.gov/documents/2025/08/18/2025-15704/tribal-consultation-for-sbas-office-of-capital-access-and-access-to-all-agency-financial-assistance,107,,,2026-08-24T03:37:09Z
2025-15665,William D. Ford Federal Direct Loan (Direct Loan) Program,2025-08-18,2025-09-17,23,Education Department,1,https://www.federalregister.gov/documents/2025/08/18/2025-15665/william-d-ford-federal-direct-loan-direct-loan-program,79,30.0,23.0,2026-08-24T03:37:09Z
2025-15643,"Proposed Establishment of Class C Airspace at Wilmington International Airport, NC; Public Meeting",2025-08-18,2025-10-31,2,Transportation Department,2,https://www.federalregister.gov/documents/2025/08/18/2025-15643/proposed-establishment-of-class-c-airspace-at-wilmington-international-airport-nc-public-meeting,65,74.0,0.8108108108108109,2026-08-24T03:37:09Z
2025-15629,Takes of Marine Mammals Incidental to Specified Activities; Taking Marine Mammals Incidental to the Duckabush Estuary Restoration Project in Washington,2025-08-15,2025-09-15,16,Commerce Department,2,https://www.federalregister.gov/documents/2025/08/15/2025-15629/takes-of-marine-mammals-incidental-to-specified-activities-taking-marine-mammals-incidental-to-the,98,31.0,15.483870967741936,2026-08-24T03:37:09Z
2025-15557,Air Plan Approval; North Carolina; Removal of Emissions Exemptions,2025-08-15,2025-09-15,6,Environmental Protection Agency,1,https://www.federalregister.gov/documents/2025/08/15/2025-15557/air-plan-approval-north-carolina-removal-of-emissions-exemptions,165,31.0,5.806451612903226,2026-08-24T03:37:09Z
2025-15512,Reconsideration of 2009 Endangerment Finding and Greenhouse Gas Vehicle Standards; Extension of Comment Period,2025-08-15,2025-09-22,2,Environmental Protection Agency,1,https://www.federalregister.gov/documents/2025/08/15/2025-15512/reconsideration-of-2009-endangerment-finding-and-greenhouse-gas-vehicle-standards-extension-of,34,38.0,1.5789473684210527,2026-08-24T03:37:09Z
2025-15492,Medicare and Medicaid Programs; CY 2026 Payment Policies Under the Physician Fee Schedule and Other Changes to Part B Payment and Coverage Policies; Medicare Shared Savings Program Requirements; and Medicare Prescription Drug Inflation Rebate Program; Correction,2025-08-14,2025-09-12,7,Health and Human Services Department,2,https://www.federalregister.gov/documents/2025/08/14/2025-15492/medicare-and-medicaid-programs-cy-2026-payment-policies-under-the-physician-fee-schedule-and-other,105,29.0,7.241379310344828,2026-08-24T03:37:09Z
2025-15491,Endangered and Threatened Wildlife and Plants; Threatened Species Status With Section 4(d) Rule for the Borneo Earless Monitor,2025-08-14,2025-10-14,13,Interior Department,2,https://www.federalregister.gov/documents/2025/08/14/2025-15491/endangered-and-threatened-wildlife-and-plants-threatened-species-status-with-section-4d-rule-for-the,124,61.0,6.393442622950819,2026-08-24T03:37:09Z
2025-15473,Food Standards of Identity Modernization; Pasteurized Orange Juice; Proposed Rule; Correction,2025-08-14,,1,Health and Human Services Department,2,https://www.federalregister.gov/documents/2025/08/14/2025-15473/food-standards-of-identity-modernization-pasteurized-orange-juice-proposed-rule-correction,88,,,2026-08-24T03:37:09Z
2025-15461,Air Plan Approval; GA; Updates to the Cross-State Air Pollution Rule,2025-08-14,2025-09-15,5,Environmental Protection Agency,1,https://www.federalregister.gov/documents/2025/08/14/2025-15461/air-plan-approval-ga-updates-to-the-cross-state-air-pollution-rule,197,32.0,4.6875,2026-08-24T03:37:09Z
2025-15460,Air Plan Approval; North Carolina; Revisions to Regulations for Sulfur Dioxide Emissions From Combustion Sources,2025-08-14,2025-09-15,3,Environmental Protection Agency,1,https://www.federalregister.gov/documents/2025/08/14/2025-15460/air-plan-approval-north-carolina-revisions-to-regulations-for-sulfur-dioxide-emissions-from,80,32.0,2.8125,2026-08-24T03:37:09Z
2025-15459,Air Plan Approval; Rhode Island; Decommissioning of Stage II Vapor Recovery Systems,2025-08-14,2025-09-15,4,Environmental Protection Agency,1,https://www.federalregister.gov/documents/2025/08/14/2025-15459/air-plan-approval-rhode-island-decommissioning-of-stage-ii-vapor-recovery-systems,77,32.0,3.75,2026-08-24T03:37:09Z
2025-15458,Air Plan Approval; Michigan; Detroit 2010 Sulfur Dioxide Redesignation and Maintenance Plan,2025-08-14,2025-09-15,8,Environmental Protection Agency,1,https://www.federalregister.gov/documents/2025/08/14/2025-15458/air-plan-approval-michigan-detroit-2010-sulfur-dioxide-redesignation-and-maintenance-plan,111,32.0,7.5,2026-08-24T03:37:09Z
2025-15300,"Proposed Modification of Class C Airspace at Ted Stevens Anchorage International Airport, AK (PANC); Public Meeting",2025-08-12,2025-10-24,1,Transportation Department,2,https://www.federalregister.gov/documents/2025/08/12/2025-15300/proposed-modification-of-class-c-airspace-at-ted-stevens-anchorage-international-airport-ak-panc,130,73.0,0.410958904109589,2026-08-24T03:37:09Z
2025-15297,Airworthiness Directives; Bombardier Inc. Airplanes,2025-08-12,2025-09-26,4,Transportation Department,2,https://www.federalregister.gov/documents/2025/08/12/2025-15297/airworthiness-directives-bombardier-inc-airplanes,98,45.0,2.666666666666667,2026-08-24T03:37:09Z
2025-15266,Postmarks and Postal Possession,2025-08-12,2025-09-11,7,Postal Service,1,https://www.federalregister.gov/documents/2025/08/12/2025-15266/postmarks-and-postal-possession,202,30.0,7.0,2026-08-24T03:37:09Z
2025-15218,"Amendment of Class D and Class E Airspace, Establishment of Class E Airspace, and Revocation of Class E; Wichita, KS",2025-08-11,2025-09-25,4,Transportation Department,2,https://www.federalregister.gov/documents/2025/08/11/2025-15218/amendment-of-class-d-and-class-e-airspace-establishment-of-class-e-airspace-and-revocation-of-class,140,45.0,2.666666666666667,2026-08-24T03:37:09Z
2025-15217,"Amendment of Class E Airspace; George West, TX",2025-08-11,2025-09-25,2,Transportation Department,2,https://www.federalregister.gov/documents/2025/08/11/2025-15217/amendment-of-class-e-airspace-george-west-tx,71,45.0,1.3333333333333335,2026-08-24T03:37:09Z
2025-15212,"Proposed Amendment of Class C Airspace at Daytona Beach International Airport, FL; Public Meeting",2025-08-11,2025-10-09,2,Transportation Department,2,https://www.federalregister.gov/documents/2025/08/11/2025-15212/proposed-amendment-of-class-c-airspace-at-daytona-beach-international-airport-fl-public-meeting,66,59.0,1.0169491525423728,2026-08-24T03:37:09Z
2025-15199,"Proposed Amendment of Class C Airspace at Jacksonville International Airport, FL; Public Meeting",2025-08-11,2025-10-11,1,Transportation Department,2,https://www.federalregister.gov/documents/2025/08/11/2025-15199/proposed-amendment-of-class-c-airspace-at-jacksonville-international-airport-fl-public-meeting,65,61.0,0.49180327868852464,2026-08-24T03:37:09Z
2025-15183,North Dakota: Approval of State Coal Combustion Residuals Permit Program; Reopening of Comment Period,2025-08-11,2025-08-26,2,Environmental Protection Agency,1,https://www.federalregister.gov/documents/2025/08/11/2025-15183/north-dakota-approval-of-state-coal-combustion-residuals-permit-program-reopening-of-comment-period,96,15.0,4.0,2026-08-24T03:37:09Z
2025-15142,"Special Local Regulation; Galveston Channel, Galveston, TX",2025-08-08,2025-08-18,4,Homeland Security Department,2,https://www.federalregister.gov/documents/2025/08/08/2025-15142/special-local-regulation-galveston-channel-galveston-tx,83,10.0,12.0,2026-08-24T03:37:09Z
2025-15141,Pipeline Safety: Clarifying Recordkeeping Requirements for Testing in MAOP Reconfirmation Regulation,2025-08-08,2025-09-08,2,Transportation Department,2,https://www.federalregister.gov/documents/2025/08/08/2025-15141/pipeline-safety-clarifying-recordkeeping-requirements-for-testing-in-maop-reconfirmation-regulation,56,31.0,1.935483870967742,2026-08-24T03:37:09Z
2025-15100,"Amendment of Class D and Class E Airspace; Burns Flat, OK",2025-08-08,2025-09-22,3,Transportation Department,2,https://www.federalregister.gov/documents/2025/08/08/2025-15100/amendment-of-class-d-and-class-e-airspace-burns-flat-ok,84,45.0,2.0,2026-08-24T03:37:09Z
2025-15095,"Fenoxaprop-Ethyl, Flufenpyr-Ethyl, Imazapyr, Maleic Hydrazide, Pyrazon, Quinclorac, Triflumizole, et al.; Tolerance and Tolerance Exemption Actions",2025-08-08,2025-09-08,4,Environmental Protection Agency,1,https://www.federalregister.gov/documents/2025/08/08/2025-15095/fenoxaprop-ethyl-flufenpyr-ethyl-imazapyr-maleic-hydrazide-pyrazon-quinclorac-triflumizole-et-al,52,31.0,3.870967741935484,2026-08-24T03:37:09Z
2025-15091,Defining Larger Participants of the Consumer Debt Collection Market,2025-08-08,2025-09-22,4,Consumer Financial Protection Bureau,1,https://www.federalregister.gov/documents/2025/08/08/2025-15091/defining-larger-participants-of-the-consumer-debt-collection-market,61,45.0,2.666666666666667,2026-08-24T03:37:09Z
2025-15090,Defining Larger Participants of the International Money Transfer Market,2025-08-08,2025-09-22,4,Consumer Financial Protection Bureau,1,https://www.federalregister.gov/documents/2025/08/08/2025-15090/defining-larger-participants-of-the-international-money-transfer-market,64,45.0,2.666666666666667,2026-08-24T03:37:09Z
2025-15089,Defining Larger Participants of the Automobile Financing Market,2025-08-08,2025-09-22,4,Consumer Financial Protection Bureau,1,https://www.federalregister.gov/documents/2025/08/08/2025-15089/defining-larger-participants-of-the-automobile-financing-market,70,45.0,2.666666666666667,2026-08-24T03:37:09Z
2025-15088,Defining Larger Participants of the Consumer Reporting Market,2025-08-08,2025-09-22,4,Consumer Financial Protection Bureau,1,https://www.federalregister.gov/documents/2025/08/08/2025-15088/defining-larger-participants-of-the-consumer-reporting-market,58,45.0,2.666666666666667,2026-08-24T03:37:09Z
2025-15039,Airworthiness Directives; Lycoming Engines,2025-08-07,2025-09-22,4,Transportation Department,2,https://www.federalregister.gov/documents/2025/08/07/2025-15039/airworthiness-directives-lycoming-engines,146,46.0,2.608695652173913,2026-08-24T03:37:09Z
2025-15009,"Special Conditions: Pratt and Whitney Canada, PW220A; Flat 30-Second and 2-Minute OEI Rating",2025-08-07,2025-09-22,3,Transportation Department,2,https://www.federalregister.gov/documents/2025/08/07/2025-15009/special-conditions-pratt-and-whitney-canada-pw220a-flat-30-second-and-2-minute-oei-rating,110,46.0,1.9565217391304348,2026-08-24T03:37:09Z
2025-14992,Normalizing Unmanned Aircraft Systems Beyond Visual Line of Sight Operations,2025-08-07,2025-10-06,180,Transportation Department,4,https://www.federalregister.gov/documents/2025/08/07/2025-14992/normalizing-unmanned-aircraft-systems-beyond-visual-line-of-sight-operations,132,60.0,90.0,2026-08-24T03:37:09Z
2025-14989,"Air Plan Approval; Ohio; Carmeuse Lime, Inc. SO2",2025-08-07,2025-09-08,3,Environmental Protection Agency,1,https://www.federalregister.gov/documents/2025/08/07/2025-14989/air-plan-approval-ohio-carmeuse-lime-inc-so2,92,32.0,2.8125,2026-08-24T03:37:09Z
2025-14982,Air Plan Approval; Colorado; Inspection and Maintenance Program Revision,2025-08-07,2025-09-08,5,Environmental Protection Agency,1,https://www.federalregister.gov/documents/2025/08/07/2025-14982/air-plan-approval-colorado-inspection-and-maintenance-program-revision,138,32.0,4.6875,2026-08-24T03:37:09Z
2025-14980,Air Plan Approval; State of Kansas; Attainment Redesignation for the 2008 Lead NAAQS and Associated Maintenance Plan,2025-08-07,2025-09-08,8,Environmental Protection Agency,1,https://www.federalregister.gov/documents/2025/08/07/2025-14980/air-plan-approval-state-of-kansas-attainment-redesignation-for-the-2008-lead-naaqs-and-associated,99,32.0,7.5,2026-08-24T03:37:09Z
2025-14967,Requirements for Additional Traceability Records for Certain Foods: Compliance Date Extension,2025-08-07,2025-09-08,5,Health and Human Services Department,2,https://www.federalregister.gov/documents/2025/08/07/2025-14967/requirements-for-additional-traceability-records-for-certain-foods-compliance-date-extension,63,32.0,4.6875,2026-08-24T03:37:09Z
2025-14965,Airworthiness Directives; Rolls-Royce Deutschland Ltd & Co KG Engines,2025-08-07,2025-09-22,3,Transportation Department,2,https://www.federalregister.gov/documents/2025/08/07/2025-14965/airworthiness-directives-rolls-royce-deutschland-ltd-and-co-kg-engines,122,46.0,1.9565217391304348,2026-08-24T03:37:09Z
2025-14960,Fisheries of the Exclusive Economic Zone Off Alaska; Amendment 125 to the Bering Sea and Aleutian Islands Fishery Management Plan; Pacific Cod Small Boat Access,2025-08-06,2025-09-05,8,Commerce Department,2,https://www.federalregister.gov/documents/2025/08/06/2025-14960/fisheries-of-the-exclusive-economic-zone-off-alaska-amendment-125-to-the-bering-sea-and-aleutian,141,30.0,8.0,2026-08-24T03:37:09Z
2025-14949,Food Standards of Identity Modernization; Pasteurized Orange Juice,2025-08-06,2025-11-04,8,Health and Human Services Department,2,https://www.federalregister.gov/documents/2025/08/06/2025-14949/food-standards-of-identity-modernization-pasteurized-orange-juice,88,90.0,2.666666666666667,2026-08-24T03:37:09Z
2025-14932,Airworthiness Directives; Dassault Aviation Airplanes,2025-08-06,2025-09-22,5,Transportation Department,2,https://www.federalregister.gov/documents/2025/08/06/2025-14932/airworthiness-directives-dassault-aviation-airplanes,154,47.0,3.1914893617021276,2026-08-24T03:37:09Z
2025-14910,Notification of Public Meetings and Request for Comment on the Modernization of Pilot Schools,2025-08-06,,2,Transportation Department,2,https://www.federalregister.gov/documents/2025/08/06/2025-14910/notification-of-public-meetings-and-request-for-comment-on-the-modernization-of-pilot-schools,18,,,2026-08-24T03:37:09Z
2025-14908,Notification of Public Meetings and Request for Comment on the Modernization of Pilot Schools,2025-08-06,,2,Transportation Department,2,https://www.federalregister.gov/documents/2025/08/06/2025-14908/notification-of-public-meetings-and-request-for-comment-on-the-modernization-of-pilot-schools,18,,,2026-08-24T03:37:09Z
2025-14900,"Safety Zone, Ohio River, Cincinnati, OH",2025-08-06,2025-09-05,3,Homeland Security Department,2,https://www.federalregister.gov/documents/2025/08/06/2025-14900/safety-zone-ohio-river-cincinnati-oh,97,30.0,3.0,2026-08-24T03:37:09Z
2025-14890,"Airworthiness Directives; CFM International, S.A. Engines",2025-08-06,2025-09-22,3,Transportation Department,2,https://www.federalregister.gov/documents/2025/08/06/2025-14890/airworthiness-directives-cfm-international-sa-engines,150,47.0,1.9148936170212765,2026-08-24T03:37:09Z
2025-14883,Determination of Line of Business for Purposes of No-Additional-Cost Service and Qualified Employee Discount Fringe Benefits,2025-08-06,2025-11-04,6,Treasury Department,2,https://www.federalregister.gov/documents/2025/08/06/2025-14883/determination-of-line-of-business-for-purposes-of-no-additional-cost-service-and-qualified-employee,36,90.0,2.0,2026-08-24T03:37:09Z
2025-14847,Airworthiness Directives; Bell Textron Canada Limited Helicopters,2025-08-05,2025-09-19,3,Transportation Department,2,https://www.federalregister.gov/documents/2025/08/05/2025-14847/airworthiness-directives-bell-textron-canada-limited-helicopters,97,45.0,2.0,2026-08-24T03:37:09Z
2025-14830,"Airworthiness Directives; Bombardier, Inc., Airplanes",2025-08-05,2025-09-19,4,Transportation Department,2,https://www.federalregister.gov/documents/2025/08/05/2025-14830/airworthiness-directives-bombardier-inc-airplanes,79,45.0,2.666666666666667,2026-08-24T03:37:09Z
2025-14809,Endangered and Threatened Wildlife and Plants; Removal of Virginia Sneezeweed From the List of Endangered and Threatened Plants,2025-08-05,2025-10-06,13,Interior Department,2,https://www.federalregister.gov/documents/2025/08/05/2025-14809/endangered-and-threatened-wildlife-and-plants-removal-of-virginia-sneezeweed-from-the-list-of,101,62.0,6.290322580645162,2026-08-24T03:37:09Z
2025-14784,Visas: Enhancing Vetting and Combatting Fraud in the Diversity Immigrant Visa Program,2025-08-05,2025-09-19,9,State Department,1,https://www.federalregister.gov/documents/2025/08/05/2025-14784/visas-enhancing-vetting-and-combatting-fraud-in-the-diversity-immigrant-visa-program,143,45.0,6.0,2026-08-24T03:37:09Z
2025-14722,Montana Regulatory Program,2025-08-04,2025-09-03,3,Interior Department,2,https://www.federalregister.gov/documents/2025/08/04/2025-14722/montana-regulatory-program,146,30.0,3.0,2026-08-24T03:37:09Z
2025-14720,Montana Regulatory Program,2025-08-04,2025-09-03,3,Interior Department,2,https://www.federalregister.gov/documents/2025/08/04/2025-14720/montana-regulatory-program,141,30.0,3.0,2026-08-24T03:37:09Z
2025-14719,Montana Regulatory Program,2025-08-04,2025-09-03,2,Interior Department,2,https://www.federalregister.gov/documents/2025/08/04/2025-14719/montana-regulatory-program,140,30.0,2.0,2026-08-24T03:37:09Z
2025-14718,Montana Regulatory Program,2025-08-04,2025-09-03,3,Interior Department,2,https://www.federalregister.gov/documents/2025/08/04/2025-14718/montana-regulatory-program,113,30.0,3.0,2026-08-24T03:37:09Z
2025-14689,"Security Zones; Tampa Bay: Big Bend, Boca Grande, Crystal River, East Bay, Hillsborough Bay, MacDill Air Force Base, Manbirtee Key, Old Port Tampa, Port Manatee, Port Tampa, Port St. Petersburg, Port Sutton and Weedon Island, FL",2025-08-04,2025-09-03,4,Homeland Security Department,2,https://www.federalregister.gov/documents/2025/08/04/2025-14689/security-zones-tampa-bay-big-bend-boca-grande-crystal-river-east-bay-hillsborough-bay-macdill-air,64,30.0,4.0,2026-08-24T03:37:09Z
2025-14688,"Anchorage Ground; Neches River, Port Arthur, TX",2025-08-04,2025-09-03,4,Homeland Security Department,2,https://www.federalregister.gov/documents/2025/08/04/2025-14688/anchorage-ground-neches-river-port-arthur-tx,59,30.0,4.0,2026-08-24T03:37:09Z
2025-14687,Reproductive Health Services,2025-08-04,2025-09-03,3,Veterans Affairs Department,1,https://www.federalregister.gov/documents/2025/08/04/2025-14687/reproductive-health-services,99,30.0,3.0,2026-08-24T03:37:09Z
2025-14675,"Modification and Revocation of Class E Airspace; Hawaiian Island, HI",2025-08-04,2025-09-18,3,Transportation Department,2,https://www.federalregister.gov/documents/2025/08/04/2025-14675/modification-and-revocation-of-class-e-airspace-hawaiian-island-hi,170,45.0,2.0,2026-08-24T03:37:09Z
2025-14572,Reconsideration of 2009 Endangerment Finding and Greenhouse Gas Vehicle Standards,2025-08-01,2025-09-15,78,Environmental Protection Agency,1,https://www.federalregister.gov/documents/2025/08/01/2025-14572/reconsideration-of-2009-endangerment-finding-and-greenhouse-gas-vehicle-standards,170,45.0,52.0,2026-08-24T03:37:09Z
2025-14555,Public Hearing for Reconsideration of 2009 Endangerment Finding and Greenhouse Gas Vehicle Standards,2025-08-01,,2,Environmental Protection Agency,1,https://www.federalregister.gov/documents/2025/08/01/2025-14555/public-hearing-for-reconsideration-of-2009-endangerment-finding-and-greenhouse-gas-vehicle-standards,91,,,2026-08-24T03:37:09Z
2025-14528,Air Plan Approval; California; South Coast Air Quality Management District,2025-07-31,2025-09-02,3,Environmental Protection Agency,1,https://www.federalregister.gov/documents/2025/07/31/2025-14528/air-plan-approval-california-south-coast-air-quality-management-district,76,33.0,2.7272727272727275,2026-08-24T03:37:09Z
2025-14488,Establishment of Helena Very High Frequency Omnidirectional Range/Tactical Air Navigation (VORTAC) as a Domestic Low Altitude Reporting Point in the State of Montana,2025-07-31,2025-09-15,2,Transportation Department,2,https://www.federalregister.gov/documents/2025/07/31/2025-14488/establishment-of-helena-very-high-frequency-omnidirectional-rangetactical-air-navigation-vortac-as-a,28,46.0,1.3043478260869565,2026-08-24T03:37:09Z
2025-14487,Waiver or Recovery of Overpayments,2025-07-31,2025-09-29,4,Veterans Affairs Department,1,https://www.federalregister.gov/documents/2025/07/31/2025-14487/waiver-or-recovery-of-overpayments,81,60.0,2.0,2026-08-24T03:37:09Z
2025-14476,Air Plan Approval; South Carolina; Second Planning Period Regional Haze Plan,2025-07-31,2025-09-29,19,Environmental Protection Agency,1,https://www.federalregister.gov/documents/2025/07/31/2025-14476/air-plan-approval-south-carolina-second-planning-period-regional-haze-plan,134,60.0,9.5,2026-08-24T03:37:09Z
2025-14470,Air Plan Approval; New Jersey; Northern New Jersey and Southern New Jersey Counties' Second 10-Year Limited Maintenance Plan for the 2006 24-Hour PM2.5 Standard,2025-07-31,2025-09-02,8,Environmental Protection Agency,1,https://www.federalregister.gov/documents/2025/07/31/2025-14470/air-plan-approval-new-jersey-northern-new-jersey-and-southern-new-jersey-counties-second-10-year,187,33.0,7.272727272727273,2026-08-24T03:37:09Z
2025-14394,"Security Zone; Base San Juan, San Juan, PR",2025-07-30,2025-08-29,3,Homeland Security Department,2,https://www.federalregister.gov/documents/2025/07/30/2025-14394/security-zone-base-san-juan-san-juan-pr,91,30.0,3.0,2026-08-24T03:37:09Z
2025-14342,Takes of Marine Mammals Incidental to Specified Activities; Taking Marine Mammals Incidental to Alaska LNG Project in Cook Inlet,2025-07-29,2025-08-28,53,Commerce Department,2,https://www.federalregister.gov/documents/2025/07/29/2025-14342/takes-of-marine-mammals-incidental-to-specified-activities-taking-marine-mammals-incidental-to,132,30.0,53.0,2026-08-24T03:37:09Z
2025-14339,Spoonbill Foundation; Filing of Food Additive Petition,2025-07-29,,1,Health and Human Services Department,2,https://www.federalregister.gov/documents/2025/07/29/2025-14339/spoonbill-foundation-filing-of-food-additive-petition,46,,,2026-08-24T03:37:09Z
2025-14335,APIX Biosciences US LLC; Filing of Food Additive Petition (Animal Use),2025-07-29,,1,Health and Human Services Department,2,https://www.federalregister.gov/documents/2025/07/29/2025-14335/apix-biosciences-us-llc-filing-of-food-additive-petition-animal-use,61,,,2026-08-24T03:37:09Z
2025-14333,Intent To Establish Negotiated Rulemaking Committees; Correction,2025-07-29,,1,Education Department,1,https://www.federalregister.gov/documents/2025/07/29/2025-14333/intent-to-establish-negotiated-rulemaking-committees-correction,235,,,2026-08-24T03:37:09Z
2025-14293,"List of Approved Spent Fuel Storage Casks: TN Americas LLC, NUHOMS® EOS Dry Spent Fuel Storage System, Certificate of Compliance No. 1042, Amendment No. 4",2025-07-29,2025-08-28,3,Nuclear Regulatory Commission,1,https://www.federalregister.gov/documents/2025/07/29/2025-14293/list-of-approved-spent-fuel-storage-casks-tn-americas-llc-nuhoms-eos-dry-spent-fuel-storage-system,145,30.0,3.0,2026-08-24T03:37:09Z
2025-14287,Airworthiness Directives; General Electric Company Engines,2025-07-29,2025-09-12,4,Transportation Department,2,https://www.federalregister.gov/documents/2025/07/29/2025-14287/airworthiness-directives-general-electric-company-engines,91,45.0,2.666666666666667,2026-08-24T03:37:09Z
2025-14281,Pooled Employer Plans: Big Plans for Small Businesses,2025-07-29,2025-09-29,7,Labor Department,2,https://www.federalregister.gov/documents/2025/07/29/2025-14281/pooled-employer-plans-big-plans-for-small-businesses,126,62.0,3.3870967741935485,2026-08-24T03:37:09Z
2025-14244,Airworthiness Directives; Airbus SAS Airplanes,2025-07-28,2025-09-11,3,Transportation Department,2,https://www.federalregister.gov/documents/2025/07/28/2025-14244/airworthiness-directives-airbus-sas-airplanes,78,45.0,2.0,2026-08-24T03:37:09Z
2025-14237,Airworthiness Directives; The Boeing Company Airplanes,2025-07-28,2025-09-11,3,Transportation Department,2,https://www.federalregister.gov/documents/2025/07/28/2025-14237/airworthiness-directives-the-boeing-company-airplanes,98,45.0,2.0,2026-08-24T03:37:09Z
2025-14215,Licensing Safety Analysis for Loss-of-Coolant Accidents,2025-07-28,,5,Nuclear Regulatory Commission,1,https://www.federalregister.gov/documents/2025/07/28/2025-14215/licensing-safety-analysis-for-loss-of-coolant-accidents,87,,,2026-08-24T03:37:09Z
2025-14183,"Fair Lending, Fair Housing, and Equitable Housing Finance Plans",2025-07-28,2025-09-26,9,Federal Housing Finance Agency,1,https://www.federalregister.gov/documents/2025/07/28/2025-14183/fair-lending-fair-housing-and-equitable-housing-finance-plans,30,60.0,4.5,2026-08-24T03:37:09Z
2025-14146,Voluntary Adoption of Revised Design Basis Accident Dose Criteria,2025-07-28,,5,Nuclear Regulatory Commission,1,https://www.federalregister.gov/documents/2025/07/28/2025-14146/voluntary-adoption-of-revised-design-basis-accident-dose-criteria,125,,,2026-08-24T03:37:09Z
2025-14138,Privacy Act of 1974; Implementation,2025-07-28,2025-09-26,3,Defense Department,2,https://www.federalregister.gov/documents/2025/07/28/2025-14138/privacy-act-of-1974-implementation,69,60.0,1.5,2026-08-24T03:37:09Z
2025-14132,Adjusting and Indexing Certain Regulatory Thresholds,2025-07-28,2025-09-26,27,Federal Deposit Insurance Corporation,1,https://www.federalregister.gov/documents/2025/07/28/2025-14132/adjusting-and-indexing-certain-regulatory-thresholds,125,60.0,13.5,2026-08-24T03:37:09Z
2025-14105,Air Plan Approval; Rhode Island; Amendments to Motor Vehicle Inspection and Maintenance Program,2025-07-28,2025-08-27,3,Environmental Protection Agency,1,https://www.federalregister.gov/documents/2025/07/28/2025-14105/air-plan-approval-rhode-island-amendments-to-motor-vehicle-inspection-and-maintenance-program,188,30.0,3.0,2026-08-24T03:37:09Z
2025-14060,Regulatory Publication and Review Under the Economic Growth and Regulatory Paperwork Reduction Act of 1996,2025-07-25,2025-10-23,11,Treasury Department,4,https://www.federalregister.gov/documents/2025/07/25/2025-14060/regulatory-publication-and-review-under-the-economic-growth-and-regulatory-paperwork-reduction-act,100,90.0,3.6666666666666665,2026-08-24T03:37:09Z
2025-14022,"Schedules of Controlled Substances: Placement of Clonazolam, Diclazepam, Etizolam, Flualprazolam, and Flubromazolam in Schedule I of the Controlled Substances Act",2025-07-25,2025-08-25,9,Justice Department,2,https://www.federalregister.gov/documents/2025/07/25/2025-14022/schedules-of-controlled-substances-placement-of-clonazolam-diclazepam-etizolam-flualprazolam-and,155,31.0,8.70967741935484,2026-08-24T03:37:09Z
2025-14001,"Amendment of Class D Airspace and Establishment of Class E2 Airspace Over Hampton Roads, VA",2025-07-25,2025-09-08,3,Transportation Department,2,https://www.federalregister.gov/documents/2025/07/25/2025-14001/amendment-of-class-d-airspace-and-establishment-of-class-e2-airspace-over-hampton-roads-va,68,45.0,2.0,2026-08-24T03:37:09Z
2025-13998,Public Hearing; Negotiated Rulemaking Committees,2025-07-25,2025-08-25,4,Education Department,1,https://www.federalregister.gov/documents/2025/07/25/2025-13998/public-hearing-negotiated-rulemaking-committees,221,31.0,3.870967741935484,2026-08-24T03:37:09Z
2025-13973,"Takes of Marine Mammals Incidental to Specified Activities; Taking Marine Mammals Incidental to Hilcorp Alaska, LLC Oil and Gas Activities in Cook Inlet, Alaska",2025-07-24,2025-08-25,58,Commerce Department,2,https://www.federalregister.gov/documents/2025/07/24/2025-13973/takes-of-marine-mammals-incidental-to-specified-activities-taking-marine-mammals-incidental-to,100,32.0,54.375,2026-08-24T03:37:09Z
2025-13957,Air Plan Approval; Washington; Regional Haze State Implementation Plan for the Second Implementation Period,2025-07-24,2025-08-25,21,Environmental Protection Agency,1,https://www.federalregister.gov/documents/2025/07/24/2025-13957/air-plan-approval-washington-regional-haze-state-implementation-plan-for-the-second-implementation,59,32.0,19.6875,2026-08-24T03:37:09Z
2025-13950,Establishment of United States Area Navigation (RNAV) Route Q-151 and Revocation of Jet Route J-517 in the Northern United States,2025-07-24,2025-09-08,2,Transportation Department,2,https://www.federalregister.gov/documents/2025/07/24/2025-13950/establishment-of-united-states-area-navigation-rnav-route-q-151-and-revocation-of-jet-route-j-517-in,40,46.0,1.3043478260869565,2026-08-24T03:37:09Z
2025-13946,Air Plan Approval; Pennsylvania; Redesignation of the Beaver County Nonattainment Area to Attainment and Approval of the Area's Maintenance Plan for the 2010 1-Hour Primary Sulfur Dioxide National Ambient Air Quality Standard,2025-07-24,2025-08-25,8,Environmental Protection Agency,1,https://www.federalregister.gov/documents/2025/07/24/2025-13946/air-plan-approval-pennsylvania-redesignation-of-the-beaver-county-nonattainment-area-to-attainment,103,32.0,7.5,2026-08-24T03:37:09Z
2025-13937,Air Plan Approval; New York; Ortho Clinical Diagnostics,2025-07-24,2025-09-08,4,Environmental Protection Agency,1,https://www.federalregister.gov/documents/2025/07/24/2025-13937/air-plan-approval-new-york-ortho-clinical-diagnostics,144,46.0,2.608695652173913,2026-08-24T03:37:09Z
2025-13930,Air Plan Approval; Texas; Reasonably Available Control Technology in the Dallas-Fort Worth Ozone Nonattainment Area,2025-07-24,2025-08-25,3,Environmental Protection Agency,1,https://www.federalregister.gov/documents/2025/07/24/2025-13930/air-plan-approval-texas-reasonably-available-control-technology-in-the-dallas-fort-worth-ozone,148,32.0,2.8125,2026-08-24T03:37:09Z
2025-13928,Federal Motor Vehicle Safety Standards; Federal Motor Carrier Safety Regulations; Parts and Accessories Necessary for Safe Operation; Speed Limiting Devices; Withdrawal,2025-07-24,,5,Transportation Department,3,https://www.federalregister.gov/documents/2025/07/24/2025-13928/federal-motor-vehicle-safety-standards-federal-motor-carrier-safety-regulations-parts-and,190,,,2026-08-24T03:37:09Z
2025-13920,Airworthiness Directives; The Boeing Company Airplanes,2025-07-24,2025-09-08,4,Transportation Department,2,https://www.federalregister.gov/documents/2025/07/24/2025-13920/airworthiness-directives-the-boeing-company-airplanes,104,46.0,2.608695652173913,2026-08-24T03:37:09Z
2025-13906,Air Plan Revisions; California; Mojave Desert Air Quality Management District; New Source Review; Stationary Source Permits,2025-07-24,2025-08-25,6,Environmental Protection Agency,1,https://www.federalregister.gov/documents/2025/07/24/2025-13906/air-plan-revisions-california-mojave-desert-air-quality-management-district-new-source-review,131,32.0,5.625,2026-08-24T03:37:09Z
2025-13904,Air Plan Approval; Texas; Reasonably Available Control Technology in the Houston-Galveston-Brazoria Ozone Nonattainment Area,2025-07-24,2025-08-25,3,Environmental Protection Agency,1,https://www.federalregister.gov/documents/2025/07/24/2025-13904/air-plan-approval-texas-reasonably-available-control-technology-in-the-houston-galveston-brazoria,179,32.0,2.8125,2026-08-24T03:37:09Z
2025-13882,"Drawbridge Operation Regulation; Atlantic Intracoastal Waterway, Fort Lauderdale, FL",2025-07-24,2025-08-25,4,Homeland Security Department,2,https://www.federalregister.gov/documents/2025/07/24/2025-13882/drawbridge-operation-regulation-atlantic-intracoastal-waterway-fort-lauderdale-fl,66,32.0,3.75,2026-08-24T03:37:09Z
2025-13865,Airworthiness Directives; The Boeing Company Airplanes,2025-07-23,2025-09-08,4,Transportation Department,2,https://www.federalregister.gov/documents/2025/07/23/2025-13865/airworthiness-directives-the-boeing-company-airplanes,115,47.0,2.5531914893617023,2026-08-24T03:37:09Z
2025-13817,Alternative Method for Calculating Embrittlement for Steel Reactor Vessels,2025-07-23,,4,Nuclear Regulatory Commission,1,https://www.federalregister.gov/documents/2025/07/23/2025-13817/alternative-method-for-calculating-embrittlement-for-steel-reactor-vessels,125,,,2026-08-24T03:37:09Z
2025-13765,"Application for Relief From Disabilities Imposed by Federal Laws With Respect to the Acquisition, Receipt, Transfer, Shipment, Transportation, or Possession of Firearms",2025-07-22,2025-10-20,12,Justice Department,1,https://www.federalregister.gov/documents/2025/07/22/2025-13765/application-for-relief-from-disabilities-imposed-by-federal-laws-with-respect-to-the-acquisition,98,90.0,4.0,2026-08-24T03:37:09Z
2025-13751,Expansion of VA Process for 72-Hour Notification of Emergency Treatment,2025-07-22,2025-09-22,3,Veterans Affairs Department,1,https://www.federalregister.gov/documents/2025/07/22/2025-13751/expansion-of-va-process-for-72-hour-notification-of-emergency-treatment,37,62.0,1.4516129032258065,2026-08-24T03:37:09Z
2025-13750,Ventilation Plan Approval Criteria,2025-07-22,2025-09-02,2,Labor Department,2,https://www.federalregister.gov/documents/2025/07/22/2025-13750/ventilation-plan-approval-criteria,67,42.0,1.4285714285714284,2026-08-24T03:37:09Z
2025-13749,Training and Retraining of Miners,2025-07-22,2025-09-02,1,Labor Department,2,https://www.federalregister.gov/documents/2025/07/22/2025-13749/training-and-retraining-of-miners,64,42.0,0.7142857142857142,2026-08-24T03:37:09Z
2025-13748,Roof Control Plan Approval Criteria,2025-07-22,2025-09-02,1,Labor Department,2,https://www.federalregister.gov/documents/2025/07/22/2025-13748/roof-control-plan-approval-criteria,68,42.0,0.7142857142857142,2026-08-24T03:37:09Z
2025-13747,Electronic Surveying Equipment in Underground Coal Mines,2025-07-22,2025-09-02,1,Labor Department,2,https://www.federalregister.gov/documents/2025/07/22/2025-13747/electronic-surveying-equipment-in-underground-coal-mines,84,42.0,0.7142857142857142,2026-08-24T03:37:09Z
2025-13746,Powered Air Purifying Respirators (PAPRs) in Underground Mines,2025-07-22,2025-09-02,2,Labor Department,2,https://www.federalregister.gov/documents/2025/07/22/2025-13746/powered-air-purifying-respirators-paprs-in-underground-mines,77,42.0,1.4285714285714284,2026-08-24T03:37:09Z
2025-13743,Airworthiness Directives; Airbus Helicopters,2025-07-22,2025-09-05,3,Transportation Department,2,https://www.federalregister.gov/documents/2025/07/22/2025-13743/airworthiness-directives-airbus-helicopters,99,45.0,2.0,2026-08-24T03:37:09Z
2025-13742,Airworthiness Directives; Schempp-Hirth Flugzeugbau GmbH Gliders,2025-07-22,2025-09-05,4,Transportation Department,2,https://www.federalregister.gov/documents/2025/07/22/2025-13742/airworthiness-directives-schempp-hirth-flugzeugbau-gmbh-gliders,91,45.0,2.666666666666667,2026-08-24T03:37:09Z
2025-13714,Airworthiness Directives; The Boeing Company Airplanes,2025-07-22,2025-09-05,4,Transportation Department,2,https://www.federalregister.gov/documents/2025/07/22/2025-13714/airworthiness-directives-the-boeing-company-airplanes,106,45.0,2.666666666666667,2026-08-24T03:37:09Z
2025-13697,Hazardous and Solid Waste Management System: Disposal of Coal Combustion Residuals From Electric Utilities; CCR Management Unit Deadline Extension Rule,2025-07-22,2025-08-21,3,Environmental Protection Agency,1,https://www.federalregister.gov/documents/2025/07/22/2025-13697/hazardous-and-solid-waste-management-system-disposal-of-coal-combustion-residuals-from-electric,145,30.0,3.0,2026-08-24T03:37:09Z
2025-13675,Special Local Regulations; Recurring Marine Events; Sector St. Petersburg,2025-07-21,2025-08-20,4,Homeland Security Department,2,https://www.federalregister.gov/documents/2025/07/21/2025-13675/special-local-regulations-recurring-marine-events-sector-st-petersburg,79,30.0,4.0,2026-08-24T03:37:09Z
2025-13650,Proposed Priority and Definitions-Secretary's Supplemental Priority and Definitions on Advancing Artificial Intelligence in Education,2025-07-21,2025-08-20,4,Education Department,1,https://www.federalregister.gov/documents/2025/07/21/2025-13650/proposed-priority-and-definitions-secretarys-supplemental-priority-and-definitions-on-advancing,89,30.0,4.0,2026-08-24T03:37:09Z
2025-13614,Federal Acquisition Regulation: Ending Procurement and Forced Use of Paper Straws,2025-07-21,2025-09-19,4,Management and Budget Office,5,https://www.federalregister.gov/documents/2025/07/21/2025-13614/federal-acquisition-regulation-ending-procurement-and-forced-use-of-paper-straws,50,60.0,2.0,2026-08-24T03:37:09Z
2025-13606,Public Protective Actions During a General Emergency,2025-07-21,,8,Nuclear Regulatory Commission,1,https://www.federalregister.gov/documents/2025/07/21/2025-13606/public-protective-actions-during-a-general-emergency,52,,,2026-08-24T03:37:09Z
2025-13598,Prevention of Significant Deterioration (PSD) and Nonattainment New Source Review (NNSR): Regulations Related To Project Emissions Accounting; Withdrawal of Proposed Rule,2025-07-21,,3,Environmental Protection Agency,1,https://www.federalregister.gov/documents/2025/07/21/2025-13598/prevention-of-significant-deterioration-psd-and-nonattainment-new-source-review-nnsr-regulations,98,,,2026-08-24T03:37:09Z
2025-13581,Privacy Act of 1974; Implementation,2025-07-21,2025-09-19,4,Defense Department,2,https://www.federalregister.gov/documents/2025/07/21/2025-13581/privacy-act-of-1974-implementation,71,60.0,2.0,2026-08-24T03:37:09Z
2025-13568,Establishment and Relocation of Branches and Offices,2025-07-18,2025-09-16,13,Federal Deposit Insurance Corporation,1,https://www.federalregister.gov/documents/2025/07/18/2025-13568/establishment-and-relocation-of-branches-and-offices,72,60.0,6.5,2026-08-24T03:37:09Z
2025-13559,Community Reinvestment Act Regulations,2025-07-18,2025-08-18,54,Treasury Department,4,https://www.federalregister.gov/documents/2025/07/18/2025-13559/community-reinvestment-act-regulations,110,31.0,52.25806451612903,2026-08-24T03:37:09Z
2025-13521,Defense Federal Acquisition Regulation Supplement: Public Access to Results of Federally Funded Research (DFARS Case 2020-D028),2025-07-18,,2,Defense Department,2,https://www.federalregister.gov/documents/2025/07/18/2025-13521/defense-federal-acquisition-regulation-supplement-public-access-to-results-of-federally-funded,74,,,2026-08-24T03:37:09Z
2025-13520,Defense Federal Acquisition Regulation Supplement: 8(a) Program (DFARS Case 2024-D025),2025-07-18,,1,Defense Department,2,https://www.federalregister.gov/documents/2025/07/18/2025-13520/defense-federal-acquisition-regulation-supplement-8a-program-dfars-case-2024-d025,36,,,2026-08-24T03:37:09Z
2025-13504,Parent Companies of Industrial Banks and Industrial Loan Companies; Withdrawal of Proposed Rule,2025-07-18,,2,Federal Deposit Insurance Corporation,1,https://www.federalregister.gov/documents/2025/07/18/2025-13504/parent-companies-of-industrial-banks-and-industrial-loan-companies-withdrawal-of-proposed-rule,43,,,2026-08-24T03:37:09Z
2025-13463,"Television Broadcasting Services Jacksonville, Oregon",2025-07-18,2025-08-18,1,Federal Communications Commission,1,https://www.federalregister.gov/documents/2025/07/18/2025-13463/television-broadcasting-services-jacksonville-oregon,114,31.0,0.967741935483871,2026-08-24T03:37:09Z
2025-13424,Proposal To Revoke 18 Standards of Identity for Dairy Products,2025-07-17,2025-09-15,6,Health and Human Services Department,2,https://www.federalregister.gov/documents/2025/07/17/2025-13424/proposal-to-revoke-18-standards-of-identity-for-dairy-products,54,60.0,3.0,2026-08-24T03:37:09Z
2025-13423,Revocation of Food Standards for 11 Products Not Currently Sold,2025-07-17,2025-08-18,4,Health and Human Services Department,2,https://www.federalregister.gov/documents/2025/07/17/2025-13423/revocation-of-food-standards-for-11-products-not-currently-sold,66,32.0,3.75,2026-08-24T03:37:09Z
2025-13420,Proposal To Revoke 23 Standards of Identity for Foods,2025-07-17,2025-09-15,8,Health and Human Services Department,2,https://www.federalregister.gov/documents/2025/07/17/2025-13420/proposal-to-revoke-23-standards-of-identity-for-foods,53,60.0,4.0,2026-08-24T03:37:09Z
2025-13385,Mental Health Service Professional Demonstration Grant Program,2025-07-17,2025-08-18,5,Education Department,1,https://www.federalregister.gov/documents/2025/07/17/2025-13385/mental-health-service-professional-demonstration-grant-program,139,32.0,4.6875,2026-08-24T03:37:09Z
2025-13384,School-Based Mental Health Services Grant Program,2025-07-17,2025-08-18,5,Education Department,1,https://www.federalregister.gov/documents/2025/07/17/2025-13384/school-based-mental-health-services-grant-program,148,32.0,4.6875,2026-08-24T03:37:09Z
2025-13360,Medicare and Medicaid Programs: Hospital Outpatient Prospective Payment and Ambulatory Surgical Center Payment Systems; Quality Reporting Programs; Overall Hospital Quality Star Ratings; and Hospital Price Transparency,2025-07-17,2025-09-15,390,Health and Human Services Department,3,https://www.federalregister.gov/documents/2025/07/17/2025-13360/medicare-and-medicaid-programs-hospital-outpatient-prospective-payment-and-ambulatory-surgical,184,60.0,195.0,2026-08-24T03:37:09Z
2025-13343,"Air Plan Approval; Ohio; Second Maintenance Plan for the Ohio Portion of the Campbell-Clermont, KY-OH SO2 Maintenance Area",2025-07-16,2025-08-15,1,Environmental Protection Agency,1,https://www.federalregister.gov/documents/2025/07/16/2025-13343/air-plan-approval-ohio-second-maintenance-plan-for-the-ohio-portion-of-the-campbell-clermont-ky-oh,119,30.0,1.0,2026-08-24T03:37:09Z
2025-13342,Air Plan Partial Approval and Partial Disapproval; Colorado; Regional Haze Plan for the Second Implementation Period,2025-07-16,2025-09-15,20,Environmental Protection Agency,1,https://www.federalregister.gov/documents/2025/07/16/2025-13342/air-plan-partial-approval-and-partial-disapproval-colorado-regional-haze-plan-for-the-second,168,61.0,9.83606557377049,2026-08-24T03:37:09Z
2025-13341,Air Quality State Implementation Plans; Approval and Promulgations: Montana: Infrastructure Requirements for the 2015 Ozone National Ambient Air Quality Standards,2025-07-16,2025-08-15,8,Environmental Protection Agency,1,https://www.federalregister.gov/documents/2025/07/16/2025-13341/air-quality-state-implementation-plans-approval-and-promulgations-montana-infrastructure,102,30.0,8.0,2026-08-24T03:37:09Z
2025-13339,"Determination of Attainment by the Attainment Date and Clean Data Determination; California, San Joaquin Valley 1997 Annual PM2.5 Fine Particulate Matter Nonattainment Area",2025-07-16,2025-08-15,6,Environmental Protection Agency,1,https://www.federalregister.gov/documents/2025/07/16/2025-13339/determination-of-attainment-by-the-attainment-date-and-clean-data-determination-california-san,102,30.0,6.0,2026-08-24T03:37:09Z
2025-13337,Air Plan Approval; State of Utah; Utah PM2.5 State Implementation Plan Revisions,2025-07-16,2025-08-15,6,Environmental Protection Agency,1,https://www.federalregister.gov/documents/2025/07/16/2025-13337/air-plan-approval-state-of-utah-utah-pm25-state-implementation-plan-revisions,111,30.0,6.0,2026-08-24T03:37:09Z
2025-13335,Air Plan Approval; Guam; Base Year Emissions Inventory for the 2010 1-Hour Sulfur Dioxide National Ambient Air Quality Standard for the Piti-Cabras Nonattainment Area,2025-07-16,2025-08-15,1,Environmental Protection Agency,1,https://www.federalregister.gov/documents/2025/07/16/2025-13335/air-plan-approval-guam-base-year-emissions-inventory-for-the-2010-1-hour-sulfur-dioxide-national,97,30.0,1.0,2026-08-24T03:37:09Z
2025-13327,Air Plan Approval; Minnesota; Exempt Source SIP Revision,2025-07-16,2025-08-15,6,Environmental Protection Agency,1,https://www.federalregister.gov/documents/2025/07/16/2025-13327/air-plan-approval-minnesota-exempt-source-sip-revision,83,30.0,6.0,2026-08-24T03:37:09Z
2025-13325,Air Plan Approval; Indiana; Regional Haze Plan for the Second Implementation Period; Extension of Comment Period,2025-07-16,2025-08-18,2,Environmental Protection Agency,1,https://www.federalregister.gov/documents/2025/07/16/2025-13325/air-plan-approval-indiana-regional-haze-plan-for-the-second-implementation-period-extension-of,52,33.0,1.8181818181818183,2026-08-24T03:37:09Z
2025-13324,Air Plan Approval; Connecticut; State Implementation Plan Revisions Required as a Result of a Definition Change Due to the Ozone Reclassification,2025-07-16,2025-08-15,3,Environmental Protection Agency,1,https://www.federalregister.gov/documents/2025/07/16/2025-13324/air-plan-approval-connecticut-state-implementation-plan-revisions-required-as-a-result-of-a,87,30.0,3.0,2026-08-24T03:37:09Z
2025-13308,"Promoting the Integrity and Security of Telecommunications Certification Bodies, Measurement Facilities, and the Equipment Authorization Program",2025-07-16,2025-08-15,7,Federal Communications Commission,1,https://www.federalregister.gov/documents/2025/07/16/2025-13308/promoting-the-integrity-and-security-of-telecommunications-certification-bodies-measurement,125,30.0,7.0,2026-08-24T03:37:09Z
2025-13307,Facilitating Implementation of Next Generation 911 Services (NG911); Improving 911 Reliability,2025-07-16,2025-08-04,1,Federal Communications Commission,1,https://www.federalregister.gov/documents/2025/07/16/2025-13307/facilitating-implementation-of-next-generation-911-services-ng911-improving-911-reliability,49,19.0,1.5789473684210527,2026-08-24T03:37:09Z
2025-13271,Medicare and Medicaid Programs; CY 2026 Payment Policies Under the Physician Fee Schedule and Other Changes to Part B Payment and Coverage Policies; Medicare Shared Savings Program Requirements; and Medicare Prescription Drug Inflation Rebate Program,2025-07-16,2025-09-12,910,Health and Human Services Department,2,https://www.federalregister.gov/documents/2025/07/16/2025-13271/medicare-and-medicaid-programs-cy-2026-payment-policies-under-the-physician-fee-schedule-and-other,135,58.0,470.68965517241384,2026-08-24T03:37:09Z
2025-13258,Takes of Marine Mammals Incidental to Specified Activities; Taking Marine Mammals Incidental to Military Readiness Activities in the Hawaii-California Training and Testing Study Area,2025-07-16,2025-08-15,232,Commerce Department,2,https://www.federalregister.gov/documents/2025/07/16/2025-13258/takes-of-marine-mammals-incidental-to-specified-activities-taking-marine-mammals-incidental-to,196,30.0,232.0,2026-08-24T03:37:09Z
2025-11539,Endangered and Threatened Wildlife and Plants; Endangered Species Status for the Blue Tree Monitor,2025-07-16,2025-08-15,3,Interior Department,2,https://www.federalregister.gov/documents/2025/07/16/2025-11539/endangered-and-threatened-wildlife-and-plants-endangered-species-status-for-the-blue-tree-monitor,89,30.0,3.0,2026-08-24T03:37:09Z
2025-13205,Attorney Fees and Personnel Action Coverage Under the Back Pay Act,2025-07-15,,2,Personnel Management Office,1,https://www.federalregister.gov/documents/2025/07/15/2025-13205/attorney-fees-and-personnel-action-coverage-under-the-back-pay-act,59,,,2026-08-24T03:37:09Z
2025-13204,Bar to Appointment of Persons Who Fail To Register Under Selective Service Law,2025-07-15,,1,Personnel Management Office,1,https://www.federalregister.gov/documents/2025/07/15/2025-13204/bar-to-appointment-of-persons-who-fail-to-register-under-selective-service-law,43,,,2026-08-24T03:37:09Z
2025-13170,Wireless Telecommunications Bureau Designates for Hearing Dispute Regarding C-Band Reimbursement Claims,2025-07-15,,3,Federal Communications Commission,1,https://www.federalregister.gov/documents/2025/07/15/2025-13170/wireless-telecommunications-bureau-designates-for-hearing-dispute-regarding-c-band-reimbursement,123,,,2026-08-24T03:37:09Z
2025-13160,Periodic Reporting,2025-07-14,2025-08-01,2,Postal Regulatory Commission,1,https://www.federalregister.gov/documents/2025/07/14/2025-13160/periodic-reporting,42,18.0,3.333333333333333,2026-08-24T03:37:09Z
C2-2025-12347,"Medicare and Medicaid Programs; Calendar Year 2026 Home Health Prospective Payment System (HH PPS) Rate Update; Requirements for the HH Quality Reporting Program and the HH Value-Based Purchasing Expanded Model; Durable Medical Equipment, Prosthetics, Orthotics, and Supplies (DMEPOS) Competitive Bidding Program Updates; DMEPOS Accreditation Requirements; Provider Enrollment; and Other Medicare and Medicaid Policies",2025-07-11,,1,Health and Human Services Department,2,https://www.federalregister.gov/documents/2025/07/11/C2-2025-12347/medicare-and-medicaid-programs-calendar-year-2026-home-health-prospective-payment-system-hh-pps-rate,0,,,2026-08-24T03:37:09Z
2025-13007,Airworthiness Directives; Goodrich Cabin Attendant Seats,2025-07-11,2025-08-25,3,Transportation Department,2,https://www.federalregister.gov/documents/2025/07/11/2025-13007/airworthiness-directives-goodrich-cabin-attendant-seats,92,45.0,2.0,2026-08-24T03:37:09Z
2025-12998,Endangered and Threatened Wildlife; 90-Day Finding on a Petition To Revise the Critical Habitat Designation for Southern California Steelhead,2025-07-11,,3,Commerce Department,2,https://www.federalregister.gov/documents/2025/07/11/2025-12998/endangered-and-threatened-wildlife-90-day-finding-on-a-petition-to-revise-the-critical-habitat,126,,,2026-08-24T03:37:09Z
2025-12912,"Amendment of Class E4 Airspace Over Elmira, NY",2025-07-11,2025-08-25,3,Transportation Department,2,https://www.federalregister.gov/documents/2025/07/11/2025-12912/amendment-of-class-e4-airspace-over-elmira-ny,33,45.0,2.0,2026-08-24T03:37:09Z
2025-12867,Air Plan Approval; California; Mojave Desert Air Quality Management District; Definition of Terms,2025-07-10,2025-08-11,3,Environmental Protection Agency,1,https://www.federalregister.gov/documents/2025/07/10/2025-12867/air-plan-approval-california-mojave-desert-air-quality-management-district-definition-of-terms,107,32.0,2.8125,2026-08-24T03:37:09Z
2025-12866,"Approval and Promulgation of State Air Quality Plans for Designated Facilities and Pollutants; Oklahoma; Control of Emissions From Existing Other Solid Waste Incineration Units, Hospital/Medical/Infectious Waste Incinerator Units, and Commercial and Industrial Solid Waste Incineration Units",2025-07-10,2025-08-11,5,Environmental Protection Agency,1,https://www.federalregister.gov/documents/2025/07/10/2025-12866/approval-and-promulgation-of-state-air-quality-plans-for-designated-facilities-and-pollutants,155,32.0,4.6875,2026-08-24T03:37:09Z
2025-12856,Finding of Failure To Attain the 1997 8-Hour Ozone Standards; California; San Joaquin Valley,2025-07-10,2025-08-11,5,Environmental Protection Agency,1,https://www.federalregister.gov/documents/2025/07/10/2025-12856/finding-of-failure-to-attain-the-1997-8-hour-ozone-standards-california-san-joaquin-valley,55,32.0,4.6875,2026-08-24T03:37:09Z
2025-12819,"Security Zone; Intracoastal Waterway, Palm Beach, FL",2025-07-10,2025-08-11,3,Homeland Security Department,2,https://www.federalregister.gov/documents/2025/07/10/2025-12819/security-zone-intracoastal-waterway-palm-beach-fl,106,32.0,2.8125,2026-08-24T03:37:09Z
2025-12807,Regulatory Publication and Voluntary Review as Contemplated by the Economic Growth and Regulatory Paperwork Reduction Act of 1996,2025-07-10,2025-10-08,8,National Credit Union Administration,1,https://www.federalregister.gov/documents/2025/07/10/2025-12807/regulatory-publication-and-voluntary-review-as-contemplated-by-the-economic-growth-and-regulatory,126,90.0,2.666666666666667,2026-08-24T03:37:09Z
2025-12800,National Emission Standards for Hazardous Air Pollutants; Delegation of Authority to Oklahoma,2025-07-10,2025-08-11,4,Environmental Protection Agency,1,https://www.federalregister.gov/documents/2025/07/10/2025-12800/national-emission-standards-for-hazardous-air-pollutants-delegation-of-authority-to-oklahoma,99,32.0,3.75,2026-08-24T03:37:09Z
2025-12787,Regulatory Capital Rule: Modifications to the Enhanced Supplementary Leverage Ratio Standards for U.S. Global Systemically Important Bank Holding Companies and Their Subsidiary Depository Institutions; Total Loss-Absorbing Capacity and Long-Term Debt Requirements for U.S. Global Systemically Important Bank Holding Companies,2025-07-10,2025-08-26,38,Treasury Department,4,https://www.federalregister.gov/documents/2025/07/10/2025-12787/regulatory-capital-rule-modifications-to-the-enhanced-supplementary-leverage-ratio-standards-for-us,309,47.0,24.25531914893617,2026-08-24T03:37:09Z
2025-12786,System for Regulating Rates and Classes for Market Dominant Products,2025-07-10,2025-07-28,2,Postal Regulatory Commission,1,https://www.federalregister.gov/documents/2025/07/10/2025-12786/system-for-regulating-rates-and-classes-for-market-dominant-products,27,18.0,3.333333333333333,2026-08-24T03:37:09Z
C1-2025-12347,"Medicare and Medicaid Programs; Calendar Year 2026 Home Health Prospective Payment System (HH PPS) Rate Update; Requirements for the HH Quality Reporting Program and the HH Value-Based Purchasing Expanded Model; Durable Medical Equipment, Prosthetics, Orthotics, and Supplies (DMEPOS) Competitive Bidding Program Updates; DMEPOS Accreditation Requirements; Provider Enrollment; and Other Medicare and Medicaid Policies",2025-07-09,,1,Health and Human Services Department,2,https://www.federalregister.gov/documents/2025/07/09/C1-2025-12347/medicare-and-medicaid-programs-calendar-year-2026-home-health-prospective-payment-system-hh-pps-rate,0,,,2026-08-24T03:37:09Z
2025-12721,Parts and Accessories Necessary for Safe Operation; Liquid-Burning Flares; Correction,2025-07-09,2025-07-29,1,Transportation Department,2,https://www.federalregister.gov/documents/2025/07/09/2025-12721/parts-and-accessories-necessary-for-safe-operation-liquid-burning-flares-correction,96,20.0,1.5,2026-08-24T03:37:09Z
2025-12704,Significant New Use Rules on Certain Chemical Substances (23-2.5e); Withdrawal,2025-07-09,,1,Environmental Protection Agency,1,https://www.federalregister.gov/documents/2025/07/09/2025-12704/significant-new-use-rules-on-certain-chemical-substances-23-25e-withdrawal,63,,,2026-08-24T03:37:09Z
2025-12677,Airworthiness Directives; The Boeing Company Airplanes,2025-07-08,2025-08-22,4,Transportation Department,2,https://www.federalregister.gov/documents/2025/07/08/2025-12677/airworthiness-directives-the-boeing-company-airplanes,98,45.0,2.666666666666667,2026-08-24T03:37:09Z
2025-12671,Airworthiness Directives; The Boeing Company Airplanes,2025-07-08,2025-08-22,3,Transportation Department,2,https://www.federalregister.gov/documents/2025/07/08/2025-12671/airworthiness-directives-the-boeing-company-airplanes,94,45.0,2.0,2026-08-24T03:37:09Z
2025-12642,Airworthiness Directives; Airbus SAS Airplanes,2025-07-08,2025-08-22,4,Transportation Department,2,https://www.federalregister.gov/documents/2025/07/08/2025-12642/airworthiness-directives-airbus-sas-airplanes,119,45.0,2.666666666666667,2026-08-24T03:37:09Z
2025-12638,Implementation of the Administrative False Claims Act,2025-07-08,2025-09-08,6,Federal Labor Relations Authority,1,https://www.federalregister.gov/documents/2025/07/08/2025-12638/implementation-of-the-administrative-false-claims-act,33,62.0,2.903225806451613,2026-08-24T03:37:09Z
2025-12603,National Television Multiple Ownership Rule,2025-07-08,2025-08-04,3,Federal Communications Commission,1,https://www.federalregister.gov/documents/2025/07/08/2025-12603/national-television-multiple-ownership-rule,47,27.0,3.333333333333333,2026-08-24T03:37:09Z
2025-12584,Small Business Investment Company (SBIC) Regulatory Amendments,2025-07-07,2025-09-05,9,Small Business Administration,1,https://www.federalregister.gov/documents/2025/07/07/2025-12584/small-business-investment-company-sbic-regulatory-amendments,157,60.0,4.5,2026-08-24T03:37:09Z
2025-12583,Wireline Competition Bureau Seeks To Refresh Record on Telephone Access Charges,2025-07-07,2025-08-06,2,Federal Communications Commission,1,https://www.federalregister.gov/documents/2025/07/07/2025-12583/wireline-competition-bureau-seeks-to-refresh-record-on-telephone-access-charges,70,30.0,2.0,2026-08-24T03:37:09Z
2025-12564,Establishment of Public Docket and Listening Sessions on Implementation Challenges Associated With Clean Water Act Section 401,2025-07-07,2025-08-06,3,Environmental Protection Agency,1,https://www.federalregister.gov/documents/2025/07/07/2025-12564/establishment-of-public-docket-and-listening-sessions-on-implementation-challenges-associated-with,86,30.0,3.0,2026-08-24T03:37:09Z
2025-12563,Airworthiness Directives; ATR-GIE Avions de Transport Régional Airplanes,2025-07-07,2025-08-21,3,Transportation Department,2,https://www.federalregister.gov/documents/2025/07/07/2025-12563/airworthiness-directives-atr-gie-avions-de-transport-rgional-airplanes,107,45.0,2.0,2026-08-24T03:37:09Z
2025-12555,Airworthiness Directives; Honda Aircraft Company LLC Airplanes,2025-07-07,2025-08-21,3,Transportation Department,2,https://www.federalregister.gov/documents/2025/07/07/2025-12555/airworthiness-directives-honda-aircraft-company-llc-airplanes,86,45.0,2.0,2026-08-24T03:37:09Z
2025-12534,Employment of Workers With Disabilities Under Section 14(c) of the Fair Labor Standards Act; Withdrawal,2025-07-07,,2,Labor Department,2,https://www.federalregister.gov/documents/2025/07/07/2025-12534/employment-of-workers-with-disabilities-under-section-14c-of-the-fair-labor-standards-act-withdrawal,66,,,2026-08-24T03:37:09Z
2025-12520,New Source Performance Standards; Delegation of Authority to Oklahoma,2025-07-07,2025-08-06,3,Environmental Protection Agency,1,https://www.federalregister.gov/documents/2025/07/07/2025-12520/new-source-performance-standards-delegation-of-authority-to-oklahoma,100,30.0,3.0,2026-08-24T03:37:09Z
2025-12515,Air Plan Approval; Connecticut; 2014 and 2017 Periodic Emissions Inventory for 2008 8-Hour Ozone NAAQS,2025-07-07,2025-08-06,6,Environmental Protection Agency,1,https://www.federalregister.gov/documents/2025/07/07/2025-12515/air-plan-approval-connecticut-2014-and-2017-periodic-emissions-inventory-for-2008-8-hour-ozone-naaqs,60,30.0,6.0,2026-08-24T03:37:09Z
2025-12513,Deep Seabed Mining: Revisions to Regulations for Exploration License and Commercial Recovery Permit Applications,2025-07-07,2025-09-05,12,Commerce Department,2,https://www.federalregister.gov/documents/2025/07/07/2025-12513/deep-seabed-mining-revisions-to-regulations-for-exploration-license-and-commercial-recovery-permit,100,60.0,6.0,2026-08-24T03:37:09Z
2025-12508,Air Plan Approval; Oklahoma; Revisions to Air Pollution Control Rules,2025-07-07,2025-08-06,4,Environmental Protection Agency,1,https://www.federalregister.gov/documents/2025/07/07/2025-12508/air-plan-approval-oklahoma-revisions-to-air-pollution-control-rules,59,30.0,4.0,2026-08-24T03:37:09Z
2025-12479,Airworthiness Directives; The Boeing Company Airplanes,2025-07-03,2025-08-18,4,Transportation Department,2,https://www.federalregister.gov/documents/2025/07/03/2025-12479/airworthiness-directives-the-boeing-company-airplanes,173,46.0,2.608695652173913,2026-08-24T03:37:09Z
2025-12448,Suitability and Fitness,2025-07-03,2025-07-18,1,Personnel Management Office,1,https://www.federalregister.gov/documents/2025/07/03/2025-12448/suitability-and-fitness,78,15.0,2.0,2026-08-24T03:37:09Z
2025-12404,Receipt of Pesticide Petitions Filed for Residues of Pesticide Chemicals in or on Various Commodities (February-May 2025),2025-07-03,2025-08-04,5,Environmental Protection Agency,1,https://www.federalregister.gov/documents/2025/07/03/2025-12404/receipt-of-pesticide-petitions-filed-for-residues-of-pesticide-chemicals-in-or-on-various,110,32.0,4.6875,2026-08-24T03:37:09Z
2025-12397,Revising the Duration of Design Certifications,2025-07-02,2025-08-01,3,Nuclear Regulatory Commission,1,https://www.federalregister.gov/documents/2025/07/02/2025-12397/revising-the-duration-of-design-certifications,90,30.0,3.0,2026-08-24T03:37:09Z
2025-12370,Airworthiness Directives; Airbus Helicopters,2025-07-02,2025-08-18,4,Transportation Department,2,https://www.federalregister.gov/documents/2025/07/02/2025-12370/airworthiness-directives-airbus-helicopters,103,47.0,2.5531914893617023,2026-08-24T03:37:09Z
2025-12369,"Airworthiness Directives; Bombardier, Inc., Airplanes",2025-07-02,2025-08-18,3,Transportation Department,2,https://www.federalregister.gov/documents/2025/07/02/2025-12369/airworthiness-directives-bombardier-inc-airplanes,100,47.0,1.9148936170212765,2026-08-24T03:37:09Z
2025-12368,"Medicare Program; End-Stage Renal Disease Prospective Payment System, Payment for Renal Dialysis Services Furnished to Individuals With Acute Kidney Injury, End-Stage Renal Disease Quality Incentive Program, and End-Stage Renal Disease Treatment Choices Model",2025-07-02,2025-08-29,50,Health and Human Services Department,2,https://www.federalregister.gov/documents/2025/07/02/2025-12368/medicare-program-end-stage-renal-disease-prospective-payment-system-payment-for-renal-dialysis,69,58.0,25.86206896551724,2026-08-24T03:37:09Z
2025-12347,"Medicare and Medicaid Programs; Calendar Year 2026 Home Health Prospective Payment System (HH PPS) Rate Update; Requirements for the HH Quality Reporting Program and the HH Value-Based Purchasing Expanded Model; Durable Medical Equipment, Prosthetics, Orthotics, and Supplies (DMEPOS) Competitive Bidding Program Updates; DMEPOS Accreditation Requirements; Provider Enrollment; and Other Medicare and Medicaid Policies",2025-07-02,2025-08-29,232,Health and Human Services Department,2,https://www.federalregister.gov/documents/2025/07/02/2025-12347/medicare-and-medicaid-programs-calendar-year-2026-home-health-prospective-payment-system-hh-pps-rate,142,58.0,120.0,2026-08-24T03:37:09Z
2025-12317,Prohibiting Illegal Discrimination in Registered Apprenticeship Programs,2025-07-02,2025-09-02,30,Labor Department,2,https://www.federalregister.gov/documents/2025/07/02/2025-12317/prohibiting-illegal-discrimination-in-registered-apprenticeship-programs,102,62.0,14.516129032258064,2026-08-24T03:37:09Z
2025-12316,Application of the Fair Labor Standards Act to Domestic Service,2025-07-02,2025-09-02,10,Labor Department,2,https://www.federalregister.gov/documents/2025/07/02/2025-12316/application-of-the-fair-labor-standards-act-to-domestic-service,142,62.0,4.838709677419355,2026-08-24T03:37:09Z
2025-12315,Recission of Final Rule: Improving Protections for Workers in Temporary Agricultural Employment in the United States,2025-07-02,2025-09-02,28,Labor Department,3,https://www.federalregister.gov/documents/2025/07/02/2025-12315/recission-of-final-rule-improving-protections-for-workers-in-temporary-agricultural-employment-in,270,62.0,13.548387096774194,2026-08-24T03:37:09Z
2025-12314,Statements of General Policy or Interpretation Not Directly Related to Regulations,2025-07-02,2025-08-01,8,Labor Department,2,https://www.federalregister.gov/documents/2025/07/02/2025-12314/statements-of-general-policy-or-interpretation-not-directly-related-to-regulations,140,30.0,8.0,2026-08-24T03:37:09Z
2025-12193,Regulations Under Section 382(h) Related to Built-In Gain and Loss; Withdrawal,2025-07-02,,2,Treasury Department,2,https://www.federalregister.gov/documents/2025/07/02/2025-12193/regulations-under-section-382h-related-to-built-in-gain-and-loss-withdrawal,55,,,2026-08-24T03:37:09Z
2025-12276,Rescission of Executive Order 11246 Implementing Regulations,2025-07-01,2025-09-02,14,Labor Department,1,https://www.federalregister.gov/documents/2025/07/01/2025-12276/rescission-of-executive-order-11246-implementing-regulations,99,63.0,6.666666666666666,2026-08-24T03:37:09Z
2025-12275,Wagner-Peyser Act Employment Service Staffing,2025-07-01,2025-09-02,7,Labor Department,2,https://www.federalregister.gov/documents/2025/07/01/2025-12275/wagner-peyser-act-employment-service-staffing,62,63.0,3.333333333333333,2026-08-24T03:37:09Z
2025-12273,"Filing Thresholds for Forms LM-2, LM-3, and LM-4 Labor Organization Annual Reports",2025-07-01,2025-07-31,5,Labor Department,2,https://www.federalregister.gov/documents/2025/07/01/2025-12273/filing-thresholds-for-forms-lm-2-lm-3-and-lm-4-labor-organization-annual-reports,35,30.0,5.0,2026-08-24T03:37:09Z
2025-12248,Emergency Relief Program,2025-07-01,2025-09-02,3,Transportation Department,2,https://www.federalregister.gov/documents/2025/07/01/2025-12248/emergency-relief-program,31,63.0,1.4285714285714284,2026-08-24T03:37:09Z
2025-12236,Occupational Safety and Health Standards; Interpretation of the General Duty Clause: Limitation for Inherently Risky Professional Activities,2025-07-01,2025-09-02,6,Labor Department,2,https://www.federalregister.gov/documents/2025/07/01/2025-12236/occupational-safety-and-health-standards-interpretation-of-the-general-duty-clause-limitation-for,35,63.0,2.8571428571428568,2026-08-24T03:37:09Z
2025-12235,Amending the Medical Evaluation Requirements in the Respiratory Protection Standard for Certain Types of Respirators,2025-07-01,2025-09-02,10,Labor Department,2,https://www.federalregister.gov/documents/2025/07/01/2025-12235/amending-the-medical-evaluation-requirements-in-the-respiratory-protection-standard-for-certain,33,63.0,4.761904761904762,2026-08-24T03:37:09Z
2025-12233,"Modifications to the Regulations Implementing Section 503 of the Rehabilitation Act of 1973, as Amended",2025-07-01,2025-09-02,11,Labor Department,2,https://www.federalregister.gov/documents/2025/07/01/2025-12233/modifications-to-the-regulations-implementing-section-503-of-the-rehabilitation-act-of-1973-as,65,63.0,5.238095238095238,2026-08-24T03:37:09Z
2025-12232,Ventilation Plan Approval Criteria,2025-07-01,2025-07-31,11,Labor Department,2,https://www.federalregister.gov/documents/2025/07/01/2025-12232/ventilation-plan-approval-criteria,54,30.0,11.0,2026-08-24T03:37:09Z
2025-12231,Training and Retraining of Miners,2025-07-01,2025-07-31,8,Labor Department,2,https://www.federalregister.gov/documents/2025/07/01/2025-12231/training-and-retraining-of-miners,58,30.0,8.0,2026-08-24T03:37:09Z
2025-12230,Roof Control Plan Approval Criteria,2025-07-01,2025-07-31,7,Labor Department,2,https://www.federalregister.gov/documents/2025/07/01/2025-12230/roof-control-plan-approval-criteria,57,30.0,7.0,2026-08-24T03:37:09Z
2025-12194,Retiring Form FRA F 6180.107 and Form FRA F 6180.150,2025-07-01,2025-09-02,4,Transportation Department,2,https://www.federalregister.gov/documents/2025/07/01/2025-12194/retiring-form-fra-f-6180107-and-form-fra-f-6180150,52,63.0,1.9047619047619047,2026-08-24T03:37:09Z
2025-12192,Repealing Special Approval Requirement for Freight Cars More Than 50 Years Old,2025-07-01,2025-09-02,4,Transportation Department,2,https://www.federalregister.gov/documents/2025/07/01/2025-12192/repealing-special-approval-requirement-for-freight-cars-more-than-50-years-old,144,63.0,1.9047619047619047,2026-08-24T03:37:09Z
2025-12191,Repealing a Track Surface Requirement,2025-07-01,2025-09-02,4,Transportation Department,2,https://www.federalregister.gov/documents/2025/07/01/2025-12191/repealing-a-track-surface-requirement,34,63.0,1.9047619047619047,2026-08-24T03:37:09Z
2025-12188,"Removing Stenciling Requirement for Freight Cars Used for Tourist, Historic, Excursion, Educational, Recreational, or Private Purposes and Not Interchanged",2025-07-01,2025-09-02,3,Transportation Department,2,https://www.federalregister.gov/documents/2025/07/01/2025-12188/removing-stenciling-requirement-for-freight-cars-used-for-tourist-historic-excursion-educational,43,63.0,1.4285714285714284,2026-08-24T03:37:09Z
2025-12187,Regulatory Relief for End of Car Cushioning Units,2025-07-01,2025-09-02,4,Transportation Department,2,https://www.federalregister.gov/documents/2025/07/01/2025-12187/regulatory-relief-for-end-of-car-cushioning-units,100,63.0,1.9047619047619047,2026-08-24T03:37:09Z
2025-12186,Regulatory Relief To Allow Speeds Up to 45 MPH for Non-Traversable Curbs,2025-07-01,2025-09-02,3,Transportation Department,2,https://www.federalregister.gov/documents/2025/07/01/2025-12186/regulatory-relief-to-allow-speeds-up-to-45-mph-for-non-traversable-curbs,43,63.0,1.4285714285714284,2026-08-24T03:37:09Z
2025-12180,Removal of Unnecessary and Outdated Paperwork Reduction Act References,2025-07-01,2025-09-02,5,Transportation Department,2,https://www.federalregister.gov/documents/2025/07/01/2025-12180/removal-of-unnecessary-and-outdated-paperwork-reduction-act-references,49,63.0,2.380952380952381,2026-08-24T03:37:09Z
2025-12179,Miscellaneous Amendments to FRA's Accident Reporting Regulations,2025-07-01,2025-09-02,5,Transportation Department,2,https://www.federalregister.gov/documents/2025/07/01/2025-12179/miscellaneous-amendments-to-fras-accident-reporting-regulations,38,63.0,2.380952380952381,2026-08-24T03:37:09Z
2025-12178,Regulatory Relief From Locomotive Horn Sounding Pattern at Public Highway-Rail Grade Crossings,2025-07-01,2025-09-02,3,Transportation Department,2,https://www.federalregister.gov/documents/2025/07/01/2025-12178/regulatory-relief-from-locomotive-horn-sounding-pattern-at-public-highway-rail-grade-crossings,98,63.0,1.4285714285714284,2026-08-24T03:37:09Z
2025-12177,Allowing for the Electronic Posting of Reportable Injuries and Occupational Illnesses,2025-07-01,2025-09-02,4,Transportation Department,2,https://www.federalregister.gov/documents/2025/07/01/2025-12177/allowing-for-the-electronic-posting-of-reportable-injuries-and-occupational-illnesses,42,63.0,1.9047619047619047,2026-08-24T03:37:09Z
2025-12175,Private Investment Project Procedures,2025-07-01,2025-07-31,3,Transportation Department,2,https://www.federalregister.gov/documents/2025/07/01/2025-12175/private-investment-project-procedures,28,30.0,3.0,2026-08-24T03:37:09Z
2025-12174,Project Management Oversight,2025-07-01,2025-09-02,4,Transportation Department,2,https://www.federalregister.gov/documents/2025/07/01/2025-12174/project-management-oversight,36,63.0,1.9047619047619047,2026-08-24T03:37:09Z
2025-12173,Transit Worker Hours of Service and Fatigue Risk Management; Withdrawal,2025-07-01,,2,Transportation Department,2,https://www.federalregister.gov/documents/2025/07/01/2025-12173/transit-worker-hours-of-service-and-fatigue-risk-management-withdrawal,36,,,2026-08-24T03:37:09Z
2025-12172,Miscellaneous Revisions to the Qualification and Certification of Locomotive Engineers,2025-07-01,2025-09-02,5,Transportation Department,2,https://www.federalregister.gov/documents/2025/07/01/2025-12172/miscellaneous-revisions-to-the-qualification-and-certification-of-locomotive-engineers,61,63.0,2.380952380952381,2026-08-24T03:37:09Z
2025-12171,Miscellaneous Revisions to the Qualification and Certification of Conductors,2025-07-01,2025-09-02,5,Transportation Department,2,https://www.federalregister.gov/documents/2025/07/01/2025-12171/miscellaneous-revisions-to-the-qualification-and-certification-of-conductors,60,63.0,2.380952380952381,2026-08-24T03:37:09Z
2025-12169,Repealing Certain Bridge Load Capacity Evaluation Requirements,2025-07-01,2025-09-02,3,Transportation Department,2,https://www.federalregister.gov/documents/2025/07/01/2025-12169/repealing-certain-bridge-load-capacity-evaluation-requirements,86,63.0,1.4285714285714284,2026-08-24T03:37:09Z
2025-12168,Amendments to Brake System Maintenance and Inspection Requirements,2025-07-01,2025-09-02,7,Transportation Department,2,https://www.federalregister.gov/documents/2025/07/01/2025-12168/amendments-to-brake-system-maintenance-and-inspection-requirements,91,63.0,3.333333333333333,2026-08-24T03:37:09Z
2025-12167,Qualification and Certification of Locomotive Engineers and Conductors: Incorporation of Longstanding C3RS Waivers,2025-07-01,2025-09-02,9,Transportation Department,2,https://www.federalregister.gov/documents/2025/07/01/2025-12167/qualification-and-certification-of-locomotive-engineers-and-conductors-incorporation-of-longstanding,87,63.0,4.285714285714286,2026-08-24T03:37:09Z
2025-12159,Expanding Certain Locomotive Wheel Set Diameter Variations,2025-07-01,2025-09-02,3,Transportation Department,2,https://www.federalregister.gov/documents/2025/07/01/2025-12159/expanding-certain-locomotive-wheel-set-diameter-variations,42,63.0,1.4285714285714284,2026-08-24T03:37:09Z
2025-12158,Permitting Use of Virtual Simulation for Periodic Refresher Training on Brake Systems,2025-07-01,2025-09-02,3,Transportation Department,2,https://www.federalregister.gov/documents/2025/07/01/2025-12158/permitting-use-of-virtual-simulation-for-periodic-refresher-training-on-brake-systems,61,63.0,1.4285714285714284,2026-08-24T03:37:09Z
2025-12157,Enhancing Railroad Discretion in Sounding Locomotive Horns at Passenger Stations,2025-07-01,2025-09-02,4,Transportation Department,2,https://www.federalregister.gov/documents/2025/07/01/2025-12157/enhancing-railroad-discretion-in-sounding-locomotive-horns-at-passenger-stations,104,63.0,1.9047619047619047,2026-08-24T03:37:09Z
2025-12150,Public Transportation Safety Certification Training Program,2025-07-01,2025-09-02,4,Transportation Department,2,https://www.federalregister.gov/documents/2025/07/01/2025-12150/public-transportation-safety-certification-training-program,34,63.0,1.9047619047619047,2026-08-24T03:37:09Z
2025-12148,Rail Transit Roadway Worker Protection,2025-07-01,2025-07-31,3,Transportation Department,2,https://www.federalregister.gov/documents/2025/07/01/2025-12148/rail-transit-roadway-worker-protection,62,30.0,3.0,2026-08-24T03:37:09Z
2025-12137,Airworthiness Directives; Leonardo S.p.a.,2025-07-01,2025-08-15,3,Transportation Department,2,https://www.federalregister.gov/documents/2025/07/01/2025-12137/airworthiness-directives-leonardo-spa,128,45.0,2.0,2026-08-24T03:37:09Z
2025-12132,Pipeline Safety: Rationalize Special Permit Conditions,2025-07-01,2025-09-02,4,Transportation Department,2,https://www.federalregister.gov/documents/2025/07/01/2025-12132/pipeline-safety-rationalize-special-permit-conditions,33,63.0,1.9047619047619047,2026-08-24T03:37:09Z
2025-12131,Pipeline Safety: Codify Enforcement Discretion on Incidental Gathering Lines,2025-07-01,2025-09-02,4,Transportation Department,2,https://www.federalregister.gov/documents/2025/07/01/2025-12131/pipeline-safety-codify-enforcement-discretion-on-incidental-gathering-lines,42,63.0,1.9047619047619047,2026-08-24T03:37:09Z
2025-12130,Pipeline Safety: Exception for In-Plant Piping Systems,2025-07-01,2025-09-02,4,Transportation Department,2,https://www.federalregister.gov/documents/2025/07/01/2025-12130/pipeline-safety-exception-for-in-plant-piping-systems,36,63.0,1.9047619047619047,2026-08-24T03:37:09Z
2025-12128,Pipeline Safety: Harmonize Class Location Change Pressure Test Requirements With Subpart J Pressure Test Requirements,2025-07-01,2025-09-02,4,Transportation Department,2,https://www.federalregister.gov/documents/2025/07/01/2025-12128/pipeline-safety-harmonize-class-location-change-pressure-test-requirements-with-subpart-j-pressure,52,63.0,1.9047619047619047,2026-08-24T03:37:09Z
2025-12127,Hazardous Materials: Reducing Costs to Domestic Shippers and Carriers of Limited Quantities,2025-07-01,2025-09-02,4,Transportation Department,2,https://www.federalregister.gov/documents/2025/07/01/2025-12127/hazardous-materials-reducing-costs-to-domestic-shippers-and-carriers-of-limited-quantities,22,63.0,1.9047619047619047,2026-08-24T03:37:09Z
2025-12124,Amendments to the Federal Railroad Administration's Procedures for Service of Documents in Railroad Safety Enforcement Proceedings,2025-07-01,2025-09-02,11,Transportation Department,2,https://www.federalregister.gov/documents/2025/07/01/2025-12124/amendments-to-the-federal-railroad-administrations-procedures-for-service-of-documents-in-railroad,53,63.0,5.238095238095238,2026-08-24T03:37:09Z
2025-12123,Prosecutorial Discretion of Enforcement Attorneys,2025-07-01,2025-09-02,4,Transportation Department,2,https://www.federalregister.gov/documents/2025/07/01/2025-12123/prosecutorial-discretion-of-enforcement-attorneys,35,63.0,1.9047619047619047,2026-08-24T03:37:09Z
2025-12121,Hazardous Materials: Adoption of Department of Transportation Special Permit 21287,2025-07-01,2025-09-02,5,Transportation Department,2,https://www.federalregister.gov/documents/2025/07/01/2025-12121/hazardous-materials-adoption-of-department-of-transportation-special-permit-21287,41,63.0,2.380952380952381,2026-08-24T03:37:09Z
2025-12119,Deregulatory-Seamen's Claims; Administrative Action and Litigation,2025-07-01,2025-09-02,10,Transportation Department,2,https://www.federalregister.gov/documents/2025/07/01/2025-12119/deregulatory-seamens-claims-administrative-action-and-litigation,77,63.0,4.761904761904762,2026-08-24T03:37:09Z
2025-12118,Pipeline Safety: Eliminating Burdensome and Duplicative Deadlines for Gas Pipeline Coating Damage Assessments and Remedial Actions,2025-07-01,2025-09-02,5,Transportation Department,2,https://www.federalregister.gov/documents/2025/07/01/2025-12118/pipeline-safety-eliminating-burdensome-and-duplicative-deadlines-for-gas-pipeline-coating-damage,61,63.0,2.380952380952381,2026-08-24T03:37:09Z
2025-12117,Pipeline Safety: Atmospheric Corrosion Reassessment for Pipeline Replacements,2025-07-01,2025-09-02,4,Transportation Department,2,https://www.federalregister.gov/documents/2025/07/01/2025-12117/pipeline-safety-atmospheric-corrosion-reassessment-for-pipeline-replacements,49,63.0,1.9047619047619047,2026-08-24T03:37:09Z
2025-12104,Repealing Outdated Railroad Workplace Safety Requirements and Making Other Improvements,2025-07-01,2025-09-02,5,Transportation Department,2,https://www.federalregister.gov/documents/2025/07/01/2025-12104/repealing-outdated-railroad-workplace-safety-requirements-and-making-other-improvements,81,63.0,2.380952380952381,2026-08-24T03:37:09Z
2025-12102,Deregulatory-Establishing United States Citizenship for MARAD Program Participation; Simplifying the Application Process,2025-07-01,2025-09-02,7,Transportation Department,2,https://www.federalregister.gov/documents/2025/07/01/2025-12102/deregulatory-establishing-united-states-citizenship-for-marad-program-participation-simplifying-the,162,63.0,3.333333333333333,2026-08-24T03:37:09Z
2025-12100,Hazardous Materials: Adoption of Department of Transportation Special Permit 21379,2025-07-01,2025-09-02,4,Transportation Department,2,https://www.federalregister.gov/documents/2025/07/01/2025-12100/hazardous-materials-adoption-of-department-of-transportation-special-permit-21379,30,63.0,1.9047619047619047,2026-08-24T03:37:09Z
2025-12099,Hazardous Materials: Adoption of Department of Transportation Special Permits 12412 and 11646 Into the Hazardous Materials Regulations,2025-07-01,2025-09-02,5,Transportation Department,2,https://www.federalregister.gov/documents/2025/07/01/2025-12099/hazardous-materials-adoption-of-department-of-transportation-special-permits-12412-and-11646-into,52,63.0,2.380952380952381,2026-08-24T03:37:09Z
2025-12098,Hazardous Materials: Removing Burdensome Rail Reporting Requirements,2025-07-01,2025-09-02,5,Transportation Department,2,https://www.federalregister.gov/documents/2025/07/01/2025-12098/hazardous-materials-removing-burdensome-rail-reporting-requirements,27,63.0,2.380952380952381,2026-08-24T03:37:09Z
2025-12096,Hazardous Materials: Reducing Recordkeeping Requirements for Domestic Carriers,2025-07-01,2025-09-02,4,Transportation Department,2,https://www.federalregister.gov/documents/2025/07/01/2025-12096/hazardous-materials-reducing-recordkeeping-requirements-for-domestic-carriers,28,63.0,1.9047619047619047,2026-08-24T03:37:09Z
2025-12095,Hazardous Materials: Reduce Training Burdens for America's Farmers,2025-07-01,2025-09-02,4,Transportation Department,2,https://www.federalregister.gov/documents/2025/07/01/2025-12095/hazardous-materials-reduce-training-burdens-for-americas-farmers,27,63.0,1.9047619047619047,2026-08-24T03:37:09Z
2025-12090,Hazardous Materials: Adoption of Department of Transportation Special Permit 21478,2025-07-01,2025-09-02,6,Transportation Department,2,https://www.federalregister.gov/documents/2025/07/01/2025-12090/hazardous-materials-adoption-of-department-of-transportation-special-permit-21478,86,63.0,2.8571428571428568,2026-08-24T03:37:09Z
2025-12087,Deregulatory-American Fisheries Act Program Update; Simplifying the Application Process,2025-07-01,2025-09-02,6,Transportation Department,2,https://www.federalregister.gov/documents/2025/07/01/2025-12087/deregulatory-american-fisheries-act-program-update-simplifying-the-application-process,189,63.0,2.8571428571428568,2026-08-24T03:37:09Z
2025-12085,Hazardous Materials: Modernizing Payments To and From America's Bank Account,2025-07-01,2025-09-02,4,Transportation Department,2,https://www.federalregister.gov/documents/2025/07/01/2025-12085/hazardous-materials-modernizing-payments-to-and-from-americas-bank-account,55,63.0,1.9047619047619047,2026-08-24T03:37:09Z
2025-12084,Hazardous Materials: Improving Efficiencies for Special Permits and Approvals Renewals,2025-07-01,2025-09-02,4,Transportation Department,2,https://www.federalregister.gov/documents/2025/07/01/2025-12084/hazardous-materials-improving-efficiencies-for-special-permits-and-approvals-renewals,40,63.0,1.9047619047619047,2026-08-24T03:37:09Z
2025-12083,Hazardous Materials: Adoption of Department of Transportation Special Permit 14175,2025-07-01,2025-09-02,6,Transportation Department,2,https://www.federalregister.gov/documents/2025/07/01/2025-12083/hazardous-materials-adoption-of-department-of-transportation-special-permit-14175,66,63.0,2.8571428571428568,2026-08-24T03:37:09Z
2025-12082,Hazardous Materials: Allowing Fireworks Certification Agencies (FCAs) To Approve Professional Fireworks,2025-07-01,2025-09-02,7,Transportation Department,2,https://www.federalregister.gov/documents/2025/07/01/2025-12082/hazardous-materials-allowing-fireworks-certification-agencies-fcas-to-approve-professional-fireworks,65,63.0,3.333333333333333,2026-08-24T03:37:09Z
2025-12081,Hazardous Materials: Reducing Burdens by Allowing Continued Use of Department of Transportation Special Permit Packagings,2025-07-01,2025-09-02,4,Transportation Department,2,https://www.federalregister.gov/documents/2025/07/01/2025-12081/hazardous-materials-reducing-burdens-by-allowing-continued-use-of-department-of-transportation,59,63.0,1.9047619047619047,2026-08-24T03:37:09Z
2025-12067,Hazardous Materials: Remove Redundant List of U.S. EPA CERCLA Hazardous Substances,2025-07-01,2025-09-02,5,Transportation Department,2,https://www.federalregister.gov/documents/2025/07/01/2025-12067/hazardous-materials-remove-redundant-list-of-us-epa-cercla-hazardous-substances,30,63.0,2.380952380952381,2026-08-24T03:37:09Z
2025-12066,Hazardous Materials: Reducing Undue Paperwork Burdens to Domestic Carriers,2025-07-01,2025-09-02,4,Transportation Department,2,https://www.federalregister.gov/documents/2025/07/01/2025-12066/hazardous-materials-reducing-undue-paperwork-burdens-to-domestic-carriers,33,63.0,1.9047619047619047,2026-08-24T03:37:09Z
2025-12065,Hazardous Materials: Reducing Burdens on Domestic Companies Using Battery-Powered Equipment in Trades,2025-07-01,2025-09-02,4,Transportation Department,2,https://www.federalregister.gov/documents/2025/07/01/2025-12065/hazardous-materials-reducing-burdens-on-domestic-companies-using-battery-powered-equipment-in-trades,58,63.0,1.9047619047619047,2026-08-24T03:37:09Z
2025-12064,Hazardous Materials: Reducing Burdens on Domestic Aerosol Shippers,2025-07-01,2025-09-02,5,Transportation Department,2,https://www.federalregister.gov/documents/2025/07/01/2025-12064/hazardous-materials-reducing-burdens-on-domestic-aerosol-shippers,23,63.0,2.380952380952381,2026-08-24T03:37:09Z
2025-12009,Endangered and Threatened Wildlife and Plants; Endangered Species Status for Barrens Darter,2025-07-01,2025-09-02,15,Interior Department,2,https://www.federalregister.gov/documents/2025/07/01/2025-12009/endangered-and-threatened-wildlife-and-plants-endangered-species-status-for-barrens-darter,134,63.0,7.142857142857142,2026-08-24T03:37:09Z
2025-12006,"Modifications to the Regulations Implementing the Vietnam Era Veterans' Readjustment Assistance Act of 1974, as Amended",2025-07-01,2025-09-02,9,Labor Department,2,https://www.federalregister.gov/documents/2025/07/01/2025-12006/modifications-to-the-regulations-implementing-the-vietnam-era-veterans-readjustment-assistance-act,70,63.0,4.285714285714286,2026-08-24T03:37:09Z
2025-11849,Minor Child Definition for Form LM-30 Labor Organization Officer and Employee Report,2025-07-01,2025-07-31,3,Labor Department,2,https://www.federalregister.gov/documents/2025/07/01/2025-11849/minor-child-definition-for-form-lm-30-labor-organization-officer-and-employee-report,34,30.0,3.0,2026-08-24T03:37:09Z
2025-11848,Rescission of Coordinated Enforcement Regulations,2025-07-01,2025-09-02,4,Labor Department,4,https://www.federalregister.gov/documents/2025/07/01/2025-11848/rescission-of-coordinated-enforcement-regulations,88,63.0,1.9047619047619047,2026-08-24T03:37:09Z
2025-11845,Rescission of Affirmative Outreach Requirements for Recipients of WIOA Title I Financial Assistance,2025-07-01,2025-07-31,3,Labor Department,2,https://www.federalregister.gov/documents/2025/07/01/2025-11845/rescission-of-affirmative-outreach-requirements-for-recipients-of-wioa-title-i-financial-assistance,72,30.0,3.0,2026-08-24T03:37:09Z
2025-11743,Powered Air Purifying Respirators (PAPRs) in Underground Mines,2025-07-01,2025-07-31,13,Labor Department,2,https://www.federalregister.gov/documents/2025/07/01/2025-11743/powered-air-purifying-respirators-paprs-in-underground-mines,77,30.0,13.0,2026-08-24T03:37:09Z
2025-11741,Electronic Surveying Equipment in Underground Mines,2025-07-01,2025-07-31,10,Labor Department,2,https://www.federalregister.gov/documents/2025/07/01/2025-11741/electronic-surveying-equipment-in-underground-mines,86,30.0,10.0,2026-08-24T03:37:09Z
2025-11740,Mining of Pillars,2025-07-01,2025-07-31,4,Labor Department,2,https://www.federalregister.gov/documents/2025/07/01/2025-11740/mining-of-pillars,23,30.0,4.0,2026-08-24T03:37:09Z
2025-11738,Trolleys,2025-07-01,2025-07-31,6,Labor Department,2,https://www.federalregister.gov/documents/2025/07/01/2025-11738/trolleys,92,30.0,6.0,2026-08-24T03:37:09Z
2025-11648,Improving and Eliminating Regulations; Approved Conveyor Belts in Underground Coal Mines,2025-07-01,2025-07-31,3,Labor Department,2,https://www.federalregister.gov/documents/2025/07/01/2025-11648/improving-and-eliminating-regulations-approved-conveyor-belts-in-underground-coal-mines,50,30.0,3.0,2026-08-24T03:37:09Z
2025-11647,Improving and Eliminating Regulations; Diesel Particulate Matter Emission Limits in Underground Coal Mines,2025-07-01,2025-07-31,4,Labor Department,2,https://www.federalregister.gov/documents/2025/07/01/2025-11647/improving-and-eliminating-regulations-diesel-particulate-matter-emission-limits-in-underground-coal,60,30.0,4.0,2026-08-24T03:37:09Z
2025-11646,Improving and Eliminating Regulations; Use of Permissible Flame Safety Lamps in Underground Coal Mines,2025-07-01,2025-07-31,3,Labor Department,2,https://www.federalregister.gov/documents/2025/07/01/2025-11646/improving-and-eliminating-regulations-use-of-permissible-flame-safety-lamps-in-underground-coal,55,30.0,3.0,2026-08-24T03:37:09Z
2025-11645,Construction Illumination,2025-07-01,2025-09-02,5,Labor Department,2,https://www.federalregister.gov/documents/2025/07/01/2025-11645/construction-illumination,22,63.0,2.380952380952381,2026-08-24T03:37:09Z
2025-11644,Vinyl Chloride,2025-07-01,,5,Labor Department,2,https://www.federalregister.gov/documents/2025/07/01/2025-11644/vinyl-chloride,18,,,2026-08-24T03:37:09Z
2025-11643,Methylenedianiline,2025-07-01,,6,Labor Department,2,https://www.federalregister.gov/documents/2025/07/01/2025-11643/methylenedianiline,31,,,2026-08-24T03:37:09Z
2025-11642,Methylene Chloride,2025-07-01,,6,Labor Department,2,https://www.federalregister.gov/documents/2025/07/01/2025-11642/methylene-chloride,38,,,2026-08-24T03:37:09Z
2025-11641,Lead,2025-07-01,,6,Labor Department,2,https://www.federalregister.gov/documents/2025/07/01/2025-11641/lead,31,,,2026-08-24T03:37:09Z
2025-11640,Inorganic Arsenic,2025-07-01,,6,Labor Department,2,https://www.federalregister.gov/documents/2025/07/01/2025-11640/inorganic-arsenic,32,,,2026-08-24T03:37:09Z
2025-11639,Formaldehyde,2025-07-01,,6,Labor Department,2,https://www.federalregister.gov/documents/2025/07/01/2025-11639/formaldehyde,23,,,2026-08-24T03:37:09Z
2025-11638,Ethylene Oxide,2025-07-01,,5,Labor Department,2,https://www.federalregister.gov/documents/2025/07/01/2025-11638/ethylene-oxide,32,,,2026-08-24T03:37:09Z
2025-11637,Cotton Dust,2025-07-01,,6,Labor Department,2,https://www.federalregister.gov/documents/2025/07/01/2025-11637/cotton-dust,32,,,2026-08-24T03:37:09Z
2025-11636,Coke Oven Emissions,2025-07-01,,5,Labor Department,2,https://www.federalregister.gov/documents/2025/07/01/2025-11636/coke-oven-emissions,34,,,2026-08-24T03:37:09Z
2025-11635,Cadmium,2025-07-01,,6,Labor Department,2,https://www.federalregister.gov/documents/2025/07/01/2025-11635/cadmium,31,,,2026-08-24T03:37:09Z
2025-11634,Benzene,2025-07-01,,5,Labor Department,2,https://www.federalregister.gov/documents/2025/07/01/2025-11634/benzene,33,,,2026-08-24T03:37:09Z
2025-11633,Asbestos,2025-07-01,,8,Labor Department,2,https://www.federalregister.gov/documents/2025/07/01/2025-11633/asbestos,31,,,2026-08-24T03:37:09Z
2025-11632,Acrylonitrile,2025-07-01,,5,Labor Department,2,https://www.federalregister.gov/documents/2025/07/01/2025-11632/acrylonitrile,19,,,2026-08-24T03:37:09Z
2025-11631,"13 Carcinogens (4-Nitrobiphenyl, etc.)",2025-07-01,,5,Labor Department,2,https://www.federalregister.gov/documents/2025/07/01/2025-11631/13-carcinogens-4-nitrobiphenyl-etc,32,,,2026-08-24T03:37:09Z
2025-11630,"TITLE: 1,3-Butadiene",2025-07-01,,6,Labor Department,2,https://www.federalregister.gov/documents/2025/07/01/2025-11630/title-13-butadiene,31,,,2026-08-24T03:37:09Z
2025-11629,"1,2-dibromo-3-chloropropane",2025-07-01,,6,Labor Department,2,https://www.federalregister.gov/documents/2025/07/01/2025-11629/12-dibromo-3-chloropropane,31,,,2026-08-24T03:37:09Z
2025-11628,House Falls in Marine Terminals,2025-07-01,,5,Labor Department,2,https://www.federalregister.gov/documents/2025/07/01/2025-11628/house-falls-in-marine-terminals,17,,,2026-08-24T03:37:09Z
2025-11627,Open Fires in Marine Terminals,2025-07-01,,5,Labor Department,2,https://www.federalregister.gov/documents/2025/07/01/2025-11627/open-fires-in-marine-terminals,17,,,2026-08-24T03:37:09Z
2025-11626,Safety Color Code for Marking Physical Hazards; Textiles; Sawmills; Safety Color Code for Marking Physical Hazards for Shipyard Employment,2025-07-01,,5,Labor Department,2,https://www.federalregister.gov/documents/2025/07/01/2025-11626/safety-color-code-for-marking-physical-hazards-textiles-sawmills-safety-color-code-for-marking,56,,,2026-08-24T03:37:09Z
2025-11625,Occupational Exposure to COVID-19 in Healthcare Settings,2025-07-01,2025-09-02,14,Labor Department,2,https://www.federalregister.gov/documents/2025/07/01/2025-11625/occupational-exposure-to-covid-19-in-healthcare-settings,23,63.0,6.666666666666666,2026-08-24T03:37:09Z
2025-11624,Occupational Injury and Illness Recording and Reporting Requirements; Withdrawal,2025-07-01,,7,Labor Department,2,https://www.federalregister.gov/documents/2025/07/01/2025-11624/occupational-injury-and-illness-recording-and-reporting-requirements-withdrawal,63,,,2026-08-24T03:37:09Z
2025-11623,Photometers,2025-07-01,2025-07-31,4,Labor Department,2,https://www.federalregister.gov/documents/2025/07/01/2025-11623/photometers,43,30.0,4.0,2026-08-24T03:37:09Z
2025-11622,Electrical Equipment for Coal Seams Above the Water Table,2025-07-01,2025-07-31,4,Labor Department,2,https://www.federalregister.gov/documents/2025/07/01/2025-11622/electrical-equipment-for-coal-seams-above-the-water-table,44,30.0,4.0,2026-08-24T03:37:09Z
2025-11621,Drilling,2025-07-01,2025-07-31,4,Labor Department,2,https://www.federalregister.gov/documents/2025/07/01/2025-11621/drilling,50,30.0,4.0,2026-08-24T03:37:09Z
2025-11620,Aerial Tramways,2025-07-01,2025-07-31,3,Labor Department,2,https://www.federalregister.gov/documents/2025/07/01/2025-11620/aerial-tramways,47,30.0,3.0,2026-08-24T03:37:09Z
2025-11619,Improving and Eliminating Regulations; Limit on Exposure to Diesel Particulate Matter in Underground Metal and Nonmetal Mines,2025-07-01,2025-07-31,3,Labor Department,2,https://www.federalregister.gov/documents/2025/07/01/2025-11619/improving-and-eliminating-regulations-limit-on-exposure-to-diesel-particulate-matter-in-underground,50,30.0,3.0,2026-08-24T03:37:09Z
2025-11618,Improving and Eliminating Regulations; Permissible Lamps in Underground Coal Mines,2025-07-01,2025-07-31,3,Labor Department,2,https://www.federalregister.gov/documents/2025/07/01/2025-11618/improving-and-eliminating-regulations-permissible-lamps-in-underground-coal-mines,48,30.0,3.0,2026-08-24T03:37:09Z
2025-11617,Improving and Eliminating Regulations; Hazardous Communication,2025-07-01,2025-07-31,9,Labor Department,2,https://www.federalregister.gov/documents/2025/07/01/2025-11617/improving-and-eliminating-regulations-hazardous-communication,46,30.0,9.0,2026-08-24T03:37:09Z
2025-11616,Improving and Eliminating Regulations; Blacksmith Shops,2025-07-01,2025-07-31,4,Labor Department,2,https://www.federalregister.gov/documents/2025/07/01/2025-11616/improving-and-eliminating-regulations-blacksmith-shops,44,30.0,4.0,2026-08-24T03:37:09Z
2025-12055,"Amendment of Class D and Class E Airspace; Morgantown, WV",2025-06-30,2025-08-14,3,Transportation Department,2,https://www.federalregister.gov/documents/2025/06/30/2025-12055/amendment-of-class-d-and-class-e-airspace-morgantown-wv,54,45.0,2.0,2026-08-24T03:37:09Z
2025-12034,Airworthiness Directives; Gulfstream Aerospace Corporation Airplanes,2025-06-30,2025-08-14,3,Transportation Department,2,https://www.federalregister.gov/documents/2025/06/30/2025-12034/airworthiness-directives-gulfstream-aerospace-corporation-airplanes,70,45.0,2.0,2026-08-24T03:37:09Z
2025-12032,Removal of Standard of Identity for Canned “Tripe With Milk”,2025-06-30,2025-07-30,3,Agriculture Department,2,https://www.federalregister.gov/documents/2025/06/30/2025-12032/removal-of-standard-of-identity-for-canned-tripe-with-milk,84,30.0,3.0,2026-08-24T03:37:09Z
2025-11739,Improving and Eliminating Regulations; Installation of Foam Generator Systems in Underground Coal Mines,2025-06-30,2025-07-30,4,Labor Department,2,https://www.federalregister.gov/documents/2025/06/30/2025-11739/improving-and-eliminating-regulations-installation-of-foam-generator-systems-in-underground-coal,43,30.0,4.0,2026-08-24T03:37:09Z
2025-10306,Revisions to the Calculation of Annual Household Income and Net Family Assets in the Section 515 Rural Rental Housing and Section 514/516 Farm Labor Housing Programs,2025-06-30,2025-08-29,3,Agriculture Department,2,https://www.federalregister.gov/documents/2025/06/30/2025-10306/revisions-to-the-calculation-of-annual-household-income-and-net-family-assets-in-the-section-515,86,60.0,1.5,2026-08-24T03:37:09Z
2025-10305,Multifamily Housing Guaranteed Rural Rental Housing Program Requirement To Submit a Market Study,2025-06-30,2025-08-29,4,Agriculture Department,2,https://www.federalregister.gov/documents/2025/06/30/2025-10305/multifamily-housing-guaranteed-rural-rental-housing-program-requirement-to-submit-a-market-study,75,60.0,2.0,2026-08-24T03:37:09Z
2025-11966,Satellite Spectrum Abundance,2025-06-27,2025-08-26,16,Federal Communications Commission,1,https://www.federalregister.gov/documents/2025/06/27/2025-11966/satellite-spectrum-abundance,65,60.0,8.0,2026-08-24T03:37:09Z
2025-11964,Airworthiness Directives; Airbus SAS Airplanes,2025-06-27,2025-08-11,3,Transportation Department,2,https://www.federalregister.gov/documents/2025/06/27/2025-11964/airworthiness-directives-airbus-sas-airplanes,84,45.0,2.0,2026-08-24T03:37:09Z
2025-11925,"Amendment of Class D and Class E Airspace; Elkhart and Goshen, IN",2025-06-27,2025-08-11,3,Transportation Department,2,https://www.federalregister.gov/documents/2025/06/27/2025-11925/amendment-of-class-d-and-class-e-airspace-elkhart-and-goshen-in,107,45.0,2.0,2026-08-24T03:37:09Z
2025-11906,Wyoming Regulatory Program,2025-06-27,2025-07-28,3,Interior Department,2,https://www.federalregister.gov/documents/2025/06/27/2025-11906/wyoming-regulatory-program,97,31.0,2.903225806451613,2026-08-24T03:37:09Z
2025-11825,Air Plan Approval; Missouri; Control of Sulfur Dioxide Emissions and Approval and Promulgation of State Plan (Negative Declaration) for Designated Facilities and Pollutants,2025-06-27,2025-07-28,6,Environmental Protection Agency,1,https://www.federalregister.gov/documents/2025/06/27/2025-11825/air-plan-approval-missouri-control-of-sulfur-dioxide-emissions-and-approval-and-promulgation-of,190,31.0,5.806451612903226,2026-08-24T03:37:09Z
2025-11821,Air Plan Approval; Missouri; Definitions and Common Reference Tables,2025-06-27,2025-07-28,4,Environmental Protection Agency,1,https://www.federalregister.gov/documents/2025/06/27/2025-11821/air-plan-approval-missouri-definitions-and-common-reference-tables,104,31.0,3.870967741935484,2026-08-24T03:37:09Z
2025-11737,Fisheries off West Coast States; Coastal Pelagic Species Fisheries; Annual Specifications; 2025-2026 Annual Specifications and Management Measures for Pacific Sardine,2025-06-26,2025-07-11,4,Commerce Department,2,https://www.federalregister.gov/documents/2025/06/26/2025-11737/fisheries-off-west-coast-states-coastal-pelagic-species-fisheries-annual-specifications-2025-2026,140,15.0,8.0,2026-08-24T03:37:09Z
2025-11462,Schedules of Controlled Substances: Temporary Placement of Seven Benzimidazole-Opioids in Schedule I,2025-06-26,,6,Justice Department,2,https://www.federalregister.gov/documents/2025/06/26/2025-11462/schedules-of-controlled-substances-temporary-placement-of-seven-benzimidazole-opioids-in-schedule-i,86,,,2026-08-24T03:37:09Z
2025-11711,Magnuson-Stevens Act Provisions; Fisheries of the Northeastern United States; Fisheries of the Northeastern United States; 2025-2027 Atlantic Herring Fishery Specifications,2025-06-25,2025-07-10,7,Commerce Department,2,https://www.federalregister.gov/documents/2025/06/25/2025-11711/magnuson-stevens-act-provisions-fisheries-of-the-northeastern-united-states-fisheries-of-the,96,15.0,14.0,2026-08-24T03:37:09Z
2025-11697,Airworthiness Directives; Airbus Helicopters,2025-06-25,2025-08-11,5,Transportation Department,2,https://www.federalregister.gov/documents/2025/06/25/2025-11697/airworthiness-directives-airbus-helicopters,214,47.0,3.1914893617021276,2026-08-24T03:37:09Z
2025-11690,Airworthiness Directives; The Boeing Company Airplanes,2025-06-25,2025-08-11,3,Transportation Department,2,https://www.federalregister.gov/documents/2025/06/25/2025-11690/airworthiness-directives-the-boeing-company-airplanes,98,47.0,1.9148936170212765,2026-08-24T03:37:09Z
2025-11689,"Airworthiness Directives; CFM International, S.A. Engines",2025-06-25,2025-08-11,4,Transportation Department,2,https://www.federalregister.gov/documents/2025/06/25/2025-11689/airworthiness-directives-cfm-international-sa-engines,163,47.0,2.5531914893617023,2026-08-24T03:37:09Z
2025-11665,Airworthiness Directives; Safran Helicopter Engines,2025-06-25,,2,Transportation Department,2,https://www.federalregister.gov/documents/2025/06/25/2025-11665/airworthiness-directives-safran-helicopter-engines,117,,,2026-08-24T03:37:09Z
C1-2025-08929,Estate Tax Closing Letter User Fee Update,2025-06-24,,1,Treasury Department,2,https://www.federalregister.gov/documents/2025/06/24/C1-2025-08929/estate-tax-closing-letter-user-fee-update,0,,,2026-08-24T03:37:09Z
2025-11583,Blanket Certificate Cost Limitations,2025-06-24,2025-08-25,3,Energy Department,2,https://www.federalregister.gov/documents/2025/06/24/2025-11583/blanket-certificate-cost-limitations,51,62.0,1.4516129032258065,2026-08-24T03:37:09Z
2025-11582,Removal of Regulations Limiting Authorizations To Proceed With Construction Activities Pending Rehearing,2025-06-24,2025-07-24,5,Energy Department,2,https://www.federalregister.gov/documents/2025/06/24/2025-11582/removal-of-regulations-limiting-authorizations-to-proceed-with-construction-activities-pending,58,30.0,5.0,2026-08-24T03:37:09Z
2025-11499,"Marine Mammals; Incidental Take of Northern Sea Otters During Specified Activities; Seward, Sitka, and Kodiak, Alaska",2025-06-23,2025-07-23,35,Interior Department,2,https://www.federalregister.gov/documents/2025/06/23/2025-11499/marine-mammals-incidental-take-of-northern-sea-otters-during-specified-activities-seward-sitka-and,158,30.0,35.0,2026-08-24T03:37:09Z
2025-11488,Airworthiness Directives; Polskie Zaklady Lotnicze Sp. z o.o. Airplanes,2025-06-23,2025-08-07,4,Transportation Department,2,https://www.federalregister.gov/documents/2025/06/23/2025-11488/airworthiness-directives-polskie-zaklady-lotnicze-sp-z-oo-airplanes,84,45.0,2.666666666666667,2026-08-24T03:37:09Z
2025-11477,"Review of Foreign Ownership Policies for Broadcast, Common Carrier and Aeronautical Radio Licensees",2025-06-23,2025-07-23,38,Federal Communications Commission,1,https://www.federalregister.gov/documents/2025/06/23/2025-11477/review-of-foreign-ownership-policies-for-broadcast-common-carrier-and-aeronautical-radio-licensees,215,30.0,38.0,2026-08-24T03:37:09Z
2025-11460,Airworthiness Directives; Airbus SAS Airplanes,2025-06-23,2025-08-07,4,Transportation Department,2,https://www.federalregister.gov/documents/2025/06/23/2025-11460/airworthiness-directives-airbus-sas-airplanes,112,45.0,2.666666666666667,2026-08-24T03:37:09Z
2025-11417,"Airworthiness Directives; De Havilland Aircraft of Canada Limited (Type Certificate Previously Held by Bombardier, Inc.) Airplanes",2025-06-23,2025-08-07,4,Transportation Department,2,https://www.federalregister.gov/documents/2025/06/23/2025-11417/airworthiness-directives-de-havilland-aircraft-of-canada-limited-type-certificate-previously-held-by,134,45.0,2.666666666666667,2026-08-24T03:37:09Z
2025-11413,Air Plan Approval; California; San Joaquin Valley 1-Hour Ozone Area; Maintenance Plan and Redesignation Request,2025-06-23,2025-07-23,14,Environmental Protection Agency,1,https://www.federalregister.gov/documents/2025/06/23/2025-11413/air-plan-approval-california-san-joaquin-valley-1-hour-ozone-area-maintenance-plan-and-redesignation,146,30.0,14.0,2026-08-24T03:37:09Z
2025-11341,New Source Performance Standards and National Emission Standards for Hazardous Air Pollutants; Delegation of Authority to Louisiana,2025-06-23,2025-07-23,5,Environmental Protection Agency,1,https://www.federalregister.gov/documents/2025/06/23/2025-11341/new-source-performance-standards-and-national-emission-standards-for-hazardous-air-pollutants,119,30.0,5.0,2026-08-24T03:37:09Z
2025-11395,Import Regulations for Horses; Pre-Export Examination,2025-06-20,2025-08-19,2,Agriculture Department,2,https://www.federalregister.gov/documents/2025/06/20/2025-11395/import-regulations-for-horses-pre-export-examination,80,60.0,1.0,2026-08-24T03:37:09Z
2025-11360,Protecting Our Communications Networks by Promoting Transparency Regarding Foreign Adversary Control,2025-06-20,2025-07-21,22,Federal Communications Commission,1,https://www.federalregister.gov/documents/2025/06/20/2025-11360/protecting-our-communications-networks-by-promoting-transparency-regarding-foreign-adversary-control,129,31.0,21.290322580645164,2026-08-24T03:37:09Z
2025-11339,Airworthiness Directives; Airbus Helicopters,2025-06-20,2025-08-04,4,Transportation Department,2,https://www.federalregister.gov/documents/2025/06/20/2025-11339/airworthiness-directives-airbus-helicopters,159,45.0,2.666666666666667,2026-08-24T03:37:09Z
2025-11327,"Airworthiness Directives; Viking Air Limited (Type Certificate Previously Held by Bombardier Inc. and de Havilland, Inc.) Airplanes",2025-06-20,2025-08-04,4,Transportation Department,2,https://www.federalregister.gov/documents/2025/06/20/2025-11327/airworthiness-directives-viking-air-limited-type-certificate-previously-held-by-bombardier-inc-and,162,45.0,2.666666666666667,2026-08-24T03:37:09Z
2025-11326,Air Plan Approval; Guam; Clean Data Determination for the Piti-Cabras Nonattainment Area for the 2010 1-Hour Sulfur Dioxide National Ambient Air Quality Standard,2025-06-20,2025-07-21,6,Environmental Protection Agency,1,https://www.federalregister.gov/documents/2025/06/20/2025-11326/air-plan-approval-guam-clean-data-determination-for-the-piti-cabras-nonattainment-area-for-the-2010,158,31.0,5.806451612903226,2026-08-24T03:37:09Z
2025-11304,Finding of Failure To Attain for the Missouri Portion of the St. Louis Nonattainment Area for the 2015 Ozone National Ambient Air Quality Standards,2025-06-20,2025-07-21,5,Environmental Protection Agency,1,https://www.federalregister.gov/documents/2025/06/20/2025-11304/finding-of-failure-to-attain-for-the-missouri-portion-of-the-st-louis-nonattainment-area-for-the,201,31.0,4.838709677419355,2026-08-24T03:37:09Z
2025-11281,Air Plan Approval; California; Eastern Kern Air Pollution Control District; Stationary Combustion Turbines,2025-06-20,2025-07-21,4,Environmental Protection Agency,1,https://www.federalregister.gov/documents/2025/06/20/2025-11281/air-plan-approval-california-eastern-kern-air-pollution-control-district-stationary-combustion,81,31.0,3.870967741935484,2026-08-24T03:37:09Z
2025-11272,Air Plan Approval; Texas and Oklahoma; Texas Regional Haze Plans for the First and Second Implementation Periods and Five-Year Progress Report; Oklahoma Regional Haze Plan for the First Implementation Period; Extension of Comment Period,2025-06-20,2025-07-23,1,Environmental Protection Agency,1,https://www.federalregister.gov/documents/2025/06/20/2025-11272/air-plan-approval-texas-and-oklahoma-texas-regional-haze-plans-for-the-first-and-second,74,33.0,0.9090909090909092,2026-08-24T03:37:09Z
2025-11276,Airworthiness Directives; Pilatus Aircraft Ltd. Airplanes,2025-06-18,2025-08-04,3,Transportation Department,2,https://www.federalregister.gov/documents/2025/06/18/2025-11276/airworthiness-directives-pilatus-aircraft-ltd-airplanes,75,47.0,1.9148936170212765,2026-08-24T03:37:09Z
2025-11271,"Petition for Rulemaking of Alliance for Natural Health USA; Xlear, Inc.; and Better Way Health",2025-06-18,2025-07-18,1,Federal Trade Commission,1,https://www.federalregister.gov/documents/2025/06/18/2025-11271/petition-for-rulemaking-of-alliance-for-natural-health-usa-xlear-inc-and-better-way-health,70,30.0,1.0,2026-08-24T03:37:09Z
2025-11270,Air Plan Approval; Texas; Interstate Transport Requirements for the 2010 SO2 NAAQS,2025-06-18,2025-07-18,7,Environmental Protection Agency,1,https://www.federalregister.gov/documents/2025/06/18/2025-11270/air-plan-approval-texas-interstate-transport-requirements-for-the-2010-so2-naaqs,110,30.0,7.0,2026-08-24T03:37:09Z
2025-11268,Finding of Failure To Attain; Air Plan Approval; Indiana; Huntington County Sulfur Dioxide Attainment Plan,2025-06-18,2025-07-18,8,Environmental Protection Agency,1,https://www.federalregister.gov/documents/2025/06/18/2025-11268/finding-of-failure-to-attain-air-plan-approval-indiana-huntington-county-sulfur-dioxide-attainment,128,30.0,8.0,2026-08-24T03:37:09Z
2025-11264,Air Quality Plans; Guam; Guam Environmental Protection Agency; New Source Review,2025-06-18,2025-07-18,3,Environmental Protection Agency,1,https://www.federalregister.gov/documents/2025/06/18/2025-11264/air-quality-plans-guam-guam-environmental-protection-agency-new-source-review,77,30.0,3.0,2026-08-24T03:37:09Z
2025-11263,Air Plan Approval; Colorado; Serious Attainment Plan RACT Requirements for the 2008 8-Hour Ozone National Ambient Air Quality Standards for the Denver Metro/North Front Range Nonattainment Area,2025-06-18,2025-07-18,9,Environmental Protection Agency,1,https://www.federalregister.gov/documents/2025/06/18/2025-11263/air-plan-approval-colorado-serious-attainment-plan-ract-requirements-for-the-2008-8-hour-ozone,137,30.0,9.0,2026-08-24T03:37:09Z
2025-11261,Approval of Air Quality Implementation Plans; California; Regional Haze State Implementation Plan for the Second Implementation Period,2025-06-18,2025-07-18,16,Environmental Protection Agency,1,https://www.federalregister.gov/documents/2025/06/18/2025-11261/approval-of-air-quality-implementation-plans-california-regional-haze-state-implementation-plan-for,156,30.0,16.0,2026-08-24T03:37:09Z
2025-11259,Air Plan Approval; Indiana; Regional Haze Plan for the Second Implementation Period,2025-06-18,2025-07-18,17,Environmental Protection Agency,1,https://www.federalregister.gov/documents/2025/06/18/2025-11259/air-plan-approval-indiana-regional-haze-plan-for-the-second-implementation-period,133,30.0,17.0,2026-08-24T03:37:09Z
2025-11257,Air Plan Approval; Michigan; Second Period Regional Haze Plan,2025-06-18,2025-07-18,10,Environmental Protection Agency,1,https://www.federalregister.gov/documents/2025/06/18/2025-11257/air-plan-approval-michigan-second-period-regional-haze-plan,136,30.0,10.0,2026-08-24T03:37:09Z
2025-11250,Air Plan Approval; Utah; Interstate Transport of Air Pollution for the 2008 8-Hour Ozone National Ambient Air Quality Standard,2025-06-18,2025-07-18,6,Environmental Protection Agency,1,https://www.federalregister.gov/documents/2025/06/18/2025-11250/air-plan-approval-utah-interstate-transport-of-air-pollution-for-the-2008-8-hour-ozone-national,101,30.0,6.0,2026-08-24T03:37:09Z
2025-11248,Consumer Financial Civil Penalty Fund Rule Amendment,2025-06-18,2025-07-18,3,Consumer Financial Protection Bureau,1,https://www.federalregister.gov/documents/2025/06/18/2025-11248/consumer-financial-civil-penalty-fund-rule-amendment,100,30.0,3.0,2026-08-24T03:37:09Z
2025-11220,"Establishment of Restricted Areas R-5305A, R-5305B, and R-5305C; Camp Lejeune, NC; and Restricted Areas R-5307A, R-5307B, and R-5307C; Cherry Point, NC",2025-06-18,2025-07-18,3,Transportation Department,2,https://www.federalregister.gov/documents/2025/06/18/2025-11220/establishment-of-restricted-areas-r-5305a-r-5305b-and-r-5305c-camp-lejeune-nc-and-restricted-areas,106,30.0,3.0,2026-08-24T03:37:09Z
2025-11218,"Amendment of Class E Airspace; Lacon, IL",2025-06-18,2025-08-04,3,Transportation Department,2,https://www.federalregister.gov/documents/2025/06/18/2025-11218/amendment-of-class-e-airspace-lacon-il,89,47.0,1.9148936170212765,2026-08-24T03:37:09Z
2025-11213,Airworthiness Directives; Airbus Helicopters Deutschland GmbH,2025-06-18,2025-08-04,4,Transportation Department,2,https://www.federalregister.gov/documents/2025/06/18/2025-11213/airworthiness-directives-airbus-helicopters-deutschland-gmbh,91,47.0,2.5531914893617023,2026-08-24T03:37:09Z
2025-11212,Airworthiness Directives; Hélicoptères Guimbal Helicopters,2025-06-18,2025-08-04,4,Transportation Department,2,https://www.federalregister.gov/documents/2025/06/18/2025-11212/airworthiness-directives-hlicoptres-guimbal-helicopters,86,47.0,2.5531914893617023,2026-08-24T03:37:09Z
2025-11190,Proposal To Reissue and Modify Nationwide Permits,2025-06-18,2025-07-18,68,Defense Department,2,https://www.federalregister.gov/documents/2025/06/18/2025-11190/proposal-to-reissue-and-modify-nationwide-permits,200,30.0,68.0,2026-08-24T03:37:09Z
2025-11171,Airworthiness Directives; Airbus SAS Airplanes,2025-06-17,2025-08-01,4,Transportation Department,2,https://www.federalregister.gov/documents/2025/06/17/2025-11171/airworthiness-directives-airbus-sas-airplanes,111,45.0,2.666666666666667,2026-08-24T03:37:09Z
2025-11128,"Renewable Fuel Standard (RFS) Program: Standards for 2026 and 2027, Partial Waiver of 2025 Cellulosic Biofuel Volume Requirement, and Other Changes",2025-06-17,2025-08-08,88,Environmental Protection Agency,1,https://www.federalregister.gov/documents/2025/06/17/2025-11128/renewable-fuel-standard-rfs-program-standards-for-2026-and-2027-partial-waiver-of-2025-cellulosic,131,52.0,50.76923076923077,2026-08-24T03:37:09Z
2025-11125,Notice of Availability of Draft FAA Notice N 8100.20 Regarding Organization Designation Authorization (ODA) Holder Ethics Training,2025-06-17,2025-07-17,2,Transportation Department,2,https://www.federalregister.gov/documents/2025/06/17/2025-11125/notice-of-availability-of-draft-faa-notice-n-810020-regarding-organization-designation-authorization,38,30.0,2.0,2026-08-24T03:37:09Z
2025-11116,"Special Local Regulation; Oak Harbor, WA",2025-06-17,2025-07-17,3,Homeland Security Department,2,https://www.federalregister.gov/documents/2025/06/17/2025-11116/special-local-regulation-oak-harbor-wa,96,30.0,3.0,2026-08-24T03:37:09Z
2025-11110,Withdrawal of Proposed Regulatory Actions,2025-06-17,,3,Securities and Exchange Commission,1,https://www.federalregister.gov/documents/2025/06/17/2025-11110/withdrawal-of-proposed-regulatory-actions,56,,,2026-08-24T03:37:09Z
2025-11078,"Establishment, Modification, and Revocation of Class E Airspace; Alaska, AK",2025-06-17,2025-08-01,8,Transportation Department,2,https://www.federalregister.gov/documents/2025/06/17/2025-11078/establishment-modification-and-revocation-of-class-e-airspace-alaska-ak,161,45.0,5.333333333333334,2026-08-24T03:37:09Z
2025-10992,National Emission Standards for Hazardous Air Pollutants: Coal- and Oil-Fired Electric Utility Steam Generating Units,2025-06-17,2025-08-11,12,Environmental Protection Agency,1,https://www.federalregister.gov/documents/2025/06/17/2025-10992/national-emission-standards-for-hazardous-air-pollutants-coal--and-oil-fired-electric-utility-steam,105,55.0,6.545454545454545,2026-08-24T03:37:09Z
2025-10991,Repeal of Greenhouse Gas Emissions Standards for Fossil Fuel-Fired Electric Generating Units,2025-06-17,2025-08-07,30,Environmental Protection Agency,1,https://www.federalregister.gov/documents/2025/06/17/2025-10991/repeal-of-greenhouse-gas-emissions-standards-for-fossil-fuel-fired-electric-generating-units,143,51.0,17.647058823529413,2026-08-24T03:37:09Z
2025-10957,Texas Underground Injection Control (UIC) Program; Class VI Primacy,2025-06-17,2025-08-01,6,Environmental Protection Agency,1,https://www.federalregister.gov/documents/2025/06/17/2025-10957/texas-underground-injection-control-uic-program-class-vi-primacy,101,45.0,4.0,2026-08-24T03:37:09Z
2025-10934,Airworthiness Directives; Airbus SAS Airplanes,2025-06-17,2025-08-01,4,Transportation Department,2,https://www.federalregister.gov/documents/2025/06/17/2025-10934/airworthiness-directives-airbus-sas-airplanes,110,45.0,2.666666666666667,2026-08-24T03:37:09Z
2025-10785,Endangered and Threatened Wildlife and Plants; Removal of Gila Chub From the List of Endangered and Threatened Wildlife,2025-06-17,2025-08-18,8,Interior Department,2,https://www.federalregister.gov/documents/2025/06/17/2025-10785/endangered-and-threatened-wildlife-and-plants-removal-of-gila-chub-from-the-list-of-endangered-and,104,62.0,3.870967741935484,2026-08-24T03:37:09Z
2025-10777,Endangered and Threatened Wildlife and Plants; Three Species Not Warranted for Listing as Endangered or Threatened Species,2025-06-17,,6,Interior Department,2,https://www.federalregister.gov/documents/2025/06/17/2025-10777/endangered-and-threatened-wildlife-and-plants-three-species-not-warranted-for-listing-as-endangered,104,,,2026-08-24T03:37:09Z
2025-10288,Endangered and Threatened Wildlife and Plants; Endangered Species Status for Seven Species of Pangolin,2025-06-17,2025-08-18,19,Interior Department,2,https://www.federalregister.gov/documents/2025/06/17/2025-10288/endangered-and-threatened-wildlife-and-plants-endangered-species-status-for-seven-species-of,171,62.0,9.193548387096774,2026-08-24T03:37:09Z
2025-11073,Review of the Commission's Assessment and Collection of Regulatory Fees for Fiscal Year 2025,2025-06-16,2025-07-07,51,Federal Communications Commission,1,https://www.federalregister.gov/documents/2025/06/16/2025-11073/review-of-the-commissions-assessment-and-collection-of-regulatory-fees-for-fiscal-year-2025,33,21.0,72.85714285714285,2026-08-24T03:37:09Z
2025-11050,Airworthiness Directives; The Boeing Company Airplanes,2025-06-16,2025-07-31,4,Transportation Department,2,https://www.federalregister.gov/documents/2025/06/16/2025-11050/airworthiness-directives-the-boeing-company-airplanes,127,45.0,2.666666666666667,2026-08-24T03:37:09Z
2025-11032,Airworthiness Directives; The Boeing Company Airplanes,2025-06-16,2025-07-31,4,Transportation Department,2,https://www.federalregister.gov/documents/2025/06/16/2025-11032/airworthiness-directives-the-boeing-company-airplanes,107,45.0,2.666666666666667,2026-08-24T03:37:09Z
2025-10999,"Rescission of the “Ten-Day Notices and Corrective Action for State Regulatory Program Issues” Rule, Issued April 9, 2024",2025-06-16,2025-07-16,7,Interior Department,2,https://www.federalregister.gov/documents/2025/06/16/2025-10999/rescission-of-the-ten-day-notices-and-corrective-action-for-state-regulatory-program-issues-rule,112,30.0,7.0,2026-08-24T03:37:09Z
2025-10998,Call Authentication Trust Anchor,2025-06-16,2025-07-16,15,Federal Communications Commission,1,https://www.federalregister.gov/documents/2025/06/16/2025-10998/call-authentication-trust-anchor,61,30.0,15.0,2026-08-24T03:37:09Z
2025-10997,Petition for Reconsideration of Action in Rulemaking Proceeding; Correction,2025-06-16,,2,Federal Communications Commission,1,https://www.federalregister.gov/documents/2025/06/16/2025-10997/petition-for-reconsideration-of-action-in-rulemaking-proceeding-correction,35,,,2026-08-24T03:37:09Z
2025-10938,"Special Local Regulation; 100th Annual Pony Swim, Chincoteague Inlet and Surrounding Waters, Sector Virginia Captain of the Port Zone",2025-06-16,2025-06-30,4,Homeland Security Department,2,https://www.federalregister.gov/documents/2025/06/16/2025-10938/special-local-regulation-100th-annual-pony-swim-chincoteague-inlet-and-surrounding-waters-sector,88,14.0,8.571428571428571,2026-08-24T03:37:09Z
2025-10937,"Regulated Navigation Area; Illinois River, Naplate, IL",2025-06-16,2025-07-16,3,Homeland Security Department,2,https://www.federalregister.gov/documents/2025/06/16/2025-10937/regulated-navigation-area-illinois-river-naplate-il,104,30.0,3.0,2026-08-24T03:37:09Z
2025-10898,Amendment of VOR Federal Airway V-300; Northcentral United States,2025-06-16,2025-07-31,2,Transportation Department,2,https://www.federalregister.gov/documents/2025/06/16/2025-10898/amendment-of-vor-federal-airway-v-300-northcentral-united-states,43,45.0,1.3333333333333335,2026-08-24T03:37:09Z
2025-10822,Airworthiness Directives; Airbus SAS Airplanes,2025-06-16,2025-07-31,4,Transportation Department,2,https://www.federalregister.gov/documents/2025/06/16/2025-10822/airworthiness-directives-airbus-sas-airplanes,110,45.0,2.666666666666667,2026-08-24T03:37:09Z
2025-10799,Modernizing Spectrum Sharing for Satellite Broadband,2025-06-13,2025-07-28,10,Federal Communications Commission,1,https://www.federalregister.gov/documents/2025/06/13/2025-10799/modernizing-spectrum-sharing-for-satellite-broadband,42,45.0,6.666666666666666,2026-08-24T03:37:09Z
2025-10765,"Anchorage Regulations; Anchorage D & E Disestablishment, Chicago, IL",2025-06-13,2025-07-14,3,Homeland Security Department,2,https://www.federalregister.gov/documents/2025/06/13/2025-10765/anchorage-regulations-anchorage-d-and-e-disestablishment-chicago-il,53,31.0,2.903225806451613,2026-08-24T03:37:09Z
2025-10764,Airworthiness Directives; International Aero Engines AG Engines,2025-06-13,2025-07-28,3,Transportation Department,2,https://www.federalregister.gov/documents/2025/06/13/2025-10764/airworthiness-directives-international-aero-engines-ag-engines,95,45.0,2.0,2026-08-24T03:37:09Z
2025-10759,Airworthiness Directives; The Boeing Company Airplanes,2025-06-13,2025-07-28,3,Transportation Department,2,https://www.federalregister.gov/documents/2025/06/13/2025-10759/airworthiness-directives-the-boeing-company-airplanes,95,45.0,2.0,2026-08-24T03:37:09Z
2025-10758,System for Regulating Rates and Classes for Market Dominant Products,2025-06-13,2025-07-14,2,Postal Regulatory Commission,1,https://www.federalregister.gov/documents/2025/06/13/2025-10758/system-for-regulating-rates-and-classes-for-market-dominant-products,116,31.0,1.935483870967742,2026-08-24T03:37:09Z
2025-10717,"Christmas Tree Promotion, Research, and Information Order",2025-06-13,2025-07-14,6,Agriculture Department,2,https://www.federalregister.gov/documents/2025/06/13/2025-10717/christmas-tree-promotion-research-and-information-order,102,31.0,5.806451612903226,2026-08-24T03:37:09Z
2025-10701,"Safety Zone; Gulf of America; Sand Key Beach, Clearwater, FL",2025-06-12,2025-07-14,3,Homeland Security Department,2,https://www.federalregister.gov/documents/2025/06/12/2025-10701/safety-zone-gulf-of-america-sand-key-beach-clearwater-fl,102,32.0,2.8125,2026-08-24T03:37:09Z
2025-10611,Federal Acquisition Regulation: Protests of Orders Under Certain Multiple-Award Contracts,2025-06-12,,2,Management and Budget Office,6,https://www.federalregister.gov/documents/2025/06/12/2025-10611/federal-acquisition-regulation-protests-of-orders-under-certain-multiple-award-contracts,37,,,2026-08-24T03:37:09Z
2025-10610,Federal Acquisition Regulation: Small Business Participation on Certain Multiple-Award Contracts,2025-06-12,,2,Management and Budget Office,5,https://www.federalregister.gov/documents/2025/06/12/2025-10610/federal-acquisition-regulation-small-business-participation-on-certain-multiple-award-contracts,37,,,2026-08-24T03:37:09Z
2025-10609,Federal Acquisition Regulation: Small Business Innovation Research and Technology Transfer Programs,2025-06-12,,1,Management and Budget Office,5,https://www.federalregister.gov/documents/2025/06/12/2025-10609/federal-acquisition-regulation-small-business-innovation-research-and-technology-transfer-programs,64,,,2026-08-24T03:37:09Z
2025-10477,Lower 37 GHz Band and Use of Spectrum Bands Above 24 GHz for Mobile Radio Service,2025-06-12,2025-07-14,7,Federal Communications Commission,1,https://www.federalregister.gov/documents/2025/06/12/2025-10477/lower-37-ghz-band-and-use-of-spectrum-bands-above-24-ghz-for-mobile-radio-service,103,32.0,6.5625,2026-08-24T03:37:09Z
2025-10549,Hematology and Pathology Devices; Reclassification of In Situ Hybridization Test Systems for Use With a Corresponding Approved Oncology Therapeutic Product,2025-06-11,2025-08-11,10,Health and Human Services Department,2,https://www.federalregister.gov/documents/2025/06/11/2025-10549/hematology-and-pathology-devices-reclassification-of-in-situ-hybridization-test-systems-for-use-with,79,61.0,4.918032786885245,2026-08-24T03:37:09Z
2025-10548,Air Plan Approval; West Virginia; 2024 Amendments to West Virginia's Ambient Air Quality Standards,2025-06-11,2025-07-11,2,Environmental Protection Agency,1,https://www.federalregister.gov/documents/2025/06/11/2025-10548/air-plan-approval-west-virginia-2024-amendments-to-west-virginias-ambient-air-quality-standards,58,30.0,2.0,2026-08-24T03:37:09Z
2025-10547,Approval and Promulgation of Air Quality Implementation Plans; West Virginia; Revisions to Regulation for Control of Ozone Season Nitrogen Oxide Emissions,2025-06-11,2025-07-11,6,Environmental Protection Agency,1,https://www.federalregister.gov/documents/2025/06/11/2025-10547/approval-and-promulgation-of-air-quality-implementation-plans-west-virginia-revisions-to-regulation,103,30.0,6.0,2026-08-24T03:37:09Z
2025-10546,Air Plan Approval; Delaware; Motor Vehicle Inspection and Maintenance Program Certification,2025-06-11,2025-07-11,6,Environmental Protection Agency,1,https://www.federalregister.gov/documents/2025/06/11/2025-10546/air-plan-approval-delaware-motor-vehicle-inspection-and-maintenance-program-certification,72,30.0,6.0,2026-08-24T03:37:09Z
2025-10050,"Review of Submarine Cable Landing License Rules and Procedures To Assess Evolving National Security, Law Enforcement, Foreign Policy, and Trade Policy Risks; Schedule of Application Fees",2025-06-11,,2,Federal Communications Commission,1,https://www.federalregister.gov/documents/2025/06/11/2025-10050/review-of-submarine-cable-landing-license-rules-and-procedures-to-assess-evolving-national-security,77,,,2026-08-24T03:37:09Z
2025-10529,"Establishment of Class E Airspace; Zuni, NM",2025-06-10,2025-07-25,3,Transportation Department,2,https://www.federalregister.gov/documents/2025/06/10/2025-10529/establishment-of-class-e-airspace-zuni-nm,30,45.0,2.0,2026-08-24T03:37:09Z
2025-10503,Schedules of Controlled Substances: Placement of 3-Methoxyphencyclidine (1-[1-(3-methoxyphenyl)cyclohexyl]piperidine) in Schedule I,2025-06-10,2025-07-10,9,Justice Department,2,https://www.federalregister.gov/documents/2025/06/10/2025-10503/schedules-of-controlled-substances-placement-of-3-methoxyphencyclidine,95,30.0,9.0,2026-08-24T03:37:09Z
2025-10469,"Updates to the Popcorn Promotion, Research, and Consumer Information Order",2025-06-10,2025-07-10,3,Agriculture Department,2,https://www.federalregister.gov/documents/2025/06/10/2025-10469/updates-to-the-popcorn-promotion-research-and-consumer-information-order,71,30.0,3.0,2026-08-24T03:37:09Z
2025-10431,"Amendment of Class D and E Airspace Over Hickory and Morganton, NC",2025-06-10,2025-07-25,3,Transportation Department,2,https://www.federalregister.gov/documents/2025/06/10/2025-10431/amendment-of-class-d-and-e-airspace-over-hickory-and-morganton-nc,148,45.0,2.0,2026-08-24T03:37:09Z
2025-10424,"Amendment of Class D and Class E5 Airspace Over Kinston, NC",2025-06-10,2025-07-25,2,Transportation Department,2,https://www.federalregister.gov/documents/2025/06/10/2025-10424/amendment-of-class-d-and-class-e5-airspace-over-kinston-nc,50,45.0,1.3333333333333335,2026-08-24T03:37:09Z
2025-10422,"Amendment of Class D and Class E5 Airspace; Revocation of Class E4 Airspace Dover, DE",2025-06-10,2025-07-25,3,Transportation Department,2,https://www.federalregister.gov/documents/2025/06/10/2025-10422/amendment-of-class-d-and-class-e5-airspace-revocation-of-class-e4-airspace-dover-de,125,45.0,2.0,2026-08-24T03:37:09Z
2025-10372,Schedules of Controlled Substances: Placement of Three Specific Fentanyl-Related Substances in Schedule I,2025-06-10,2025-07-10,9,Justice Department,2,https://www.federalregister.gov/documents/2025/06/10/2025-10372/schedules-of-controlled-substances-placement-of-three-specific-fentanyl-related-substances-in,148,30.0,9.0,2026-08-24T03:37:09Z
2025-10294,Endangered and Threatened Wildlife and Plants; Two Species Not Warranted for Listing as Endangered or Threatened Species,2025-06-10,,4,Interior Department,2,https://www.federalregister.gov/documents/2025/06/10/2025-10294/endangered-and-threatened-wildlife-and-plants-two-species-not-warranted-for-listing-as-endangered-or,100,,,2026-08-24T03:37:09Z
2025-10428,Concept Release on Foreign Private Issuer Eligibility,2025-06-09,2025-09-08,25,Securities and Exchange Commission,1,https://www.federalregister.gov/documents/2025/06/09/2025-10428/concept-release-on-foreign-private-issuer-eligibility,91,91.0,8.241758241758243,2026-08-24T03:37:09Z
2025-10418,"Drawbridge Operation Regulation; Inside Thorofare, Ventnor City, New Jersey",2025-06-09,2025-07-09,2,Homeland Security Department,2,https://www.federalregister.gov/documents/2025/06/09/2025-10418/drawbridge-operation-regulation-inside-thorofare-ventnor-city-new-jersey,59,30.0,2.0,2026-08-24T03:37:09Z
2025-10414,Periodic Reporting,2025-06-09,2025-07-01,1,Postal Regulatory Commission,1,https://www.federalregister.gov/documents/2025/06/09/2025-10414/periodic-reporting,42,22.0,1.3636363636363638,2026-08-24T03:37:09Z
2025-10375,"Amendment of Class D and Class E Airspace; Morgantown, WV: Withdrawal",2025-06-09,,1,Transportation Department,2,https://www.federalregister.gov/documents/2025/06/09/2025-10375/amendment-of-class-d-and-class-e-airspace-morgantown-wv-withdrawal,81,,,2026-08-24T03:37:09Z
2025-10208,"Pesticide Tolerances; Implementing Registration Review Decisions for Certain Pesticides; Hydrogen Cyanide, et al.",2025-06-09,2025-08-08,8,Environmental Protection Agency,1,https://www.federalregister.gov/documents/2025/06/09/2025-10208/pesticide-tolerances-implementing-registration-review-decisions-for-certain-pesticides-hydrogen,95,60.0,4.0,2026-08-24T03:37:09Z
2025-10348,Pipeline Safety: Notice of Intent To Prepare an Environmental Impact Statement for the Amendments to Liquefied Natural Gas Facilities Rulemaking,2025-06-06,2025-07-07,2,Transportation Department,2,https://www.federalregister.gov/documents/2025/06/06/2025-10348/pipeline-safety-notice-of-intent-to-prepare-an-environmental-impact-statement-for-the-amendments-to,101,31.0,1.935483870967742,2026-08-24T03:37:09Z
2025-10332,Airworthiness Directives; Pratt & Whitney Division Engines,2025-06-06,2025-07-21,3,Transportation Department,2,https://www.federalregister.gov/documents/2025/06/06/2025-10332/airworthiness-directives-pratt-and-whitney-division-engines,138,45.0,2.0,2026-08-24T03:37:09Z
2025-10324,Revised Industry Codes and Standards for Production and Utilization Facilities,2025-06-06,2025-08-05,3,Nuclear Regulatory Commission,1,https://www.federalregister.gov/documents/2025/06/06/2025-10324/revised-industry-codes-and-standards-for-production-and-utilization-facilities,118,60.0,1.5,2026-08-24T03:37:09Z
2025-10261,Medicare Program; Hospital Inpatient Prospective Payment Systems for Acute Care Hospitals and the Long-Term Care Hospital Prospective Payment System and Policy Changes and Fiscal Year 2026 Rates; Requirements for Quality Programs; and Other Policy Changes; Correction,2025-06-05,,2,Health and Human Services Department,2,https://www.federalregister.gov/documents/2025/06/05/2025-10261/medicare-program-hospital-inpatient-prospective-payment-systems-for-acute-care-hospitals-and-the,56,,,2026-08-24T03:37:09Z
2025-10244,Parts and Accessories Necessary for Safe Operation; Liquid-Burning Flares; Correction,2025-06-05,2025-07-29,2,Transportation Department,2,https://www.federalregister.gov/documents/2025/06/05/2025-10244/parts-and-accessories-necessary-for-safe-operation-liquid-burning-flares-correction,71,54.0,1.1111111111111112,2026-08-24T03:37:09Z
2025-10191,Endangered and Threatened Wildlife and Plants; Endangered Species Status for Ghost Orchid,2025-06-05,2025-08-04,15,Interior Department,2,https://www.federalregister.gov/documents/2025/06/05/2025-10191/endangered-and-threatened-wildlife-and-plants-endangered-species-status-for-ghost-orchid,135,60.0,7.5,2026-08-24T03:37:09Z
2025-10158,Determining and Applying Unaffiliated Reseller Assessment Rates; Modification or Removal of Countervailing Duty Expedited Reviews,2025-06-04,2025-07-07,3,Commerce Department,2,https://www.federalregister.gov/documents/2025/06/04/2025-10158/determining-and-applying-unaffiliated-reseller-assessment-rates-modification-or-removal-of,119,33.0,2.7272727272727275,2026-08-24T03:37:09Z
2025-10137,"Safety Zone; Rainy Lake, City of Ranier, MN",2025-06-04,2025-07-07,3,Homeland Security Department,2,https://www.federalregister.gov/documents/2025/06/04/2025-10137/safety-zone-rainy-lake-city-of-ranier-mn,84,33.0,2.7272727272727275,2026-08-24T03:37:09Z
2025-10110,Fisheries of the Exclusive Economic Zone Off Alaska; Amendment 125 to the Bering Sea and Aleutian Islands Fishery Management Plan; Pacific Cod Small Boat Access,2025-06-04,2025-08-04,2,Commerce Department,2,https://www.federalregister.gov/documents/2025/06/04/2025-10110/fisheries-of-the-exclusive-economic-zone-off-alaska-amendment-125-to-the-bering-sea-and-aleutian,118,61.0,0.9836065573770493,2026-08-24T03:37:09Z
2025-10091,Hazardous Materials: Mandatory Regulatory Reviews To Unleash American Energy and Improve Government Efficiency,2025-06-04,2025-08-04,5,Transportation Department,2,https://www.federalregister.gov/documents/2025/06/04/2025-10091/hazardous-materials-mandatory-regulatory-reviews-to-unleash-american-energy-and-improve-government,55,61.0,2.4590163934426226,2026-08-24T03:37:09Z
2025-10090,Pipeline Safety: Mandatory Regulatory Reviews To Unleash American Energy and Improve Government Efficiency,2025-06-04,2025-08-04,4,Transportation Department,2,https://www.federalregister.gov/documents/2025/06/04/2025-10090/pipeline-safety-mandatory-regulatory-reviews-to-unleash-american-energy-and-improve-government,46,61.0,1.9672131147540985,2026-08-24T03:37:09Z
2025-10036,Air Plan Approval; California; Eastern Kern Air Pollution Control District; Portland Cement Kilns,2025-06-04,2025-07-07,3,Environmental Protection Agency,1,https://www.federalregister.gov/documents/2025/06/04/2025-10036/air-plan-approval-california-eastern-kern-air-pollution-control-district-portland-cement-kilns,81,33.0,2.7272727272727275,2026-08-24T03:37:09Z
2025-09279,Facilitating Implementation of Next Generation 911 Services (NG911); Improving 911 Reliability,2025-06-04,2025-08-18,44,Federal Communications Commission,1,https://www.federalregister.gov/documents/2025/06/04/2025-09279/facilitating-implementation-of-next-generation-911-services-ng911-improving-911-reliability,301,75.0,17.6,2026-08-24T03:37:09Z
2025-10067,Suitability and Fitness,2025-06-03,2025-07-03,11,Personnel Management Office,1,https://www.federalregister.gov/documents/2025/06/03/2025-10067/suitability-and-fitness,84,30.0,11.0,2026-08-24T03:37:09Z
2025-10058,Rescission of the Management and Protection of the National Petroleum Reserve in Alaska Regulations,2025-06-03,2025-08-04,6,Interior Department,2,https://www.federalregister.gov/documents/2025/06/03/2025-10058/rescission-of-the-management-and-protection-of-the-national-petroleum-reserve-in-alaska-regulations,38,62.0,2.903225806451613,2026-08-24T03:37:09Z
2025-10038,Air Plan Approval; IA; Alter Metal Recycling Permit Modification,2025-06-03,2025-07-03,3,Environmental Protection Agency,1,https://www.federalregister.gov/documents/2025/06/03/2025-10038/air-plan-approval-ia-alter-metal-recycling-permit-modification,103,30.0,3.0,2026-08-24T03:37:09Z
2025-10022,National Priorities List; Addition of Exide Technologies-Vernon Site; Notification of Data Availability and Request for Comment,2025-06-03,2025-07-03,2,Environmental Protection Agency,1,https://www.federalregister.gov/documents/2025/06/03/2025-10022/national-priorities-list-addition-of-exide-technologies-vernon-site-notification-of-data,85,30.0,2.0,2026-08-24T03:37:09Z
2025-09999,Determination of Attainment by the Attainment Date; California; Mariposa County; 2015 8-Hour Ozone National Ambient Air Quality Standards,2025-06-03,2025-07-03,5,Environmental Protection Agency,1,https://www.federalregister.gov/documents/2025/06/03/2025-09999/determination-of-attainment-by-the-attainment-date-california-mariposa-county-2015-8-hour-ozone,108,30.0,5.0,2026-08-24T03:37:09Z
2025-09996,Air Plan Approval; New Jersey; Memorandum of Agreement To Address NOX SIP Call Requirements,2025-06-03,2025-07-03,5,Environmental Protection Agency,1,https://www.federalregister.gov/documents/2025/06/03/2025-09996/air-plan-approval-new-jersey-memorandum-of-agreement-to-address-nox-sip-call-requirements,96,30.0,5.0,2026-08-24T03:37:09Z
2025-09991,Rescission of Affirmative Fair Housing Marketing Regulations,2025-06-03,2025-07-03,4,Housing and Urban Development Department,1,https://www.federalregister.gov/documents/2025/06/03/2025-09991/rescission-of-affirmative-fair-housing-marketing-regulations,43,30.0,4.0,2026-08-24T03:37:09Z
2025-09988,Schedules of Controlled Substances: Placement of 4-Fluoroamphetamine in Schedule I,2025-06-03,2025-07-03,7,Justice Department,2,https://www.federalregister.gov/documents/2025/06/03/2025-09988/schedules-of-controlled-substances-placement-of-4-fluoroamphetamine-in-schedule-i,98,30.0,7.0,2026-08-24T03:37:09Z
2025-09983,Designation of Propionyl Chloride as a List I Chemical,2025-06-03,2025-07-03,7,Justice Department,2,https://www.federalregister.gov/documents/2025/06/03/2025-09983/designation-of-propionyl-chloride-as-a-list-i-chemical,183,30.0,7.0,2026-08-24T03:37:09Z
2025-09981,Source of Income From Cloud Transactions; Hearing,2025-06-03,,2,Treasury Department,2,https://www.federalregister.gov/documents/2025/06/03/2025-09981/source-of-income-from-cloud-transactions-hearing,31,,,2026-08-24T03:37:09Z
2025-09890,Updates to Pavement Regulations,2025-06-03,,1,Transportation Department,2,https://www.federalregister.gov/documents/2025/06/03/2025-09890/updates-to-pavement-regulations,31,,,2026-08-24T03:37:09Z
2025-09888,Incorporating Safety Into Federal-Aid Programs and Projects,2025-06-03,,2,Transportation Department,2,https://www.federalregister.gov/documents/2025/06/03/2025-09888/incorporating-safety-into-federal-aid-programs-and-projects,34,,,2026-08-24T03:37:09Z
2025-09887,"Update of 23 CFR Part 630, Subparts A and G",2025-06-03,,2,Transportation Department,2,https://www.federalregister.gov/documents/2025/06/03/2025-09887/update-of-23-cfr-part-630-subparts-a-and-g,56,,,2026-08-24T03:37:09Z
2025-09931,"Prevailing Rate Systems; Abolishment of Hennepin, Minnesota, as a Nonappropriated Fund Federal Wage System Wage Area",2025-06-02,2025-07-02,3,Personnel Management Office,1,https://www.federalregister.gov/documents/2025/06/02/2025-09931/prevailing-rate-systems-abolishment-of-hennepin-minnesota-as-a-nonappropriated-fund-federal-wage,82,30.0,3.0,2026-08-24T03:37:09Z
2025-09896,Airworthiness Directives; Pratt & Whitney Engines,2025-06-02,2025-07-17,4,Transportation Department,2,https://www.federalregister.gov/documents/2025/06/02/2025-09896/airworthiness-directives-pratt-and-whitney-engines,128,45.0,2.666666666666667,2026-08-24T03:37:09Z
2025-09895,Airworthiness Directives; Airbus Helicopters,2025-06-02,2025-07-17,4,Transportation Department,2,https://www.federalregister.gov/documents/2025/06/02/2025-09895/airworthiness-directives-airbus-helicopters,90,45.0,2.666666666666667,2026-08-24T03:37:09Z
2025-09892,Airworthiness Directives; Airbus Helicopters,2025-06-02,2025-07-17,4,Transportation Department,2,https://www.federalregister.gov/documents/2025/06/02/2025-09892/airworthiness-directives-airbus-helicopters,148,45.0,2.666666666666667,2026-08-24T03:37:09Z
2025-09858,Request for Information Regarding the Prescription Drug Machine-Readable File Requirement in the Transparency in Coverage Final Rule,2025-06-02,2025-07-02,6,Treasury Department,5,https://www.federalregister.gov/documents/2025/06/02/2025-09858/request-for-information-regarding-the-prescription-drug-machine-readable-file-requirement-in-the,89,30.0,6.0,2026-08-24T03:37:09Z
2025-09819,Petition for Reconsideration of Action in Rulemaking Proceeding,2025-05-30,,1,Federal Communications Commission,1,https://www.federalregister.gov/documents/2025/05/30/2025-09819/petition-for-reconsideration-of-action-in-rulemaking-proceeding,40,,,2026-08-24T03:37:09Z
2025-09770,Airworthiness Directives; The Boeing Company Airplanes,2025-05-30,2025-07-14,4,Transportation Department,2,https://www.federalregister.gov/documents/2025/05/30/2025-09770/airworthiness-directives-the-boeing-company-airplanes,147,45.0,2.666666666666667,2026-08-24T03:37:09Z
2025-09754,Rescinding Requirements Regarding Geodetic Markers,2025-05-30,2025-06-30,3,Transportation Department,2,https://www.federalregister.gov/documents/2025/05/30/2025-09754/rescinding-requirements-regarding-geodetic-markers,16,31.0,2.903225806451613,2026-08-24T03:37:09Z
2025-09752,Removing Obsolete Procedures From the Consumer Assistance to Recycle and Save Act of 2009,2025-05-30,,4,Transportation Department,2,https://www.federalregister.gov/documents/2025/05/30/2025-09752/removing-obsolete-procedures-from-the-consumer-assistance-to-recycle-and-save-act-of-2009,19,,,2026-08-24T03:37:09Z
2025-09751,Removing Obsolete Directives From Phase-In Reporting Requirements,2025-05-30,,5,Transportation Department,2,https://www.federalregister.gov/documents/2025/05/30/2025-09751/removing-obsolete-directives-from-phase-in-reporting-requirements,12,,,2026-08-24T03:37:09Z
2025-09750,"Federal Motor Vehicle Safety Standard No. 213a; Child Restraint Systems-Side Impact Protection; Federal Motor Vehicle Safety Standard No. 213; Child Restraint Systems, Federal Motor Vehicle Safety Standard No. 213b; Child Restraint Systems",2025-05-30,2025-06-30,10,Transportation Department,2,https://www.federalregister.gov/documents/2025/05/30/2025-09750/federal-motor-vehicle-safety-standard-no-213a-child-restraint-systems-side-impact-protection-federal,160,31.0,9.67741935483871,2026-08-24T03:37:09Z
2025-09749,"Federal Motor Vehicle Safety Standards No. 304, Compressed Natural Gas Fuel Container Integrity",2025-05-30,,4,Transportation Department,2,https://www.federalregister.gov/documents/2025/05/30/2025-09749/federal-motor-vehicle-safety-standards-no-304-compressed-natural-gas-fuel-container-integrity,21,,,2026-08-24T03:37:09Z
2025-09748,"Federal Motor Vehicle Safety Standards No. 303, Fuel System Integrity of Compressed Natural Gas Vehicles",2025-05-30,,5,Transportation Department,2,https://www.federalregister.gov/documents/2025/05/30/2025-09748/federal-motor-vehicle-safety-standards-no-303-fuel-system-integrity-of-compressed-natural-gas,21,,,2026-08-24T03:37:09Z
2025-09747,"Federal Motor Vehicle Safety Standards No. 301, Fuel System Integrity",2025-05-30,,4,Transportation Department,2,https://www.federalregister.gov/documents/2025/05/30/2025-09747/federal-motor-vehicle-safety-standards-no-301-fuel-system-integrity,19,,,2026-08-24T03:37:09Z
2025-09746,Federal Motor Vehicle Safety Standards No. 222; School Bus Passenger Seating and Crash Protection,2025-05-30,2025-07-29,5,Transportation Department,2,https://www.federalregister.gov/documents/2025/05/30/2025-09746/federal-motor-vehicle-safety-standards-no-222-school-bus-passenger-seating-and-crash-protection,23,60.0,2.5,2026-08-24T03:37:09Z
2025-09745,Federal Motor Vehicle Safety Standard No. 217; Bus Emergency Exits and Window Retention and Release,2025-05-30,,4,Transportation Department,2,https://www.federalregister.gov/documents/2025/05/30/2025-09745/federal-motor-vehicle-safety-standard-no-217-bus-emergency-exits-and-window-retention-and-release,24,,,2026-08-24T03:37:09Z
2025-09744,"Federal Motor Vehicle Safety Standard; No. 216; Roof Crush Resistance, Federal Motor Vehicle Safety Standard No. 216a; Roof Crush Resistance; Upgraded Standard",2025-05-30,2025-07-29,4,Transportation Department,2,https://www.federalregister.gov/documents/2025/05/30/2025-09744/federal-motor-vehicle-safety-standard-no-216-roof-crush-resistance-federal-motor-vehicle-safety,20,60.0,2.0,2026-08-24T03:37:09Z
2025-09743,"Federal Motor Vehicle Safety Standards No. 214, Side Impact Protection",2025-05-30,2025-07-29,5,Transportation Department,2,https://www.federalregister.gov/documents/2025/05/30/2025-09743/federal-motor-vehicle-safety-standards-no-214-side-impact-protection,19,60.0,2.5,2026-08-24T03:37:09Z
2025-09742,Federal Motor Vehicle Safety Standard No. 210; Seat Belt Assembly Anchorages,2025-05-30,,5,Transportation Department,2,https://www.federalregister.gov/documents/2025/05/30/2025-09742/federal-motor-vehicle-safety-standard-no-210-seat-belt-assembly-anchorages,21,,,2026-08-24T03:37:09Z
2025-09741,Federal Motor Vehicle Safety Standards No. 207; Seating systems,2025-05-30,2025-07-29,5,Transportation Department,2,https://www.federalregister.gov/documents/2025/05/30/2025-09741/federal-motor-vehicle-safety-standards-no-207-seating-systems,18,60.0,2.5,2026-08-24T03:37:09Z
2025-09740,Federal Motor Vehicle Safety Standards No. 206; Door Locks and Door Retention Components,2025-05-30,,4,Transportation Department,2,https://www.federalregister.gov/documents/2025/05/30/2025-09740/federal-motor-vehicle-safety-standards-no-206-door-locks-and-door-retention-components,22,,,2026-08-24T03:37:09Z
2025-09739,"Federal Motor Vehicle Safety Standards No. 205, Glazing Materials; No. 205(a), Glazing Equipment Manufactured Before September 1, 2006, and Glazing Materials Used in Vehicles Manufactured Before November 1, 2006",2025-05-30,2025-07-29,5,Transportation Department,2,https://www.federalregister.gov/documents/2025/05/30/2025-09739/federal-motor-vehicle-safety-standards-no-205-glazing-materials-no-205a-glazing-equipment,33,60.0,2.5,2026-08-24T03:37:09Z
2025-09738,Federal Motor Vehicle Safety Standard No. 204; Steering Control Rearward Displacement,2025-05-30,,6,Transportation Department,2,https://www.federalregister.gov/documents/2025/05/30/2025-09738/federal-motor-vehicle-safety-standard-no-204-steering-control-rearward-displacement,45,,,2026-08-24T03:37:09Z
2025-09737,Rescinding Regulations on Procedures for Advance Construction of Federal-aid Projects,2025-05-30,2025-06-30,2,Transportation Department,2,https://www.federalregister.gov/documents/2025/05/30/2025-09737/rescinding-regulations-on-procedures-for-advance-construction-of-federal-aid-projects,23,31.0,1.935483870967742,2026-08-24T03:37:09Z
2025-09735,Rescinding Regulations Regarding Management Systems Pertaining to the Forest Service and the Forest Highway Program,2025-05-30,2025-06-30,3,Transportation Department,2,https://www.federalregister.gov/documents/2025/05/30/2025-09735/rescinding-regulations-regarding-management-systems-pertaining-to-the-forest-service-and-the-forest,27,31.0,2.903225806451613,2026-08-24T03:37:09Z
2025-09734,Parts and Accessories Necessary for Safe Operation; Tire Load Markings,2025-05-30,2025-07-29,5,Transportation Department,2,https://www.federalregister.gov/documents/2025/05/30/2025-09734/parts-and-accessories-necessary-for-safe-operation-tire-load-markings,53,60.0,2.5,2026-08-24T03:37:09Z
2025-09733,Parts and Accessories Necessary for Safe Operation; License Plate Lamps,2025-05-30,2025-07-29,5,Transportation Department,2,https://www.federalregister.gov/documents/2025/05/30/2025-09733/parts-and-accessories-necessary-for-safe-operation-license-plate-lamps,39,60.0,2.5,2026-08-24T03:37:09Z
2025-09732,Accident Reporting: Modification to the Definition of the Term “Medical Treatment”,2025-05-30,2025-07-29,5,Transportation Department,2,https://www.federalregister.gov/documents/2025/05/30/2025-09732/accident-reporting-modification-to-the-definition-of-the-term-medical-treatment,40,60.0,2.5,2026-08-24T03:37:09Z
2025-09731,Parts and Accessories Necessary for Safe Operation; Auxiliary Fuel Tanks,2025-05-30,2025-07-29,5,Transportation Department,2,https://www.federalregister.gov/documents/2025/05/30/2025-09731/parts-and-accessories-necessary-for-safe-operation-auxiliary-fuel-tanks,87,60.0,2.5,2026-08-24T03:37:09Z
2025-09730,Parts and Accessories Necessary for Safe Operation; Brakes on Portable Conveyors,2025-05-30,2025-07-29,5,Transportation Department,2,https://www.federalregister.gov/documents/2025/05/30/2025-09730/parts-and-accessories-necessary-for-safe-operation-brakes-on-portable-conveyors,73,60.0,2.5,2026-08-24T03:37:09Z
2025-09729,Rescinding Regulations Regarding Management Systems Pertaining to the National Park Service and the Park Roads and Parkways Program,2025-05-30,2025-06-30,3,Transportation Department,2,https://www.federalregister.gov/documents/2025/05/30/2025-09729/rescinding-regulations-regarding-management-systems-pertaining-to-the-national-park-service-and-the,30,31.0,2.903225806451613,2026-08-24T03:37:09Z
2025-09728,Rescinding Requirements Regarding Required Contract Provisions for Federal-Aid Construction Contracts (Other Than Appalachian Contracts),2025-05-30,2025-06-30,3,Transportation Department,2,https://www.federalregister.gov/documents/2025/05/30/2025-09728/rescinding-requirements-regarding-required-contract-provisions-for-federal-aid-construction,18,31.0,2.903225806451613,2026-08-24T03:37:09Z
2025-09727,Removal of Obsolete References to “Water Carriers”,2025-05-30,2025-07-29,5,Transportation Department,2,https://www.federalregister.gov/documents/2025/05/30/2025-09727/removal-of-obsolete-references-to-water-carriers,50,60.0,2.5,2026-08-24T03:37:09Z
2025-09726,Highway Safety Improvement Program; Withdrawal,2025-05-30,,1,Transportation Department,2,https://www.federalregister.gov/documents/2025/05/30/2025-09726/highway-safety-improvement-program-withdrawal,45,,,2026-08-24T03:37:09Z
2025-09724,Rescinding Regulations Regarding Management Systems Pertaining to the Bureau of Indian Affairs and the Indian Reservation Roads Program,2025-05-30,2025-06-30,3,Transportation Department,2,https://www.federalregister.gov/documents/2025/05/30/2025-09724/rescinding-regulations-regarding-management-systems-pertaining-to-the-bureau-of-indian-affairs-and,30,31.0,2.903225806451613,2026-08-24T03:37:09Z
2025-09723,Rescinding Regulations Regarding Management Systems Pertaining to the Fish and Wildlife Service and the Refuge Roads Program,2025-05-30,2025-06-30,3,Transportation Department,2,https://www.federalregister.gov/documents/2025/05/30/2025-09723/rescinding-regulations-regarding-management-systems-pertaining-to-the-fish-and-wildlife-service-and,28,31.0,2.903225806451613,2026-08-24T03:37:09Z
2025-09722,Rescinding Requirements Regarding the Forest Highway Program,2025-05-30,2025-06-30,3,Transportation Department,2,https://www.federalregister.gov/documents/2025/05/30/2025-09722/rescinding-requirements-regarding-the-forest-highway-program,12,31.0,2.903225806451613,2026-08-24T03:37:09Z
2025-09721,Rescinding Requirements Regarding Federal-Aid Contracts for Appalachian Contracts,2025-05-30,2025-06-30,4,Transportation Department,2,https://www.federalregister.gov/documents/2025/05/30/2025-09721/rescinding-requirements-regarding-federal-aid-contracts-for-appalachian-contracts,18,31.0,3.870967741935484,2026-08-24T03:37:09Z
2025-09720,Commercial Driver's License Standards; Requirements and Penalties: Applicability to the Exception for Certain Military Personnel,2025-05-30,2025-07-29,7,Transportation Department,2,https://www.federalregister.gov/documents/2025/05/30/2025-09720/commercial-drivers-license-standards-requirements-and-penalties-applicability-to-the-exception-for,44,60.0,3.5,2026-08-24T03:37:09Z
2025-09719,Parts and Accessories Necessary for Safe Operation; Fuel Tank Overfill Restriction,2025-05-30,2025-07-29,4,Transportation Department,2,https://www.federalregister.gov/documents/2025/05/30/2025-09719/parts-and-accessories-necessary-for-safe-operation-fuel-tank-overfill-restriction,85,60.0,2.0,2026-08-24T03:37:09Z
2025-09718,Driver Vehicle Examination Report Disposition,2025-05-30,2025-07-29,5,Transportation Department,2,https://www.federalregister.gov/documents/2025/05/30/2025-09718/driver-vehicle-examination-report-disposition,106,60.0,2.5,2026-08-24T03:37:09Z
2025-09717,Electronic Driver Vehicle Inspection Reports,2025-05-30,2025-07-29,4,Transportation Department,2,https://www.federalregister.gov/documents/2025/05/30/2025-09717/electronic-driver-vehicle-inspection-reports,59,60.0,2.0,2026-08-24T03:37:09Z
2025-09716,Railroad Grade Crossings; Stopping Required: Exception for Railroad Grade Crossing Equipped With Active Warning Device Not in Activated State,2025-05-30,2025-07-29,6,Transportation Department,2,https://www.federalregister.gov/documents/2025/05/30/2025-09716/railroad-grade-crossings-stopping-required-exception-for-railroad-grade-crossing-equipped-with,102,60.0,3.0,2026-08-24T03:37:09Z
2025-09715,Rescinding Requirements Regarding Bridges on Federal Dams,2025-05-30,2025-06-30,3,Transportation Department,2,https://www.federalregister.gov/documents/2025/05/30/2025-09715/rescinding-requirements-regarding-bridges-on-federal-dams,18,31.0,2.903225806451613,2026-08-24T03:37:09Z
2025-09713,Removal of Self-Reporting Requirement,2025-05-30,2025-07-29,5,Transportation Department,2,https://www.federalregister.gov/documents/2025/05/30/2025-09713/removal-of-self-reporting-requirement,52,60.0,2.5,2026-08-24T03:37:09Z
2025-09712,Federal Motor Vehicle Safety Standards No. 218; Motorcycle Helmets; Withdrawal,2025-05-30,,2,Transportation Department,2,https://www.federalregister.gov/documents/2025/05/30/2025-09712/federal-motor-vehicle-safety-standards-no-218-motorcycle-helmets-withdrawal,77,,,2026-08-24T03:37:09Z
2025-09711,Rescinding the Requirement for Electronic Logging Device Operator's Manual Located in Commercial Motor Vehicles,2025-05-30,2025-07-29,4,Transportation Department,2,https://www.federalregister.gov/documents/2025/05/30/2025-09711/rescinding-the-requirement-for-electronic-logging-device-operators-manual-located-in-commercial,93,60.0,2.0,2026-08-24T03:37:09Z
2025-09710,Parts and Accessories Necessary for Safe Operation; Liquid-Burning Flares,2025-05-30,2025-07-29,5,Transportation Department,2,https://www.federalregister.gov/documents/2025/05/30/2025-09710/parts-and-accessories-necessary-for-safe-operation-liquid-burning-flares,39,60.0,2.5,2026-08-24T03:37:09Z
2025-09707,Qualifications of Drivers; Vision Standards Grandfathering Provision,2025-05-30,2025-07-29,4,Transportation Department,2,https://www.federalregister.gov/documents/2025/05/30/2025-09707/qualifications-of-drivers-vision-standards-grandfathering-provision,68,60.0,2.0,2026-08-24T03:37:09Z
2025-09706,Parts and Accessories Necessary for Safe Operation; Spare Fuses,2025-05-30,2025-07-29,4,Transportation Department,2,https://www.federalregister.gov/documents/2025/05/30/2025-09706/parts-and-accessories-necessary-for-safe-operation-spare-fuses,52,60.0,2.0,2026-08-24T03:37:09Z
2025-09705,Parts and Accessories Necessary for Safe Operation; Retroreflective Sheeting on Semitrailers and Trailers,2025-05-30,2025-07-29,5,Transportation Department,2,https://www.federalregister.gov/documents/2025/05/30/2025-09705/parts-and-accessories-necessary-for-safe-operation-retroreflective-sheeting-on-semitrailers-and,159,60.0,2.5,2026-08-24T03:37:09Z
2025-09704,Parts and Accessories Necessary for Safe Operation; Certification and Labeling Requirements for Rear Impact Protection Guards,2025-05-30,2025-07-29,5,Transportation Department,2,https://www.federalregister.gov/documents/2025/05/30/2025-09704/parts-and-accessories-necessary-for-safe-operation-certification-and-labeling-requirements-for-rear,156,60.0,2.5,2026-08-24T03:37:09Z
2025-09696,"Natural Grass Sod Promotion, Research, and Information Order: Withdrawal of Proposed Rule",2025-05-29,,1,Agriculture Department,2,https://www.federalregister.gov/documents/2025/05/29/2025-09696/natural-grass-sod-promotion-research-and-information-order-withdrawal-of-proposed-rule,119,,,2026-08-24T03:37:09Z
2025-09663,"Safety Zone; Ohio River MM 469.5-470.5 and Licking River MM 0.0 to 0.3, Cincinnati, OH",2025-05-29,2025-06-30,3,Homeland Security Department,2,https://www.federalregister.gov/documents/2025/05/29/2025-09663/safety-zone-ohio-river-mm-4695-4705-and-licking-river-mm-00-to-03-cincinnati-oh,90,32.0,2.8125,2026-08-24T03:37:09Z
2025-09653,Establishing Sanitation Programs for Low-Moisture Ready-to-Eat Human Foods and Taking Corrective Actions Following a Pathogen Contamination Event: Draft Guidance for Industry; Reopening of Comment Period,2025-05-29,2025-07-28,2,Health and Human Services Department,2,https://www.federalregister.gov/documents/2025/05/29/2025-09653/establishing-sanitation-programs-for-low-moisture-ready-to-eat-human-foods-and-taking-corrective,75,60.0,1.0,2026-08-24T03:37:09Z
2025-09591,Energy Conservation Program: Test Procedure for Central Air Conditioners and Heat Pumps,2025-05-29,2025-06-30,5,Energy Department,1,https://www.federalregister.gov/documents/2025/05/29/2025-09591/energy-conservation-program-test-procedure-for-central-air-conditioners-and-heat-pumps,50,32.0,4.6875,2026-08-24T03:37:09Z
2025-09579,Notice of Public Meetings and Request for Comment on the Modernization of Pilot Schools,2025-05-28,,2,Transportation Department,2,https://www.federalregister.gov/documents/2025/05/28/2025-09579/notice-of-public-meetings-and-request-for-comment-on-the-modernization-of-pilot-schools,18,,,2026-08-24T03:37:09Z
2025-09421,Methylene Chloride; Regulation Under the Toxic Substances Control Act (TSCA); Compliance Date Extensions,2025-05-27,2025-06-26,9,Environmental Protection Agency,1,https://www.federalregister.gov/documents/2025/05/27/2025-09421/methylene-chloride-regulation-under-the-toxic-substances-control-act-tsca-compliance-date-extensions,188,30.0,9.0,2026-08-24T03:37:09Z
2025-09352,Endangered and Threatened Wildlife and Plants; Designation of Critical Habitat for Four Distinct Population Segments of the Foothill Yellow-Legged Frog; Reopening of the Comment Period,2025-05-27,2025-07-28,2,Interior Department,2,https://www.federalregister.gov/documents/2025/05/27/2025-09352/endangered-and-threatened-wildlife-and-plants-designation-of-critical-habitat-for-four-distinct,101,62.0,0.967741935483871,2026-08-24T03:37:09Z
2025-09356,"Improving Performance, Accountability and Responsiveness in the Civil Service",2025-05-23,2025-06-07,1,Personnel Management Office,1,https://www.federalregister.gov/documents/2025/05/23/2025-09356/improving-performance-accountability-and-responsiveness-in-the-civil-service,69,15.0,2.0,2026-08-24T03:37:09Z
2025-09324,"Air Plan Approval; Oregon; Lane Regional Air Protection Agency, Outdoor Burning",2025-05-23,2025-06-23,4,Environmental Protection Agency,1,https://www.federalregister.gov/documents/2025/05/23/2025-09324/air-plan-approval-oregon-lane-regional-air-protection-agency-outdoor-burning,139,31.0,3.870967741935484,2026-08-24T03:37:09Z
2025-09303,Mississippi: Final Authorization of State Hazardous Waste Management Program Revisions,2025-05-23,2025-06-23,2,Environmental Protection Agency,1,https://www.federalregister.gov/documents/2025/05/23/2025-09303/mississippi-final-authorization-of-state-hazardous-waste-management-program-revisions,97,31.0,1.935483870967742,2026-08-24T03:37:09Z
2025-09301,Alabama: Final Authorization of State Hazardous Waste Management Program Revisions,2025-05-23,2025-06-23,1,Environmental Protection Agency,1,https://www.federalregister.gov/documents/2025/05/23/2025-09301/alabama-final-authorization-of-state-hazardous-waste-management-program-revisions,97,31.0,0.967741935483871,2026-08-24T03:37:09Z
2025-09293,Air Plan Approval; Texas and Oklahoma; Texas Regional Haze Plans for the First and Second Implementation Periods and Five-Year Progress Report; Oklahoma Regional Haze Plan for the First Implementation Period,2025-05-23,2025-06-23,33,Environmental Protection Agency,1,https://www.federalregister.gov/documents/2025/05/23/2025-09293/air-plan-approval-texas-and-oklahoma-texas-regional-haze-plans-for-the-first-and-second,136,31.0,31.93548387096774,2026-08-24T03:37:09Z
2025-09285,"Amendment of Class D, Amendment of Class E4, and Amendment of Class E5 Airspace Over Nantucket, MA",2025-05-23,2025-07-07,3,Transportation Department,2,https://www.federalregister.gov/documents/2025/05/23/2025-09285/amendment-of-class-d-amendment-of-class-e4-and-amendment-of-class-e5-airspace-over-nantucket-ma,111,45.0,2.0,2026-08-24T03:37:09Z
2025-09274,Air Plan Approval; Vermont; Regional Haze State Implementation Plan for the Second Implementation Period,2025-05-23,2025-06-23,19,Environmental Protection Agency,1,https://www.federalregister.gov/documents/2025/05/23/2025-09274/air-plan-approval-vermont-regional-haze-state-implementation-plan-for-the-second-implementation,123,31.0,18.387096774193548,2026-08-24T03:37:09Z
2025-09095,Airworthiness Directives; Airbus Helicopters,2025-05-23,2025-07-07,4,Transportation Department,2,https://www.federalregister.gov/documents/2025/05/23/2025-09095/airworthiness-directives-airbus-helicopters,111,45.0,2.666666666666667,2026-08-24T03:37:09Z
2025-09210,"Amendment of Class D and E Airspace Over Hickory and Morganton, NC",2025-05-22,2025-07-07,3,Transportation Department,2,https://www.federalregister.gov/documents/2025/05/22/2025-09210/amendment-of-class-d-and-e-airspace-over-hickory-and-morganton-nc,143,46.0,1.9565217391304348,2026-08-24T03:37:09Z
2025-09161,"Amendment of United States Area Navigation (RNAV) Routes Q-64, T-414, and T-705; and Establishment of United States RNAV Routes T-461 and T-463; Eastern United States",2025-05-22,2025-06-23,3,Transportation Department,2,https://www.federalregister.gov/documents/2025/05/22/2025-09161/amendment-of-united-states-area-navigation-rnav-routes-q-64-t-414-and-t-705-and-establishment-of,112,32.0,2.8125,2026-08-24T03:37:09Z
2025-09108,"Pesticide Tolerances; Implementing Registration Review Decisions for Certain Pesticides; Diphenylamine, et al",2025-05-22,2025-07-21,8,Environmental Protection Agency,1,https://www.federalregister.gov/documents/2025/05/22/2025-09108/pesticide-tolerances-implementing-registration-review-decisions-for-certain-pesticides-diphenylamine,96,60.0,4.0,2026-08-24T03:37:09Z
2025-09094,Airworthiness Directives; Airbus Helicopters,2025-05-22,2025-07-07,4,Transportation Department,2,https://www.federalregister.gov/documents/2025/05/22/2025-09094/airworthiness-directives-airbus-helicopters,165,46.0,2.608695652173913,2026-08-24T03:37:09Z
C1-2025-06348,Medicare Program; Prospective Payment System and Consolidated Billing for Skilled Nursing Facilities; Updates to the Quality Reporting Program for Federal Fiscal Year 2026,2025-05-21,,1,Health and Human Services Department,2,https://www.federalregister.gov/documents/2025/05/21/C1-2025-06348/medicare-program-prospective-payment-system-and-consolidated-billing-for-skilled-nursing-facilities,0,,,2026-08-24T03:37:09Z
C1-2025-06317,Medicare Program; FY 2026 Hospice Wage Index and Payment Rate Update and Hospice Quality Reporting Program Requirements,2025-05-21,,1,Health and Human Services Department,2,https://www.federalregister.gov/documents/2025/05/21/C1-2025-06317/medicare-program-fy-2026-hospice-wage-index-and-payment-rate-update-and-hospice-quality-reporting,0,,,2026-08-24T03:37:09Z
2025-09149,"Special Local Regulation; Duluth Harbor, Duluth, MN",2025-05-21,2025-06-05,4,Homeland Security Department,2,https://www.federalregister.gov/documents/2025/05/21/2025-09149/special-local-regulation-duluth-harbor-duluth-mn,112,15.0,8.0,2026-08-24T03:37:09Z
2025-09129,Airworthiness Directives; Airbus SAS Airplanes,2025-05-21,2025-07-07,4,Transportation Department,2,https://www.federalregister.gov/documents/2025/05/21/2025-09129/airworthiness-directives-airbus-sas-airplanes,84,47.0,2.5531914893617023,2026-08-24T03:37:09Z
2025-09127,Endangered and Threatened Wildlife and Plants; Endangered Species Status for Fish Lake Valley Tui Chub,2025-05-21,2025-07-21,16,Interior Department,2,https://www.federalregister.gov/documents/2025/05/21/2025-09127/endangered-and-threatened-wildlife-and-plants-endangered-species-status-for-fish-lake-valley-tui,103,61.0,7.868852459016394,2026-08-24T03:37:09Z
2025-09093,"Proposed Priorities and Definitions-Secretary's Supplemental Priorities and Definitions on Evidence-Based Literacy, Education Choice, and Returning Education to the States",2025-05-21,2025-06-20,6,Education Department,1,https://www.federalregister.gov/documents/2025/05/21/2025-09093/proposed-priorities-and-definitions-secretarys-supplemental-priorities-and-definitions-on,117,30.0,6.0,2026-08-24T03:37:09Z
2025-09092,"Safety Zone; Kaneohe Bay, Oahu, HI",2025-05-21,2025-06-20,3,Homeland Security Department,2,https://www.federalregister.gov/documents/2025/05/21/2025-09092/safety-zone-kaneohe-bay-oahu-hi,95,30.0,3.0,2026-08-24T03:37:09Z
2025-09080,"Airworthiness Directives; Airbus Canada Limited Partnership (Type Certificate Previously Held by C Series Aircraft Limited Partnership (CSALP); Bombardier, Inc.) Airplanes",2025-05-21,2025-07-07,3,Transportation Department,2,https://www.federalregister.gov/documents/2025/05/21/2025-09080/airworthiness-directives-airbus-canada-limited-partnership-type-certificate-previously-held-by-c,110,47.0,1.9148936170212765,2026-08-24T03:37:09Z
2025-09078,Pipeline Safety: Repair Criteria for Hazardous Liquid and Gas Transmission Pipelines,2025-05-21,2025-07-21,6,Transportation Department,2,https://www.federalregister.gov/documents/2025/05/21/2025-09078/pipeline-safety-repair-criteria-for-hazardous-liquid-and-gas-transmission-pipelines,53,61.0,2.9508196721311473,2026-08-24T03:37:09Z
2025-08969,Proposed Waiver and Extension of the Project Period With Funding for Arts in Education National Program,2025-05-20,2025-06-20,2,Education Department,1,https://www.federalregister.gov/documents/2025/05/20/2025-08969/proposed-waiver-and-extension-of-the-project-period-with-funding-for-arts-in-education-national,55,31.0,1.935483870967742,2026-08-24T03:37:09Z
2025-08934,"Airworthiness Directives; Bombardier, Inc., Airplanes",2025-05-20,2025-07-07,3,Transportation Department,2,https://www.federalregister.gov/documents/2025/05/20/2025-08934/airworthiness-directives-bombardier-inc-airplanes,149,48.0,1.875,2026-08-24T03:37:09Z
2025-08929,Estate Tax Closing Letter User Fee Update,2025-05-20,2025-07-21,3,Treasury Department,2,https://www.federalregister.gov/documents/2025/05/20/2025-08929/estate-tax-closing-letter-user-fee-update,77,62.0,1.4516129032258065,2026-08-24T03:37:09Z
2025-08858,"Special Local Regulation; Elizabeth River, Western Branch, Portsmouth, VA",2025-05-19,2025-06-03,3,Homeland Security Department,2,https://www.federalregister.gov/documents/2025/05/19/2025-08858/special-local-regulation-elizabeth-river-western-branch-portsmouth-va,80,15.0,6.0,2026-08-24T03:37:09Z
2025-08784,Airworthiness Directives; Airbus SAS Airplanes,2025-05-19,2025-07-03,3,Transportation Department,2,https://www.federalregister.gov/documents/2025/05/19/2025-08784/airworthiness-directives-airbus-sas-airplanes,126,45.0,2.0,2026-08-24T03:37:09Z
2025-08763,"Modification of Class E Airspace; Battle Mountain Airport, Battle Mountain, NV",2025-05-19,2025-07-03,3,Transportation Department,2,https://www.federalregister.gov/documents/2025/05/19/2025-08763/modification-of-class-e-airspace-battle-mountain-airport-battle-mountain-nv,112,45.0,2.0,2026-08-24T03:37:09Z
2025-08728,Air Plan Approval; Ohio; Second Maintenance Plan for 2008 Ozone NAAQS,2025-05-19,2025-06-18,10,Environmental Protection Agency,1,https://www.federalregister.gov/documents/2025/05/19/2025-08728/air-plan-approval-ohio-second-maintenance-plan-for-2008-ozone-naaqs,133,30.0,10.0,2026-08-24T03:37:09Z
2025-08567,Airworthiness Directives; Gulfstream Aerospace Corporation Airplanes,2025-05-19,2025-07-03,3,Transportation Department,2,https://www.federalregister.gov/documents/2025/05/19/2025-08567/airworthiness-directives-gulfstream-aerospace-corporation-airplanes,69,45.0,2.0,2026-08-24T03:37:09Z
2025-08513,Arizona Underground Injection Control (UIC) Program; Class I-VI Primacy,2025-05-19,2025-07-03,6,Environmental Protection Agency,1,https://www.federalregister.gov/documents/2025/05/19/2025-08513/arizona-underground-injection-control-uic-program-class-i-vi-primacy,127,45.0,4.0,2026-08-24T03:37:09Z
2025-08399,Airworthiness Directives; Airbus SAS Airplanes,2025-05-19,2025-07-03,3,Transportation Department,2,https://www.federalregister.gov/documents/2025/05/19/2025-08399/airworthiness-directives-airbus-sas-airplanes,142,45.0,2.0,2026-08-24T03:37:09Z
2025-08805,Determination of Rates and Terms for Digital Performance of Sound Recordings and Making of Ephemeral Copies To Facilitate Those Performances (Web VI),2025-05-16,2025-06-16,6,Library of Congress,2,https://www.federalregister.gov/documents/2025/05/16/2025-08805/determination-of-rates-and-terms-for-digital-performance-of-sound-recordings-and-making-of-ephemeral,53,31.0,5.806451612903226,2026-08-24T03:37:09Z
2025-08797,Supplemental Nutrition Assistance Program: Rescission of Changes to Civil Rights Data Collection Methods,2025-05-16,,2,Agriculture Department,2,https://www.federalregister.gov/documents/2025/05/16/2025-08797/supplemental-nutrition-assistance-program-rescission-of-changes-to-civil-rights-data-collection,26,,,2026-08-24T03:37:09Z
2025-08743,Previously Taxed Earnings and Profits and Related Basis Adjustments,2025-05-16,2025-07-14,1,Treasury Department,2,https://www.federalregister.gov/documents/2025/05/16/2025-08743/previously-taxed-earnings-and-profits-and-related-basis-adjustments,58,59.0,0.5084745762711864,2026-08-24T03:37:09Z
2025-08724,"Administrative Rulemaking, Guidance, and Enforcement Procedures",2025-05-16,2025-06-16,21,Transportation Department,2,https://www.federalregister.gov/documents/2025/05/16/2025-08724/administrative-rulemaking-guidance-and-enforcement-procedures,98,31.0,20.32258064516129,2026-08-24T03:37:09Z
2025-08705,North Dakota: Approval of State Coal Combustion Residuals Permit Program,2025-05-16,2025-07-15,12,Environmental Protection Agency,1,https://www.federalregister.gov/documents/2025/05/16/2025-08705/north-dakota-approval-of-state-coal-combustion-residuals-permit-program,124,60.0,6.0,2026-08-24T03:37:09Z
2025-08664,Airworthiness Directives; Airbus SAS Airplanes,2025-05-16,2025-06-30,5,Transportation Department,2,https://www.federalregister.gov/documents/2025/05/16/2025-08664/airworthiness-directives-airbus-sas-airplanes,179,45.0,3.333333333333333,2026-08-24T03:37:09Z
2025-08631,Determination of Rates and Terms for Digital Performance of Sound Recordings and Making of Ephemeral Copies To Facilitate Those Performances (Web VI),2025-05-16,2025-06-16,4,Library of Congress,2,https://www.federalregister.gov/documents/2025/05/16/2025-08631/determination-of-rates-and-terms-for-digital-performance-of-sound-recordings-and-making-of-ephemeral,54,31.0,3.870967741935484,2026-08-24T03:37:09Z
2025-08623,Energy Conservation Program: Energy Conservation Standards for Conventional Ovens,2025-05-16,2025-07-15,6,Energy Department,1,https://www.federalregister.gov/documents/2025/05/16/2025-08623/energy-conservation-program-energy-conservation-standards-for-conventional-ovens,60,60.0,3.0,2026-08-24T03:37:09Z
2025-08599,Energy Conservation Program: Rescinding the Amended Water Conservation Standards for Commercial Clothes Washers,2025-05-16,2025-07-15,6,Energy Department,1,https://www.federalregister.gov/documents/2025/05/16/2025-08599/energy-conservation-program-rescinding-the-amended-water-conservation-standards-for-commercial,27,60.0,3.0,2026-08-24T03:37:09Z
2025-08598,Energy Conservation Program: Rescinding the Efficiency Standards for Battery Chargers,2025-05-16,2025-07-15,6,Energy Department,1,https://www.federalregister.gov/documents/2025/05/16/2025-08598/energy-conservation-program-rescinding-the-efficiency-standards-for-battery-chargers,22,60.0,3.0,2026-08-24T03:37:09Z
2025-08596,Energy Conservation Program: Proposed Withdrawal of Determination of Air Cleaners as a Covered Consumer Product,2025-05-16,2025-07-15,6,Energy Department,1,https://www.federalregister.gov/documents/2025/05/16/2025-08596/energy-conservation-program-proposed-withdrawal-of-determination-of-air-cleaners-as-a-covered,32,60.0,3.0,2026-08-24T03:37:09Z
2025-08595,Rescinding Regulations Related to Nondiscrimination in Federally Assisted Programs or Activities (Nondiscrimination on the Basis of Age),2025-05-16,2025-07-15,4,Energy Department,1,https://www.federalregister.gov/documents/2025/05/16/2025-08595/rescinding-regulations-related-to-nondiscrimination-in-federally-assisted-programs-or-activities,20,60.0,2.0,2026-08-24T03:37:09Z
2025-08592,Energy Conservation Program: Test Procedures for Small Electric Motors,2025-05-16,2025-07-15,5,Energy Department,1,https://www.federalregister.gov/documents/2025/05/16/2025-08592/energy-conservation-program-test-procedures-for-small-electric-motors,41,60.0,2.5,2026-08-24T03:37:09Z
2025-08591,Rescinding the Amended Water Use Standards for Residential Dishwashers,2025-05-16,2025-07-15,6,Energy Department,1,https://www.federalregister.gov/documents/2025/05/16/2025-08591/rescinding-the-amended-water-use-standards-for-residential-dishwashers,49,60.0,3.0,2026-08-24T03:37:09Z
2025-08590,Rescinding the Grant Programs for Schools and Hospitals and Buildings Owned by Units of Local Government and Public Care Institutions Regulations,2025-05-16,2025-06-16,3,Energy Department,1,https://www.federalregister.gov/documents/2025/05/16/2025-08590/rescinding-the-grant-programs-for-schools-and-hospitals-and-buildings-owned-by-units-of-local,43,31.0,2.903225806451613,2026-08-24T03:37:09Z
2025-08589,Energy Conservation Program: Energy Conservation Standards for Conventional Cooking Tops,2025-05-16,2025-07-15,5,Energy Department,1,https://www.federalregister.gov/documents/2025/05/16/2025-08589/energy-conservation-program-energy-conservation-standards-for-conventional-cooking-tops,62,60.0,2.5,2026-08-24T03:37:09Z
2025-08588,Energy Conservation Program: Energy Conservation Program: Energy Conservation Standards for Microwave Ovens,2025-05-16,2025-07-15,5,Energy Department,1,https://www.federalregister.gov/documents/2025/05/16/2025-08588/energy-conservation-program-energy-conservation-program-energy-conservation-standards-for-microwave,22,60.0,2.5,2026-08-24T03:37:09Z
2025-08587,Energy Conservation Program: Energy Conservation Standards for External Power Supplies,2025-05-16,2025-07-15,6,Energy Department,1,https://www.federalregister.gov/documents/2025/05/16/2025-08587/energy-conservation-program-energy-conservation-standards-for-external-power-supplies,27,60.0,3.0,2026-08-24T03:37:09Z
2025-08586,Compliance With Floodplain and Wetland Environmental Review Requirements,2025-05-16,2025-07-15,3,Energy Department,1,https://www.federalregister.gov/documents/2025/05/16/2025-08586/compliance-with-floodplain-and-wetland-environmental-review-requirements,57,60.0,1.5,2026-08-24T03:37:09Z
2025-08585,"Rescinding Reporting Requirements, Certification, Independent Verification, and DOE Review for Voluntary Greenhouse Gas Reporting",2025-05-16,2025-06-16,4,Energy Department,1,https://www.federalregister.gov/documents/2025/05/16/2025-08585/rescinding-reporting-requirements-certification-independent-verification-and-doe-review-for,37,31.0,3.870967741935484,2026-08-24T03:37:09Z
2025-08584,Energy Conservation Program: Proposed Withdrawal of Determination of Miscellaneous Refrigeration Products as a Covered Consumer Product,2025-05-16,2025-07-15,10,Energy Department,1,https://www.federalregister.gov/documents/2025/05/16/2025-08584/energy-conservation-program-proposed-withdrawal-of-determination-of-miscellaneous-refrigeration,32,60.0,5.0,2026-08-24T03:37:09Z
2025-08583,Energy Conservation Program: Energy Conservation Standards for Consumer Furnace Fans,2025-05-16,2025-06-16,4,Energy Department,1,https://www.federalregister.gov/documents/2025/05/16/2025-08583/energy-conservation-program-energy-conservation-standards-for-consumer-furnace-fans,66,31.0,3.870967741935484,2026-08-24T03:37:09Z
2025-08582,Energy Conservation Program: Proposed Withdrawal of Determination of Compressors as a Covered Equipment,2025-05-16,2025-07-15,6,Energy Department,1,https://www.federalregister.gov/documents/2025/05/16/2025-08582/energy-conservation-program-proposed-withdrawal-of-determination-of-compressors-as-a-covered,30,60.0,3.0,2026-08-24T03:37:09Z
2025-08581,Energy Conservation Program: Energy Conservation Standards for Compact Residential Clothes Washers,2025-05-16,2025-07-15,5,Energy Department,1,https://www.federalregister.gov/documents/2025/05/16/2025-08581/energy-conservation-program-energy-conservation-standards-for-compact-residential-clothes-washers,36,60.0,2.5,2026-08-24T03:37:09Z
2025-08580,Energy Conservation Program: Test Procedures for Commercial Warm Air Furnaces,2025-05-16,2025-07-15,7,Energy Department,1,https://www.federalregister.gov/documents/2025/05/16/2025-08580/energy-conservation-program-test-procedures-for-commercial-warm-air-furnaces,117,60.0,3.5,2026-08-24T03:37:09Z
2025-08579,Energy Conservation Program: Exempt Power Supplies Under the EPS Service Parts Act of 2014,2025-05-16,2025-07-15,5,Energy Department,1,https://www.federalregister.gov/documents/2025/05/16/2025-08579/energy-conservation-program-exempt-power-supplies-under-the-eps-service-parts-act-of-2014,30,60.0,2.5,2026-08-24T03:37:09Z
2025-08578,Energy Conservation Program: Energy Conservation Standards for Residential Clothes Washers,2025-05-16,2025-07-15,6,Energy Department,1,https://www.federalregister.gov/documents/2025/05/16/2025-08578/energy-conservation-program-energy-conservation-standards-for-residential-clothes-washers,36,60.0,3.0,2026-08-24T03:37:09Z
2025-08577,Energy Conservation Program: Proposed Withdrawal of Determination of Portable Air Conditioners as a Covered Consumer Product,2025-05-16,2025-07-15,6,Energy Department,1,https://www.federalregister.gov/documents/2025/05/16/2025-08577/energy-conservation-program-proposed-withdrawal-of-determination-of-portable-air-conditioners-as-a,34,60.0,3.0,2026-08-24T03:37:09Z
2025-08576,Energy Conservation Program: Energy Conservation Standards for Automatic Commercial Ice Makers,2025-05-16,2025-07-15,7,Energy Department,1,https://www.federalregister.gov/documents/2025/05/16/2025-08576/energy-conservation-program-energy-conservation-standards-for-automatic-commercial-ice-makers,29,60.0,3.5,2026-08-24T03:37:09Z
2025-08575,Energy Conservation Program: Energy Conservation Standards for Faucets,2025-05-16,2025-05-16,6,Energy Department,1,https://www.federalregister.gov/documents/2025/05/16/2025-08575/energy-conservation-program-energy-conservation-standards-for-faucets,31,0.0,inf,2026-08-24T03:37:09Z
2025-08574,Energy Conservation Program: Energy Conservation Standards for Commercial Prerinse Spray Valves,2025-05-16,2025-07-15,5,Energy Department,1,https://www.federalregister.gov/documents/2025/05/16/2025-08574/energy-conservation-program-energy-conservation-standards-for-commercial-prerinse-spray-valves,30,60.0,2.5,2026-08-24T03:37:09Z
2025-08572,Rescinding the Production Incentives for Cellulosic Biofuels,2025-05-16,2025-06-16,3,Energy Department,1,https://www.federalregister.gov/documents/2025/05/16/2025-08572/rescinding-the-production-incentives-for-cellulosic-biofuels,33,31.0,2.903225806451613,2026-08-24T03:37:09Z
2025-08569,Renewable Energy Production Incentives,2025-05-16,2025-06-16,4,Energy Department,1,https://www.federalregister.gov/documents/2025/05/16/2025-08569/renewable-energy-production-incentives,48,31.0,3.870967741935484,2026-08-24T03:37:09Z
2025-08558,Energy Conservation Program: Rescinding in Part the Amended Energy Conservation Standards for Dehumidifiers,2025-05-16,2025-07-15,5,Energy Department,1,https://www.federalregister.gov/documents/2025/05/16/2025-08558/energy-conservation-program-rescinding-in-part-the-amended-energy-conservation-standards-for,109,60.0,2.5,2026-08-24T03:37:09Z
2025-08556,Energy Conservation Program: Proposed Withdrawal of Determination of Fans and Blowers as Covered Equipment,2025-05-16,2025-07-15,6,Energy Department,1,https://www.federalregister.gov/documents/2025/05/16/2025-08556/energy-conservation-program-proposed-withdrawal-of-determination-of-fans-and-blowers-as-covered,31,60.0,3.0,2026-08-24T03:37:09Z
2025-08555,Application for Authorization To Transmit Electric Energy to a Foreign Country,2025-05-16,2025-07-15,3,Energy Department,1,https://www.federalregister.gov/documents/2025/05/16/2025-08555/application-for-authorization-to-transmit-electric-energy-to-a-foreign-country,17,60.0,1.5,2026-08-24T03:37:09Z
2025-08686,"Safety Zones; Rocket Launches in the Gulf of America and South Bay, Boca Chica Beach, TX",2025-05-15,2025-06-16,4,Homeland Security Department,2,https://www.federalregister.gov/documents/2025/05/15/2025-08686/safety-zones-rocket-launches-in-the-gulf-of-america-and-south-bay-boca-chica-beach-tx,90,32.0,3.75,2026-08-24T03:37:09Z
2025-08658,Hydrogen Fluoride; TSCA Section 21 Petition for Rulemaking Under TSCA Section 6; Reasons for Agency Response; Denial of Requested Rulemaking,2025-05-15,,4,Environmental Protection Agency,1,https://www.federalregister.gov/documents/2025/05/15/2025-08658/hydrogen-fluoride-tsca-section-21-petition-for-rulemaking-under-tsca-section-6-reasons-for-agency,80,,,2026-08-24T03:37:09Z
2025-08646,"Electronic Fund Transfers Through Accounts Established Primarily for Personal, Family, or Household Purposes Using Emerging Payment Mechanisms; Withdrawal",2025-05-15,,1,Consumer Financial Protection Bureau,1,https://www.federalregister.gov/documents/2025/05/15/2025-08646/electronic-fund-transfers-through-accounts-established-primarily-for-personal-family-or-household,42,,,2026-08-24T03:37:09Z
2025-08645,Prohibited Terms and Conditions in Agreements for Consumer Financial Products or Services (Regulation AA); Withdrawal of Proposed Rule,2025-05-15,,1,Consumer Financial Protection Bureau,1,https://www.federalregister.gov/documents/2025/05/15/2025-08645/prohibited-terms-and-conditions-in-agreements-for-consumer-financial-products-or-services-regulation,64,,,2026-08-24T03:37:09Z
2025-08644,Protecting Americans From Harmful Data Broker Practices (Regulation V); Withdrawal of Proposed Rule,2025-05-15,,2,Consumer Financial Protection Bureau,1,https://www.federalregister.gov/documents/2025/05/15/2025-08644/protecting-americans-from-harmful-data-broker-practices-regulation-v-withdrawal-of-proposed-rule,59,,,2026-08-24T03:37:09Z
2025-08621,National Wildlife Refuge System; 2025-2026 Station-Specific Hunting and Sport Fishing Regulations,2025-05-15,2025-06-30,19,Interior Department,2,https://www.federalregister.gov/documents/2025/05/15/2025-08621/national-wildlife-refuge-system-2025-2026-station-specific-hunting-and-sport-fishing-regulations,183,46.0,12.391304347826088,2026-08-24T03:37:09Z
2025-08566,Medicaid Program; Preserving Medicaid Funding for Vulnerable Populations-Closing a Health Care-Related Tax Loophole Proposed Rule,2025-05-15,2025-07-14,23,Health and Human Services Department,2,https://www.federalregister.gov/documents/2025/05/15/2025-08566/medicaid-program-preserving-medicaid-funding-for-vulnerable-populations-closing-a-health,128,60.0,11.5,2026-08-24T03:37:09Z
2025-08553,Airworthiness Directives; Dassault Aviation Airplanes,2025-05-15,2025-06-30,4,Transportation Department,2,https://www.federalregister.gov/documents/2025/05/15/2025-08553/airworthiness-directives-dassault-aviation-airplanes,104,46.0,2.608695652173913,2026-08-24T03:37:09Z
2025-08502,"Airworthiness Directives; Gulfstream Aerospace LP (Type Certificate Previously Held by Israel Aircraft Industries, Ltd.) Airplanes",2025-05-14,2025-06-30,4,Transportation Department,2,https://www.federalregister.gov/documents/2025/05/14/2025-08502/airworthiness-directives-gulfstream-aerospace-lp-type-certificate-previously-held-by-israel-aircraft,87,47.0,2.5531914893617023,2026-08-24T03:37:09Z
2025-08501,Airworthiness Directives; The Boeing Company Airplanes,2025-05-14,2025-06-30,3,Transportation Department,2,https://www.federalregister.gov/documents/2025/05/14/2025-08501/airworthiness-directives-the-boeing-company-airplanes,99,47.0,1.9148936170212765,2026-08-24T03:37:09Z
2025-08496,"Agency Advisory Circular: Reduced Reliability Flight Safety System Design, Test, and Documentation",2025-05-14,2025-06-13,11,Transportation Department,2,https://www.federalregister.gov/documents/2025/05/14/2025-08496/agency-advisory-circular-reduced-reliability-flight-safety-system-design-test-and-documentation,80,30.0,11.0,2026-08-24T03:37:09Z
2025-08347,Procedures for Supervisory Designation Proceedings,2025-05-14,2025-06-13,6,Consumer Financial Protection Bureau,1,https://www.federalregister.gov/documents/2025/05/14/2025-08347/procedures-for-supervisory-designation-proceedings,34,30.0,6.0,2026-08-24T03:37:09Z
2025-08345,Registry of Nonbank Covered Persons Subject to Certain Agency and Court Orders; Proposed Rescission,2025-05-14,2025-06-13,3,Consumer Financial Protection Bureau,1,https://www.federalregister.gov/documents/2025/05/14/2025-08345/registry-of-nonbank-covered-persons-subject-to-certain-agency-and-court-orders-proposed-rescission,62,30.0,3.0,2026-08-24T03:37:09Z
2025-08072,Air Plan Approval; South Dakota; Regional Haze Plan for the Second Implementation Period,2025-05-14,2025-06-13,15,Environmental Protection Agency,1,https://www.federalregister.gov/documents/2025/05/14/2025-08072/air-plan-approval-south-dakota-regional-haze-plan-for-the-second-implementation-period,128,30.0,15.0,2026-08-24T03:37:09Z
2025-08368,"Fisheries of the Northeastern United States; 2025-2026 Specifications for the Mackerel, Squid, and Butterfish Fishery Management Plan",2025-05-13,2025-06-12,6,Commerce Department,2,https://www.federalregister.gov/documents/2025/05/13/2025-08368/fisheries-of-the-northeastern-united-states-2025-2026-specifications-for-the-mackerel-squid-and,100,30.0,6.0,2026-08-24T03:37:09Z
2025-08344,Rules of Practice for Adjudication Proceedings; Rescission,2025-05-13,2025-06-12,21,Consumer Financial Protection Bureau,1,https://www.federalregister.gov/documents/2025/05/13/2025-08344/rules-of-practice-for-adjudication-proceedings-rescission,33,30.0,21.0,2026-08-24T03:37:09Z
2025-08331,Airworthiness Directives; Airbus SAS Airplanes,2025-05-13,2025-06-27,4,Transportation Department,2,https://www.federalregister.gov/documents/2025/05/13/2025-08331/airworthiness-directives-airbus-sas-airplanes,145,45.0,2.666666666666667,2026-08-24T03:37:09Z
2025-08297,"Establishment of E2 and Removal of Class E4 Airspace Over Jacksonville, NC",2025-05-13,2025-06-27,2,Transportation Department,2,https://www.federalregister.gov/documents/2025/05/13/2025-08297/establishment-of-e2-and-removal-of-class-e4-airspace-over-jacksonville-nc,81,45.0,1.3333333333333335,2026-08-24T03:37:09Z
2025-08294,Tribal Consultation for 8(a) Business Development Program and Mentor-Protégé Program Issues and Best Practices,2025-05-12,,2,Small Business Administration,1,https://www.federalregister.gov/documents/2025/05/12/2025-08294/tribal-consultation-for-8a-business-development-program-and-mentor-protg-program-issues-and-best,110,,,2026-08-24T03:37:09Z
2025-08251,"Establishment of Class E Airspace; Ekalaka Airport, Ekalaka, MT",2025-05-12,2025-06-26,3,Transportation Department,2,https://www.federalregister.gov/documents/2025/05/12/2025-08251/establishment-of-class-e-airspace-ekalaka-airport-ekalaka-mt,39,45.0,2.0,2026-08-24T03:37:09Z
2025-08221,Curing Missed Loan Payments,2025-05-12,2025-07-11,2,Federal Retirement Thrift Investment Board,1,https://www.federalregister.gov/documents/2025/05/12/2025-08221/curing-missed-loan-payments,63,60.0,1.0,2026-08-24T03:37:09Z
2025-08219,Rescinding National Organic Program; Market Development for Mushrooms and Pet Food,2025-05-12,2025-06-11,2,Agriculture Department,2,https://www.federalregister.gov/documents/2025/05/12/2025-08219/rescinding-national-organic-program-market-development-for-mushrooms-and-pet-food,25,30.0,2.0,2026-08-24T03:37:09Z
2025-08203,"Establishment of United States Area Navigation (RNAV) Routes Q- 190 and T-497, and Amendment of Domestic Very High Frequency Omnidirectional Range (VOR) Federal Airways V-1, V-70, and V-194; Eastern United States",2025-05-12,2025-06-26,3,Transportation Department,2,https://www.federalregister.gov/documents/2025/05/12/2025-08203/establishment-of-united-states-area-navigation-rnav-routes-q-190-and-t-497-and-amendment-of-domestic,69,45.0,2.0,2026-08-24T03:37:09Z
2025-08193,"Special Local Regulation; Allegheny River Mile Marker 20.5-21.5, Creighton, PA",2025-05-12,2025-05-27,3,Homeland Security Department,2,https://www.federalregister.gov/documents/2025/05/12/2025-08193/special-local-regulation-allegheny-river-mile-marker-205-215-creighton-pa,99,15.0,6.0,2026-08-24T03:37:09Z
2025-08157,Negotiated Rulemaking Committee; Negotiator Nominations and Schedule of Committee Meetings,2025-05-12,,3,Education Department,1,https://www.federalregister.gov/documents/2025/05/12/2025-08157/negotiated-rulemaking-committee-negotiator-nominations-and-schedule-of-committee-meetings,79,,,2026-08-24T03:37:09Z
2025-08204,Food Labeling: Front-of-Package Nutrition Information; Extension of Comment Period,2025-05-09,2025-07-15,2,Health and Human Services Department,2,https://www.federalregister.gov/documents/2025/05/09/2025-08204/food-labeling-front-of-package-nutrition-information-extension-of-comment-period,55,67.0,0.8955223880597015,2026-08-24T03:37:09Z
2025-08194,"Security Zone; Upper Mississippi River, Saint Louis, MO",2025-05-09,2025-06-09,3,Homeland Security Department,2,https://www.federalregister.gov/documents/2025/05/09/2025-08194/security-zone-upper-mississippi-river-saint-louis-mo,94,31.0,2.903225806451613,2026-08-24T03:37:09Z
2025-08078,Airworthiness Directives; Airbus Helicopters,2025-05-09,2025-06-23,3,Transportation Department,2,https://www.federalregister.gov/documents/2025/05/09/2025-08078/airworthiness-directives-airbus-helicopters,122,45.0,2.0,2026-08-24T03:37:09Z
2025-08075,Airworthiness Directives; Airbus Helicopters Deutschland GmbH Helicopters,2025-05-09,2025-06-23,3,Transportation Department,2,https://www.federalregister.gov/documents/2025/05/09/2025-08075/airworthiness-directives-airbus-helicopters-deutschland-gmbh-helicopters,89,45.0,2.0,2026-08-24T03:37:09Z
2025-07780,Takes of Marine Mammals Incidental to Specified Activities; Taking Marine Mammals Incidental to Military Readiness Activities in the Atlantic Fleet Training and Testing Study Area,2025-05-09,2025-06-09,220,Commerce Department,2,https://www.federalregister.gov/documents/2025/05/09/2025-07780/takes-of-marine-mammals-incidental-to-specified-activities-taking-marine-mammals-incidental-to,176,31.0,212.90322580645162,2026-08-24T03:37:09Z
2025-08080,Air Plan Approval; Louisiana; Nonattainment Plan for the Evangeline Parish 2010 Sulfur Dioxide Primary National Ambient Air Quality Standard Nonattainment Area,2025-05-08,2025-06-09,11,Environmental Protection Agency,1,https://www.federalregister.gov/documents/2025/05/08/2025-08080/air-plan-approval-louisiana-nonattainment-plan-for-the-evangeline-parish-2010-sulfur-dioxide-primary,134,32.0,10.3125,2026-08-24T03:37:09Z
2025-08077,Approval and Promulgation of State Implementation Plans; New York; Emission Statement Certification of the 2008 and 2015 Ozone National Ambient Air Quality Standards,2025-05-08,2025-06-09,4,Environmental Protection Agency,1,https://www.federalregister.gov/documents/2025/05/08/2025-08077/approval-and-promulgation-of-state-implementation-plans-new-york-emission-statement-certification-of,74,32.0,3.75,2026-08-24T03:37:09Z
2025-08074,"Air Plan Approval; Missouri; Control of Emissions During Petroleum Liquid Storage, Loading, and Transfer",2025-05-08,2025-06-09,3,Environmental Protection Agency,1,https://www.federalregister.gov/documents/2025/05/08/2025-08074/air-plan-approval-missouri-control-of-emissions-during-petroleum-liquid-storage-loading-and-transfer,107,32.0,2.8125,2026-08-24T03:37:09Z
2025-08025,Notice of Public Meetings and Request for Comment on the Modernization of Pilot Schools,2025-05-08,,2,Transportation Department,2,https://www.federalregister.gov/documents/2025/05/08/2025-08025/notice-of-public-meetings-and-request-for-comment-on-the-modernization-of-pilot-schools,18,,,2026-08-24T03:37:09Z
2025-07977,Method of Correcting Errors Involving Retired Lifecycle Funds,2025-05-08,2025-06-09,2,Federal Retirement Thrift Investment Board,1,https://www.federalregister.gov/documents/2025/05/08/2025-07977/method-of-correcting-errors-involving-retired-lifecycle-funds,61,32.0,1.875,2026-08-24T03:37:09Z
2025-07937,Air Plan Approval; Colorado; Serious Attainment Plan Contingency Measures for the 2008 8-Hour Ozone National Ambient Air Quality Standards for the Denver Metro/North Front Range Nonattainment Area,2025-05-08,2025-06-09,13,Environmental Protection Agency,1,https://www.federalregister.gov/documents/2025/05/08/2025-07937/air-plan-approval-colorado-serious-attainment-plan-contingency-measures-for-the-2008-8-hour-ozone,138,32.0,12.1875,2026-08-24T03:37:09Z
2025-07860,Air Plan Approval; Ohio; Nitrogen Oxide Budget Program,2025-05-08,2025-06-09,2,Environmental Protection Agency,1,https://www.federalregister.gov/documents/2025/05/08/2025-07860/air-plan-approval-ohio-nitrogen-oxide-budget-program,65,32.0,1.875,2026-08-24T03:37:09Z
2025-07940,"Establishment of Restricted Areas R-5305A, R-5305B, and R-5305C; Camp Lejeune, NC; and Restricted Areas R-5307A, R-5307B, and R-5307C; Cherry Point, NC",2025-05-07,2025-05-23,2,Transportation Department,2,https://www.federalregister.gov/documents/2025/05/07/2025-07940/establishment-of-restricted-areas-r-5305a-r-5305b-and-r-5305c-camp-lejeune-nc-and-restricted-areas,99,16.0,3.75,2026-08-24T03:37:09Z
2025-07929,"Airworthiness Directives; Bombardier, Inc., Airplanes",2025-05-07,2025-06-23,3,Transportation Department,2,https://www.federalregister.gov/documents/2025/05/07/2025-07929/airworthiness-directives-bombardier-inc-airplanes,70,47.0,1.9148936170212765,2026-08-24T03:37:09Z
2025-06865,Wireless E911 Location Accuracy Requirements,2025-05-07,2025-06-06,32,Federal Communications Commission,1,https://www.federalregister.gov/documents/2025/05/07/2025-06865/wireless-e911-location-accuracy-requirements,39,30.0,32.0,2026-08-24T03:37:09Z
2025-07858,Airworthiness Directives; Airbus SAS Airplanes,2025-05-06,2025-06-20,4,Transportation Department,2,https://www.federalregister.gov/documents/2025/05/06/2025-07858/airworthiness-directives-airbus-sas-airplanes,141,45.0,2.666666666666667,2026-08-24T03:37:09Z
2025-07856,Airworthiness Directives; Airbus SAS Airplanes,2025-05-06,2025-06-20,6,Transportation Department,2,https://www.federalregister.gov/documents/2025/05/06/2025-07856/airworthiness-directives-airbus-sas-airplanes,95,45.0,4.0,2026-08-24T03:37:09Z
2025-07753,"Airworthiness Directives; Bombardier, Inc., Airplanes",2025-05-06,2025-06-20,24,Transportation Department,2,https://www.federalregister.gov/documents/2025/05/06/2025-07753/airworthiness-directives-bombardier-inc-airplanes,82,45.0,16.0,2026-08-24T03:37:09Z
2025-07837,"Special Measure Regarding Huione Group, as a Foreign Financial Institution of Primary Money Laundering Concern",2025-05-05,2025-06-04,16,Treasury Department,2,https://www.federalregister.gov/documents/2025/05/05/2025-07837/special-measure-regarding-huione-group-as-a-foreign-financial-institution-of-primary-money,88,30.0,16.0,2026-08-24T03:37:09Z
2025-07724,Airworthiness Directives; The Boeing Company Airplanes,2025-05-05,2025-06-20,3,Transportation Department,2,https://www.federalregister.gov/documents/2025/05/05/2025-07724/airworthiness-directives-the-boeing-company-airplanes,111,46.0,1.9565217391304348,2026-08-24T03:37:09Z
2025-07664,"Establishment of Class E Airspace; Wickenburg, AZ",2025-05-05,2025-06-20,3,Transportation Department,2,https://www.federalregister.gov/documents/2025/05/05/2025-07664/establishment-of-class-e-airspace-wickenburg-az,30,46.0,1.9565217391304348,2026-08-24T03:37:09Z
2025-07606,Pipeline Safety: Amendments to Liquefied Natural Gas Facilities,2025-05-05,2025-07-07,5,Transportation Department,2,https://www.federalregister.gov/documents/2025/05/05/2025-07606/pipeline-safety-amendments-to-liquefied-natural-gas-facilities,27,63.0,2.380952380952381,2026-08-24T03:37:09Z
2025-07637,"Amendment of Class D and Class E2, Amendment of Class E4, and Amendment of Class E5 Airspace Over New Bern, NC",2025-05-02,2025-06-16,3,Transportation Department,2,https://www.federalregister.gov/documents/2025/05/02/2025-07637/amendment-of-class-d-and-class-e2-amendment-of-class-e4-and-amendment-of-class-e5-airspace-over-new,97,45.0,2.0,2026-08-24T03:37:09Z
2025-07575,Assuring Responsive and Accountable Federal Executive Management,2025-05-02,2025-06-02,7,Personnel Management Office,1,https://www.federalregister.gov/documents/2025/05/02/2025-07575/assuring-responsive-and-accountable-federal-executive-management,155,31.0,6.774193548387097,2026-08-24T03:37:09Z
2025-07539,Request for Comment To Withhold Certain Aircraft Registration Information From Public Dissemination; Extension of Comment Period,2025-05-01,2025-06-04,2,Transportation Department,2,https://www.federalregister.gov/documents/2025/05/01/2025-07539/request-for-comment-to-withhold-certain-aircraft-registration-information-from-public-dissemination,121,34.0,1.7647058823529411,2026-08-24T03:37:09Z
2025-07531,"Safety Zone; Straits of Mackinac, Mackinaw City, MI",2025-05-01,2025-06-02,3,Homeland Security Department,2,https://www.federalregister.gov/documents/2025/05/01/2025-07531/safety-zone-straits-of-mackinac-mackinaw-city-mi,92,32.0,2.8125,2026-08-24T03:37:09Z
2025-07530,"Safety Zones; Erie, PA; Detroit, MI; Duluth, MN",2025-05-01,2025-06-02,3,Homeland Security Department,2,https://www.federalregister.gov/documents/2025/05/01/2025-07530/safety-zones-erie-pa-detroit-mi-duluth-mn,102,32.0,2.8125,2026-08-24T03:37:09Z
2025-07478,Petition for Reconsideration of Action in Rulemaking Proceeding,2025-05-01,,2,Federal Communications Commission,1,https://www.federalregister.gov/documents/2025/05/01/2025-07478/petition-for-reconsideration-of-action-in-rulemaking-proceeding,22,,,2026-08-24T03:37:09Z
2025-07388,New Mailing Standards for Domestic Mailing Services Products,2025-05-01,2025-06-02,29,Postal Service,1,https://www.federalregister.gov/documents/2025/05/01/2025-07388/new-mailing-standards-for-domestic-mailing-services-products,58,32.0,27.1875,2026-08-24T03:37:09Z
2025-07351,Energy Conservation Program: Notification of Petition for Rulemaking,2025-04-30,2025-05-30,14,Energy Department,1,https://www.federalregister.gov/documents/2025/04/30/2025-07351/energy-conservation-program-notification-of-petition-for-rulemaking,139,30.0,14.0,2026-08-24T03:37:09Z
2025-06348,Medicare Program; Prospective Payment System and Consolidated Billing for Skilled Nursing Facilities; Updates to the Quality Reporting Program for Federal Fiscal Year 2026,2025-04-30,2025-06-10,37,Health and Human Services Department,2,https://www.federalregister.gov/documents/2025/04/30/2025-06348/medicare-program-prospective-payment-system-and-consolidated-billing-for-skilled-nursing-facilities,45,41.0,27.073170731707318,2026-08-24T03:37:09Z
2025-06336,Medicare Program; Inpatient Rehabilitation Facility Prospective Payment System for Federal Fiscal Year 2026 and Updates to the IRF Quality Reporting Program,2025-04-30,2025-06-10,32,Health and Human Services Department,2,https://www.federalregister.gov/documents/2025/04/30/2025-06336/medicare-program-inpatient-rehabilitation-facility-prospective-payment-system-for-federal-fiscal,92,41.0,23.414634146341463,2026-08-24T03:37:09Z
2025-06317,Medicare Program; FY 2026 Hospice Wage Index and Payment Rate Update and Hospice Quality Reporting Program Requirements,2025-04-30,2025-06-10,20,Health and Human Services Department,2,https://www.federalregister.gov/documents/2025/04/30/2025-06317/medicare-program-fy-2026-hospice-wage-index-and-payment-rate-update-and-hospice-quality-reporting,85,41.0,14.634146341463413,2026-08-24T03:37:09Z
2025-06298,Medicare Program; FY 2026 Inpatient Psychiatric Facilities Prospective Payment System-Rate Update,2025-04-30,2025-06-10,38,Health and Human Services Department,2,https://www.federalregister.gov/documents/2025/04/30/2025-06298/medicare-program-fy-2026-inpatient-psychiatric-facilities-prospective-payment-system-rate-update,128,41.0,27.804878048780488,2026-08-24T03:37:09Z
2025-06271,Medicare Program; Hospital Inpatient Prospective Payment Systems for Acute Care Hospitals and the Long-Term Care Hospital Prospective Payment System and Policy Changes and Fiscal Year 2026 Rates; Requirements for Quality Programs; and Other Policy Changes,2025-04-30,2025-06-10,490,Health and Human Services Department,2,https://www.federalregister.gov/documents/2025/04/30/2025-06271/medicare-program-hospital-inpatient-prospective-payment-systems-for-acute-care-hospitals-and-the,76,41.0,358.5365853658537,2026-08-24T03:37:09Z
2025-07310,Petition for Reconsideration of Action in Rulemaking Proceeding,2025-04-29,,1,Federal Communications Commission,1,https://www.federalregister.gov/documents/2025/04/29/2025-07310/petition-for-reconsideration-of-action-in-rulemaking-proceeding,29,,,2026-08-24T03:37:09Z
2025-07271,Airworthiness Directives; The Boeing Company Airplanes,2025-04-29,2025-06-13,3,Transportation Department,2,https://www.federalregister.gov/documents/2025/04/29/2025-07271/airworthiness-directives-the-boeing-company-airplanes,86,45.0,2.0,2026-08-24T03:37:09Z
2025-07269,Airworthiness Directives; Airbus SAS Airplanes,2025-04-29,2025-06-13,4,Transportation Department,2,https://www.federalregister.gov/documents/2025/04/29/2025-07269/airworthiness-directives-airbus-sas-airplanes,113,45.0,2.666666666666667,2026-08-24T03:37:09Z
2025-07268,Airworthiness Directives; The Boeing Company Airplanes,2025-04-29,2025-06-13,4,Transportation Department,2,https://www.federalregister.gov/documents/2025/04/29/2025-07268/airworthiness-directives-the-boeing-company-airplanes,75,45.0,2.666666666666667,2026-08-24T03:37:09Z
2025-07259,Air Plan Approval; Missouri; Removal of Obsolete Rules on Control of NOX Emissions,2025-04-29,2025-05-29,5,Environmental Protection Agency,1,https://www.federalregister.gov/documents/2025/04/29/2025-07259/air-plan-approval-missouri-removal-of-obsolete-rules-on-control-of-nox-emissions,138,30.0,5.0,2026-08-24T03:37:09Z
2025-06776,Airworthiness Directives; Airbus SAS Airplanes,2025-04-29,2025-06-13,3,Transportation Department,2,https://www.federalregister.gov/documents/2025/04/29/2025-06776/airworthiness-directives-airbus-sas-airplanes,94,45.0,2.0,2026-08-24T03:37:09Z
2025-07187,Salmonella Framework for Raw Poultry Products,2025-04-25,,2,Agriculture Department,2,https://www.federalregister.gov/documents/2025/04/25/2025-07187/salmonella-framework-for-raw-poultry-products,16,,,2026-08-24T03:37:09Z
2025-07165,"Amendment of Class E Airspace; Nappanee, IN",2025-04-25,2025-06-09,2,Transportation Department,2,https://www.federalregister.gov/documents/2025/04/25/2025-07165/amendment-of-class-e-airspace-nappanee-in,90,45.0,1.3333333333333335,2026-08-24T03:37:09Z
2025-07164,"Amendment of Class E Airspace; Iron Mountain/Kingsford, MI",2025-04-25,2025-06-09,3,Transportation Department,2,https://www.federalregister.gov/documents/2025/04/25/2025-07164/amendment-of-class-e-airspace-iron-mountainkingsford-mi,71,45.0,2.0,2026-08-24T03:37:09Z
2025-07118,"Modification of Class E Airspace; Yellowstone Regional Airport, Cody, WY",2025-04-25,2025-06-09,2,Transportation Department,2,https://www.federalregister.gov/documents/2025/04/25/2025-07118/modification-of-class-e-airspace-yellowstone-regional-airport-cody-wy,65,45.0,1.3333333333333335,2026-08-24T03:37:09Z
2025-07112,Airworthiness Directives; Airbus Helicopters Deutschland GmbH Helicopters,2025-04-25,2025-06-09,3,Transportation Department,2,https://www.federalregister.gov/documents/2025/04/25/2025-07112/airworthiness-directives-airbus-helicopters-deutschland-gmbh-helicopters,140,45.0,2.0,2026-08-24T03:37:09Z
2025-07111,Airworthiness Directives; Airbus Helicopters Deutschland GmbH (AHD) Helicopters,2025-04-25,2025-06-09,4,Transportation Department,2,https://www.federalregister.gov/documents/2025/04/25/2025-07111/airworthiness-directives-airbus-helicopters-deutschland-gmbh-ahd-helicopters,120,45.0,2.666666666666667,2026-08-24T03:37:09Z
2025-07110,Airworthiness Directives; Airbus Helicopters,2025-04-25,2025-06-09,3,Transportation Department,2,https://www.federalregister.gov/documents/2025/04/25/2025-07110/airworthiness-directives-airbus-helicopters,96,45.0,2.0,2026-08-24T03:37:09Z
2025-07067,"Security Zone; Electric Boat Shipyard, Narragansett Bay, Quonset Point, North Kingstown, RI",2025-04-25,2025-05-27,4,Homeland Security Department,2,https://www.federalregister.gov/documents/2025/04/25/2025-07067/security-zone-electric-boat-shipyard-narragansett-bay-quonset-point-north-kingstown-ri,99,32.0,3.75,2026-08-24T03:37:09Z
2025-06963,Airworthiness Directives; General Electric Company Engines,2025-04-25,2025-06-09,4,Transportation Department,2,https://www.federalregister.gov/documents/2025/04/25/2025-06963/airworthiness-directives-general-electric-company-engines,89,45.0,2.666666666666667,2026-08-24T03:37:09Z
2025-06850,"Withdrawal of NPRM; Hickory, NC and Morganton, NC",2025-04-25,,2,Transportation Department,2,https://www.federalregister.gov/documents/2025/04/25/2025-06850/withdrawal-of-nprm-hickory-nc-and-morganton-nc,37,,,2026-08-24T03:37:09Z
2025-07099,Energy Conservation Program: Energy Conservation Standards for Manufactured Housing,2025-04-24,2025-05-27,4,Energy Department,1,https://www.federalregister.gov/documents/2025/04/24/2025-07099/energy-conservation-program-energy-conservation-standards-for-manufactured-housing,93,33.0,3.6363636363636367,2026-08-24T03:37:09Z
2025-07055,Air Plan Approval; Minnesota; Revision to Taconite Federal Implementation Plan,2025-04-24,2025-06-10,7,Environmental Protection Agency,1,https://www.federalregister.gov/documents/2025/04/24/2025-07055/air-plan-approval-minnesota-revision-to-taconite-federal-implementation-plan,63,47.0,4.468085106382978,2026-08-24T03:37:09Z
2025-06893,Migratory Bird Hunting; Proposed 2025-26 Frameworks for Migratory Bird Hunting Regulations,2025-04-24,2025-05-27,34,Interior Department,2,https://www.federalregister.gov/documents/2025/04/24/2025-06893/migratory-bird-hunting-proposed-2025-26-frameworks-for-migratory-bird-hunting-regulations,125,33.0,30.909090909090907,2026-08-24T03:37:09Z
2025-06945,"Special Local Regulation; York River, Yorktown, VA",2025-04-23,2025-05-08,4,Homeland Security Department,2,https://www.federalregister.gov/documents/2025/04/23/2025-06945/special-local-regulation-york-river-yorktown-va,77,15.0,8.0,2026-08-24T03:37:09Z
2025-06904,"Improving Performance, Accountability and Responsiveness in the Civil Service",2025-04-23,2025-05-23,43,Personnel Management Office,1,https://www.federalregister.gov/documents/2025/04/23/2025-06904/improving-performance-accountability-and-responsiveness-in-the-civil-service,89,30.0,43.0,2026-08-24T03:37:09Z
2025-06903,"Airworthiness Directives; GE Aviation Czech s.r.o. (Type Certificate Previously Held by WALTER Engines a.s., Walter a.s., and MOTORLET a.s.) Engines",2025-04-23,2025-06-09,3,Transportation Department,2,https://www.federalregister.gov/documents/2025/04/23/2025-06903/airworthiness-directives-ge-aviation-czech-sro-type-certificate-previously-held-by-walter-engines-as,175,47.0,1.9148936170212765,2026-08-24T03:37:09Z
2025-06868,"Regulated Navigation Area; Ludington Harbor Channel and Pere Marquette Lake, Ludington, MI",2025-04-22,2025-06-23,3,Homeland Security Department,2,https://www.federalregister.gov/documents/2025/04/22/2025-06868/regulated-navigation-area-ludington-harbor-channel-and-pere-marquette-lake-ludington-mi,68,62.0,1.4516129032258065,2026-08-24T03:37:09Z
2025-06863,Modifications to the Capital Plan Rule and Stress Capital Buffer Requirement,2025-04-22,2025-06-23,18,Federal Reserve System,1,https://www.federalregister.gov/documents/2025/04/22/2025-06863/modifications-to-the-capital-plan-rule-and-stress-capital-buffer-requirement,198,62.0,8.70967741935484,2026-08-24T03:37:09Z
2025-06690,"Withdrawal of NPRM: Establishment of Class E Airspace; Wickenburg, AZ",2025-04-22,,1,Transportation Department,2,https://www.federalregister.gov/documents/2025/04/22/2025-06690/withdrawal-of-nprm-establishment-of-class-e-airspace-wickenburg-az,67,,,2026-08-24T03:37:09Z
2025-06782,Migratory Bird Permits; Authorizing the Incidental Take of Migratory Birds; Withdrawal,2025-04-21,,1,Interior Department,2,https://www.federalregister.gov/documents/2025/04/21/2025-06782/migratory-bird-permits-authorizing-the-incidental-take-of-migratory-birds-withdrawal,42,,,2026-08-24T03:37:09Z
2025-06757,Standards of Performance for New Stationary Sources and Emission Guidelines for Existing Sources: Large Municipal Waste Combustors Voluntary Remand Response and 5-Year Review; Closing of Comment Period,2025-04-21,2025-05-30,2,Environmental Protection Agency,1,https://www.federalregister.gov/documents/2025/04/21/2025-06757/standards-of-performance-for-new-stationary-sources-and-emission-guidelines-for-existing-sources,109,39.0,1.5384615384615383,2026-08-24T03:37:09Z
2025-06667,Airworthiness Directives; Airbus SAS Airplanes,2025-04-21,2025-06-05,4,Transportation Department,2,https://www.federalregister.gov/documents/2025/04/21/2025-06667/airworthiness-directives-airbus-sas-airplanes,104,45.0,2.666666666666667,2026-08-24T03:37:09Z
2025-06617,Air Plan Approval; Indiana; Indiana NOX Emissions Monitoring,2025-04-21,2025-05-21,6,Environmental Protection Agency,1,https://www.federalregister.gov/documents/2025/04/21/2025-06617/air-plan-approval-indiana-indiana-nox-emissions-monitoring,95,30.0,6.0,2026-08-24T03:37:09Z
2025-06729,Energy Conservation Program: Proposed Withdrawal of Determination of Portable Electric Spas as a Covered Consumer Product,2025-04-18,2025-05-19,6,Energy Department,1,https://www.federalregister.gov/documents/2025/04/18/2025-06729/energy-conservation-program-proposed-withdrawal-of-determination-of-portable-electric-spas-as-a,33,31.0,5.806451612903226,2026-08-24T03:37:09Z
2025-06689,"Amendment of Class D and Class E Airspace; Fargo, ND",2025-04-18,2025-06-02,2,Transportation Department,2,https://www.federalregister.gov/documents/2025/04/18/2025-06689/amendment-of-class-d-and-class-e-airspace-fargo-nd,78,45.0,1.3333333333333335,2026-08-24T03:37:09Z
2025-06684,Procedures for Applying Payments to Principal and Interest Upon Loan Reamortization,2025-04-18,2025-05-19,1,Federal Retirement Thrift Investment Board,1,https://www.federalregister.gov/documents/2025/04/18/2025-06684/procedures-for-applying-payments-to-principal-and-interest-upon-loan-reamortization,55,31.0,0.967741935483871,2026-08-24T03:37:09Z
2025-06656,International Mailing Services: Proposed Price Changes,2025-04-18,2025-05-19,2,Postal Service,1,https://www.federalregister.gov/documents/2025/04/18/2025-06656/international-mailing-services-proposed-price-changes,22,31.0,1.935483870967742,2026-08-24T03:37:09Z
2025-06609,"Modification of Class D Airspace, Establishment of Class E Airspace; San Bernardino International Airport, San Bernardino, CA",2025-04-18,,2,Transportation Department,2,https://www.federalregister.gov/documents/2025/04/18/2025-06609/modification-of-class-d-airspace-establishment-of-class-e-airspace-san-bernardino-international,57,,,2026-08-24T03:37:09Z
2025-06608,Air Plan Approval; West Virginia; Regional Haze State Implementation Plan for the Second Implementation Period,2025-04-18,2025-05-19,13,Environmental Protection Agency,1,https://www.federalregister.gov/documents/2025/04/18/2025-06608/air-plan-approval-west-virginia-regional-haze-state-implementation-plan-for-the-second,93,31.0,12.580645161290324,2026-08-24T03:37:09Z
2025-06746,Rescinding the Definition of “Harm” Under the Endangered Species Act,2025-04-17,2025-05-19,4,Interior Department,4,https://www.federalregister.gov/documents/2025/04/17/2025-06746/rescinding-the-definition-of-harm-under-the-endangered-species-act,77,32.0,3.75,2026-08-24T03:37:09Z
2025-06570,"Amendment of Class E Airspace; Chambersburg, PA",2025-04-17,2025-06-02,2,Transportation Department,2,https://www.federalregister.gov/documents/2025/04/17/2025-06570/amendment-of-class-e-airspace-chambersburg-pa,87,46.0,1.3043478260869565,2026-08-24T03:37:09Z
2025-06330,"Energy Conservation Program: Procedures, Interpretations, and Policies for Consideration of New or Revised Energy Conservation Standards and Test Procedures for Consumer Products and Certain Commercial/Industrial Equipment",2025-04-17,2025-06-02,9,Energy Department,1,https://www.federalregister.gov/documents/2025/04/17/2025-06330/energy-conservation-program-procedures-interpretations-and-policies-for-consideration-of-new-or,154,46.0,5.869565217391305,2026-08-24T03:37:09Z
2025-06446,Airworthiness Directives; Airbus SAS Airplanes,2025-04-16,2025-06-02,3,Transportation Department,2,https://www.federalregister.gov/documents/2025/04/16/2025-06446/airworthiness-directives-airbus-sas-airplanes,117,47.0,1.9148936170212765,2026-08-24T03:37:09Z
2025-06416,"Establishment of Restricted Areas R-5305A, R-5305B, and R-5305C; Camp Lejeune, NC; and Restricted Areas R-5307A, R-5307B, and R-5307C; Cherry Point, NC",2025-04-16,2025-05-09,2,Transportation Department,2,https://www.federalregister.gov/documents/2025/04/16/2025-06416/establishment-of-restricted-areas-r-5305a-r-5305b-and-r-5305c-camp-lejeune-nc-and-restricted-areas,75,23.0,2.608695652173913,2026-08-24T03:37:09Z
2025-06280,Federal Management Regulation; Art in Architecture; Planned Rescission,2025-04-16,,1,General Services Administration,1,https://www.federalregister.gov/documents/2025/04/16/2025-06280/federal-management-regulation-art-in-architecture-planned-rescission,23,,,2026-08-24T03:37:09Z
2025-06279,"Federal Management Regulation; Updating Transportation Management, With Diversity, Equity, Inclusion, and Accessibility Language; Planned Rescission",2025-04-16,,2,General Services Administration,1,https://www.federalregister.gov/documents/2025/04/16/2025-06279/federal-management-regulation-updating-transportation-management-with-diversity-equity-inclusion-and,32,,,2026-08-24T03:37:09Z
2025-06278,Federal Management Regulation; Designation of Authority and Sustainable Siting; Planned Revision,2025-04-16,,1,General Services Administration,1,https://www.federalregister.gov/documents/2025/04/16/2025-06278/federal-management-regulation-designation-of-authority-and-sustainable-siting-planned-revision,26,,,2026-08-24T03:37:09Z
2025-06277,"Federal Management Regulation; Updating the Federal Management Regulation (FMR) With Diversity, Equity, Inclusion, and Accessibility Language; Planned Rescission",2025-04-16,,1,General Services Administration,1,https://www.federalregister.gov/documents/2025/04/16/2025-06277/federal-management-regulation-updating-the-federal-management-regulation-fmr-with-diversity-equity,34,,,2026-08-24T03:37:09Z
2025-06276,Federal Travel Regulation; Alternative Fuel Vehicle Usage During Relocations; Planned Rescission,2025-04-16,,1,General Services Administration,1,https://www.federalregister.gov/documents/2025/04/16/2025-06276/federal-travel-regulation-alternative-fuel-vehicle-usage-during-relocations-planned-rescission,25,,,2026-08-24T03:37:09Z
2025-06275,"Federal Travel Regulation: Updating the FTR With Diversity, Equity, Inclusion, and Accessibility Language; Planned Rescission",2025-04-16,,1,General Services Administration,1,https://www.federalregister.gov/documents/2025/04/16/2025-06275/federal-travel-regulation-updating-the-ftr-with-diversity-equity-inclusion-and-accessibility,31,,,2026-08-24T03:37:09Z
2025-06181,Federal Management Regulation; Soliciting Union Memberships Among Contractors in GSA-Controlled Buildings; Planned Rescission,2025-04-16,,2,General Services Administration,1,https://www.federalregister.gov/documents/2025/04/16/2025-06181/federal-management-regulation-soliciting-union-memberships-among-contractors-in-gsa-controlled,28,,,2026-08-24T03:37:09Z
2025-06180,Federal Management Regulation; Federal Advisory Committee Management; Planned Revision,2025-04-16,,2,General Services Administration,1,https://www.federalregister.gov/documents/2025/04/16/2025-06180/federal-management-regulation-federal-advisory-committee-management-planned-revision,24,,,2026-08-24T03:37:09Z
2025-06382,"Airworthiness Directives; CFM International, S.A. Engines",2025-04-15,2025-05-30,4,Transportation Department,2,https://www.federalregister.gov/documents/2025/04/15/2025-06382/airworthiness-directives-cfm-international-sa-engines,156,45.0,2.666666666666667,2026-08-24T03:37:09Z
2025-06377,Section 45W Credit for Qualified Commercial Clean Vehicles,2025-04-15,,1,Treasury Department,2,https://www.federalregister.gov/documents/2025/04/15/2025-06377/section-45w-credit-for-qualified-commercial-clean-vehicles,28,,,2026-08-24T03:37:09Z
2025-06370,"Special Local Regulation; Neuse and Trent Rivers, New Bern, NC",2025-04-15,2025-05-15,3,Homeland Security Department,2,https://www.federalregister.gov/documents/2025/04/15/2025-06370/special-local-regulation-neuse-and-trent-rivers-new-bern-nc,80,30.0,3.0,2026-08-24T03:37:09Z
2025-06367,"Airworthiness Directives; MHI RJ Aviation ULC (Type Certificate Previously Held by Bombardier, Inc.) Airplanes",2025-04-15,2025-05-30,4,Transportation Department,2,https://www.federalregister.gov/documents/2025/04/15/2025-06367/airworthiness-directives-mhi-rj-aviation-ulc-type-certificate-previously-held-by-bombardier-inc,146,45.0,2.666666666666667,2026-08-24T03:37:09Z
2025-06354,Petition for Reconsideration of Action in Rulemaking Proceeding,2025-04-15,,1,Federal Communications Commission,1,https://www.federalregister.gov/documents/2025/04/15/2025-06354/petition-for-reconsideration-of-action-in-rulemaking-proceeding,67,,,2026-08-24T03:37:09Z
2025-06346,Magnuson-Stevens Act Provisions; Fisheries off West Coast States; Pacific Coast Groundfish Fishery; 2025 Pacific Whiting Tribal Allocation and 2025 Incidental Set-Aside,2025-04-15,2025-04-30,6,Commerce Department,2,https://www.federalregister.gov/documents/2025/04/15/2025-06346/magnuson-stevens-act-provisions-fisheries-off-west-coast-states-pacific-coast-groundfish-fishery,61,15.0,12.0,2026-08-24T03:37:09Z
2025-06274,Airworthiness Directives; The Boeing Company Airplanes,2025-04-15,2025-05-30,3,Transportation Department,2,https://www.federalregister.gov/documents/2025/04/15/2025-06274/airworthiness-directives-the-boeing-company-airplanes,93,45.0,2.0,2026-08-24T03:37:09Z
2025-06186,Airworthiness Directives; Airbus Helicopters,2025-04-15,2025-05-30,4,Transportation Department,2,https://www.federalregister.gov/documents/2025/04/15/2025-06186/airworthiness-directives-airbus-helicopters,109,45.0,2.666666666666667,2026-08-24T03:37:09Z
2025-06185,Airworthiness Directives; Airbus Helicopters,2025-04-15,2025-05-30,4,Transportation Department,2,https://www.federalregister.gov/documents/2025/04/15/2025-06185/airworthiness-directives-airbus-helicopters,127,45.0,2.666666666666667,2026-08-24T03:37:09Z
2025-06237,"Amendment of Class E Airspace; Hagerstown, MD",2025-04-14,2025-05-29,2,Transportation Department,2,https://www.federalregister.gov/documents/2025/04/14/2025-06237/amendment-of-class-e-airspace-hagerstown-md,70,45.0,1.3333333333333335,2026-08-24T03:37:09Z
2025-06157,Airworthiness Directives; The Boeing Company Airplanes,2025-04-11,2025-05-27,3,Transportation Department,2,https://www.federalregister.gov/documents/2025/04/11/2025-06157/airworthiness-directives-the-boeing-company-airplanes,97,46.0,1.9565217391304348,2026-08-24T03:37:09Z
2025-06070,Airworthiness Directives; Honda Aircraft Company LLC Airplanes,2025-04-11,2025-05-27,3,Transportation Department,2,https://www.federalregister.gov/documents/2025/04/11/2025-06070/airworthiness-directives-honda-aircraft-company-llc-airplanes,125,46.0,1.9565217391304348,2026-08-24T03:37:09Z
2025-06062,"Airworthiness Directives; Bombardier, Inc., Airplanes",2025-04-11,2025-05-27,8,Transportation Department,2,https://www.federalregister.gov/documents/2025/04/11/2025-06062/airworthiness-directives-bombardier-inc-airplanes,84,46.0,5.217391304347826,2026-08-24T03:37:09Z
2025-06125,Petition Requesting a Mandatory Regulation for Child-Resistant Above-Ground and Portable Pool Ladders,2025-04-10,2025-06-09,3,Consumer Product Safety Commission,1,https://www.federalregister.gov/documents/2025/04/10/2025-06125/petition-requesting-a-mandatory-regulation-for-child-resistant-above-ground-and-portable-pool,55,60.0,1.5,2026-08-24T03:37:09Z
2025-06123,Airworthiness Directives; The Boeing Company Airplanes,2025-04-10,2025-05-27,4,Transportation Department,2,https://www.federalregister.gov/documents/2025/04/10/2025-06123/airworthiness-directives-the-boeing-company-airplanes,108,47.0,2.5531914893617023,2026-08-24T03:37:09Z
2025-06061,Airworthiness Directives; The Boeing Company Airplanes,2025-04-10,2025-05-27,4,Transportation Department,2,https://www.federalregister.gov/documents/2025/04/10/2025-06061/airworthiness-directives-the-boeing-company-airplanes,107,47.0,2.5531914893617023,2026-08-24T03:37:09Z
2025-05927,Air Plan Approval; Louisiana; Interstate Transport Requirements for the 2010 SO2 NAAQS,2025-04-09,2025-05-09,6,Environmental Protection Agency,1,https://www.federalregister.gov/documents/2025/04/09/2025-05927/air-plan-approval-louisiana-interstate-transport-requirements-for-the-2010-so2-naaqs,110,30.0,6.0,2026-08-24T03:37:09Z
2025-05993,"Safety Zone; Milwaukee Air and Water Show, Milwaukee, WI",2025-04-08,2025-05-08,3,Homeland Security Department,2,https://www.federalregister.gov/documents/2025/04/08/2025-05993/safety-zone-milwaukee-air-and-water-show-milwaukee-wi,100,30.0,3.0,2026-08-24T03:37:09Z
2025-05943,Petitions for Reconsideration of Action in Rulemaking Proceeding; Correction,2025-04-08,,1,Federal Communications Commission,1,https://www.federalregister.gov/documents/2025/04/08/2025-05943/petitions-for-reconsideration-of-action-in-rulemaking-proceeding-correction,51,,,2026-08-24T03:37:09Z
2025-05939,Pacific Halibut Fisheries of the West Coast; Management Measures for the Area 2A Pacific Halibut Directed Commercial Fishery,2025-04-08,2025-05-08,4,Commerce Department,2,https://www.federalregister.gov/documents/2025/04/08/2025-05939/pacific-halibut-fisheries-of-the-west-coast-management-measures-for-the-area-2a-pacific-halibut,95,30.0,4.0,2026-08-24T03:37:09Z
2025-05902,"Amendment of Class D Airspace and Establishment of Class E Airspace; Little Rock, AR",2025-04-08,2025-05-23,2,Transportation Department,2,https://www.federalregister.gov/documents/2025/04/08/2025-05902/amendment-of-class-d-airspace-and-establishment-of-class-e-airspace-little-rock-ar,53,45.0,1.3333333333333335,2026-08-24T03:37:09Z
2025-05799,"Establishment of Class E Airspace; Blue Hill, ME",2025-04-08,2025-05-23,3,Transportation Department,2,https://www.federalregister.gov/documents/2025/04/08/2025-05799/establishment-of-class-e-airspace-blue-hill-me,50,45.0,2.0,2026-08-24T03:37:09Z
2025-05921,Air Plan Approval; Pennsylvania; Redesignation Request and Associated Maintenance Plan for the Liberty-Clairton Area for the 1997 Annual and 2006 24-Hour Fine Particulate Matter Standard and Maintenance Plan for the Allegheny County Area for the 2012 Annual Fine Particulate Matter Standard,2025-04-07,2025-05-07,16,Environmental Protection Agency,1,https://www.federalregister.gov/documents/2025/04/07/2025-05921/air-plan-approval-pennsylvania-redesignation-request-and-associated-maintenance-plan-for-the,242,30.0,16.0,2026-08-24T03:37:09Z
2025-05920,"Alcohol Facts Statements in the Labeling of Wines, Distilled Spirits, and Malt Beverages; and Major Food Allergen Labeling for Wines, Distilled Spirits, and Malt Beverages; Comment Period Extension",2025-04-07,2025-08-15,2,Treasury Department,2,https://www.federalregister.gov/documents/2025/04/07/2025-05920/alcohol-facts-statements-in-the-labeling-of-wines-distilled-spirits-and-malt-beverages-and-major,116,130.0,0.46153846153846156,2026-08-24T03:37:09Z
2025-05915,Receipt of Pesticide Petitions Filed for Residues of Pesticide Chemicals in or on Various Commodities-January 2025,2025-04-07,2025-05-07,2,Environmental Protection Agency,1,https://www.federalregister.gov/documents/2025/04/07/2025-05915/receipt-of-pesticide-petitions-filed-for-residues-of-pesticide-chemicals-in-or-on-various,43,30.0,2.0,2026-08-24T03:37:09Z
2025-05910,Air Plan Approval; Connecticut; 2017 Base Year Emissions Inventory for the 2015 8-Hour Ozone National Ambient Air Quality Standards,2025-04-07,2025-05-07,5,Environmental Protection Agency,1,https://www.federalregister.gov/documents/2025/04/07/2025-05910/air-plan-approval-connecticut-2017-base-year-emissions-inventory-for-the-2015-8-hour-ozone-national,94,30.0,5.0,2026-08-24T03:37:09Z
2025-05907,"Special Local Regulation, East River, Mathews, Virginia",2025-04-07,2025-05-07,3,Homeland Security Department,2,https://www.federalregister.gov/documents/2025/04/07/2025-05907/special-local-regulation-east-river-mathews-virginia,78,30.0,3.0,2026-08-24T03:37:09Z
2025-05899,Interim Enforcement Policy for Enforcement Discretion for General Licensee Adoption of Certificate of Compliance Holder-Generated Changes,2025-04-07,2025-04-28,4,Nuclear Regulatory Commission,1,https://www.federalregister.gov/documents/2025/04/07/2025-05899/interim-enforcement-policy-for-enforcement-discretion-for-general-licensee-adoption-of-certificate,55,21.0,5.7142857142857135,2026-08-24T03:37:09Z
2025-05863,"Airworthiness Directives; Bombardier, Inc., Airplanes",2025-04-07,2025-05-22,4,Transportation Department,2,https://www.federalregister.gov/documents/2025/04/07/2025-05863/airworthiness-directives-bombardier-inc-airplanes,91,45.0,2.666666666666667,2026-08-24T03:37:09Z
2025-05862,Airworthiness Directives; Dassault Aviation Airplanes,2025-04-07,2025-05-22,4,Transportation Department,2,https://www.federalregister.gov/documents/2025/04/07/2025-05862/airworthiness-directives-dassault-aviation-airplanes,125,45.0,2.666666666666667,2026-08-24T03:37:09Z
2025-05847,Airworthiness Directives; Airbus Helicopters,2025-04-07,2025-05-22,3,Transportation Department,2,https://www.federalregister.gov/documents/2025/04/07/2025-05847/airworthiness-directives-airbus-helicopters,108,45.0,2.0,2026-08-24T03:37:09Z
2025-05842,Airworthiness Directives; Airbus SAS Airplanes,2025-04-07,2025-05-22,3,Transportation Department,2,https://www.federalregister.gov/documents/2025/04/07/2025-05842/airworthiness-directives-airbus-sas-airplanes,113,45.0,2.0,2026-08-24T03:37:09Z
2025-05840,Airworthiness Directives; The Boeing Company Airplanes,2025-04-07,2025-05-22,3,Transportation Department,2,https://www.federalregister.gov/documents/2025/04/07/2025-05840/airworthiness-directives-the-boeing-company-airplanes,121,45.0,2.0,2026-08-24T03:37:09Z
2025-05865,"Special Local Regulation; San Diego and Mission Bay, San Diego, CA",2025-04-04,2025-05-05,3,Homeland Security Department,2,https://www.federalregister.gov/documents/2025/04/04/2025-05865/special-local-regulation-san-diego-and-mission-bay-san-diego-ca,49,31.0,2.903225806451613,2026-08-24T03:37:09Z
2025-05825,Intent To Receive Public Feedback for the Development of Proposed Regulations and Establish Negotiated Rulemaking Committee,2025-04-04,2025-05-05,3,Education Department,1,https://www.federalregister.gov/documents/2025/04/04/2025-05825/intent-to-receive-public-feedback-for-the-development-of-proposed-regulations-and-establish,77,31.0,2.903225806451613,2026-08-24T03:37:09Z
2025-05795,Notice of Public Meetings and Request for Comment on the Modernization of Pilot Schools,2025-04-04,2025-05-30,2,Transportation Department,2,https://www.federalregister.gov/documents/2025/04/04/2025-05795/notice-of-public-meetings-and-request-for-comment-on-the-modernization-of-pilot-schools,18,56.0,1.0714285714285714,2026-08-24T03:37:09Z
2025-05764,Fisheries of the Exclusive Economic Zone off Alaska; Cook Inlet; Proposed 2025 Harvest Specifications for Salmon,2025-04-04,2025-05-05,4,Commerce Department,2,https://www.federalregister.gov/documents/2025/04/04/2025-05764/fisheries-of-the-exclusive-economic-zone-off-alaska-cook-inlet-proposed-2025-harvest-specifications,87,31.0,3.870967741935484,2026-08-24T03:37:09Z
2025-05480,Significant New Use Rules on Certain Chemical Substances (24-4.5e),2025-04-04,2025-05-05,29,Environmental Protection Agency,1,https://www.federalregister.gov/documents/2025/04/04/2025-05480/significant-new-use-rules-on-certain-chemical-substances-24-45e,142,31.0,28.064516129032256,2026-08-24T03:37:09Z
2025-05738,Request for Comment To Withhold Certain Aircraft Registration Information From Public Dissemination,2025-04-03,2025-05-05,2,Transportation Department,2,https://www.federalregister.gov/documents/2025/04/03/2025-05738/request-for-comment-to-withhold-certain-aircraft-registration-information-from-public-dissemination,82,32.0,1.875,2026-08-24T03:37:09Z
2025-05700,Airworthiness Directives; Embraer S.A. Airplanes,2025-04-03,2025-05-19,4,Transportation Department,2,https://www.federalregister.gov/documents/2025/04/03/2025-05700/airworthiness-directives-embraer-sa-airplanes,130,46.0,2.608695652173913,2026-08-24T03:37:09Z
2025-05636,"Revocation of Class D and Class E4 Airspace; Establishment of Class E2 Airspace; Amendment of Class E5 Airspace Aberdeen, MD",2025-04-03,2025-05-19,3,Transportation Department,2,https://www.federalregister.gov/documents/2025/04/03/2025-05636/revocation-of-class-d-and-class-e4-airspace-establishment-of-class-e2-airspace-amendment-of-class-e5,111,46.0,1.9565217391304348,2026-08-24T03:37:09Z
2025-05557,Ensuring Lawful Regulation; Reducing Regulation and Controlling Regulatory Costs,2025-04-03,2025-05-05,3,Transportation Department,1,https://www.federalregister.gov/documents/2025/04/03/2025-05557/ensuring-lawful-regulation-reducing-regulation-and-controlling-regulatory-costs,114,32.0,2.8125,2026-08-24T03:37:09Z
2025-05494,Fisheries of the Northeastern United States; 2025 Black Sea Bass Recreational Management Measures,2025-04-03,2025-04-18,4,Commerce Department,2,https://www.federalregister.gov/documents/2025/04/03/2025-05494/fisheries-of-the-northeastern-united-states-2025-black-sea-bass-recreational-management-measures,65,15.0,8.0,2026-08-24T03:37:09Z
2025-05614,Wireless Telecommunications Bureau Seeks Comment on Petition Seeking Clarification and Reconsideration of the Alaska Connect Fund Order,2025-04-02,2025-04-28,2,Federal Communications Commission,1,https://www.federalregister.gov/documents/2025/04/02/2025-05614/wireless-telecommunications-bureau-seeks-comment-on-petition-seeking-clarification-and,47,26.0,2.307692307692308,2026-08-24T03:37:09Z
2025-05375,Air Plan Revision; California; Placer County Air Pollution Control District; New Source Review,2025-04-02,2025-05-02,4,Environmental Protection Agency,1,https://www.federalregister.gov/documents/2025/04/02/2025-05375/air-plan-revision-california-placer-county-air-pollution-control-district-new-source-review,140,30.0,4.0,2026-08-24T03:37:09Z
2025-05541,"Removal of Class E Airspace; Sunbury, PA",2025-04-01,2025-06-16,2,Transportation Department,2,https://www.federalregister.gov/documents/2025/04/01/2025-05541/removal-of-class-e-airspace-sunbury-pa,57,76.0,0.7894736842105263,2026-08-24T03:37:09Z
2025-05495,Fisheries of the Northeastern United States; Mid-Atlantic Blueline Tilefish and Golden Tilefish Fisheries; 2025-2027 Golden Tilefish Specifications and 2025 Blueline Tilefish Specifications,2025-04-01,2025-04-16,3,Commerce Department,2,https://www.federalregister.gov/documents/2025/04/01/2025-05495/fisheries-of-the-northeastern-united-states-mid-atlantic-blueline-tilefish-and-golden-tilefish,75,15.0,6.0,2026-08-24T03:37:09Z
2025-05490,Airworthiness Directives; The Boeing Company Airplanes,2025-04-01,2025-05-16,4,Transportation Department,2,https://www.federalregister.gov/documents/2025/04/01/2025-05490/airworthiness-directives-the-boeing-company-airplanes,93,45.0,2.666666666666667,2026-08-24T03:37:09Z
2025-05489,"Airworthiness Directives; Airbus Canada Limited Partnership (Type Certificate Previously Held by C Series Aircraft Limited Partnership (CSALP); Bombardier, Inc.) Airplanes",2025-04-01,2025-05-16,4,Transportation Department,2,https://www.federalregister.gov/documents/2025/04/01/2025-05489/airworthiness-directives-airbus-canada-limited-partnership-type-certificate-previously-held-by-c,77,45.0,2.666666666666667,2026-08-24T03:37:09Z
2025-05492,"Amendment of Class D and Class E Airspace; Morgantown, WV",2025-03-31,2025-05-15,2,Transportation Department,2,https://www.federalregister.gov/documents/2025/03/31/2025-05492/amendment-of-class-d-and-class-e-airspace-morgantown-wv,48,45.0,1.3333333333333335,2026-08-24T03:37:09Z
2025-05483,"Establishment of Class E Airspace; Sparta, KY",2025-03-31,2025-05-15,2,Transportation Department,2,https://www.federalregister.gov/documents/2025/03/31/2025-05483/establishment-of-class-e-airspace-sparta-ky,30,45.0,1.3333333333333335,2026-08-24T03:37:09Z
2025-05458,"List of Approved Spent Fuel Storage Casks: NAC International, Inc., MAGNASTOR® Storage System, Certificate of Compliance No. 1031, Amendment No. 15; Correction",2025-03-31,,1,Nuclear Regulatory Commission,1,https://www.federalregister.gov/documents/2025/03/31/2025-05458/list-of-approved-spent-fuel-storage-casks-nac-international-inc-magnastor-storage-system-certificate,67,,,2026-08-24T03:37:09Z
2025-05385,Section 610 Review of National Emission Standards for Hazardous Air Pollutants for Brick and Structural Clay Products Manufacturing and Clay Ceramics Manufacturing,2025-03-31,2025-05-30,2,Environmental Protection Agency,1,https://www.federalregister.gov/documents/2025/03/31/2025-05385/section-610-review-of-national-emission-standards-for-hazardous-air-pollutants-for-brick-and,118,60.0,1.0,2026-08-24T03:37:09Z
2025-05369,"Air Plan Approval; California; State Implementation Plan Revision for Chico, Modesto, and Stockton Carbon Monoxide Maintenance Areas",2025-03-31,2025-04-30,4,Environmental Protection Agency,1,https://www.federalregister.gov/documents/2025/03/31/2025-05369/air-plan-approval-california-state-implementation-plan-revision-for-chico-modesto-and-stockton,77,30.0,4.0,2026-08-24T03:37:09Z
2025-05287,"Amendment of VOR Federal Airway V-233 and Revocation of VOR Federal Airway V-320 Due to the Decommissioning of the Mount Pleasant, MI, VOR",2025-03-31,,2,Transportation Department,2,https://www.federalregister.gov/documents/2025/03/31/2025-05287/amendment-of-vor-federal-airway-v-233-and-revocation-of-vor-federal-airway-v-320-due-to-the,70,,,2026-08-24T03:37:09Z
2025-05059,"Modification of Class E Airspace; Petersburg James A Johnson Airport, Petersburg, AK",2025-03-31,2025-05-15,2,Transportation Department,2,https://www.federalregister.gov/documents/2025/03/31/2025-05059/modification-of-class-e-airspace-petersburg-james-a-johnson-airport-petersburg-ak,71,45.0,1.3333333333333335,2026-08-24T03:37:09Z
2025-05058,"Modification of Class E Airspace; Wrangell Airport, Wrangell, AK",2025-03-31,2025-05-15,3,Transportation Department,2,https://www.federalregister.gov/documents/2025/03/31/2025-05058/modification-of-class-e-airspace-wrangell-airport-wrangell-ak,62,45.0,2.0,2026-08-24T03:37:09Z
2025-04985,Airworthiness Directives; The Boeing Company Airplanes,2025-03-31,2025-05-15,5,Transportation Department,2,https://www.federalregister.gov/documents/2025/03/31/2025-04985/airworthiness-directives-the-boeing-company-airplanes,143,45.0,3.333333333333333,2026-08-24T03:37:09Z
2025-05382,Air Plan Approval; Florida; Revisions to Stationary Sources-Removal of Clean Air Interstate Rule Provisions,2025-03-28,2025-04-28,4,Environmental Protection Agency,1,https://www.federalregister.gov/documents/2025/03/28/2025-05382/air-plan-approval-florida-revisions-to-stationary-sources-removal-of-clean-air-interstate-rule,77,31.0,3.870967741935484,2026-08-24T03:37:09Z
2025-05329,Airworthiness Directives; International Aero Engines LLC Engines,2025-03-28,2025-05-12,3,Transportation Department,2,https://www.federalregister.gov/documents/2025/03/28/2025-05329/airworthiness-directives-international-aero-engines-llc-engines,124,45.0,2.0,2026-08-24T03:37:09Z
2025-05284,Fisheries Off West Coast States; West Coast Salmon Fisheries; Federal Salmon Regulations for Overfished Species Rebuilding Plans,2025-03-28,2025-04-28,2,Commerce Department,2,https://www.federalregister.gov/documents/2025/03/28/2025-05284/fisheries-off-west-coast-states-west-coast-salmon-fisheries-federal-salmon-regulations-for,69,31.0,1.935483870967742,2026-08-24T03:37:09Z
2025-04951,Airworthiness Directives; The Boeing Company Airplanes,2025-03-28,2025-05-12,3,Transportation Department,2,https://www.federalregister.gov/documents/2025/03/28/2025-04951/airworthiness-directives-the-boeing-company-airplanes,79,45.0,2.0,2026-08-24T03:37:09Z
2025-05215,Airworthiness Directives; Airbus SAS Airplanes,2025-03-27,2025-05-12,4,Transportation Department,2,https://www.federalregister.gov/documents/2025/03/27/2025-05215/airworthiness-directives-airbus-sas-airplanes,168,46.0,2.608695652173913,2026-08-24T03:37:09Z
2025-05156,Air Plan Revisions; California; Antelope Valley Air Quality Management District; New Source Review; Stationary Source Permits,2025-03-26,2025-04-25,5,Environmental Protection Agency,1,https://www.federalregister.gov/documents/2025/03/26/2025-05156/air-plan-revisions-california-antelope-valley-air-quality-management-district-new-source-review,160,30.0,5.0,2026-08-24T03:37:09Z
2025-05119,Airworthiness Directives; Airbus SAS Airplanes,2025-03-26,2025-05-12,3,Transportation Department,2,https://www.federalregister.gov/documents/2025/03/26/2025-05119/airworthiness-directives-airbus-sas-airplanes,102,47.0,1.9148936170212765,2026-08-24T03:37:09Z
2025-05104,"Radio Broadcasting Services; Matador, Texas",2025-03-26,2025-05-02,2,Federal Communications Commission,1,https://www.federalregister.gov/documents/2025/03/26/2025-05104/radio-broadcasting-services-matador-texas,144,37.0,1.6216216216216217,2026-08-24T03:37:09Z
2025-05046,Fisheries of the Northeastern United States; Atlantic Spiny Dogfish Fishery; 2025 Specifications,2025-03-26,2025-04-10,3,Commerce Department,2,https://www.federalregister.gov/documents/2025/03/26/2025-05046/fisheries-of-the-northeastern-united-states-atlantic-spiny-dogfish-fishery-2025-specifications,65,15.0,6.0,2026-08-24T03:37:09Z
2025-05031,Airworthiness Directives; Embraer S.A. Airplanes,2025-03-26,2025-05-12,3,Transportation Department,2,https://www.federalregister.gov/documents/2025/03/26/2025-05031/airworthiness-directives-embraer-sa-airplanes,81,47.0,1.9148936170212765,2026-08-24T03:37:09Z
2025-05026,"Airworthiness Directives; Bombardier, Inc., Airplanes",2025-03-26,2025-05-12,8,Transportation Department,2,https://www.federalregister.gov/documents/2025/03/26/2025-05026/airworthiness-directives-bombardier-inc-airplanes,91,47.0,5.1063829787234045,2026-08-24T03:37:09Z
2025-04567,"Special Conditions: Carson Helicopters Inc., Sikorsky Model S-61A, S-61L, and S-61N (Including Those Modified by Supplemental Type Certificate (STC) No. SH640NE) Helicopters; Overload Protection Device in a Hoist",2025-03-26,2025-04-25,3,Transportation Department,2,https://www.federalregister.gov/documents/2025/03/26/2025-04567/special-conditions-carson-helicopters-inc-sikorsky-model-s-61a-s-61l-and-s-61n-including-those,133,30.0,3.0,2026-08-24T03:37:09Z
2025-05014,"Television Broadcasting Services Las Vegas, Nevada",2025-03-25,2025-05-09,2,Federal Communications Commission,1,https://www.federalregister.gov/documents/2025/03/25/2025-05014/television-broadcasting-services-las-vegas-nevada,58,45.0,1.3333333333333335,2026-08-24T03:37:09Z
2025-04990,Review of New Source Performance Standards for Stationary Combustion Turbines and Stationary Gas Turbines; Reopening of Comment Period,2025-03-25,2025-04-15,3,Environmental Protection Agency,1,https://www.federalregister.gov/documents/2025/03/25/2025-04990/review-of-new-source-performance-standards-for-stationary-combustion-turbines-and-stationary-gas,83,21.0,4.285714285714286,2026-08-24T03:37:09Z
2025-04986,"Amendment of Class D Airspace; Jupiter, FL",2025-03-25,2025-05-09,3,Transportation Department,2,https://www.federalregister.gov/documents/2025/03/25/2025-04986/amendment-of-class-d-airspace-jupiter-fl,65,45.0,2.0,2026-08-24T03:37:09Z
2025-04983,Airworthiness Directives; BAE Systems (Operations) Limited Airplanes,2025-03-25,2025-05-09,11,Transportation Department,2,https://www.federalregister.gov/documents/2025/03/25/2025-04983/airworthiness-directives-bae-systems-operations-limited-airplanes,104,45.0,7.333333333333333,2026-08-24T03:37:09Z
2025-04918,"Drawbridge Operation Regulation; Okeechobee Waterway, Stuart, FL",2025-03-25,2025-04-24,4,Homeland Security Department,2,https://www.federalregister.gov/documents/2025/03/25/2025-04918/drawbridge-operation-regulation-okeechobee-waterway-stuart-fl,73,30.0,4.0,2026-08-24T03:37:09Z
2025-04907,Airworthiness Directives; Airbus SAS Airplanes,2025-03-25,2025-05-09,3,Transportation Department,2,https://www.federalregister.gov/documents/2025/03/25/2025-04907/airworthiness-directives-airbus-sas-airplanes,107,45.0,2.0,2026-08-24T03:37:09Z
2025-04908,"Air Plan Approval; AK, Fairbanks North Star Borough; 2006 24-Hour PM2.5 Serious Area and 189(d) Plan",2025-03-24,2025-04-23,2,Environmental Protection Agency,1,https://www.federalregister.gov/documents/2025/03/24/2025-04908/air-plan-approval-ak-fairbanks-north-star-borough-2006-24-hour-pm25-serious-area-and-189d-plan,127,30.0,2.0,2026-08-24T03:37:09Z
2025-04906,Air Plan Approval; ID; Regional Haze Plan for the Second Implementation Period,2025-03-24,2025-04-23,34,Environmental Protection Agency,1,https://www.federalregister.gov/documents/2025/03/24/2025-04906/air-plan-approval-id-regional-haze-plan-for-the-second-implementation-period,65,30.0,34.0,2026-08-24T03:37:09Z
2025-04757,"Guidance Regarding Certain Matters Relating to Nonrecognition of Gain or Loss in Corporate Separations, Incorporations, and Reorganizations; Technical Correction",2025-03-24,,2,Treasury Department,2,https://www.federalregister.gov/documents/2025/03/24/2025-04757/guidance-regarding-certain-matters-relating-to-nonrecognition-of-gain-or-loss-in-corporate,50,,,2026-08-24T03:37:09Z
2025-04649,WOTUS Notice: The Final Response to SCOTUS; Establishment of a Public Docket; Request for Recommendations,2025-03-24,,4,Defense Department,3,https://www.federalregister.gov/documents/2025/03/24/2025-04649/wotus-notice-the-final-response-to-scotus-establishment-of-a-public-docket-request-for,213,,,2026-08-24T03:37:09Z
2025-03668,Part 36 Separations Rules in Response to Commission Referrals; Request for Comments,2025-03-24,2025-04-23,2,Federal Communications Commission,1,https://www.federalregister.gov/documents/2025/03/24/2025-03668/part-36-separations-rules-in-response-to-commission-referrals-request-for-comments,56,30.0,2.0,2026-08-24T03:37:09Z
2025-03115,Broadcast Station Rule Updates,2025-03-24,2025-04-23,16,Federal Communications Commission,1,https://www.federalregister.gov/documents/2025/03/24/2025-03115/broadcast-station-rule-updates,64,30.0,16.0,2026-08-24T03:37:09Z
2025-04838,Airworthiness Directives; Airbus SAS Airplanes,2025-03-21,2025-05-05,4,Transportation Department,2,https://www.federalregister.gov/documents/2025/03/21/2025-04838/airworthiness-directives-airbus-sas-airplanes,125,45.0,2.666666666666667,2026-08-24T03:37:09Z
2025-04806,Take of Marine Mammals Incidental to Specified Activities; Taking Marine Mammals Incidental to Rocky Intertidal Monitoring Surveys Along the Oregon and California Coasts,2025-03-21,2025-04-21,16,Commerce Department,2,https://www.federalregister.gov/documents/2025/03/21/2025-04806/take-of-marine-mammals-incidental-to-specified-activities-taking-marine-mammals-incidental-to-rocky,97,31.0,15.483870967741936,2026-08-24T03:37:09Z
2025-04802,Airworthiness Directives; Airbus Helicopters,2025-03-21,2025-05-05,3,Transportation Department,2,https://www.federalregister.gov/documents/2025/03/21/2025-04802/airworthiness-directives-airbus-helicopters,99,45.0,2.0,2026-08-24T03:37:09Z
2025-04791,Determination of Attainment by the Attainment Date; 2008 8-Hour Ozone Standards; California; Sacramento Metro Area,2025-03-21,2025-04-21,7,Environmental Protection Agency,1,https://www.federalregister.gov/documents/2025/03/21/2025-04791/determination-of-attainment-by-the-attainment-date-2008-8-hour-ozone-standards-california-sacramento,142,31.0,6.774193548387097,2026-08-24T03:37:09Z
2025-04653,National Emission Standards for Hazardous Air Pollutants: Chemical Manufacturing Area Sources Technology Review; Comment Period Extension,2025-03-20,2025-04-14,2,Environmental Protection Agency,1,https://www.federalregister.gov/documents/2025/03/20/2025-04653/national-emission-standards-for-hazardous-air-pollutants-chemical-manufacturing-area-sources,71,25.0,2.4,2026-08-24T03:37:09Z
2025-04650,"List of Approved Spent Fuel Storage Casks: NAC International, Inc., MAGNASTOR® Storage System, Certificate of Compliance No. 1031, Amendment No. 15",2025-03-20,2025-04-21,3,Nuclear Regulatory Commission,1,https://www.federalregister.gov/documents/2025/03/20/2025-04650/list-of-approved-spent-fuel-storage-casks-nac-international-inc-magnastor-storage-system-certificate,180,32.0,2.8125,2026-08-24T03:37:09Z
2025-04543,Airworthiness Directives; Airbus Helicopters,2025-03-20,2025-05-05,3,Transportation Department,2,https://www.federalregister.gov/documents/2025/03/20/2025-04543/airworthiness-directives-airbus-helicopters,99,46.0,1.9565217391304348,2026-08-24T03:37:09Z
2025-04472,Airworthiness Directives; Airbus SAS Airplanes,2025-03-20,2025-05-05,5,Transportation Department,2,https://www.federalregister.gov/documents/2025/03/20/2025-04472/airworthiness-directives-airbus-sas-airplanes,140,46.0,3.260869565217391,2026-08-24T03:37:09Z
2025-04452,Auction of Advanced Wireless Services (AWS-3) Licenses; Comment Sought on Competitive Bidding Procedures for Auction 113,2025-03-20,2025-04-10,15,Federal Communications Commission,1,https://www.federalregister.gov/documents/2025/03/20/2025-04452/auction-of-advanced-wireless-services-aws-3-licenses-comment-sought-on-competitive-bidding,66,21.0,21.42857142857143,2026-08-24T03:37:09Z
2025-04396,"Establishment of Class E Airspace; Wickenburg, AZ",2025-03-20,2025-05-05,2,Transportation Department,2,https://www.federalregister.gov/documents/2025/03/20/2025-04396/establishment-of-class-e-airspace-wickenburg-az,30,46.0,1.3043478260869565,2026-08-24T03:37:09Z
2025-04392,"Establishment of Restricted Areas R-5305A, R-5305B, and R-5305C; Camp Lejeune, NC; and Restricted Areas R-5307A, R-5307B, and R-5307C; Cherry Point, NC",2025-03-20,2025-05-05,4,Transportation Department,2,https://www.federalregister.gov/documents/2025/03/20/2025-04392/establishment-of-restricted-areas-r-5305a-r-5305b-and-r-5305c-camp-lejeune-nc-and-restricted-areas,76,46.0,2.608695652173913,2026-08-24T03:37:09Z
2025-04446,Airworthiness Directives; Airbus Helicopters,2025-03-19,2025-05-05,3,Transportation Department,2,https://www.federalregister.gov/documents/2025/03/19/2025-04446/airworthiness-directives-airbus-helicopters,99,47.0,1.9148936170212765,2026-08-24T03:37:09Z
2025-04443,Endangered and Threatened Wildlife and Plants; Reopening Comment Periods for Three Proposed Rules; Announcement of a Public Hearing for One Proposed Rule,2025-03-19,2025-05-19,2,Interior Department,2,https://www.federalregister.gov/documents/2025/03/19/2025-04443/endangered-and-threatened-wildlife-and-plants-reopening-comment-periods-for-three-proposed-rules,87,61.0,0.9836065573770493,2026-08-24T03:37:09Z
2025-04295,Petition for Rulemaking of American Apparel & Footwear Association,2025-03-19,2025-04-18,2,Federal Trade Commission,1,https://www.federalregister.gov/documents/2025/03/19/2025-04295/petition-for-rulemaking-of-american-apparel-and-footwear-association,65,30.0,2.0,2026-08-24T03:37:09Z
2025-04083,Patient Protection and Affordable Care Act; Marketplace Integrity and Affordability,2025-03-19,2025-04-11,91,Health and Human Services Department,1,https://www.federalregister.gov/documents/2025/03/19/2025-04083/patient-protection-and-affordable-care-act-marketplace-integrity-and-affordability,115,23.0,118.69565217391303,2026-08-24T03:37:09Z
2025-04414,"Television Broadcasting Services Henderson, Nevada",2025-03-18,2025-04-17,2,Federal Communications Commission,1,https://www.federalregister.gov/documents/2025/03/18/2025-04414/television-broadcasting-services-henderson-nevada,54,30.0,2.0,2026-08-24T03:37:09Z
2025-04411,"Television Broadcasting Services Portland, Oregon",2025-03-18,2025-04-17,2,Federal Communications Commission,1,https://www.federalregister.gov/documents/2025/03/18/2025-04411/television-broadcasting-services-portland-oregon,54,30.0,2.0,2026-08-24T03:37:09Z
2025-04276,Fisheries of the Northeastern United States; Framework Adjustment 39 to the Atlantic Sea Scallop Fishery Management Plan,2025-03-18,2025-04-02,13,Commerce Department,2,https://www.federalregister.gov/documents/2025/03/18/2025-04276/fisheries-of-the-northeastern-united-states-framework-adjustment-39-to-the-atlantic-sea-scallop,97,15.0,26.0,2026-08-24T03:37:09Z
2025-04125,Wireless Emergency Alerts; Emergency Alert System,2025-03-18,2025-04-17,4,Federal Communications Commission,1,https://www.federalregister.gov/documents/2025/03/18/2025-04125/wireless-emergency-alerts-emergency-alert-system,98,30.0,4.0,2026-08-24T03:37:09Z
2025-04039,Air Plan Revisions; Arizona; Arizona Department of Environmental Quality; Reopening of Comment Period,2025-03-18,2025-04-21,2,Environmental Protection Agency,1,https://www.federalregister.gov/documents/2025/03/18/2025-04039/air-plan-revisions-arizona-arizona-department-of-environmental-quality-reopening-of-comment-period,102,34.0,1.7647058823529411,2026-08-24T03:37:09Z
2025-03941,"Airworthiness Directives; Airbus Canada Limited Partnership (Type Certificate Previously Held by C Series Aircraft Limited Partnership (CSALP); Bombardier, Inc.) Airplanes",2025-03-18,2025-05-02,4,Transportation Department,2,https://www.federalregister.gov/documents/2025/03/18/2025-03941/airworthiness-directives-airbus-canada-limited-partnership-type-certificate-previously-held-by-c,125,45.0,2.666666666666667,2026-08-24T03:37:09Z
2025-03940,Airworthiness Directives; Airbus SAS Airplanes,2025-03-18,2025-05-02,4,Transportation Department,2,https://www.federalregister.gov/documents/2025/03/18/2025-03940/airworthiness-directives-airbus-sas-airplanes,142,45.0,2.666666666666667,2026-08-24T03:37:09Z
2025-04269,Endangered and Threatened Wildlife and Plants; Grizzly Bear Listing on the List of Endangered and Threatened Wildlife With a Revised Section 4(d) Rule; Extension of Comment Period,2025-03-17,2025-05-16,2,Interior Department,2,https://www.federalregister.gov/documents/2025/03/17/2025-04269/endangered-and-threatened-wildlife-and-plants-grizzly-bear-listing-on-the-list-of-endangered-and,107,60.0,1.0,2026-08-24T03:37:09Z
2025-04035,Extension of the Attainment Date of the Coachella Valley Extreme Nonattainment Area Under the 1997 Ozone National Ambient Air Quality Standards,2025-03-17,2025-04-16,5,Environmental Protection Agency,1,https://www.federalregister.gov/documents/2025/03/17/2025-04035/extension-of-the-attainment-date-of-the-coachella-valley-extreme-nonattainment-area-under-the-1997,76,30.0,5.0,2026-08-24T03:37:09Z
2025-04025,"Fisheries of the Caribbean, Gulf of Mexico, and South Atlantic; Snapper-Grouper Fishery of the South Atlantic; Amendment 55",2025-03-17,2025-05-16,5,Commerce Department,2,https://www.federalregister.gov/documents/2025/03/17/2025-04025/fisheries-of-the-caribbean-gulf-of-mexico-and-south-atlantic-snapper-grouper-fishery-of-the-south,132,60.0,2.5,2026-08-24T03:37:09Z
2025-04008,Review of the Commission's Rules Governing the 896-901/935-940 MHz Band,2025-03-17,2025-05-16,15,Federal Communications Commission,1,https://www.federalregister.gov/documents/2025/03/17/2025-04008/review-of-the-commissions-rules-governing-the-896-901935-940-mhz-band,122,60.0,7.5,2026-08-24T03:37:09Z
2025-03602,Facilitating Opportunities for Advanced Air Mobility,2025-03-17,2025-04-16,30,Federal Communications Commission,1,https://www.federalregister.gov/documents/2025/03/17/2025-03602/facilitating-opportunities-for-advanced-air-mobility,150,30.0,30.0,2026-08-24T03:37:09Z
2025-04096,"Security Zones; Tampa Bay: Big Bend, Boca Grande, Crystal River, East Bay, Hillsborough Bay, MacDill Air Force Base, Manbirtee Key, Old Port Tampa, Port Manatee, Port Tampa, Port St. Petersburg, Port Sutton, Rattlesnake, and Weedon Island, FL",2025-03-14,2025-04-14,4,Homeland Security Department,2,https://www.federalregister.gov/documents/2025/03/14/2025-04096/security-zones-tampa-bay-big-bend-boca-grande-crystal-river-east-bay-hillsborough-bay-macdill-air,73,31.0,3.870967741935484,2026-08-24T03:37:09Z
2025-04089,Airworthiness Directives; The Boeing Company Airplanes,2025-03-14,2025-04-28,4,Transportation Department,2,https://www.federalregister.gov/documents/2025/03/14/2025-04089/airworthiness-directives-the-boeing-company-airplanes,87,45.0,2.666666666666667,2026-08-24T03:37:09Z
2025-04088,Unsafe and Unsound Banking Practices: Brokered Deposits Restrictions; Guidelines Establishing Standards for Corporate Governance and Risk Management for Covered Institutions With Total Consolidated Assets of $10 Billion or More; Regulations Implementing the Change in Bank Control Act; Withdrawal,2025-03-14,,1,Federal Deposit Insurance Corporation,1,https://www.federalregister.gov/documents/2025/03/14/2025-04088/unsafe-and-unsound-banking-practices-brokered-deposits-restrictions-guidelines-establishing,50,,,2026-08-24T03:37:09Z
2025-04034,"Impossible Foods, Inc.; Filing of Color Additive Petition",2025-03-14,,1,Health and Human Services Department,2,https://www.federalregister.gov/documents/2025/03/14/2025-04034/impossible-foods-inc-filing-of-color-additive-petition,56,,,2026-08-24T03:37:09Z
2025-03750,Petitions for Reconsideration of Action in Rulemaking Proceeding,2025-03-14,,2,Federal Communications Commission,1,https://www.federalregister.gov/documents/2025/03/14/2025-03750/petitions-for-reconsideration-of-action-in-rulemaking-proceeding,36,,,2026-08-24T03:37:09Z
2025-04010,"List of Approved Spent Fuel Storage Casks: HI-STORM 100, Certificate of Compliance No. 1014, Renewed Amendment No. 19",2025-03-13,2025-04-14,3,Nuclear Regulatory Commission,1,https://www.federalregister.gov/documents/2025/03/13/2025-04010/list-of-approved-spent-fuel-storage-casks-hi-storm-100-certificate-of-compliance-no-1014-renewed,111,32.0,2.8125,2026-08-24T03:37:09Z
2025-03993,Assessment and Collection of Space and Earth Station Regulatory Fees for Fiscal Year 2024,2025-03-13,2025-03-27,14,Federal Communications Commission,1,https://www.federalregister.gov/documents/2025/03/13/2025-03993/assessment-and-collection-of-space-and-earth-station-regulatory-fees-for-fiscal-year-2024,33,14.0,30.0,2026-08-24T03:37:09Z
2025-03983,"Airworthiness Directives; Safran Helicopter Engines, S.A. (Type Certificate Previously Held by Turbomeca, S.A.) Engines",2025-03-13,2025-04-28,3,Transportation Department,2,https://www.federalregister.gov/documents/2025/03/13/2025-03983/airworthiness-directives-safran-helicopter-engines-sa-type-certificate-previously-held-by-turbomeca,94,46.0,1.9565217391304348,2026-08-24T03:37:09Z
2025-03942,Airworthiness Directives; Airbus SAS Airplanes,2025-03-13,2025-04-28,3,Transportation Department,2,https://www.federalregister.gov/documents/2025/03/13/2025-03942/airworthiness-directives-airbus-sas-airplanes,132,46.0,1.9565217391304348,2026-08-24T03:37:09Z
2025-03839,Energy Conservation Program: Proposed Withdrawal of Determination of Miscellaneous Gas Products as a Covered Consumer Product,2025-03-13,2025-04-14,6,Energy Department,1,https://www.federalregister.gov/documents/2025/03/13/2025-03839/energy-conservation-program-proposed-withdrawal-of-determination-of-miscellaneous-gas-products-as-a,148,32.0,5.625,2026-08-24T03:37:09Z
2025-03801,Competitive Bidding Rules for Auction of AWS-3 Licenses,2025-03-13,2025-03-31,7,Federal Communications Commission,1,https://www.federalregister.gov/documents/2025/03/13/2025-03801/competitive-bidding-rules-for-auction-of-aws-3-licenses,64,18.0,11.666666666666666,2026-08-24T03:37:09Z
2025-03718,"Review of Submarine Cable Landing License Rules and Procedures To Assess Evolving National Security, Law Enforcement, Foreign Policy, and Trade Policy Risks; Schedule of Application Fees",2025-03-13,2025-04-14,68,Federal Communications Commission,1,https://www.federalregister.gov/documents/2025/03/13/2025-03718/review-of-submarine-cable-landing-license-rules-and-procedures-to-assess-evolving-national-security,277,32.0,63.75,2026-08-24T03:37:09Z
2025-03945,Fisheries Off West Coast States; Coastal Pelagic Species Fisheries; Amendment 23 to the Coastal Pelagic Species Fishery Management Plan,2025-03-12,2025-05-12,3,Commerce Department,2,https://www.federalregister.gov/documents/2025/03/12/2025-03945/fisheries-off-west-coast-states-coastal-pelagic-species-fisheries-amendment-23-to-the-coastal,122,61.0,1.4754098360655736,2026-08-24T03:37:09Z
2025-03883,Airworthiness Directives; Airbus SAS Airplanes,2025-03-12,2025-04-28,3,Transportation Department,2,https://www.federalregister.gov/documents/2025/03/12/2025-03883/airworthiness-directives-airbus-sas-airplanes,126,47.0,1.9148936170212765,2026-08-24T03:37:09Z
2025-03871,Receipt of a Pesticide Petition Filed for Residues of Pesticide Chemicals in or on Various Commodities (December 2024),2025-03-11,2025-04-10,2,Environmental Protection Agency,1,https://www.federalregister.gov/documents/2025/03/11/2025-03871/receipt-of-a-pesticide-petition-filed-for-residues-of-pesticide-chemicals-in-or-on-various,31,30.0,2.0,2026-08-24T03:37:09Z
2025-03854,"Amendment of Class D Airspace and Establishment of Class E Airspace; Warner Robins, GA",2025-03-11,2025-04-25,3,Transportation Department,2,https://www.federalregister.gov/documents/2025/03/11/2025-03854/amendment-of-class-d-airspace-and-establishment-of-class-e-airspace-warner-robins-ga,52,45.0,2.0,2026-08-24T03:37:09Z
2025-03832,Statement of Policy on Bank Merger Transactions,2025-03-11,2025-04-10,5,Federal Deposit Insurance Corporation,1,https://www.federalregister.gov/documents/2025/03/11/2025-03832/statement-of-policy-on-bank-merger-transactions,66,30.0,5.0,2026-08-24T03:37:09Z
2025-03800,Implementation of the Commercial Advertisement Loudness Mitigation (CALM) Act,2025-03-11,2025-04-10,7,Federal Communications Commission,1,https://www.federalregister.gov/documents/2025/03/11/2025-03800/implementation-of-the-commercial-advertisement-loudness-mitigation-calm-act,131,30.0,7.0,2026-08-24T03:37:09Z
2025-03794,Airworthiness Directives; Airbus SAS Airplanes,2025-03-11,2025-04-25,4,Transportation Department,2,https://www.federalregister.gov/documents/2025/03/11/2025-03794/airworthiness-directives-airbus-sas-airplanes,152,45.0,2.666666666666667,2026-08-24T03:37:09Z
2025-03671,Endangered and Threatened Wildlife and Plants; 12-Month Not-Warranted Finding for the Spinytail Crayfish,2025-03-11,,3,Interior Department,2,https://www.federalregister.gov/documents/2025/03/11/2025-03671/endangered-and-threatened-wildlife-and-plants-12-month-not-warranted-finding-for-the-spinytail,108,,,2026-08-24T03:37:09Z
2025-03786,Streamlined Option Rulemaking-Fulfillment-Non-Published Rates Negotiated Service Agreements,2025-03-10,2025-03-12,2,Postal Regulatory Commission,1,https://www.federalregister.gov/documents/2025/03/10/2025-03786/streamlined-option-rulemaking-fulfillment-non-published-rates-negotiated-service-agreements,53,2.0,30.0,2026-08-24T03:37:09Z
2025-03761,Draft Regulatory Guide: Emergency Response Planning and Preparedness for Nuclear Power Reactors,2025-03-10,2025-04-09,2,Nuclear Regulatory Commission,1,https://www.federalregister.gov/documents/2025/03/10/2025-03761/draft-regulatory-guide-emergency-response-planning-and-preparedness-for-nuclear-power-reactors,92,30.0,2.0,2026-08-24T03:37:09Z
2025-03759,"Amendment of VOR Federal Airways V-55, V-100, and V-277 in the Vicinity of Keeler, MI",2025-03-10,2025-04-24,3,Transportation Department,2,https://www.federalregister.gov/documents/2025/03/10/2025-03759/amendment-of-vor-federal-airways-v-55-v-100-and-v-277-in-the-vicinity-of-keeler-mi,61,45.0,2.0,2026-08-24T03:37:09Z
2025-03685,Fair Credit Reporting Act (Regulation V); Identity Theft and Coerced Debt; Extension of Comment Period,2025-03-07,2025-04-07,1,Consumer Financial Protection Bureau,1,https://www.federalregister.gov/documents/2025/03/07/2025-03685/fair-credit-reporting-act-regulation-v-identity-theft-and-coerced-debt-extension-of-comment-period,95,31.0,0.967741935483871,2026-08-24T03:37:09Z
2025-03608,Air Plan Approval; Alabama; Administrative Corrections and VOC Definition,2025-03-07,2025-04-07,4,Environmental Protection Agency,1,https://www.federalregister.gov/documents/2025/03/07/2025-03608/air-plan-approval-alabama-administrative-corrections-and-voc-definition,81,31.0,3.870967741935484,2026-08-24T03:37:09Z
2025-03606,"Amendment of Class E Airspace; Mineral Wells, TX",2025-03-07,2025-04-21,3,Transportation Department,2,https://www.federalregister.gov/documents/2025/03/07/2025-03606/amendment-of-class-e-airspace-mineral-wells-tx,93,45.0,2.0,2026-08-24T03:37:09Z
2025-03403,"Airworthiness Directives; Textron Aviation, Inc. (Type Certificate Previously Held by Cessna Aircraft Company) Airplanes",2025-03-07,2025-04-21,4,Transportation Department,2,https://www.federalregister.gov/documents/2025/03/07/2025-03403/airworthiness-directives-textron-aviation-inc-type-certificate-previously-held-by-cessna-aircraft,116,45.0,2.666666666666667,2026-08-24T03:37:09Z
2025-03638,Draft Regulatory Issue Summary: Applicability of Requirements During the Movement of Radioactive Material Within a Temporary Jobsite,2025-03-06,2025-05-05,2,Nuclear Regulatory Commission,1,https://www.federalregister.gov/documents/2025/03/06/2025-03638/draft-regulatory-issue-summary-applicability-of-requirements-during-the-movement-of-radioactive,13,60.0,1.0,2026-08-24T03:37:09Z
2025-03574,"Revocation of Jet Route J-534 and Very High Frequency Omnidirectional Range (VOR) Federal Airway V-349, Amendment of VOR Federal Airways V-23 and V-165 and Establishment of Canadian Area Navigation (RNAV) Route T-645 in Northwestern United States",2025-03-06,2025-04-21,3,Transportation Department,2,https://www.federalregister.gov/documents/2025/03/06/2025-03574/revocation-of-jet-route-j-534-and-very-high-frequency-omnidirectional-range-vor-federal-airway-v-349,140,46.0,1.9565217391304348,2026-08-24T03:37:09Z
2025-03562,"Amendment of Class E Airspace; Payson, AZ",2025-03-06,2025-04-21,3,Transportation Department,2,https://www.federalregister.gov/documents/2025/03/06/2025-03562/amendment-of-class-e-airspace-payson-az,77,46.0,1.9565217391304348,2026-08-24T03:37:09Z
2025-03571,Fisheries of the Northeastern United States; Amendment 25 to the Northeast Multispecies Fishery Management Plan; Atlantic Cod Stocks in Need of Conservation and Management,2025-03-05,2025-05-05,3,Commerce Department,2,https://www.federalregister.gov/documents/2025/03/05/2025-03571/fisheries-of-the-northeastern-united-states-amendment-25-to-the-northeast-multispecies-fishery,106,61.0,1.4754098360655736,2026-08-24T03:37:09Z
2025-03561,Magnuson-Stevens Act Provisions; Fisheries Off West Coast States; Pacific Coast Groundfish Fishery Management Plan; Amendment 35; Notice of Availability,2025-03-05,2025-05-04,5,Commerce Department,2,https://www.federalregister.gov/documents/2025/03/05/2025-03561/magnuson-stevens-act-provisions-fisheries-off-west-coast-states-pacific-coast-groundfish-fishery,151,60.0,2.5,2026-08-24T03:37:09Z
2025-03547,Protecting Americans From Harmful Data Broker Practices (Regulation V); Extension of Comment Period,2025-03-05,2025-04-02,1,Consumer Financial Protection Bureau,1,https://www.federalregister.gov/documents/2025/03/05/2025-03547/protecting-americans-from-harmful-data-broker-practices-regulation-v-extension-of-comment-period,119,28.0,1.0714285714285714,2026-08-24T03:37:09Z
2025-03526,"Airworthiness Directives; MHI RJ Aviation ULC (Type Certificate Previously Held by Bombardier, Inc.) Airplanes",2025-03-05,2025-04-21,3,Transportation Department,2,https://www.federalregister.gov/documents/2025/03/05/2025-03526/airworthiness-directives-mhi-rj-aviation-ulc-type-certificate-previously-held-by-bombardier-inc,118,47.0,1.9148936170212765,2026-08-24T03:37:09Z
2025-03516,Airworthiness Directives; Airbus SAS Airplanes,2025-03-05,2025-04-21,4,Transportation Department,2,https://www.federalregister.gov/documents/2025/03/05/2025-03516/airworthiness-directives-airbus-sas-airplanes,90,47.0,2.5531914893617023,2026-08-24T03:37:09Z
2025-03466,"Television Broadcasting Services Wichita, Kansas",2025-03-05,2025-04-04,2,Federal Communications Commission,1,https://www.federalregister.gov/documents/2025/03/05/2025-03466/television-broadcasting-services-wichita-kansas,54,30.0,2.0,2026-08-24T03:37:09Z
2025-03515,C.I. Pigment Violet 29 (PV29); Regulation Under the Toxic Substances Control Act (TSCA); Reopening of Comment Period,2025-03-04,2025-04-29,1,Environmental Protection Agency,1,https://www.federalregister.gov/documents/2025/03/04/2025-03515/ci-pigment-violet-29-pv29-regulation-under-the-toxic-substances-control-act-tsca-reopening-of,79,56.0,0.5357142857142857,2026-08-24T03:37:09Z
2025-03470,"Television Broadcasting Services Hazard, Kentucky",2025-03-04,2025-04-18,1,Federal Communications Commission,1,https://www.federalregister.gov/documents/2025/03/04/2025-03470/television-broadcasting-services-hazard-kentucky,54,45.0,0.6666666666666667,2026-08-24T03:37:09Z
2025-03468,"Television Broadcasting Services Monroe, Louisiana",2025-03-04,2025-04-18,1,Federal Communications Commission,1,https://www.federalregister.gov/documents/2025/03/04/2025-03468/television-broadcasting-services-monroe-louisiana,54,45.0,0.6666666666666667,2026-08-24T03:37:09Z
2025-03443,"Amendment of Colored Federal Airway Green 8, Jet Route J-115, United States Area Navigation (RNAV) Route T-227 and Establishment of RNAV Route Q-188 in Alaska",2025-03-04,2025-04-18,3,Transportation Department,2,https://www.federalregister.gov/documents/2025/03/04/2025-03443/amendment-of-colored-federal-airway-green-8-jet-route-j-115-united-states-area-navigation-rnav-route,48,45.0,2.0,2026-08-24T03:37:09Z
2025-03399,Implementation of the National Suicide Hotline Act of 2018,2025-03-04,2025-04-18,5,Federal Communications Commission,1,https://www.federalregister.gov/documents/2025/03/04/2025-03399/implementation-of-the-national-suicide-hotline-act-of-2018,60,45.0,3.333333333333333,2026-08-24T03:37:09Z
2025-03379,"Television Broadcasting Services Price, Utah",2025-03-03,2025-04-02,2,Federal Communications Commission,1,https://www.federalregister.gov/documents/2025/03/03/2025-03379/television-broadcasting-services-price-utah,66,30.0,2.0,2026-08-24T03:37:09Z
2025-03375,"Airworthiness Directives; Airbus Canada Limited Partnership (Type Certificate Previously Held by C Series Aircraft Limited Partnership (CSALP); Bombardier, Inc.) Airplanes",2025-03-03,2025-04-17,3,Transportation Department,2,https://www.federalregister.gov/documents/2025/03/03/2025-03375/airworthiness-directives-airbus-canada-limited-partnership-type-certificate-previously-held-by-c,104,45.0,2.0,2026-08-24T03:37:09Z
2025-03196,Air Plan Approval; Ohio; Regional Haze Plan for the Second Implementation Period,2025-02-28,2025-03-17,2,Environmental Protection Agency,1,https://www.federalregister.gov/documents/2025/02/28/2025-03196/air-plan-approval-ohio-regional-haze-plan-for-the-second-implementation-period,86,17.0,3.5294117647058822,2026-08-24T03:37:09Z
2025-03100,US Swine Health Improvement Plan; Reopening of Comment Period,2025-02-28,2025-03-31,1,Agriculture Department,2,https://www.federalregister.gov/documents/2025/02/28/2025-03100/us-swine-health-improvement-plan-reopening-of-comment-period,51,31.0,0.967741935483871,2026-08-24T03:37:09Z
2025-02867,"Television Broadcasting Services Monroe, Louisiana",2025-02-28,2025-03-31,2,Federal Communications Commission,1,https://www.federalregister.gov/documents/2025/02/28/2025-02867/television-broadcasting-services-monroe-louisiana,68,31.0,1.935483870967742,2026-08-24T03:37:09Z
2025-03159,Airworthiness Directives; Airbus SAS Airplanes,2025-02-27,2025-04-14,4,Transportation Department,2,https://www.federalregister.gov/documents/2025/02/27/2025-03159/airworthiness-directives-airbus-sas-airplanes,129,46.0,2.608695652173913,2026-08-24T03:37:09Z
2025-03146,"List of Approved Spent Fuel Storage Casks: NAC Multi-Purpose Canister (NAC-MPC) System, Certificate of Compliance No. 1025, Amendment No. 9, and Revision to Amendment Nos. 6, 7, and 8",2025-02-27,2025-03-31,3,Nuclear Regulatory Commission,1,https://www.federalregister.gov/documents/2025/02/27/2025-03146/list-of-approved-spent-fuel-storage-casks-nac-multi-purpose-canister-nac-mpc-system-certificate-of,108,32.0,2.8125,2026-08-24T03:37:09Z
2025-03116,"Amendment of United States Area Navigation (RNAV) Routes Q-64 and T-414, and Establishment of United States RNAV Routes T-461 and T-463; Eastern United States",2025-02-27,2025-04-14,3,Transportation Department,2,https://www.federalregister.gov/documents/2025/02/27/2025-03116/amendment-of-united-states-area-navigation-rnav-routes-q-64-and-t-414-and-establishment-of-united,56,46.0,1.9565217391304348,2026-08-24T03:37:09Z
2025-03144,Review of National Emission Standards for Hazardous Air Pollutants for Polyether Polyols Production Industry; Extension of Comment Period,2025-02-26,2025-03-18,2,Environmental Protection Agency,1,https://www.federalregister.gov/documents/2025/02/26/2025-03144/review-of-national-emission-standards-for-hazardous-air-pollutants-for-polyether-polyols-production,72,20.0,3.0,2026-08-24T03:37:09Z
2025-03095,Airworthiness Directives; Airbus Helicopters Deutschland GmbH Helicopters,2025-02-26,2025-04-14,4,Transportation Department,2,https://www.federalregister.gov/documents/2025/02/26/2025-03095/airworthiness-directives-airbus-helicopters-deutschland-gmbh-helicopters,131,47.0,2.5531914893617023,2026-08-24T03:37:09Z
2025-03081,Airworthiness Directives; The Boeing Company Airplanes,2025-02-26,2025-04-14,3,Transportation Department,2,https://www.federalregister.gov/documents/2025/02/26/2025-03081/airworthiness-directives-the-boeing-company-airplanes,98,47.0,1.9148936170212765,2026-08-24T03:37:09Z
2025-03013,"Airworthiness Directives; Safran Helicopter Engines, S.A. (Type Certificate Previously Held by Turbomeca, S.A.) Engines",2025-02-25,2025-04-11,3,Transportation Department,2,https://www.federalregister.gov/documents/2025/02/25/2025-03013/airworthiness-directives-safran-helicopter-engines-sa-type-certificate-previously-held-by-turbomeca,132,45.0,2.0,2026-08-24T03:37:09Z
2025-03012,Airworthiness Directives; Airbus Helicopters,2025-02-25,2025-04-11,4,Transportation Department,2,https://www.federalregister.gov/documents/2025/02/25/2025-03012/airworthiness-directives-airbus-helicopters,94,45.0,2.666666666666667,2026-08-24T03:37:09Z
2025-02947,Airworthiness Directives; ATR-GIE Avions de Transport Régional Airplanes,2025-02-24,2025-04-10,3,Transportation Department,2,https://www.federalregister.gov/documents/2025/02/24/2025-02947/airworthiness-directives-atr-gie-avions-de-transport-rgional-airplanes,92,45.0,2.0,2026-08-24T03:37:09Z
2025-02932,Airworthiness Directives; Pilatus Aircraft Ltd. Airplanes,2025-02-24,2025-04-10,4,Transportation Department,2,https://www.federalregister.gov/documents/2025/02/24/2025-02932/airworthiness-directives-pilatus-aircraft-ltd-airplanes,161,45.0,2.666666666666667,2026-08-24T03:37:09Z
2025-02913,"Two Proposed Rules Published by the Environmental Protection Agency With Comment Periods That Close February 18, 2025, to February 20, 2025; Reopening of Comment Periods",2025-02-21,2025-03-24,2,Environmental Protection Agency,1,https://www.federalregister.gov/documents/2025/02/21/2025-02913/two-proposed-rules-published-by-the-environmental-protection-agency-with-comment-periods-that-close,68,31.0,1.935483870967742,2026-08-24T03:37:09Z
2025-02869,"Television Broadcasting Stations, Silver City and Truth or Consequences, New Mexico",2025-02-21,2025-03-24,2,Federal Communications Commission,1,https://www.federalregister.gov/documents/2025/02/21/2025-02869/television-broadcasting-stations-silver-city-and-truth-or-consequences-new-mexico,110,31.0,1.935483870967742,2026-08-24T03:37:09Z
2025-02856,Pesticides; Petition Seeking Rulemaking To Modify Labeling Requirements for Pesticides and Devices; Extension of Comment Period,2025-02-20,2025-03-24,1,Environmental Protection Agency,1,https://www.federalregister.gov/documents/2025/02/20/2025-02856/pesticides-petition-seeking-rulemaking-to-modify-labeling-requirements-for-pesticides-and-devices,85,32.0,0.9375,2026-08-24T03:37:09Z
2025-02845,Notice of Public Meetings and Request for Comment on the Modernization of Pilot Schools,2025-02-20,2025-04-24,2,Transportation Department,2,https://www.federalregister.gov/documents/2025/02/20/2025-02845/notice-of-public-meetings-and-request-for-comment-on-the-modernization-of-pilot-schools,18,63.0,0.9523809523809523,2026-08-24T03:37:09Z
2025-02828,Airworthiness Directives; Airbus SAS Airplanes,2025-02-20,2025-04-07,3,Transportation Department,2,https://www.federalregister.gov/documents/2025/02/20/2025-02828/airworthiness-directives-airbus-sas-airplanes,102,46.0,1.9565217391304348,2026-08-24T03:37:09Z
2025-02788,Chlorpyrifos; Tolerance Revocation; Reopening of the Comment Period,2025-02-20,2025-03-24,2,Environmental Protection Agency,1,https://www.federalregister.gov/documents/2025/02/20/2025-02788/chlorpyrifos-tolerance-revocation-reopening-of-the-comment-period,84,32.0,1.875,2026-08-24T03:37:09Z
2025-02779,Fee Schedules; Fee Recovery for Fiscal Year 2025,2025-02-19,2025-03-21,29,Nuclear Regulatory Commission,1,https://www.federalregister.gov/documents/2025/02/19/2025-02779/fee-schedules-fee-recovery-for-fiscal-year-2025,105,30.0,29.0,2026-08-24T03:37:09Z
2025-02774,"Amendment of Jet Route J-146 and Establishment of United States RNAV Route Q-186 in the Vicinity of Chardon, OH",2025-02-19,2025-04-07,3,Transportation Department,2,https://www.federalregister.gov/documents/2025/02/19/2025-02774/amendment-of-jet-route-j-146-and-establishment-of-united-states-rnav-route-q-186-in-the-vicinity-of,61,47.0,1.9148936170212765,2026-08-24T03:37:09Z
2025-02748,"Airworthiness Directives; Airbus Canada Limited Partnership (Type Certificate Previously Held by C Series Aircraft Limited Partnership (CSALP); Bombardier, Inc.) Airplanes",2025-02-19,2025-04-07,3,Transportation Department,2,https://www.federalregister.gov/documents/2025/02/19/2025-02748/airworthiness-directives-airbus-canada-limited-partnership-type-certificate-previously-held-by-c,121,47.0,1.9148936170212765,2026-08-24T03:37:09Z
2025-02746,Airworthiness Directives; Airbus SAS Airplanes,2025-02-19,2025-04-07,4,Transportation Department,2,https://www.federalregister.gov/documents/2025/02/19/2025-02746/airworthiness-directives-airbus-sas-airplanes,91,47.0,2.5531914893617023,2026-08-24T03:37:09Z
2025-02727,"Airworthiness Directives; MHI RJ Aviation ULC (Type Certificate Previously Held by Bombardier, Inc.) Airplanes",2025-02-19,2025-04-07,3,Transportation Department,2,https://www.federalregister.gov/documents/2025/02/19/2025-02727/airworthiness-directives-mhi-rj-aviation-ulc-type-certificate-previously-held-by-bombardier-inc,129,47.0,1.9148936170212765,2026-08-24T03:37:09Z
2025-02707,Transparency in Property Broker Transactions,2025-02-18,2025-03-20,2,Transportation Department,2,https://www.federalregister.gov/documents/2025/02/18/2025-02707/transparency-in-property-broker-transactions,64,30.0,2.0,2026-08-24T03:37:09Z
2025-02668,"Revocation of Class E Airspace; Pinecreek, MN",2025-02-18,2025-04-04,2,Transportation Department,2,https://www.federalregister.gov/documents/2025/02/18/2025-02668/revocation-of-class-e-airspace-pinecreek-mn,31,45.0,1.3333333333333335,2026-08-24T03:37:09Z
2025-02633,Airworthiness Directives; Airbus SAS Airplanes,2025-02-18,2025-04-04,4,Transportation Department,2,https://www.federalregister.gov/documents/2025/02/18/2025-02633/airworthiness-directives-airbus-sas-airplanes,140,45.0,2.666666666666667,2026-08-24T03:37:09Z
2025-02619,Airworthiness Directives; ATR-GIE Avions de Transport Régional Airplanes,2025-02-18,2025-04-04,4,Transportation Department,2,https://www.federalregister.gov/documents/2025/02/18/2025-02619/airworthiness-directives-atr-gie-avions-de-transport-rgional-airplanes,109,45.0,2.666666666666667,2026-08-24T03:37:09Z
2025-02606,Section 30C Alternative Fuel Vehicle Refueling Property Credit; Hearing Cancellation,2025-02-14,,1,Treasury Department,2,https://www.federalregister.gov/documents/2025/02/14/2025-02606/section-30c-alternative-fuel-vehicle-refueling-property-credit-hearing-cancellation,49,,,2026-08-24T03:37:09Z
2025-02572,Airworthiness Directives; Airbus SAS Airplanes,2025-02-13,2025-03-31,4,Transportation Department,2,https://www.federalregister.gov/documents/2025/02/13/2025-02572/airworthiness-directives-airbus-sas-airplanes,110,46.0,2.608695652173913,2026-08-24T03:37:09Z
2025-02525,Airworthiness Directives; ATR-GIE Avions de Transport Régional Airplanes,2025-02-13,2025-03-31,4,Transportation Department,2,https://www.federalregister.gov/documents/2025/02/13/2025-02525/airworthiness-directives-atr-gie-avions-de-transport-rgional-airplanes,128,46.0,2.608695652173913,2026-08-24T03:37:09Z
2025-02506,Airworthiness Directives; Airbus SAS Airplanes,2025-02-13,2025-03-31,4,Transportation Department,2,https://www.federalregister.gov/documents/2025/02/13/2025-02506/airworthiness-directives-airbus-sas-airplanes,93,46.0,2.608695652173913,2026-08-24T03:37:09Z
2025-02505,"Airworthiness Directives; Airbus Canada Limited Partnership (Type Certificate Previously Held by C Series Aircraft Limited Partnership (CSALP); Bombardier, Inc.) Airplanes",2025-02-13,2025-03-31,4,Transportation Department,2,https://www.federalregister.gov/documents/2025/02/13/2025-02505/airworthiness-directives-airbus-canada-limited-partnership-type-certificate-previously-held-by-c,116,46.0,2.608695652173913,2026-08-24T03:37:09Z
2024-31573,Internal Control Over Financial Reporting,2025-02-13,2025-03-31,1,Farm Credit Administration,1,https://www.federalregister.gov/documents/2025/02/13/2024-31573/internal-control-over-financial-reporting,40,46.0,0.6521739130434783,2026-08-24T03:37:09Z
2025-02316,Airworthiness Directives; The Boeing Company Airplanes,2025-02-12,2025-03-31,4,Transportation Department,2,https://www.federalregister.gov/documents/2025/02/12/2025-02316/airworthiness-directives-the-boeing-company-airplanes,146,47.0,2.5531914893617023,2026-08-24T03:37:09Z
2025-02401,Airworthiness Directives; Airbus SAS Airplanes,2025-02-11,2025-03-28,3,Transportation Department,2,https://www.federalregister.gov/documents/2025/02/11/2025-02401/airworthiness-directives-airbus-sas-airplanes,119,45.0,2.0,2026-08-24T03:37:09Z
2025-02239,Airworthiness Directives; Various Airplanes,2025-02-11,2025-03-28,8,Transportation Department,2,https://www.federalregister.gov/documents/2025/02/11/2025-02239/airworthiness-directives-various-airplanes,183,45.0,5.333333333333334,2026-08-24T03:37:09Z
2025-02220,Determination of Rates and Terms for Digital Performance of Sound Recordings by New Subscription Services and Making of Ephemeral Copies To Facilitate Those Performances (NSS V); Correction,2025-02-10,2025-03-12,1,Library of Congress,2,https://www.federalregister.gov/documents/2025/02/10/2025-02220/determination-of-rates-and-terms-for-digital-performance-of-sound-recordings-by-new-subscription,76,30.0,1.0,2026-08-24T03:37:09Z
2025-02244,Airworthiness Directives; Embraer S.A. (Type Certificate Previously Held by Yaborã Indústria Aeronáutica S.A.; Embraer S.A.) Airplanes,2025-02-07,2025-03-24,4,Transportation Department,2,https://www.federalregister.gov/documents/2025/02/07/2025-02244/airworthiness-directives-embraer-sa-type-certificate-previously-held-by-yabor-indstria-aeronutica-sa,126,45.0,2.666666666666667,2026-08-24T03:37:09Z
2025-02281,"Amendment of Jet Route J-96 in the Vicinity of Cimarron, NM",2025-02-06,2025-03-24,3,Transportation Department,2,https://www.federalregister.gov/documents/2025/02/06/2025-02281/amendment-of-jet-route-j-96-in-the-vicinity-of-cimarron-nm,71,46.0,1.9565217391304348,2026-08-24T03:37:09Z
2025-02250,Airworthiness Directives; Leonardo S.p.a. Helicopters,2025-02-06,2025-03-24,3,Transportation Department,2,https://www.federalregister.gov/documents/2025/02/06/2025-02250/airworthiness-directives-leonardo-spa-helicopters,105,46.0,1.9565217391304348,2026-08-24T03:37:09Z
2025-02251,Administrative Requirements for an Election To Exclude Applicable Unincorporated Organizations From the Application of Subchapter K; Hearing Cancellation,2025-02-05,,1,Treasury Department,2,https://www.federalregister.gov/documents/2025/02/05/2025-02251/administrative-requirements-for-an-election-to-exclude-applicable-unincorporated-organizations-from,33,,,2026-08-24T03:37:09Z
2025-02221,Airworthiness Directives; Leonardo S.p.a. Helicopters,2025-02-05,2025-03-24,3,Transportation Department,2,https://www.federalregister.gov/documents/2025/02/05/2025-02221/airworthiness-directives-leonardo-spa-helicopters,98,47.0,1.9148936170212765,2026-08-24T03:37:09Z
2025-02212,Optional 5-Digit/3-Digit/ADC Sortation,2025-02-05,2025-03-07,3,Postal Service,1,https://www.federalregister.gov/documents/2025/02/05/2025-02212/optional-5-digit3-digitadc-sortation,44,30.0,3.0,2026-08-24T03:37:09Z
2025-02214,"Special Conditions: Gulfstream Aerospace Corporation, Model GVII-G400 Airplane; Automatic Speed Protection for Design Dive Speed (Dive Speed Definition)",2025-02-04,2025-03-21,3,Transportation Department,2,https://www.federalregister.gov/documents/2025/02/04/2025-02214/special-conditions-gulfstream-aerospace-corporation-model-gvii-g400-airplane-automatic-speed,91,45.0,2.0,2026-08-24T03:37:09Z
2025-02209,"List of Approved Spent Fuel Storage Casks: Holtec International HI-STORM UMAX Canister Storage System, Certificate of Compliance No. 1040, Revision 1 to Amendment Nos. 0 Through 2",2025-02-04,2025-03-06,3,Nuclear Regulatory Commission,1,https://www.federalregister.gov/documents/2025/02/04/2025-02209/list-of-approved-spent-fuel-storage-casks-holtec-international-hi-storm-umax-canister-storage-system,111,30.0,3.0,2026-08-24T03:37:09Z
2025-02131,"Amendment of Class E Airspace; Marysville, OH",2025-02-04,2025-03-21,2,Transportation Department,2,https://www.federalregister.gov/documents/2025/02/04/2025-02131/amendment-of-class-e-airspace-marysville-oh,56,45.0,1.3333333333333335,2026-08-24T03:37:09Z
2025-02069,Airworthiness Directives; The Boeing Company Airplanes,2025-02-04,,2,Transportation Department,2,https://www.federalregister.gov/documents/2025/02/04/2025-02069/airworthiness-directives-the-boeing-company-airplanes,191,,,2026-08-24T03:37:09Z
2025-02035,"Airworthiness Directives; Bombardier, Inc., Airplanes",2025-02-04,2025-03-21,6,Transportation Department,2,https://www.federalregister.gov/documents/2025/02/04/2025-02035/airworthiness-directives-bombardier-inc-airplanes,72,45.0,4.0,2026-08-24T03:37:09Z
2025-02036,"Draft Regulatory Guide: Acceptability of ASME Code, Section III, Division 5, “High Temperature Reactors”",2025-02-03,2025-02-26,2,Nuclear Regulatory Commission,1,https://www.federalregister.gov/documents/2025/02/03/2025-02036/draft-regulatory-guide-acceptability-of-asme-code-section-iii-division-5-high-temperature-reactors,64,23.0,2.608695652173913,2026-08-24T03:37:09Z
C1-2025-00974,Law Enforcement Response in Power Reactor Physical Protection Programs,2025-01-31,,1,Nuclear Regulatory Commission,1,https://www.federalregister.gov/documents/2025/01/31/C1-2025-00974/law-enforcement-response-in-power-reactor-physical-protection-programs,0,,,2026-08-24T03:37:09Z
2025-02022,Petition for Rulemaking of Central Office of Reform and Efficiency (Rules of Practice),2025-01-31,2025-03-03,2,Federal Trade Commission,1,https://www.federalregister.gov/documents/2025/01/31/2025-02022/petition-for-rulemaking-of-central-office-of-reform-and-efficiency-rules-of-practice,86,31.0,1.935483870967742,2026-08-24T03:37:09Z
2025-02016,Airworthiness Directives; General Electric Company Engines,2025-01-31,2025-03-17,4,Transportation Department,2,https://www.federalregister.gov/documents/2025/01/31/2025-02016/airworthiness-directives-general-electric-company-engines,109,45.0,2.666666666666667,2026-08-24T03:37:09Z
2025-01973,Airworthiness Directives; The Boeing Company Airplanes,2025-01-31,2025-03-17,3,Transportation Department,2,https://www.federalregister.gov/documents/2025/01/31/2025-01973/airworthiness-directives-the-boeing-company-airplanes,118,45.0,2.0,2026-08-24T03:37:09Z
2025-01884,Airworthiness Directives; Embraer S.A. (Type Certificate Previously Held by Yaborã Indústria Aeronáutica S.A.; Embraer S.A.; Empresa Brasileira de Aeronáutica S.A. (EMBRAER)) Airplanes,2025-01-31,2025-03-17,4,Transportation Department,2,https://www.federalregister.gov/documents/2025/01/31/2025-01884/airworthiness-directives-embraer-sa-type-certificate-previously-held-by-yabor-indstria-aeronutica-sa,134,45.0,2.666666666666667,2026-08-24T03:37:09Z
2025-01968,Airworthiness Directives; Piaggio Aviation S.p.A. Airplanes,2025-01-30,2025-03-17,4,Transportation Department,2,https://www.federalregister.gov/documents/2025/01/30/2025-01968/airworthiness-directives-piaggio-aviation-spa-airplanes,145,46.0,2.608695652173913,2026-08-24T03:37:09Z
2025-01949,Airworthiness Directives; Robinson Helicopter Company Helicopters,2025-01-30,2025-03-17,7,Transportation Department,2,https://www.federalregister.gov/documents/2025/01/30/2025-01949/airworthiness-directives-robinson-helicopter-company-helicopters,140,46.0,4.565217391304348,2026-08-24T03:37:09Z
2025-01890,Revocation of Colored Federal Airway Green 6 (G-6) and Alaskan Very High Frequency Omnidirectional Range Federal Airways V-459 and V-496 in Alaska,2025-01-30,2025-03-17,3,Transportation Department,2,https://www.federalregister.gov/documents/2025/01/30/2025-01890/revocation-of-colored-federal-airway-green-6-g-6-and-alaskan-very-high-frequency-omnidirectional,78,46.0,1.9565217391304348,2026-08-24T03:37:09Z
2025-01728,Airworthiness Directives; General Electric Company Engines,2025-01-30,2025-03-17,3,Transportation Department,2,https://www.federalregister.gov/documents/2025/01/30/2025-01728/airworthiness-directives-general-electric-company-engines,91,46.0,1.9565217391304348,2026-08-24T03:37:09Z
2025-01535,Wireless Telecommunications Bureau Seeks To Supplement the Record on Proposed Rules To Re-Allocate 1675-1680 MHz Band,2025-01-29,2025-03-17,2,Federal Communications Commission,1,https://www.federalregister.gov/documents/2025/01/29/2025-01535/wireless-telecommunications-bureau-seeks-to-supplement-the-record-on-proposed-rules-to-re-allocate,69,47.0,1.2765957446808511,2026-08-24T03:37:09Z
2025-01532,Petition for Rulemaking of Central Office of Reform and Efficiency (Impersonation Rule),2025-01-29,2025-02-28,1,Federal Trade Commission,1,https://www.federalregister.gov/documents/2025/01/29/2025-01532/petition-for-rulemaking-of-central-office-of-reform-and-efficiency-impersonation-rule,94,30.0,1.0,2026-08-24T03:37:09Z
C1-2024-30578,Supplemental Nutrition Assistance Program Quality Control Review Handbook Incorporation by Reference,2025-01-24,,1,Agriculture Department,2,https://www.federalregister.gov/documents/2025/01/24/C1-2024-30578/supplemental-nutrition-assistance-program-quality-control-review-handbook-incorporation-by-reference,0,,,2026-08-24T03:37:09Z
2025-01458,Airworthiness Directives; General Electric Company Engines,2025-01-23,2025-03-10,4,Transportation Department,2,https://www.federalregister.gov/documents/2025/01/23/2025-01458/airworthiness-directives-general-electric-company-engines,91,46.0,2.608695652173913,2026-08-24T03:37:09Z
2025-01454,Revocation of Jet Route J-606 and Establishment of United States Area Navigation Route Q-182 in Alaska,2025-01-23,2025-03-10,3,Transportation Department,2,https://www.federalregister.gov/documents/2025/01/23/2025-01454/revocation-of-jet-route-j-606-and-establishment-of-united-states-area-navigation-route-q-182-in,38,46.0,1.9565217391304348,2026-08-24T03:37:09Z
2025-01445,"Modification of Class D and E Airspace; Bozeman Yellowstone International Airport, Bozeman, MT",2025-01-23,2025-03-10,3,Transportation Department,2,https://www.federalregister.gov/documents/2025/01/23/2025-01445/modification-of-class-d-and-e-airspace-bozeman-yellowstone-international-airport-bozeman-mt,82,46.0,1.9565217391304348,2026-08-24T03:37:09Z
2025-01362,Airworthiness Directives; Airbus SAS Airplanes,2025-01-23,2025-03-10,3,Transportation Department,2,https://www.federalregister.gov/documents/2025/01/23/2025-01362/airworthiness-directives-airbus-sas-airplanes,108,46.0,1.9565217391304348,2026-08-24T03:37:09Z
2025-00685,National Emission Standards for Hazardous Air Pollutants: Chemical Manufacturing Area Sources Technology Review,2025-01-22,2025-03-24,50,Environmental Protection Agency,1,https://www.federalregister.gov/documents/2025/01/22/2025-00685/national-emission-standards-for-hazardous-air-pollutants-chemical-manufacturing-area-sources,222,61.0,24.59016393442623,2026-08-24T03:37:09Z
2025-00493,Petition for Reconsideration of Action in Rulemaking Proceeding,2025-01-22,,1,Federal Communications Commission,1,https://www.federalregister.gov/documents/2025/01/22/2025-00493/petition-for-reconsideration-of-action-in-rulemaking-proceeding,26,,,2026-08-24T03:37:09Z
2025-01358,Airworthiness Directives; Airbus SAS Airplanes,2025-01-21,2025-03-07,3,Transportation Department,2,https://www.federalregister.gov/documents/2025/01/21/2025-01358/airworthiness-directives-airbus-sas-airplanes,119,45.0,2.0,2026-08-24T03:37:09Z
2025-01319,Migratory Bird Hunting; Proposed 2025-26 Migratory Game Bird Hunting Regulations (Preliminary),2025-01-21,2025-02-20,11,Interior Department,2,https://www.federalregister.gov/documents/2025/01/21/2025-01319/migratory-bird-hunting-proposed-2025-26-migratory-game-bird-hunting-regulations-preliminary,114,30.0,11.0,2026-08-24T03:37:09Z
2025-01277,Notice of Availability and Request for Comment: Revision to the Voluntary Standard for Stationary Activity Centers,2025-01-21,2025-02-04,2,Consumer Product Safety Commission,1,https://www.federalregister.gov/documents/2025/01/21/2025-01277/notice-of-availability-and-request-for-comment-revision-to-the-voluntary-standard-for-stationary,57,14.0,4.285714285714286,2026-08-24T03:37:09Z
2025-01220,Air Plan Revisions; California Air Plan Revisions; San Joaquin Valley Unified Air Pollution Control District; Stationary Source Permits,2025-01-21,2025-02-20,5,Environmental Protection Agency,1,https://www.federalregister.gov/documents/2025/01/21/2025-01220/air-plan-revisions-california-air-plan-revisions-san-joaquin-valley-unified-air-pollution-control,174,30.0,5.0,2026-08-24T03:37:09Z
2025-01159,Homicide Victims' Families' Rights Act,2025-01-21,2025-03-24,16,Justice Department,1,https://www.federalregister.gov/documents/2025/01/21/2025-01159/homicide-victims-families-rights-act,47,62.0,7.741935483870968,2026-08-24T03:37:09Z
2025-01118,Endangered and Threatened Wildlife and Plants; 90-Day Findings for Eight Species,2025-01-21,,6,Interior Department,2,https://www.federalregister.gov/documents/2025/01/21/2025-01118/endangered-and-threatened-wildlife-and-plants-90-day-findings-for-eight-species,219,,,2026-08-24T03:37:09Z
2025-01117,Endangered and Threatened Wildlife and Plants; Endangered Species Status for Big Red Sage,2025-01-21,2025-03-24,14,Interior Department,2,https://www.federalregister.gov/documents/2025/01/21/2025-01117/endangered-and-threatened-wildlife-and-plants-endangered-species-status-for-big-red-sage,116,62.0,6.774193548387097,2026-08-24T03:37:09Z
2025-01101,Air Plan Disapproval; West Virginia; Regional Haze State Implementation Plan for the Second Implementation Period,2025-01-21,2025-02-20,23,Environmental Protection Agency,1,https://www.federalregister.gov/documents/2025/01/21/2025-01101/air-plan-disapproval-west-virginia-regional-haze-state-implementation-plan-for-the-second,86,30.0,23.0,2026-08-24T03:37:09Z
2025-01074,Trade and National Security Actions and Low-Value Shipments,2025-01-21,2025-03-24,22,Homeland Security Department,3,https://www.federalregister.gov/documents/2025/01/21/2025-01074/trade-and-national-security-actions-and-low-value-shipments,70,62.0,10.645161290322582,2026-08-24T03:37:09Z
2025-00985,"Technical Assistance on State Data Collection-National Technical Assistance Center To Improve State Capacity To Collect, Report, Analyze, and Use Accurate IDEA Part B and Part C Fiscal Data",2025-01-21,2025-04-07,8,Education Department,1,https://www.federalregister.gov/documents/2025/01/21/2025-00985/technical-assistance-on-state-data-collection-national-technical-assistance-center-to-improve-state,156,76.0,3.1578947368421053,2026-08-24T03:37:09Z
2025-00726,"Miscellaneous Corrections, Clarifications, and Improvements",2025-01-21,2025-03-24,9,Pension Benefit Guaranty Corporation,1,https://www.federalregister.gov/documents/2025/01/21/2025-00726/miscellaneous-corrections-clarifications-and-improvements,52,62.0,4.35483870967742,2026-08-24T03:37:09Z
2025-00693,Special Local Regulations & Safety Zones; USCG Sector Eastern Great Lakes,2025-01-21,2025-02-20,8,Homeland Security Department,2,https://www.federalregister.gov/documents/2025/01/21/2025-00693/special-local-regulations-and-safety-zones-uscg-sector-eastern-great-lakes,52,30.0,8.0,2026-08-24T03:37:09Z
2025-00634,Petition for Rulemaking of Central Office of Reform and Efficiency (Negative Option Rule),2025-01-21,2025-02-20,2,Federal Trade Commission,1,https://www.federalregister.gov/documents/2025/01/21/2025-00634/petition-for-rulemaking-of-central-office-of-reform-and-efficiency-negative-option-rule,81,30.0,2.0,2026-08-24T03:37:09Z
2025-00512,Migratory Bird Subsistence Harvest in Alaska,2025-01-21,2025-02-20,5,Interior Department,2,https://www.federalregister.gov/documents/2025/01/21/2025-00512/migratory-bird-subsistence-harvest-in-alaska,82,30.0,5.0,2026-08-24T03:37:09Z
2025-00438,Air Plan Partial Approval and Partial Disapproval; South Carolina; Minor Source Permit Program Revisions,2025-01-21,2025-02-20,14,Environmental Protection Agency,1,https://www.federalregister.gov/documents/2025/01/21/2025-00438/air-plan-partial-approval-and-partial-disapproval-south-carolina-minor-source-permit-program,97,30.0,14.0,2026-08-24T03:37:09Z
2025-00434,Subsistence Management Regulations for Public Lands in Alaska-2026-27 and 2027-28 Subsistence Taking of Wildlife Regulations,2025-01-21,,6,Agriculture Department,3,https://www.federalregister.gov/documents/2025/01/21/2025-00434/subsistence-management-regulations-for-public-lands-in-alaska-2026-27-and-2027-28-subsistence-taking,125,,,2026-08-24T03:37:09Z
2025-00323,Asset Management Plans; Management and Monitoring Systems,2025-01-21,2025-02-12,2,Transportation Department,2,https://www.federalregister.gov/documents/2025/01/21/2025-00323/asset-management-plans-management-and-monitoring-systems,117,22.0,2.7272727272727275,2026-08-24T03:37:09Z
2025-00268,Rehabilitation Long-Term Training Program,2025-01-21,2025-02-20,6,Education Department,1,https://www.federalregister.gov/documents/2025/01/21/2025-00268/rehabilitation-long-term-training-program,101,30.0,6.0,2026-08-24T03:37:09Z
2025-00263,Reliability Standards for Frequency and Voltage Protection Settings and Ride-Through for Inverter-Based Resources,2025-01-21,2025-03-24,8,Energy Department,2,https://www.federalregister.gov/documents/2025/01/21/2025-00263/reliability-standards-for-frequency-and-voltage-protection-settings-and-ride-through-for,65,62.0,3.870967741935484,2026-08-24T03:37:09Z
2025-00251,Pesticides; Petition Seeking Rulemaking To Modify Labeling Requirements for Pesticides and Devices,2025-01-21,2025-02-20,2,Environmental Protection Agency,1,https://www.federalregister.gov/documents/2025/01/21/2025-00251/pesticides-petition-seeking-rulemaking-to-modify-labeling-requirements-for-pesticides-and-devices,107,30.0,2.0,2026-08-24T03:37:09Z
2025-00153,Periodic Reporting,2025-01-21,2025-02-27,2,Postal Regulatory Commission,1,https://www.federalregister.gov/documents/2025/01/21/2025-00153/periodic-reporting,42,37.0,1.6216216216216217,2026-08-24T03:37:09Z
2025-00071,International Terrorism Victim Expense Reimbursement Program,2025-01-21,2025-03-24,6,Justice Department,2,https://www.federalregister.gov/documents/2025/01/21/2025-00071/international-terrorism-victim-expense-reimbursement-program,63,62.0,2.903225806451613,2026-08-24T03:37:09Z
2024-29239,Clean Water Act Methods Update Rule 22 for the Analysis of Contaminants in Effluent,2025-01-21,2025-02-20,71,Environmental Protection Agency,1,https://www.federalregister.gov/documents/2025/01/21/2024-29239/clean-water-act-methods-update-rule-22-for-the-analysis-of-contaminants-in-effluent,173,30.0,71.0,2026-08-24T03:37:09Z
2025-01337,Rehabilitation Training Program-National Vocational Rehabilitation Technical Assistance Center,2025-01-17,2025-02-18,9,Education Department,1,https://www.federalregister.gov/documents/2025/01/17/2025-01337/rehabilitation-training-program-national-vocational-rehabilitation-technical-assistance-center,99,32.0,8.4375,2026-08-24T03:37:09Z
2025-01210,Assateague Island National Seashore; Oversand Vehicles,2025-01-17,2025-03-18,5,Interior Department,2,https://www.federalregister.gov/documents/2025/01/17/2025-01210/assateague-island-national-seashore-oversand-vehicles,70,60.0,2.5,2026-08-24T03:37:09Z
2025-01199,Procedures for Considering Environmental Impacts,2025-01-17,,1,Transportation Department,2,https://www.federalregister.gov/documents/2025/01/17/2025-01199/procedures-for-considering-environmental-impacts,31,,,2026-08-24T03:37:09Z
2025-01100,Airworthiness Directives; Airbus Helicopters,2025-01-17,2025-03-03,4,Transportation Department,2,https://www.federalregister.gov/documents/2025/01/17/2025-01100/airworthiness-directives-airbus-helicopters,118,45.0,2.666666666666667,2026-08-24T03:37:09Z
2025-01099,Special Registrations for Telemedicine and Limited State Telemedicine Registrations,2025-01-17,,58,Justice Department,2,https://www.federalregister.gov/documents/2025/01/17/2025-01099/special-registrations-for-telemedicine-and-limited-state-telemedicine-registrations,124,,,2026-08-24T03:37:09Z
2025-01091,"Reconsideration of Standards of Performance for New, Reconstructed, and Modified Sources and Emissions Guidelines for Existing Sources: Oil and Natural Gas Sector Climate Review; Correction",2025-01-17,2025-03-03,2,Environmental Protection Agency,1,https://www.federalregister.gov/documents/2025/01/17/2025-01091/reconsideration-of-standards-of-performance-for-new-reconstructed-and-modified-sources-and-emissions,51,45.0,1.3333333333333335,2026-08-24T03:37:09Z
2025-01079,"Establishment of Class E Airspace at Pine Bluffs Municipal Airport, Pine Bluffs, WY",2025-01-17,2025-03-03,2,Transportation Department,2,https://www.federalregister.gov/documents/2025/01/17/2025-01079/establishment-of-class-e-airspace-at-pine-bluffs-municipal-airport-pine-bluffs-wy,48,45.0,1.3333333333333335,2026-08-24T03:37:09Z
2025-01030,Airworthiness Directives; Airbus Helicopters,2025-01-17,2025-03-03,3,Transportation Department,2,https://www.federalregister.gov/documents/2025/01/17/2025-01030/airworthiness-directives-airbus-helicopters,120,45.0,2.0,2026-08-24T03:37:09Z
2025-00974,Law Enforcement Response in Power Reactor Physical Protection Programs,2025-01-17,2025-03-03,4,Nuclear Regulatory Commission,1,https://www.federalregister.gov/documents/2025/01/17/2025-00974/law-enforcement-response-in-power-reactor-physical-protection-programs,113,45.0,2.666666666666667,2026-08-24T03:37:09Z
2025-00966,Energy Conservation Program: Energy Conservation Standards for Battery Chargers,2025-01-17,,2,Energy Department,1,https://www.federalregister.gov/documents/2025/01/17/2025-00966/energy-conservation-program-energy-conservation-standards-for-battery-chargers,30,,,2026-08-24T03:37:09Z
2025-00965,Energy Conservation Program: Energy Conservation Standards for Fans and Blowers,2025-01-17,,1,Energy Department,1,https://www.federalregister.gov/documents/2025/01/17/2025-00965/energy-conservation-program-energy-conservation-standards-for-fans-and-blowers,33,,,2026-08-24T03:37:09Z
2025-00964,Energy Conservation Program: Energy Conservation Standards for Consumer Boilers,2025-01-17,,2,Energy Department,1,https://www.federalregister.gov/documents/2025/01/17/2025-00964/energy-conservation-program-energy-conservation-standards-for-consumer-boilers,29,,,2026-08-24T03:37:09Z
2025-00957,"Alcohol Facts Statements in the Labeling of Wines, Distilled Spirits, and Malt Beverages",2025-01-17,2025-04-17,53,Treasury Department,2,https://www.federalregister.gov/documents/2025/01/17/2025-00957/alcohol-facts-statements-in-the-labeling-of-wines-distilled-spirits-and-malt-beverages,158,90.0,17.666666666666668,2026-08-24T03:37:09Z
2025-00955,"Major Food Allergen Labeling for Wines, Distilled Spirits, and Malt Beverages",2025-01-17,2025-04-17,16,Treasury Department,2,https://www.federalregister.gov/documents/2025/01/17/2025-00955/major-food-allergen-labeling-for-wines-distilled-spirits-and-malt-beverages,106,90.0,5.333333333333334,2026-08-24T03:37:09Z
2025-00826,Airworthiness Directives; The Boeing Company Airplanes,2025-01-17,2025-03-03,3,Transportation Department,2,https://www.federalregister.gov/documents/2025/01/17/2025-00826/airworthiness-directives-the-boeing-company-airplanes,78,45.0,2.0,2026-08-24T03:37:09Z
2025-00825,Airworthiness Directives; The Boeing Company Airplanes,2025-01-17,2025-03-03,3,Transportation Department,2,https://www.federalregister.gov/documents/2025/01/17/2025-00825/airworthiness-directives-the-boeing-company-airplanes,81,45.0,2.0,2026-08-24T03:37:09Z
2025-00824,Airworthiness Directives; The Boeing Company Airplanes,2025-01-17,2025-03-03,4,Transportation Department,2,https://www.federalregister.gov/documents/2025/01/17/2025-00824/airworthiness-directives-the-boeing-company-airplanes,84,45.0,2.666666666666667,2026-08-24T03:37:09Z
2025-00731,"N-(1,3-Dimethylbutyl)-N′-phenyl-p-phenylenediamine (6PPD) and its transformation product, 6PPD-quinone; Regulatory Investigation under the Toxic Substances Control Act (TSCA); Extension of the Comment Period",2025-01-17,2025-03-24,2,Environmental Protection Agency,1,https://www.federalregister.gov/documents/2025/01/17/2025-00731/n-13-dimethylbutyl-n-phenyl-p-phenylenediamine-6ppd-and-its-transformation-product-6ppd-quinone,98,66.0,0.9090909090909092,2026-08-24T03:37:09Z
2025-00115,Air Plan Revisions; Arizona; Arizona Department of Environmental Quality,2025-01-17,2025-02-18,5,Environmental Protection Agency,1,https://www.federalregister.gov/documents/2025/01/17/2025-00115/air-plan-revisions-arizona-arizona-department-of-environmental-quality,104,32.0,4.6875,2026-08-24T03:37:09Z
2025-00012,Conformance of the Cost Accounting Standards to Generally Accepted Accounting Principles for CAS 404 Capitalization of Tangible Assets and CAS 411 Accounting for Acquisition Costs of Material,2025-01-17,2025-03-18,6,Management and Budget Office,2,https://www.federalregister.gov/documents/2025/01/17/2025-00012/conformance-of-the-cost-accounting-standards-to-generally-accepted-accounting-principles-for-cas-404,80,60.0,3.0,2026-08-24T03:37:09Z
2024-31570,Defense Federal Acquisition Regulation Supplement: Inflation Adjustment of Acquisition-Related Thresholds (DFARS Case 2024-D002),2025-01-17,2025-03-18,5,Defense Department,2,https://www.federalregister.gov/documents/2025/01/17/2024-31570/defense-federal-acquisition-regulation-supplement-inflation-adjustment-of-acquisition-related,85,60.0,2.5,2026-08-24T03:37:09Z
2024-31406,Toxics Release Inventory (TRI); Clarification of Toxic Chemicals Due to Automatic Additions of Per- and Polyfluoroalkyl Substances Under the National Defense Authorization Act,2025-01-17,2025-02-18,4,Environmental Protection Agency,1,https://www.federalregister.gov/documents/2025/01/17/2024-31406/toxics-release-inventory-tri-clarification-of-toxic-chemicals-due-to-automatic-additions-of-per--and,135,32.0,3.75,2026-08-24T03:37:09Z
2025-00996,Reducing Barriers to HUD-Assisted Housing; Withdrawal,2025-01-16,,1,Housing and Urban Development Department,1,https://www.federalregister.gov/documents/2025/01/16/2025-00996/reducing-barriers-to-hud-assisted-housing-withdrawal,51,,,2026-08-24T03:37:09Z
2025-00981,Affirmatively Furthering Fair Housing; Withdrawal,2025-01-16,,2,Housing and Urban Development Department,1,https://www.federalregister.gov/documents/2025/01/16/2025-00981/affirmatively-furthering-fair-housing-withdrawal,49,,,2026-08-24T03:37:09Z
2025-00972,"Amendment of Class E Airspace; Beckley, WV",2025-01-16,2025-03-03,2,Transportation Department,2,https://www.federalregister.gov/documents/2025/01/16/2025-00972/amendment-of-class-e-airspace-beckley-wv,69,46.0,1.3043478260869565,2026-08-24T03:37:09Z
2025-00847,Hazardous and Solid Waste Management System: Disposal of Coal Combustion Residuals From Electric Utilities; Legacy CCR Surface Impoundments; Correction,2025-01-16,2025-03-17,2,Environmental Protection Agency,1,https://www.federalregister.gov/documents/2025/01/16/2025-00847/hazardous-and-solid-waste-management-system-disposal-of-coal-combustion-residuals-from-electric,82,60.0,1.0,2026-08-24T03:37:09Z
2025-00778,Food Labeling: Front-of-Package Nutrition Information,2025-01-16,2025-05-16,38,Health and Human Services Department,2,https://www.federalregister.gov/documents/2025/01/16/2025-00778/food-labeling-front-of-package-nutrition-information,100,120.0,9.5,2026-08-24T03:37:09Z
2025-00728,"Certain Employee Remuneration in Excess of $1,000,000 Under Internal Revenue Code Section 162(m)",2025-01-16,,9,Treasury Department,2,https://www.federalregister.gov/documents/2025/01/16/2025-00728/certain-employee-remuneration-in-excess-of-1000000-under-internal-revenue-code-section-162m,57,,,2026-08-24T03:37:09Z
2025-00718,North Atlantic Right Whale Vessel Strike Reduction Rule,2025-01-16,,1,Commerce Department,2,https://www.federalregister.gov/documents/2025/01/16/2025-00718/north-atlantic-right-whale-vessel-strike-reduction-rule,62,,,2026-08-24T03:37:09Z
2025-00716,"Implementation of Provisions of the Illegal, Unreported, and Unregulated Fishing Enforcement Act of 2015, the Ensuring Access to Pacific Fisheries Act, and the James M. Inhofe National Defense Authorization Act for Fiscal Year 2023",2025-01-16,,1,Commerce Department,2,https://www.federalregister.gov/documents/2025/01/16/2025-00716/implementation-of-provisions-of-the-illegal-unreported-and-unregulated-fishing-enforcement-act-of,138,,,2026-08-24T03:37:09Z
2025-00648,Standards of Performance for New Stationary Sources and Emission Guidelines for Existing Sources: Large Municipal Waste Combustors Voluntary Remand Response and 5-Year Review; Reopening of Comment Period,2025-01-16,2025-07-16,3,Environmental Protection Agency,1,https://www.federalregister.gov/documents/2025/01/16/2025-00648/standards-of-performance-for-new-stationary-sources-and-emission-guidelines-for-existing-sources,78,181.0,0.49723756906077343,2026-08-24T03:37:09Z
2025-00629,"Establishment of Class E Airspace; North Conway, NH",2025-01-16,2025-03-03,3,Transportation Department,2,https://www.federalregister.gov/documents/2025/01/16/2025-00629/establishment-of-class-e-airspace-north-conway-nh,39,46.0,1.9565217391304348,2026-08-24T03:37:09Z
2025-00534,Fair and Competitive Livestock and Poultry Markets,2025-01-16,,1,Agriculture Department,2,https://www.federalregister.gov/documents/2025/01/16/2025-00534/fair-and-competitive-livestock-and-poultry-markets,34,,,2026-08-24T03:37:09Z
2025-00503,"Establishment of Class E Airspace; Sunbury, NC",2025-01-16,2025-03-03,3,Transportation Department,2,https://www.federalregister.gov/documents/2025/01/16/2025-00503/establishment-of-class-e-airspace-sunbury-nc,47,46.0,1.9565217391304348,2026-08-24T03:37:09Z
2025-00398,"Safety Zone; San Pedro Bay, Los Angeles and Long Beach, CA",2025-01-16,2025-02-18,3,Homeland Security Department,2,https://www.federalregister.gov/documents/2025/01/16/2025-00398/safety-zone-san-pedro-bay-los-angeles-and-long-beach-ca,87,33.0,2.7272727272727275,2026-08-24T03:37:09Z
2025-00397,Tobacco Product Standard for Nicotine Yield of Cigarettes and Certain Other Combusted Tobacco Products,2025-01-16,2025-09-15,113,Health and Human Services Department,2,https://www.federalregister.gov/documents/2025/01/16/2025-00397/tobacco-product-standard-for-nicotine-yield-of-cigarettes-and-certain-other-combusted-tobacco,100,242.0,14.008264462809917,2026-08-24T03:37:09Z
2025-00321,"Guidance Regarding Certain Matters Relating to Nonrecognition of Gain or Loss in Corporate Separations, Incorporations, and Reorganizations",2025-01-16,,76,Treasury Department,2,https://www.federalregister.gov/documents/2025/01/16/2025-00321/guidance-regarding-certain-matters-relating-to-nonrecognition-of-gain-or-loss-in-corporate,100,,,2026-08-24T03:37:09Z
2025-00312,Multi-Year Reporting Requirements for Corporate Separations and Related Transactions,2025-01-16,,5,Treasury Department,2,https://www.federalregister.gov/documents/2025/01/16/2025-00312/multi-year-reporting-requirements-for-corporate-separations-and-related-transactions,96,,,2026-08-24T03:37:09Z
2025-00113,"Modification & Establishment of Class E Airspace; Cortez Municipal Airport, Cortez, CO",2025-01-16,2025-03-03,3,Transportation Department,2,https://www.federalregister.gov/documents/2025/01/16/2025-00113/modification-and-establishment-of-class-e-airspace-cortez-municipal-airport-cortez-co,77,46.0,1.9565217391304348,2026-08-24T03:37:09Z
2024-31756,Endangered and Threatened Wildlife and Plants; Threatened Species Status With Section 4(d) Rule for Clear Lake Hitch,2025-01-16,2025-03-17,26,Interior Department,2,https://www.federalregister.gov/documents/2025/01/16/2024-31756/endangered-and-threatened-wildlife-and-plants-threatened-species-status-with-section-4d-rule-for,147,60.0,13.0,2026-08-24T03:37:09Z
2024-31578,Powered Micromobility Devices,2025-01-16,2025-03-17,7,Interior Department,2,https://www.federalregister.gov/documents/2025/01/16/2024-31578/powered-micromobility-devices,72,60.0,3.5,2026-08-24T03:37:09Z
2024-31402,Taking and Importing Marine Mammals; Taking Marine Mammals Incidental to the U.S. Navy Training and Testing Activities in the Hawaii-Southern California Training and Testing Study Area,2025-01-16,,86,Commerce Department,2,https://www.federalregister.gov/documents/2025/01/16/2024-31402/taking-and-importing-marine-mammals-taking-marine-mammals-incidental-to-the-us-navy-training-and,265,,,2026-08-24T03:37:09Z
2025-00774,Enhancing Coverage of Preventive Services Under the Affordable Care Act,2025-01-15,,2,Treasury Department,5,https://www.federalregister.gov/documents/2025/01/15/2025-00774/enhancing-coverage-of-preventive-services-under-the-affordable-care-act,29,,,2026-08-24T03:37:09Z
2025-00638,Parentage Establishment in the Child Support Services Program; Withdrawal,2025-01-15,,2,Health and Human Services Department,2,https://www.federalregister.gov/documents/2025/01/15/2025-00638/parentage-establishment-in-the-child-support-services-program-withdrawal,42,,,2026-08-24T03:37:09Z
2025-00616,Federal Acquisition Regulation: Protests of Orders Under Certain Multiple-Award Contracts,2025-01-15,2025-03-17,3,Defense Department,3,https://www.federalregister.gov/documents/2025/01/15/2025-00616/federal-acquisition-regulation-protests-of-orders-under-certain-multiple-award-contracts,25,61.0,1.4754098360655736,2026-08-24T03:37:09Z
2025-00615,Federal Acquisition Regulation: Small Business Participation on Certain Multiple-Award Contracts,2025-01-15,2025-03-17,9,Defense Department,3,https://www.federalregister.gov/documents/2025/01/15/2025-00615/federal-acquisition-regulation-small-business-participation-on-certain-multiple-award-contracts,24,61.0,4.426229508196721,2026-08-24T03:37:09Z
2025-00565,"Electronic Fund Transfers Through Accounts Established Primarily for Personal, Family, or Household Purposes Using Emerging Payment Mechanisms",2025-01-15,2025-03-31,5,Consumer Financial Protection Bureau,1,https://www.federalregister.gov/documents/2025/01/15/2025-00565/electronic-fund-transfers-through-accounts-established-primarily-for-personal-family-or-household,63,75.0,2.0,2026-08-24T03:37:09Z
2025-00330,Endangered and Threatened Wildlife and Plants; 12-Month Finding for the Northern Continental Divide Ecosystem of the Grizzly Bear in the Lower-48 States,2025-01-15,,4,Interior Department,2,https://www.federalregister.gov/documents/2025/01/15/2025-00330/endangered-and-threatened-wildlife-and-plants-12-month-finding-for-the-northern-continental-divide,90,,,2026-08-24T03:37:09Z
2025-00329,Endangered and Threatened Wildlife and Plants; Grizzly Bear Listing on the List of Endangered and Threatened Wildlife With a Revised Section 4(d) Rule,2025-01-15,2025-03-17,43,Interior Department,2,https://www.federalregister.gov/documents/2025/01/15/2025-00329/endangered-and-threatened-wildlife-and-plants-grizzly-bear-listing-on-the-list-of-endangered-and,255,61.0,21.147540983606557,2026-08-24T03:37:09Z
2025-00325,Endangered and Threatened Wildlife and Plants; 12-Month Finding for the Greater Yellowstone Ecosystem of the Grizzly Bear in the Lower-48 States,2025-01-15,,3,Interior Department,2,https://www.federalregister.gov/documents/2025/01/15/2025-00325/endangered-and-threatened-wildlife-and-plants-12-month-finding-for-the-greater-yellowstone-ecosystem,89,,,2026-08-24T03:37:09Z
2025-00193,Oranges and Grapefruit Grown in Lower Rio Grande Valley in Texas; Increased Assessment Rate,2025-01-15,2025-02-14,4,Agriculture Department,2,https://www.federalregister.gov/documents/2025/01/15/2025-00193/oranges-and-grapefruit-grown-in-lower-rio-grande-valley-in-texas-increased-assessment-rate,57,30.0,4.0,2026-08-24T03:37:09Z
2024-31626,Air Plan Approval; Kansas; Annual Emission Inventory and Fees,2025-01-15,2025-02-14,4,Environmental Protection Agency,1,https://www.federalregister.gov/documents/2025/01/15/2024-31626/air-plan-approval-kansas-annual-emission-inventory-and-fees,81,30.0,4.0,2026-08-24T03:37:09Z
2024-31561,Federal Acquisition Regulation: Preventing Organizational Conflicts of Interest in Federal Acquisition,2025-01-15,2025-03-17,20,Defense Department,3,https://www.federalregister.gov/documents/2025/01/15/2024-31561/federal-acquisition-regulation-preventing-organizational-conflicts-of-interest-in-federal,91,61.0,9.83606557377049,2026-08-24T03:37:09Z
2024-31420,"Safety Zone; Cable Laying Corridor, Atlantic Ocean, Virginia Beach, Virginia",2025-01-15,2025-01-29,3,Homeland Security Department,2,https://www.federalregister.gov/documents/2025/01/15/2024-31420/safety-zone-cable-laying-corridor-atlantic-ocean-virginia-beach-virginia,95,14.0,6.428571428571428,2026-08-24T03:37:09Z
2024-31227,"Reconsideration of Standards of Performance for New, Reconstructed, and Modified Sources and Emissions Guidelines for Existing Sources: Oil and Natural Gas Sector Climate Review",2025-01-15,2025-03-03,19,Environmental Protection Agency,1,https://www.federalregister.gov/documents/2025/01/15/2024-31227/reconsideration-of-standards-of-performance-for-new-reconstructed-and-modified-sources-and-emissions,186,47.0,12.127659574468085,2026-08-24T03:37:09Z
2024-31206,Protection of Federal Property,2025-01-15,2025-03-17,24,Homeland Security Department,1,https://www.federalregister.gov/documents/2025/01/15/2024-31206/protection-of-federal-property,99,61.0,11.803278688524589,2026-08-24T03:37:09Z
2024-30854,"ADS-Equipped Vehicle Safety, Transparency, and Evaluation Program",2025-01-15,2025-03-17,61,Transportation Department,2,https://www.federalregister.gov/documents/2025/01/15/2024-30854/ads-equipped-vehicle-safety-transparency-and-evaluation-program,138,61.0,30.0,2026-08-24T03:37:09Z
2024-30437,Federal Acquisition Regulation: Controlled Unclassified Information,2025-01-15,2025-03-17,40,Defense Department,3,https://www.federalregister.gov/documents/2025/01/15/2024-30437/federal-acquisition-regulation-controlled-unclassified-information,34,61.0,19.67213114754098,2026-08-24T03:37:09Z
2024-29641,Endangered and Threatened Wildlife and Plants; Designation of Critical Habitat for the San Francisco Bay-Delta Distinct Population Segment of the Longfin Smelt,2025-01-15,2025-03-17,19,Interior Department,2,https://www.federalregister.gov/documents/2025/01/15/2024-29641/endangered-and-threatened-wildlife-and-plants-designation-of-critical-habitat-for-the-san-francisco,87,61.0,9.344262295081968,2026-08-24T03:37:09Z
2025-00633,Prohibited Terms and Conditions in Agreements for Consumer Financial Products or Services (Regulation AA),2025-01-14,2025-04-01,31,Consumer Financial Protection Bureau,1,https://www.federalregister.gov/documents/2025/01/14/2025-00633/prohibited-terms-and-conditions-in-agreements-for-consumer-financial-products-or-services-regulation,98,77.0,12.077922077922079,2026-08-24T03:37:09Z
2025-00588,"Airworthiness Directives; Siam Hiller Holdings, Inc, Helicopters",2025-01-14,2025-02-28,3,Transportation Department,2,https://www.federalregister.gov/documents/2025/01/14/2025-00588/airworthiness-directives-siam-hiller-holdings-inc-helicopters,90,45.0,2.0,2026-08-24T03:37:09Z
2025-00552,"Fisheries of the Caribbean, Gulf of Mexico, and South Atlantic; Snapper-Grouper Fishery of the South Atlantic; Amendment 59",2025-01-14,2025-03-17,11,Commerce Department,2,https://www.federalregister.gov/documents/2025/01/14/2025-00552/fisheries-of-the-caribbean-gulf-of-mexico-and-south-atlantic-snapper-grouper-fishery-of-the-south,123,62.0,5.322580645161291,2026-08-24T03:37:09Z
2025-00551,Entry of Low-Value Shipments,2025-01-14,2025-03-17,28,Homeland Security Department,3,https://www.federalregister.gov/documents/2025/01/14/2025-00551/entry-of-low-value-shipments,100,62.0,13.548387096774194,2026-08-24T03:37:09Z
2025-00537,Strengthening Temporary Assistance for Needy Families (TANF) as a Safety Net and Work Program; Withdrawal,2025-01-14,,1,Health and Human Services Department,2,https://www.federalregister.gov/documents/2025/01/14/2025-00537/strengthening-temporary-assistance-for-needy-families-tanf-as-a-safety-net-and-work-program,41,,,2026-08-24T03:37:09Z
2025-00501,Automatic Enrollment Requirements Under Section 414A,2025-01-14,2025-03-17,16,Treasury Department,2,https://www.federalregister.gov/documents/2025/01/14/2025-00501/automatic-enrollment-requirements-under-section-414a,108,62.0,7.741935483870968,2026-08-24T03:37:09Z
2025-00467,Endangered and Threatened Wildlife and Plants; Threatened Status for the Florida Manatee and Endangered Status for the Antillean Manatee,2025-01-14,2025-03-17,30,Interior Department,2,https://www.federalregister.gov/documents/2025/01/14/2025-00467/endangered-and-threatened-wildlife-and-plants-threatened-status-for-the-florida-manatee-and,174,62.0,14.516129032258064,2026-08-24T03:37:09Z
2025-00256,Section 45W Credit for Qualified Commercial Clean Vehicles,2025-01-14,2025-03-17,27,Treasury Department,2,https://www.federalregister.gov/documents/2025/01/14/2025-00256/section-45w-credit-for-qualified-commercial-clean-vehicles,56,62.0,13.064516129032258,2026-08-24T03:37:09Z
2025-00186,Base Erosion and Anti-Abuse Tax Rules for Qualified Derivative Payments on Securities Lending Transactions,2025-01-14,2025-04-14,8,Treasury Department,2,https://www.federalregister.gov/documents/2025/01/14/2025-00186/base-erosion-and-anti-abuse-tax-rules-for-qualified-derivative-payments-on-securities-lending,64,90.0,2.666666666666667,2026-08-24T03:37:09Z
2024-31757,Endangered and Threatened Wildlife and Plants; Designation of Critical Habitat for Four Distinct Population Segments of the Foothill Yellow-Legged Frog,2025-01-14,2025-03-17,59,Interior Department,2,https://www.federalregister.gov/documents/2025/01/14/2024-31757/endangered-and-threatened-wildlife-and-plants-designation-of-critical-habitat-for-four-distinct,74,62.0,28.548387096774196,2026-08-24T03:37:09Z
2024-31385,Fees for Instantaneously Declined Transactions; Withdrawal of Proposed Rule,2025-01-14,,3,Consumer Financial Protection Bureau,1,https://www.federalregister.gov/documents/2025/01/14/2024-31385/fees-for-instantaneously-declined-transactions-withdrawal-of-proposed-rule,70,,,2026-08-24T03:37:09Z
2024-31373,Source of Income From Cloud Transactions,2025-01-14,2025-04-14,11,Treasury Department,2,https://www.federalregister.gov/documents/2025/01/14/2024-31373/source-of-income-from-cloud-transactions,41,90.0,3.6666666666666665,2026-08-24T03:37:09Z
2024-30931,C.I. Pigment Violet 29 (PV29); Regulation Under the Toxic Substances Control Act (TSCA),2025-01-14,2025-02-28,25,Environmental Protection Agency,1,https://www.federalregister.gov/documents/2025/01/14/2024-30931/ci-pigment-violet-29-pv29-regulation-under-the-toxic-substances-control-act-tsca,143,45.0,16.666666666666668,2026-08-24T03:37:09Z
2025-00376,Longshore and Harbor Workers' Compensation Act: Civil Money Penalties Procedures; Withdrawal,2025-01-13,,2,Labor Department,2,https://www.federalregister.gov/documents/2025/01/13/2025-00376/longshore-and-harbor-workers-compensation-act-civil-money-penalties-procedures-withdrawal,33,,,2026-08-24T03:37:09Z
2025-00350,Catch-Up Contributions,2025-01-13,2025-03-14,17,Treasury Department,2,https://www.federalregister.gov/documents/2025/01/13/2025-00350/catch-up-contributions,87,60.0,8.5,2026-08-24T03:37:09Z
2024-31405,Receipt of a Pesticide Petition Filed for Residues of Pesticide Chemicals in or on Various Commodities (November 2024),2025-01-13,2025-02-12,3,Environmental Protection Agency,1,https://www.federalregister.gov/documents/2025/01/13/2024-31405/receipt-of-a-pesticide-petition-filed-for-residues-of-pesticide-chemicals-in-or-on-various,31,30.0,3.0,2026-08-24T03:37:09Z
2024-31357,Privacy Act of 1974; Implementation,2025-01-13,2025-02-12,3,Homeland Security Department,2,https://www.federalregister.gov/documents/2025/01/13/2024-31357/privacy-act-of-1974-implementation,67,30.0,3.0,2026-08-24T03:37:09Z
2024-31331,Automated Commercial Environment (ACE) Electronic Export Manifest for Rail Cargo,2025-01-13,2025-03-14,46,Homeland Security Department,2,https://www.federalregister.gov/documents/2025/01/13/2024-31331/automated-commercial-environment-ace-electronic-export-manifest-for-rail-cargo,100,60.0,23.0,2026-08-24T03:37:09Z
2024-30621,Federal Acquisition Regulation: Disclosure of Greenhouse Gas Emissions and Climate-Related Financial Risk,2025-01-13,,1,Defense Department,3,https://www.federalregister.gov/documents/2025/01/13/2024-30621/federal-acquisition-regulation-disclosure-of-greenhouse-gas-emissions-and-climate-related-financial,121,,,2026-08-24T03:37:09Z
2025-00124,Amendments to Definitions and Related Provisions Under the Randolph-Sheppard Vending Facility Program,2025-01-10,2025-03-11,24,Education Department,1,https://www.federalregister.gov/documents/2025/01/10/2025-00124/amendments-to-definitions-and-related-provisions-under-the-randolph-sheppard-vending-facility,63,60.0,12.0,2026-08-24T03:37:09Z
2024-31219,Federal Baseline Water Quality Standards for Indian Reservations; Withdrawal of Proposed Rule,2025-01-10,,1,Environmental Protection Agency,1,https://www.federalregister.gov/documents/2025/01/10/2024-31219/federal-baseline-water-quality-standards-for-indian-reservations-withdrawal-of-proposed-rule,129,,,2026-08-24T03:37:09Z
2024-31202,Injurious Wildlife Species; Listing Two Freshwater Mussel Genera and One Crayfish Species,2025-01-10,2025-03-11,15,Interior Department,2,https://www.federalregister.gov/documents/2025/01/10/2024-31202/injurious-wildlife-species-listing-two-freshwater-mussel-genera-and-one-crayfish-species,151,60.0,7.5,2026-08-24T03:37:09Z
2024-31011,Updated Means of Providing Recall Notification,2025-01-10,2025-03-11,14,Transportation Department,2,https://www.federalregister.gov/documents/2025/01/10/2024-31011/updated-means-of-providing-recall-notification,93,60.0,7.0,2026-08-24T03:37:09Z
2025-00202,Department of State Acquisition Regulation: Nondiscrimination in Foreign Assistance; Withdrawal of Two NPRMs,2025-01-08,,1,State Department,1,https://www.federalregister.gov/documents/2025/01/08/2025-00202/department-of-state-acquisition-regulation-nondiscrimination-in-foreign-assistance-withdrawal-of-two,36,,,2026-08-24T03:37:09Z
2025-00118,Office of Federal Procurement Policy; Federal Acquisition Regulation: Pay Equity and Transparency in Federal Contracting,2025-01-08,,2,Defense Department,4,https://www.federalregister.gov/documents/2025/01/08/2025-00118/office-of-federal-procurement-policy-federal-acquisition-regulation-pay-equity-and-transparency-in,46,,,2026-08-24T03:37:09Z
2024-31761,Endangered and Threatened Wildlife and Plants; Endangered Species Status for the Bleached Sandhill Skipper,2025-01-08,2025-03-10,13,Interior Department,2,https://www.federalregister.gov/documents/2025/01/08/2024-31761/endangered-and-threatened-wildlife-and-plants-endangered-species-status-for-the-bleached-sandhill,140,61.0,6.393442622950819,2026-08-24T03:37:09Z
2024-31754,Endangered and Threatened Wildlife and Plants; 90-Day Finding on Two Petitions for Gray Wolf,2025-01-08,,3,Interior Department,2,https://www.federalregister.gov/documents/2025/01/08/2024-31754/endangered-and-threatened-wildlife-and-plants-90-day-finding-on-two-petitions-for-gray-wolf,126,,,2026-08-24T03:37:09Z
2024-31328,"Drawbridge Operation Regulation; Gulf Intracoastal Waterway, Osprey, FL",2025-01-08,2025-02-07,3,Homeland Security Department,2,https://www.federalregister.gov/documents/2025/01/08/2024-31328/drawbridge-operation-regulation-gulf-intracoastal-waterway-osprey-fl,64,30.0,3.0,2026-08-24T03:37:09Z
2024-31077,"Hazardous Materials: Advancing Safety of Highway, Rail, and Vessel Transportation; Extension of Comment Period",2025-01-08,2025-04-28,2,Transportation Department,2,https://www.federalregister.gov/documents/2025/01/08/2024-31077/hazardous-materials-advancing-safety-of-highway-rail-and-vessel-transportation-extension-of-comment,88,110.0,0.5454545454545454,2026-08-24T03:37:09Z
2024-30970,Charter Service,2025-01-08,2025-03-10,14,Transportation Department,2,https://www.federalregister.gov/documents/2025/01/08/2024-30970/charter-service,56,61.0,6.885245901639345,2026-08-24T03:37:09Z
2024-30648,"Air Plan Approval; AK, Fairbanks North Star Borough; 2006 24-Hour PM2.5 Serious Area and 189(d) Plan",2025-01-08,2025-02-07,35,Environmental Protection Agency,1,https://www.federalregister.gov/documents/2025/01/08/2024-30648/air-plan-approval-ak-fairbanks-north-star-borough-2006-24-hour-pm25-serious-area-and-189d-plan,112,30.0,35.0,2026-08-24T03:37:09Z
2024-31694,"Modification of Class E Airspace; Battle Mountain Airport, Battle Mountain, NV",2025-01-07,2025-02-21,3,Transportation Department,2,https://www.federalregister.gov/documents/2025/01/07/2024-31694/modification-of-class-e-airspace-battle-mountain-airport-battle-mountain-nv,101,45.0,2.0,2026-08-24T03:37:09Z
2024-31693,"Establishment of Class E Airspace; Blanding Municipal Airport, Blanding, UT",2025-01-07,2025-02-21,2,Transportation Department,2,https://www.federalregister.gov/documents/2025/01/07/2024-31693/establishment-of-class-e-airspace-blanding-municipal-airport-blanding-ut,61,45.0,1.3333333333333335,2026-08-24T03:37:09Z
2024-31528,Establishing Sanitation Programs for Low-Moisture Ready-To-Eat Human Foods and Taking Corrective Actions Following a Pathogen Contamination Event; Draft Guidance for Industry; Availability,2025-01-07,2025-05-07,3,Health and Human Services Department,2,https://www.federalregister.gov/documents/2025/01/07/2024-31528/establishing-sanitation-programs-for-low-moisture-ready-to-eat-human-foods-and-taking-corrective,96,120.0,0.75,2026-08-24T03:37:09Z
2024-30380,Endangered and Threatened Wildlife and Plants; Removal of Ute Ladies'-Tresses From the List of Endangered and Threatened Plants,2025-01-07,2025-03-10,25,Interior Department,2,https://www.federalregister.gov/documents/2025/01/07/2024-30380/endangered-and-threatened-wildlife-and-plants-removal-of-ute-ladies-tresses-from-the-list-of,158,62.0,12.096774193548386,2026-08-24T03:37:09Z
2024-31624,"Airworthiness Directives; Bombardier, Inc., Airplanes",2025-01-06,2025-02-20,4,Transportation Department,2,https://www.federalregister.gov/documents/2025/01/06/2024-31624/airworthiness-directives-bombardier-inc-airplanes,103,45.0,2.666666666666667,2026-08-24T03:37:09Z
2024-31263,Provisions To Improve the Supplemental Nutrition Assistance Program's Quality Control System; Withdrawal,2025-01-06,,1,Agriculture Department,2,https://www.federalregister.gov/documents/2025/01/06/2024-31263/provisions-to-improve-the-supplemental-nutrition-assistance-programs-quality-control-system,76,,,2026-08-24T03:37:09Z
2024-31233,Section 30C Alternative Fuel Vehicle Refueling Property Credit; Hearing,2025-01-06,,2,Treasury Department,2,https://www.federalregister.gov/documents/2025/01/06/2024-31233/section-30c-alternative-fuel-vehicle-refueling-property-credit-hearing,50,,,2026-08-24T03:37:09Z
2024-31012,Victims of Crime Act Victim Compensation Grant Program; Withdrawal,2025-01-06,,1,Justice Department,2,https://www.federalregister.gov/documents/2025/01/06/2024-31012/victims-of-crime-act-victim-compensation-grant-program-withdrawal,73,,,2026-08-24T03:37:09Z
2024-30983,HIPAA Security Rule To Strengthen the Cybersecurity of Electronic Protected Health Information,2025-01-06,2025-03-07,125,Health and Human Services Department,2,https://www.federalregister.gov/documents/2025/01/06/2024-30983/hipaa-security-rule-to-strengthen-the-cybersecurity-of-electronic-protected-health-information,164,60.0,62.50000000000001,2026-08-24T03:37:09Z
2024-31617,"Air Quality Designations; KY; Redesignation of the Kentucky Portion of the Louisville, KY-IN 2015 8-Hour Ozone Nonattainment Area to Attainment",2025-01-03,2025-02-03,4,Environmental Protection Agency,1,https://www.federalregister.gov/documents/2025/01/03/2024-31617/air-quality-designations-ky-redesignation-of-the-kentucky-portion-of-the-louisville-ky-in-2015,171,31.0,3.870967741935484,2026-08-24T03:37:09Z
2024-31494,Exempting Whole Health Well-Being Services From Copayment,2025-01-03,2025-03-04,4,Veterans Affairs Department,1,https://www.federalregister.gov/documents/2025/01/03/2024-31494/exempting-whole-health-well-being-services-from-copayment,70,60.0,2.0,2026-08-24T03:37:09Z
2024-31096,"List of Approved Spent Fuel Storage Casks: NAC International, Inc. MAGNASTOR® Storage System, Certificate of Compliance No. 1031, Amendment No. 14 and Revisions to Amendment Nos. 0 Through 13",2025-01-03,2025-02-03,4,Nuclear Regulatory Commission,1,https://www.federalregister.gov/documents/2025/01/03/2024-31096/list-of-approved-spent-fuel-storage-casks-nac-international-inc-magnastor-storage-system-certificate,168,31.0,3.870967741935484,2026-08-24T03:37:09Z
2024-30717,Air Plan Approval; Ohio; Moderate Attainment Plan Elements for the Cleveland Area for the 2015 Ozone Standard,2025-01-03,2025-02-03,12,Environmental Protection Agency,1,https://www.federalregister.gov/documents/2025/01/03/2024-30717/air-plan-approval-ohio-moderate-attainment-plan-elements-for-the-cleveland-area-for-the-2015-ozone,117,31.0,11.612903225806452,2026-08-24T03:37:09Z
2024-30578,Supplemental Nutrition Assistance Program Quality Control Review Handbook Incorporation by Reference,2025-01-03,2025-03-04,3,Agriculture Department,2,https://www.federalregister.gov/documents/2025/01/03/2024-30578/supplemental-nutrition-assistance-program-quality-control-review-handbook-incorporation-by-reference,90,60.0,1.5,2026-08-24T03:37:09Z
2024-30504,Federal Acquisition Regulation: Strengthening America's Cybersecurity Workforce,2025-01-03,2025-03-04,4,Defense Department,3,https://www.federalregister.gov/documents/2025/01/03/2024-30504/federal-acquisition-regulation-strengthening-americas-cybersecurity-workforce,48,60.0,2.0,2026-08-24T03:37:09Z
2024-30209,Securing the Information and Communications Technology and Services Supply Chain: Unmanned Aircraft Systems,2025-01-03,2025-03-04,9,Commerce Department,2,https://www.federalregister.gov/documents/2025/01/03/2024-30209/securing-the-information-and-communications-technology-and-services-supply-chain-unmanned-aircraft,129,60.0,4.5,2026-08-24T03:37:09Z
2024-31462,Excise Tax on Designated Drugs,2025-01-02,,10,Treasury Department,2,https://www.federalregister.gov/documents/2025/01/02/2024-31462/excise-tax-on-designated-drugs,62,,,2026-08-24T03:37:09Z
2024-30871,Amending and Clarifying Foreign Agents Registration Act Regulations,2025-01-02,,20,Justice Department,1,https://www.federalregister.gov/documents/2025/01/02/2024-30871/amending-and-clarifying-foreign-agents-registration-act-regulations,42,,,2026-08-24T03:37:09Z
2024-30501,Access to Video Conferencing,2025-01-02,2025-03-03,11,Federal Communications Commission,1,https://www.federalregister.gov/documents/2025/01/02/2024-30501/access-to-video-conferencing,110,60.0,5.5,2026-08-24T03:37:09Z
