incident_zip,open_data_channel_type,requests,month,month_last_day
00083,ONLINE,1,1,31
07105,PHONE,1,1,31
07307,PHONE,1,1,31
10000,ONLINE,16,1,31
10000,PHONE,2,1,31
10000,UNKNOWN,23,1,31
10001,MOBILE,407,1,31
10001,ONLINE,499,1,31
10001,PHONE,276,1,31
10001,UNKNOWN,100,1,31
10002,MOBILE,448,1,31
10002,ONLINE,1107,1,31
10002,PHONE,366,1,31
10002,UNKNOWN,201,1,31
10003,MOBILE,290,1,31
10003,ONLINE,1136,1,31
10003,PHONE,367,1,31
10003,UNKNOWN,174,1,31
10004,MOBILE,23,1,31
10004,ONLINE,464,1,31
10004,PHONE,46,1,31
10004,UNKNOWN,34,1,31
10005,MOBILE,41,1,31
10005,ONLINE,145,1,31
10005,PHONE,32,1,31
10005,UNKNOWN,12,1,31
10006,MOBILE,38,1,31
10006,ONLINE,158,1,31
10006,PHONE,29,1,31
10006,UNKNOWN,22,1,31
10007,MOBILE,44,1,31
10007,ONLINE,232,1,31
10007,PHONE,48,1,31
10007,UNKNOWN,32,1,31
10009,MOBILE,275,1,31
10009,ONLINE,769,1,31
10009,PHONE,335,1,31
10009,UNKNOWN,101,1,31
10010,MOBILE,92,1,31
10010,ONLINE,338,1,31
10010,PHONE,134,1,31
10010,UNKNOWN,37,1,31
10011,MOBILE,388,1,31
10011,ONLINE,748,1,31
10011,PHONE,557,1,31
10011,UNKNOWN,153,1,31
10012,MOBILE,178,1,31
10012,ONLINE,794,1,31
10012,PHONE,211,1,31
10012,UNKNOWN,96,1,31
10013,MOBILE,232,1,31
10013,ONLINE,637,1,31
10013,PHONE,180,1,31
10013,UNKNOWN,123,1,31
10014,MOBILE,217,1,31
10014,ONLINE,549,1,31
10014,PHONE,184,1,31
10014,UNKNOWN,154,1,31
10016,MOBILE,216,1,31
10016,ONLINE,979,1,31
10016,PHONE,255,1,31
10016,UNKNOWN,129,1,31
10017,MOBILE,78,1,31
10017,ONLINE,440,1,31
10017,PHONE,143,1,31
10017,UNKNOWN,54,1,31
10018,MOBILE,107,1,31
10018,ONLINE,266,1,31
10018,PHONE,115,1,31
10018,UNKNOWN,53,1,31
10019,MOBILE,310,1,31
10019,ONLINE,853,1,31
10019,PHONE,332,1,31
10019,UNKNOWN,94,1,31
10020,MOBILE,12,1,31
10020,ONLINE,5,1,31
10020,PHONE,3,1,31
10020,UNKNOWN,3,1,31
10021,MOBILE,108,1,31
10021,ONLINE,409,1,31
10021,PHONE,181,1,31
10021,UNKNOWN,85,1,31
10022,MOBILE,100,1,31
10022,ONLINE,388,1,31
10022,PHONE,174,1,31
10022,UNKNOWN,100,1,31
10023,MOBILE,288,1,31
10023,ONLINE,1192,1,31
10023,PHONE,284,1,31
10023,UNKNOWN,97,1,31
10024,MOBILE,156,1,31
10024,ONLINE,783,1,31
10024,PHONE,366,1,31
10024,UNKNOWN,89,1,31
10025,MOBILE,372,1,31
10025,ONLINE,1383,1,31
10025,PHONE,666,1,31
10025,UNKNOWN,123,1,31
10026,MOBILE,425,1,31
10026,ONLINE,1197,1,31
10026,PHONE,748,1,31
10026,UNKNOWN,64,1,31
10027,MOBILE,719,1,31
10027,ONLINE,1392,1,31
10027,PHONE,942,1,31
10027,UNKNOWN,115,1,31
10028,MOBILE,87,1,31
10028,ONLINE,622,1,31
10028,PHONE,290,1,31
10028,UNKNOWN,115,1,31
10029,MOBILE,312,1,31
10029,ONLINE,1394,1,31
10029,PHONE,709,1,31
10029,UNKNOWN,106,1,31
10030,MOBILE,276,1,31
10030,ONLINE,1144,1,31
10030,PHONE,702,1,31
10030,UNKNOWN,62,1,31
10031,MOBILE,744,1,31
10031,ONLINE,1688,1,31
10031,PHONE,924,1,31
10031,UNKNOWN,139,1,31
10032,MOBILE,706,1,31
10032,ONLINE,1600,1,31
10032,PHONE,859,1,31
10032,UNKNOWN,94,1,31
10033,MOBILE,629,1,31
10033,ONLINE,1396,1,31
10033,PHONE,645,1,31
10033,UNKNOWN,75,1,31
10034,MOBILE,521,1,31
10034,ONLINE,959,1,31
10034,PHONE,572,1,31
10034,UNKNOWN,51,1,31
10035,MOBILE,338,1,31
10035,ONLINE,677,1,31
10035,PHONE,501,1,31
10035,UNKNOWN,86,1,31
10036,MOBILE,230,1,31
10036,ONLINE,834,1,31
10036,PHONE,291,1,31
10036,UNKNOWN,97,1,31
10037,MOBILE,125,1,31
10037,ONLINE,358,1,31
10037,PHONE,297,1,31
10037,UNKNOWN,29,1,31
10038,MOBILE,147,1,31
10038,ONLINE,267,1,31
10038,PHONE,90,1,31
10038,UNKNOWN,35,1,31
10039,MOBILE,328,1,31
10039,ONLINE,677,1,31
10039,PHONE,530,1,31
10039,UNKNOWN,81,1,31
10040,MOBILE,425,1,31
10040,ONLINE,1125,1,31
10040,PHONE,746,1,31
10040,UNKNOWN,55,1,31
10041,MOBILE,1,1,31
10041,UNKNOWN,2,1,31
10044,MOBILE,2,1,31
10044,ONLINE,30,1,31
10044,PHONE,21,1,31
10044,UNKNOWN,2,1,31
10048,ONLINE,3,1,31
10048,UNKNOWN,2,1,31
10055,MOBILE,2,1,31
10065,MOBILE,100,1,31
10065,ONLINE,439,1,31
10065,PHONE,178,1,31
10065,UNKNOWN,80,1,31
10069,MOBILE,26,1,31
10069,ONLINE,23,1,31
10069,PHONE,20,1,31
10069,UNKNOWN,9,1,31
10075,MOBILE,77,1,31
10075,ONLINE,301,1,31
10075,PHONE,123,1,31
10075,UNKNOWN,57,1,31
10080,ONLINE,1,1,31
10103,MOBILE,2,1,31
10105,MOBILE,1,1,31
10105,ONLINE,3,1,31
10105,UNKNOWN,1,1,31
10107,MOBILE,1,1,31
10107,ONLINE,1,1,31
10110,ONLINE,4,1,31
10111,PHONE,1,1,31
10111,UNKNOWN,3,1,31
10112,ONLINE,6,1,31
10112,UNKNOWN,1,1,31
10115,MOBILE,1,1,31
10115,PHONE,1,1,31
10118,MOBILE,3,1,31
10118,ONLINE,25,1,31
10118,PHONE,4,1,31
10119,MOBILE,1,1,31
10119,ONLINE,2,1,31
10119,PHONE,3,1,31
10119,UNKNOWN,1,1,31
10120,MOBILE,2,1,31
10121,MOBILE,3,1,31
10121,ONLINE,25,1,31
10121,PHONE,4,1,31
10121,UNKNOWN,8,1,31
10122,ONLINE,2,1,31
10122,PHONE,1,1,31
10123,MOBILE,3,1,31
10123,ONLINE,1,1,31
10123,PHONE,1,1,31
10128,MOBILE,181,1,31
10128,ONLINE,496,1,31
10128,PHONE,213,1,31
10128,UNKNOWN,67,1,31
10151,MOBILE,2,1,31
10151,ONLINE,1,1,31
10151,PHONE,1,1,31
10151,UNKNOWN,1,1,31
10153,MOBILE,9,1,31
10153,ONLINE,1,1,31
10153,PHONE,2,1,31
10154,ONLINE,3,1,31
10155,ONLINE,1,1,31
10158,ONLINE,1,1,31
10158,PHONE,2,1,31
10162,MOBILE,2,1,31
10162,ONLINE,3,1,31
10162,PHONE,1,1,31
10165,MOBILE,3,1,31
10165,ONLINE,3,1,31
10167,MOBILE,1,1,31
10167,ONLINE,1,1,31
10168,ONLINE,4,1,31
10168,PHONE,1,1,31
10168,UNKNOWN,5,1,31
10169,MOBILE,14,1,31
10169,ONLINE,1,1,31
10169,UNKNOWN,3,1,31
10170,MOBILE,1,1,31
10170,ONLINE,1,1,31
10171,ONLINE,3,1,31
10171,PHONE,1,1,31
10172,PHONE,1,1,31
10172,UNKNOWN,1,1,31
10173,ONLINE,4,1,31
10174,MOBILE,2,1,31
10174,ONLINE,4,1,31
10175,ONLINE,3,1,31
10176,MOBILE,1,1,31
10177,UNKNOWN,1,1,31
10178,ONLINE,3,1,31
10179,ONLINE,2,1,31
10278,MOBILE,3,1,31
10278,UNKNOWN,5,1,31
10280,MOBILE,5,1,31
10280,ONLINE,42,1,31
10280,PHONE,9,1,31
10280,UNKNOWN,6,1,31
10281,MOBILE,3,1,31
10281,ONLINE,6,1,31
10281,PHONE,2,1,31
10282,MOBILE,5,1,31
10282,ONLINE,10,1,31
10282,PHONE,9,1,31
10282,UNKNOWN,6,1,31
10301,MOBILE,115,1,31
10301,ONLINE,564,1,31
10301,PHONE,414,1,31
10301,UNKNOWN,112,1,31
10302,MOBILE,54,1,31
10302,ONLINE,236,1,31
10302,PHONE,203,1,31
10302,UNKNOWN,51,1,31
10303,MOBILE,35,1,31
10303,ONLINE,235,1,31
10303,PHONE,256,1,31
10303,UNKNOWN,50,1,31
10304,MOBILE,89,1,31
10304,ONLINE,420,1,31
10304,PHONE,407,1,31
10304,UNKNOWN,106,1,31
10305,MOBILE,158,1,31
10305,ONLINE,364,1,31
10305,PHONE,229,1,31
10305,UNKNOWN,79,1,31
10306,MOBILE,68,1,31
10306,ONLINE,473,1,31
10306,PHONE,296,1,31
10306,UNKNOWN,164,1,31
10307,MOBILE,20,1,31
10307,ONLINE,156,1,31
10307,PHONE,70,1,31
10307,UNKNOWN,39,1,31
10308,MOBILE,51,1,31
10308,ONLINE,226,1,31
10308,PHONE,192,1,31
10308,UNKNOWN,68,1,31
10309,MOBILE,98,1,31
10309,ONLINE,388,1,31
10309,PHONE,160,1,31
10309,UNKNOWN,107,1,31
10310,MOBILE,50,1,31
10310,ONLINE,268,1,31
10310,PHONE,190,1,31
10310,UNKNOWN,71,1,31
10312,MOBILE,135,1,31
10312,ONLINE,625,1,31
10312,PHONE,247,1,31
10312,UNKNOWN,167,1,31
10314,MOBILE,123,1,31
10314,ONLINE,735,1,31
10314,PHONE,451,1,31
10314,UNKNOWN,248,1,31
10400,ONLINE,1,1,31
10451,MOBILE,579,1,31
10451,ONLINE,1110,1,31
10451,PHONE,938,1,31
10451,UNKNOWN,135,1,31
10452,MOBILE,733,1,31
10452,ONLINE,1972,1,31
10452,PHONE,2113,1,31
10452,UNKNOWN,156,1,31
10453,MOBILE,942,1,31
10453,ONLINE,1992,1,31
10453,PHONE,1754,1,31
10453,UNKNOWN,176,1,31
10454,MOBILE,346,1,31
10454,ONLINE,797,1,31
10454,PHONE,665,1,31
10454,UNKNOWN,90,1,31
10455,MOBILE,535,1,31
10455,ONLINE,950,1,31
10455,PHONE,714,1,31
10455,UNKNOWN,87,1,31
10456,MOBILE,606,1,31
10456,ONLINE,2218,1,31
10456,PHONE,1638,1,31
10456,UNKNOWN,169,1,31
10457,MOBILE,688,1,31
10457,ONLINE,1647,1,31
10457,PHONE,1774,1,31
10457,UNKNOWN,153,1,31
10458,MOBILE,692,1,31
10458,ONLINE,2293,1,31
10458,PHONE,1870,1,31
10458,UNKNOWN,153,1,31
10459,MOBILE,421,1,31
10459,ONLINE,1186,1,31
10459,PHONE,1149,1,31
10459,UNKNOWN,124,1,31
10460,MOBILE,570,1,31
10460,ONLINE,1272,1,31
10460,PHONE,1086,1,31
10460,UNKNOWN,147,1,31
10461,MOBILE,418,1,31
10461,ONLINE,1024,1,31
10461,PHONE,727,1,31
10461,UNKNOWN,217,1,31
10462,MOBILE,529,1,31
10462,ONLINE,1514,1,31
10462,PHONE,1066,1,31
10462,UNKNOWN,182,1,31
10463,MOBILE,997,1,31
10463,ONLINE,1243,1,31
10463,PHONE,859,1,31
10463,UNKNOWN,107,1,31
10464,MOBILE,16,1,31
10464,ONLINE,61,1,31
10464,PHONE,39,1,31
10464,UNKNOWN,30,1,31
10465,MOBILE,219,1,31
10465,ONLINE,462,1,31
10465,PHONE,300,1,31
10465,UNKNOWN,151,1,31
10466,MOBILE,45755,1,31
10466,ONLINE,1539,1,31
10466,PHONE,1148,1,31
10466,UNKNOWN,162,1,31
10467,MOBILE,921,1,31
10467,ONLINE,2515,1,31
10467,PHONE,1989,1,31
10467,UNKNOWN,174,1,31
10468,MOBILE,1010,1,31
10468,ONLINE,2203,1,31
10468,PHONE,1332,1,31
10468,UNKNOWN,107,1,31
10469,MOBILE,1000,1,31
10469,ONLINE,597,1,31
10469,PHONE,738,1,31
10469,UNKNOWN,106,1,31
10470,MOBILE,408,1,31
10470,ONLINE,368,1,31
10470,PHONE,302,1,31
10470,UNKNOWN,43,1,31
10471,MOBILE,161,1,31
10471,ONLINE,390,1,31
10471,PHONE,253,1,31
10471,UNKNOWN,54,1,31
10472,MOBILE,335,1,31
10472,ONLINE,1002,1,31
10472,PHONE,1047,1,31
10472,UNKNOWN,101,1,31
10473,MOBILE,277,1,31
10473,ONLINE,533,1,31
10473,PHONE,539,1,31
10473,UNKNOWN,79,1,31
10474,MOBILE,116,1,31
10474,ONLINE,188,1,31
10474,PHONE,236,1,31
10474,UNKNOWN,43,1,31
10475,MOBILE,59,1,31
10475,ONLINE,158,1,31
10475,PHONE,166,1,31
10475,UNKNOWN,58,1,31
10573,PHONE,1,1,31
11001,MOBILE,5,1,31
11001,ONLINE,26,1,31
11001,PHONE,22,1,31
11001,UNKNOWN,6,1,31
11004,MOBILE,12,1,31
11004,ONLINE,51,1,31
11004,PHONE,34,1,31
11004,UNKNOWN,38,1,31
11005,ONLINE,2,1,31
11005,UNKNOWN,1,1,31
11040,MOBILE,6,1,31
11040,ONLINE,14,1,31
11040,PHONE,19,1,31
11040,UNKNOWN,1,1,31
11101,MOBILE,726,1,31
11101,ONLINE,1472,1,31
11101,PHONE,472,1,31
11101,UNKNOWN,264,1,31
11102,MOBILE,269,1,31
11102,ONLINE,538,1,31
11102,PHONE,315,1,31
11102,UNKNOWN,115,1,31
11103,MOBILE,421,1,31
11103,ONLINE,635,1,31
11103,PHONE,266,1,31
11103,UNKNOWN,98,1,31
11104,MOBILE,174,1,31
11104,ONLINE,436,1,31
11104,PHONE,199,1,31
11104,UNKNOWN,39,1,31
11105,MOBILE,260,1,31
11105,ONLINE,448,1,31
11105,PHONE,224,1,31
11105,UNKNOWN,103,1,31
11106,MOBILE,484,1,31
11106,ONLINE,535,1,31
11106,PHONE,287,1,31
11106,UNKNOWN,92,1,31
11109,MOBILE,9,1,31
11109,ONLINE,28,1,31
11109,PHONE,13,1,31
11109,UNKNOWN,4,1,31
11201,MOBILE,560,1,31
11201,ONLINE,1766,1,31
11201,PHONE,366,1,31
11201,UNKNOWN,158,1,31
11203,MOBILE,296,1,31
11203,ONLINE,947,1,31
11203,PHONE,1052,1,31
11203,UNKNOWN,192,1,31
11204,MOBILE,649,1,31
11204,ONLINE,662,1,31
11204,PHONE,502,1,31
11204,UNKNOWN,201,1,31
11205,MOBILE,397,1,31
11205,ONLINE,942,1,31
11205,PHONE,804,1,31
11205,UNKNOWN,91,1,31
11206,MOBILE,497,1,31
11206,ONLINE,934,1,31
11206,PHONE,467,1,31
11206,UNKNOWN,187,1,31
11207,MOBILE,651,1,31
11207,ONLINE,1473,1,31
11207,PHONE,1348,1,31
11207,UNKNOWN,371,1,31
11208,MOBILE,559,1,31
11208,ONLINE,1129,1,31
11208,PHONE,1026,1,31
11208,UNKNOWN,209,1,31
11209,MOBILE,737,1,31
11209,ONLINE,956,1,31
11209,PHONE,589,1,31
11209,UNKNOWN,181,1,31
11210,MOBILE,325,1,31
11210,ONLINE,831,1,31
11210,PHONE,915,1,31
11210,UNKNOWN,139,1,31
11211,MOBILE,438,1,31
11211,ONLINE,1085,1,31
11211,PHONE,458,1,31
11211,UNKNOWN,385,1,31
11212,MOBILE,275,1,31
11212,ONLINE,1255,1,31
11212,PHONE,1299,1,31
11212,UNKNOWN,160,1,31
11213,MOBILE,466,1,31
11213,ONLINE,1463,1,31
11213,PHONE,1160,1,31
11213,UNKNOWN,176,1,31
11214,MOBILE,744,1,31
11214,ONLINE,1086,1,31
11214,PHONE,635,1,31
11214,UNKNOWN,168,1,31
11215,MOBILE,611,1,31
11215,ONLINE,1204,1,31
11215,PHONE,494,1,31
11215,UNKNOWN,206,1,31
11216,MOBILE,321,1,31
11216,ONLINE,1426,1,31
11216,PHONE,830,1,31
11216,UNKNOWN,132,1,31
11217,MOBILE,938,1,31
11217,ONLINE,873,1,31
11217,PHONE,274,1,31
11217,UNKNOWN,118,1,31
11218,MOBILE,499,1,31
11218,ONLINE,995,1,31
11218,PHONE,713,1,31
11218,UNKNOWN,170,1,31
11219,MOBILE,305,1,31
11219,ONLINE,523,1,31
11219,PHONE,542,1,31
11219,UNKNOWN,202,1,31
11220,MOBILE,547,1,31
11220,ONLINE,1025,1,31
11220,PHONE,751,1,31
11220,UNKNOWN,287,1,31
11221,MOBILE,438,1,31
11221,ONLINE,1186,1,31
11221,PHONE,1072,1,31
11221,UNKNOWN,180,1,31
11222,MOBILE,467,1,31
11222,ONLINE,1524,1,31
11222,PHONE,434,1,31
11222,UNKNOWN,180,1,31
11223,MOBILE,419,1,31
11223,ONLINE,1093,1,31
11223,PHONE,716,1,31
11223,UNKNOWN,158,1,31
11224,MOBILE,252,1,31
11224,ONLINE,343,1,31
11224,PHONE,310,1,31
11224,UNKNOWN,94,1,31
11225,MOBILE,491,1,31
11225,ONLINE,1395,1,31
11225,PHONE,1002,1,31
11225,UNKNOWN,124,1,31
11226,MOBILE,788,1,31
11226,ONLINE,2380,1,31
11226,PHONE,1901,1,31
11226,UNKNOWN,182,1,31
11228,MOBILE,333,1,31
11228,ONLINE,427,1,31
11228,PHONE,282,1,31
11228,UNKNOWN,113,1,31
11229,MOBILE,600,1,31
11229,ONLINE,948,1,31
11229,PHONE,775,1,31
11229,UNKNOWN,208,1,31
11230,MOBILE,639,1,31
11230,ONLINE,1245,1,31
11230,PHONE,947,1,31
11230,UNKNOWN,175,1,31
11231,MOBILE,358,1,31
11231,ONLINE,1223,1,31
11231,PHONE,258,1,31
11231,UNKNOWN,202,1,31
11232,MOBILE,338,1,31
11232,ONLINE,592,1,31
11232,PHONE,235,1,31
11232,UNKNOWN,113,1,31
11233,MOBILE,314,1,31
11233,ONLINE,930,1,31
11233,PHONE,961,1,31
11233,UNKNOWN,144,1,31
11234,MOBILE,440,1,31
11234,ONLINE,772,1,31
11234,PHONE,774,1,31
11234,UNKNOWN,224,1,31
11235,MOBILE,669,1,31
11235,ONLINE,987,1,31
11235,PHONE,853,1,31
11235,UNKNOWN,162,1,31
11236,MOBILE,341,1,31
11236,ONLINE,706,1,31
11236,PHONE,844,1,31
11236,UNKNOWN,234,1,31
11237,MOBILE,471,1,31
11237,ONLINE,887,1,31
11237,PHONE,515,1,31
11237,UNKNOWN,126,1,31
11238,MOBILE,722,1,31
11238,ONLINE,1196,1,31
11238,PHONE,684,1,31
11238,UNKNOWN,125,1,31
11239,MOBILE,70,1,31
11239,ONLINE,1534,1,31
11239,PHONE,224,1,31
11239,UNKNOWN,43,1,31
11241,ONLINE,2,1,31
11249,MOBILE,200,1,31
11249,ONLINE,514,1,31
11249,PHONE,187,1,31
11249,UNKNOWN,182,1,31
11354,MOBILE,315,1,31
11354,ONLINE,516,1,31
11354,PHONE,355,1,31
11354,UNKNOWN,169,1,31
11355,MOBILE,283,1,31
11355,ONLINE,817,1,31
11355,PHONE,551,1,31
11355,UNKNOWN,148,1,31
11356,MOBILE,107,1,31
11356,ONLINE,307,1,31
11356,PHONE,247,1,31
11356,UNKNOWN,43,1,31
11357,MOBILE,162,1,31
11357,ONLINE,315,1,31
11357,PHONE,215,1,31
11357,UNKNOWN,69,1,31
11358,MOBILE,220,1,31
11358,ONLINE,405,1,31
11358,PHONE,295,1,31
11358,UNKNOWN,104,1,31
11359,MOBILE,1,1,31
11359,ONLINE,5,1,31
11359,PHONE,1,1,31
11360,MOBILE,84,1,31
11360,ONLINE,145,1,31
11360,PHONE,153,1,31
11360,UNKNOWN,33,1,31
11361,MOBILE,121,1,31
11361,ONLINE,311,1,31
11361,PHONE,147,1,31
11361,UNKNOWN,74,1,31
11362,MOBILE,40,1,31
11362,ONLINE,95,1,31
11362,PHONE,66,1,31
11362,UNKNOWN,46,1,31
11363,MOBILE,45,1,31
11363,ONLINE,85,1,31
11363,PHONE,59,1,31
11363,UNKNOWN,14,1,31
11364,MOBILE,98,1,31
11364,ONLINE,232,1,31
11364,PHONE,182,1,31
11364,UNKNOWN,53,1,31
11365,MOBILE,265,1,31
11365,ONLINE,573,1,31
11365,PHONE,225,1,31
11365,UNKNOWN,85,1,31
11366,MOBILE,68,1,31
11366,ONLINE,1886,1,31
11366,PHONE,100,1,31
11366,UNKNOWN,51,1,31
11367,MOBILE,144,1,31
11367,ONLINE,430,1,31
11367,PHONE,403,1,31
11367,UNKNOWN,141,1,31
11368,MOBILE,546,1,31
11368,ONLINE,957,1,31
11368,PHONE,776,1,31
11368,UNKNOWN,213,1,31
11369,MOBILE,127,1,31
11369,ONLINE,409,1,31
11369,PHONE,381,1,31
11369,UNKNOWN,59,1,31
11370,MOBILE,200,1,31
11370,ONLINE,225,1,31
11370,PHONE,159,1,31
11370,UNKNOWN,72,1,31
11371,ONLINE,1,1,31
11372,MOBILE,351,1,31
11372,ONLINE,1235,1,31
11372,PHONE,511,1,31
11372,UNKNOWN,185,1,31
11373,MOBILE,378,1,31
11373,ONLINE,1058,1,31
11373,PHONE,714,1,31
11373,UNKNOWN,164,1,31
11374,MOBILE,161,1,31
11374,ONLINE,880,1,31
11374,PHONE,359,1,31
11374,UNKNOWN,85,1,31
11375,MOBILE,268,1,31
11375,ONLINE,1048,1,31
11375,PHONE,482,1,31
11375,UNKNOWN,123,1,31
11377,MOBILE,684,1,31
11377,ONLINE,1200,1,31
11377,PHONE,926,1,31
11377,UNKNOWN,179,1,31
11378,MOBILE,486,1,31
11378,ONLINE,752,1,31
11378,PHONE,508,1,31
11378,UNKNOWN,152,1,31
11379,MOBILE,366,1,31
11379,ONLINE,447,1,31
11379,PHONE,298,1,31
11379,UNKNOWN,76,1,31
11385,MOBILE,981,1,31
11385,ONLINE,1479,1,31
11385,PHONE,996,1,31
11385,UNKNOWN,237,1,31
11411,MOBILE,59,1,31
11411,ONLINE,80,1,31
11411,PHONE,156,1,31
11411,UNKNOWN,43,1,31
11412,MOBILE,61,1,31
11412,ONLINE,262,1,31
11412,PHONE,376,1,31
11412,UNKNOWN,78,1,31
11413,MOBILE,102,1,31
11413,ONLINE,249,1,31
11413,PHONE,412,1,31
11413,UNKNOWN,127,1,31
11414,MOBILE,191,1,31
11414,ONLINE,829,1,31
11414,PHONE,120,1,31
11414,UNKNOWN,41,1,31
11415,MOBILE,130,1,31
11415,ONLINE,279,1,31
11415,PHONE,177,1,31
11415,UNKNOWN,23,1,31
11416,MOBILE,126,1,31
11416,ONLINE,341,1,31
11416,PHONE,263,1,31
11416,UNKNOWN,73,1,31
11417,MOBILE,176,1,31
11417,ONLINE,359,1,31
11417,PHONE,294,1,31
11417,UNKNOWN,96,1,31
11418,MOBILE,262,1,31
11418,ONLINE,317,1,31
11418,PHONE,348,1,31
11418,UNKNOWN,75,1,31
11419,MOBILE,318,1,31
11419,ONLINE,488,1,31
11419,PHONE,451,1,31
11419,UNKNOWN,155,1,31
11420,MOBILE,296,1,31
11420,ONLINE,651,1,31
11420,PHONE,511,1,31
11420,UNKNOWN,193,1,31
11421,MOBILE,227,1,31
11421,ONLINE,1024,1,31
11421,PHONE,382,1,31
11421,UNKNOWN,74,1,31
11422,MOBILE,53,1,31
11422,ONLINE,205,1,31
11422,PHONE,268,1,31
11422,UNKNOWN,91,1,31
11423,MOBILE,66,1,31
11423,ONLINE,263,1,31
11423,PHONE,275,1,31
11423,UNKNOWN,75,1,31
11426,MOBILE,36,1,31
11426,ONLINE,132,1,31
11426,PHONE,91,1,31
11426,UNKNOWN,43,1,31
11427,MOBILE,62,1,31
11427,ONLINE,204,1,31
11427,PHONE,182,1,31
11427,UNKNOWN,51,1,31
11428,MOBILE,49,1,31
11428,ONLINE,225,1,31
11428,PHONE,229,1,31
11428,UNKNOWN,87,1,31
11429,MOBILE,38,1,31
11429,ONLINE,168,1,31
11429,PHONE,234,1,31
11429,UNKNOWN,119,1,31
11430,MOBILE,17,1,31
11430,ONLINE,119,1,31
11430,PHONE,114,1,31
11430,UNKNOWN,22,1,31
11432,MOBILE,185,1,31
11432,ONLINE,1237,1,31
11432,PHONE,647,1,31
11432,UNKNOWN,156,1,31
11433,MOBILE,88,1,31
11433,ONLINE,300,1,31
11433,PHONE,430,1,31
11433,UNKNOWN,120,1,31
11434,MOBILE,156,1,31
11434,ONLINE,343,1,31
11434,PHONE,569,1,31
11434,UNKNOWN,151,1,31
11435,MOBILE,259,1,31
11435,ONLINE,1200,1,31
11435,PHONE,616,1,31
11435,UNKNOWN,131,1,31
11436,MOBILE,96,1,31
11436,ONLINE,200,1,31
11436,PHONE,269,1,31
11436,UNKNOWN,59,1,31
11501,ONLINE,1,1,31
11552,PHONE,1,1,31
11691,MOBILE,165,1,31
11691,ONLINE,728,1,31
11691,PHONE,651,1,31
11691,UNKNOWN,103,1,31
11692,MOBILE,32,1,31
11692,ONLINE,178,1,31
11692,PHONE,141,1,31
11692,UNKNOWN,35,1,31
11693,MOBILE,55,1,31
11693,ONLINE,106,1,31
11693,PHONE,64,1,31
11693,UNKNOWN,20,1,31
11694,MOBILE,88,1,31
11694,ONLINE,189,1,31
11694,PHONE,168,1,31
11694,UNKNOWN,67,1,31
11697,ONLINE,1,1,31
11697,PHONE,1,1,31
11767,ONLINE,1,1,31
12345,MOBILE,2,1,31
14614,ONLINE,1,1,31
35244,ONLINE,1,1,31
36602,ONLINE,1,1,31
07081,ONLINE,1,2,28
10000,ONLINE,11,2,28
10000,PHONE,2,2,28
10000,UNKNOWN,37,2,28
10001,MOBILE,288,2,28
10001,ONLINE,460,2,28
10001,PHONE,223,2,28
10001,UNKNOWN,78,2,28
10002,MOBILE,461,2,28
10002,ONLINE,793,2,28
10002,PHONE,323,2,28
10002,UNKNOWN,294,2,28
10003,MOBILE,280,2,28
10003,ONLINE,899,2,28
10003,PHONE,332,2,28
10003,UNKNOWN,148,2,28
10004,MOBILE,43,2,28
10004,ONLINE,369,2,28
10004,PHONE,28,2,28
10004,UNKNOWN,30,2,28
10005,MOBILE,30,2,28
10005,ONLINE,132,2,28
10005,PHONE,22,2,28
10005,UNKNOWN,25,2,28
10006,MOBILE,20,2,28
10006,ONLINE,106,2,28
10006,PHONE,22,2,28
10006,UNKNOWN,11,2,28
10007,MOBILE,50,2,28
10007,ONLINE,193,2,28
10007,PHONE,42,2,28
10007,UNKNOWN,22,2,28
10009,MOBILE,221,2,28
10009,ONLINE,687,2,28
10009,PHONE,256,2,28
10009,UNKNOWN,119,2,28
10010,MOBILE,133,2,28
10010,ONLINE,327,2,28
10010,PHONE,128,2,28
10010,UNKNOWN,58,2,28
10011,MOBILE,440,2,28
10011,ONLINE,688,2,28
10011,PHONE,433,2,28
10011,UNKNOWN,142,2,28
10012,MOBILE,204,2,28
10012,ONLINE,676,2,28
10012,PHONE,165,2,28
10012,UNKNOWN,91,2,28
10013,MOBILE,188,2,28
10013,ONLINE,457,2,28
10013,PHONE,142,2,28
10013,UNKNOWN,104,2,28
10014,MOBILE,187,2,28
10014,ONLINE,523,2,28
10014,PHONE,195,2,28
10014,UNKNOWN,81,2,28
10016,MOBILE,279,2,28
10016,ONLINE,1016,2,28
10016,PHONE,231,2,28
10016,UNKNOWN,103,2,28
10017,MOBILE,72,2,28
10017,ONLINE,375,2,28
10017,PHONE,155,2,28
10017,UNKNOWN,56,2,28
10018,MOBILE,95,2,28
10018,ONLINE,291,2,28
10018,PHONE,75,2,28
10018,UNKNOWN,60,2,28
10019,MOBILE,294,2,28
10019,ONLINE,623,2,28
10019,PHONE,230,2,28
10019,UNKNOWN,87,2,28
10020,MOBILE,3,2,28
10020,ONLINE,6,2,28
10020,PHONE,1,2,28
10020,UNKNOWN,3,2,28
10021,MOBILE,94,2,28
10021,ONLINE,345,2,28
10021,PHONE,153,2,28
10021,UNKNOWN,77,2,28
10022,MOBILE,115,2,28
10022,ONLINE,343,2,28
10022,PHONE,165,2,28
10022,UNKNOWN,67,2,28
10023,MOBILE,196,2,28
10023,ONLINE,1054,2,28
10023,PHONE,291,2,28
10023,UNKNOWN,86,2,28
10024,MOBILE,147,2,28
10024,ONLINE,658,2,28
10024,PHONE,305,2,28
10024,UNKNOWN,91,2,28
10025,MOBILE,296,2,28
10025,ONLINE,890,2,28
10025,PHONE,499,2,28
10025,UNKNOWN,146,2,28
10026,MOBILE,476,2,28
10026,ONLINE,859,2,28
10026,PHONE,479,2,28
10026,UNKNOWN,64,2,28
10027,MOBILE,410,2,28
10027,ONLINE,1015,2,28
10027,PHONE,575,2,28
10027,UNKNOWN,177,2,28
10028,MOBILE,102,2,28
10028,ONLINE,492,2,28
10028,PHONE,218,2,28
10028,UNKNOWN,95,2,28
10029,MOBILE,218,2,28
10029,ONLINE,925,2,28
10029,PHONE,528,2,28
10029,UNKNOWN,95,2,28
10030,MOBILE,269,2,28
10030,ONLINE,780,2,28
10030,PHONE,392,2,28
10030,UNKNOWN,57,2,28
10031,MOBILE,526,2,28
10031,ONLINE,1249,2,28
10031,PHONE,688,2,28
10031,UNKNOWN,101,2,28
10032,MOBILE,669,2,28
10032,ONLINE,1373,2,28
10032,PHONE,776,2,28
10032,UNKNOWN,100,2,28
10033,MOBILE,479,2,28
10033,ONLINE,1177,2,28
10033,PHONE,456,2,28
10033,UNKNOWN,85,2,28
10034,MOBILE,509,2,28
10034,ONLINE,982,2,28
10034,PHONE,601,2,28
10034,UNKNOWN,93,2,28
10035,MOBILE,328,2,28
10035,ONLINE,573,2,28
10035,PHONE,331,2,28
10035,UNKNOWN,88,2,28
10036,MOBILE,188,2,28
10036,ONLINE,735,2,28
10036,PHONE,223,2,28
10036,UNKNOWN,78,2,28
10037,MOBILE,160,2,28
10037,ONLINE,266,2,28
10037,PHONE,306,2,28
10037,UNKNOWN,40,2,28
10038,MOBILE,118,2,28
10038,ONLINE,229,2,28
10038,PHONE,80,2,28
10038,UNKNOWN,38,2,28
10039,MOBILE,231,2,28
10039,ONLINE,528,2,28
10039,PHONE,464,2,28
10039,UNKNOWN,57,2,28
10040,MOBILE,306,2,28
10040,ONLINE,1040,2,28
10040,PHONE,577,2,28
10040,UNKNOWN,66,2,28
10041,MOBILE,2,2,28
10041,PHONE,2,2,28
10044,MOBILE,6,2,28
10044,ONLINE,25,2,28
10044,PHONE,5,2,28
10045,MOBILE,2,2,28
10045,ONLINE,2,2,28
10048,PHONE,2,2,28
10065,MOBILE,79,2,28
10065,ONLINE,347,2,28
10065,PHONE,166,2,28
10065,UNKNOWN,52,2,28
10069,MOBILE,29,2,28
10069,ONLINE,8,2,28
10069,PHONE,8,2,28
10069,UNKNOWN,26,2,28
10075,MOBILE,98,2,28
10075,ONLINE,205,2,28
10075,PHONE,72,2,28
10075,UNKNOWN,57,2,28
10103,MOBILE,1,2,28
10105,MOBILE,1,2,28
10105,ONLINE,4,2,28
10105,PHONE,1,2,28
10107,MOBILE,1,2,28
10107,ONLINE,6,2,28
10107,UNKNOWN,1,2,28
10112,ONLINE,1,2,28
10118,MOBILE,2,2,28
10118,ONLINE,3,2,28
10118,PHONE,2,2,28
10119,MOBILE,1,2,28
10119,ONLINE,3,2,28
10119,PHONE,2,2,28
10121,MOBILE,5,2,28
10121,ONLINE,31,2,28
10121,PHONE,9,2,28
10121,UNKNOWN,3,2,28
10123,ONLINE,1,2,28
10128,MOBILE,100,2,28
10128,ONLINE,345,2,28
10128,PHONE,200,2,28
10128,UNKNOWN,85,2,28
10152,UNKNOWN,1,2,28
10153,MOBILE,11,2,28
10154,ONLINE,1,2,28
10155,ONLINE,1,2,28
10162,PHONE,1,2,28
10165,MOBILE,2,2,28
10165,ONLINE,1,2,28
10165,PHONE,1,2,28
10165,UNKNOWN,3,2,28
10168,ONLINE,6,2,28
10168,PHONE,1,2,28
10168,UNKNOWN,7,2,28
10169,MOBILE,33,2,28
10169,ONLINE,2,2,28
10169,PHONE,3,2,28
10169,UNKNOWN,4,2,28
10170,MOBILE,1,2,28
10170,ONLINE,1,2,28
10171,ONLINE,1,2,28
10172,ONLINE,2,2,28
10172,PHONE,1,2,28
10174,ONLINE,3,2,28
10174,UNKNOWN,1,2,28
10176,UNKNOWN,1,2,28
10177,ONLINE,1,2,28
10178,ONLINE,2,2,28
10178,PHONE,1,2,28
10179,ONLINE,2,2,28
10179,UNKNOWN,1,2,28
10271,ONLINE,2,2,28
10278,MOBILE,2,2,28
10278,PHONE,1,2,28
10278,UNKNOWN,4,2,28
10279,PHONE,3,2,28
10280,MOBILE,9,2,28
10280,ONLINE,50,2,28
10280,PHONE,4,2,28
10280,UNKNOWN,1,2,28
10281,ONLINE,2,2,28
10281,PHONE,1,2,28
10282,MOBILE,11,2,28
10282,ONLINE,13,2,28
10282,PHONE,8,2,28
10282,UNKNOWN,7,2,28
10301,MOBILE,119,2,28
10301,ONLINE,483,2,28
10301,PHONE,350,2,28
10301,UNKNOWN,138,2,28
10302,MOBILE,48,2,28
10302,ONLINE,131,2,28
10302,PHONE,178,2,28
10302,UNKNOWN,68,2,28
10303,MOBILE,52,2,28
10303,ONLINE,221,2,28
10303,PHONE,177,2,28
10303,UNKNOWN,52,2,28
10304,MOBILE,52,2,28
10304,ONLINE,408,2,28
10304,PHONE,346,2,28
10304,UNKNOWN,146,2,28
10305,MOBILE,121,2,28
10305,ONLINE,325,2,28
10305,PHONE,272,2,28
10305,UNKNOWN,84,2,28
10306,MOBILE,85,2,28
10306,ONLINE,483,2,28
10306,PHONE,281,2,28
10306,UNKNOWN,153,2,28
10307,MOBILE,13,2,28
10307,ONLINE,111,2,28
10307,PHONE,74,2,28
10307,UNKNOWN,49,2,28
10308,MOBILE,42,2,28
10308,ONLINE,192,2,28
10308,PHONE,151,2,28
10308,UNKNOWN,80,2,28
10309,MOBILE,63,2,28
10309,ONLINE,317,2,28
10309,PHONE,105,2,28
10309,UNKNOWN,110,2,28
10310,MOBILE,40,2,28
10310,ONLINE,236,2,28
10310,PHONE,171,2,28
10310,UNKNOWN,59,2,28
10312,MOBILE,108,2,28
10312,ONLINE,580,2,28
10312,PHONE,249,2,28
10312,UNKNOWN,185,2,28
10314,MOBILE,125,2,28
10314,ONLINE,578,2,28
10314,PHONE,420,2,28
10314,UNKNOWN,252,2,28
10451,MOBILE,381,2,28
10451,ONLINE,691,2,28
10451,PHONE,648,2,28
10451,UNKNOWN,203,2,28
10452,MOBILE,488,2,28
10452,ONLINE,1456,2,28
10452,PHONE,1559,2,28
10452,UNKNOWN,196,2,28
10453,MOBILE,468,2,28
10453,ONLINE,1308,2,28
10453,PHONE,1222,2,28
10453,UNKNOWN,174,2,28
10454,MOBILE,266,2,28
10454,ONLINE,567,2,28
10454,PHONE,430,2,28
10454,UNKNOWN,54,2,28
10455,MOBILE,661,2,28
10455,ONLINE,673,2,28
10455,PHONE,532,2,28
10455,UNKNOWN,70,2,28
10456,MOBILE,362,2,28
10456,ONLINE,1307,2,28
10456,PHONE,1309,2,28
10456,UNKNOWN,163,2,28
10457,MOBILE,620,2,28
10457,ONLINE,1290,2,28
10457,PHONE,1415,2,28
10457,UNKNOWN,176,2,28
10458,MOBILE,640,2,28
10458,ONLINE,1511,2,28
10458,PHONE,1273,2,28
10458,UNKNOWN,138,2,28
10459,MOBILE,215,2,28
10459,ONLINE,845,2,28
10459,PHONE,766,2,28
10459,UNKNOWN,117,2,28
10460,MOBILE,452,2,28
10460,ONLINE,905,2,28
10460,PHONE,804,2,28
10460,UNKNOWN,104,2,28
10461,MOBILE,347,2,28
10461,ONLINE,849,2,28
10461,PHONE,553,2,28
10461,UNKNOWN,181,2,28
10462,MOBILE,428,2,28
10462,ONLINE,1108,2,28
10462,PHONE,859,2,28
10462,UNKNOWN,133,2,28
10463,MOBILE,1028,2,28
10463,ONLINE,1004,2,28
10463,PHONE,800,2,28
10463,UNKNOWN,108,2,28
10464,MOBILE,14,2,28
10464,ONLINE,56,2,28
10464,PHONE,29,2,28
10464,UNKNOWN,85,2,28
10465,MOBILE,194,2,28
10465,ONLINE,394,2,28
10465,PHONE,246,2,28
10465,UNKNOWN,176,2,28
10466,MOBILE,4820,2,28
10466,ONLINE,1018,2,28
10466,PHONE,971,2,28
10466,UNKNOWN,112,2,28
10467,MOBILE,710,2,28
10467,ONLINE,1963,2,28
10467,PHONE,1350,2,28
10467,UNKNOWN,204,2,28
10468,MOBILE,732,2,28
10468,ONLINE,1636,2,28
10468,PHONE,997,2,28
10468,UNKNOWN,156,2,28
10469,MOBILE,1069,2,28
10469,ONLINE,581,2,28
10469,PHONE,619,2,28
10469,UNKNOWN,78,2,28
10470,MOBILE,405,2,28
10470,ONLINE,296,2,28
10470,PHONE,244,2,28
10470,UNKNOWN,39,2,28
10471,MOBILE,165,2,28
10471,ONLINE,317,2,28
10471,PHONE,189,2,28
10471,UNKNOWN,82,2,28
10472,MOBILE,665,2,28
10472,ONLINE,759,2,28
10472,PHONE,624,2,28
10472,UNKNOWN,96,2,28
10473,MOBILE,210,2,28
10473,ONLINE,380,2,28
10473,PHONE,466,2,28
10473,UNKNOWN,70,2,28
10474,MOBILE,89,2,28
10474,ONLINE,212,2,28
10474,PHONE,224,2,28
10474,UNKNOWN,34,2,28
10475,MOBILE,40,2,28
10475,ONLINE,110,2,28
10475,PHONE,133,2,28
10475,UNKNOWN,61,2,28
10803,ONLINE,1,2,28
10921,ONLINE,1,2,28
11001,MOBILE,7,2,28
11001,ONLINE,20,2,28
11001,PHONE,14,2,28
11001,UNKNOWN,3,2,28
11003,PHONE,1,2,28
11004,MOBILE,7,2,28
11004,ONLINE,79,2,28
11004,PHONE,51,2,28
11004,UNKNOWN,23,2,28
11005,ONLINE,5,2,28
11005,PHONE,1,2,28
11040,MOBILE,6,2,28
11040,ONLINE,14,2,28
11040,PHONE,9,2,28
11040,UNKNOWN,4,2,28
11096,PHONE,1,2,28
11101,MOBILE,694,2,28
11101,ONLINE,1245,2,28
11101,PHONE,391,2,28
11101,UNKNOWN,293,2,28
11102,MOBILE,245,2,28
11102,ONLINE,402,2,28
11102,PHONE,226,2,28
11102,UNKNOWN,145,2,28
11103,MOBILE,390,2,28
11103,ONLINE,496,2,28
11103,PHONE,288,2,28
11103,UNKNOWN,73,2,28
11104,MOBILE,149,2,28
11104,ONLINE,439,2,28
11104,PHONE,206,2,28
11104,UNKNOWN,51,2,28
11105,MOBILE,195,2,28
11105,ONLINE,387,2,28
11105,PHONE,213,2,28
11105,UNKNOWN,88,2,28
11106,MOBILE,417,2,28
11106,ONLINE,511,2,28
11106,PHONE,274,2,28
11106,UNKNOWN,135,2,28
11109,MOBILE,20,2,28
11109,ONLINE,10,2,28
11109,PHONE,8,2,28
11109,UNKNOWN,6,2,28
11201,MOBILE,681,2,28
11201,ONLINE,1536,2,28
11201,PHONE,273,2,28
11201,UNKNOWN,197,2,28
11203,MOBILE,305,2,28
11203,ONLINE,658,2,28
11203,PHONE,754,2,28
11203,UNKNOWN,148,2,28
11204,MOBILE,636,2,28
11204,ONLINE,614,2,28
11204,PHONE,454,2,28
11204,UNKNOWN,133,2,28
11205,MOBILE,386,2,28
11205,ONLINE,671,2,28
11205,PHONE,633,2,28
11205,UNKNOWN,150,2,28
11206,MOBILE,411,2,28
11206,ONLINE,761,2,28
11206,PHONE,475,2,28
11206,UNKNOWN,154,2,28
11207,MOBILE,387,2,28
11207,ONLINE,1083,2,28
11207,PHONE,1122,2,28
11207,UNKNOWN,302,2,28
11208,MOBILE,453,2,28
11208,ONLINE,1087,2,28
11208,PHONE,941,2,28
11208,UNKNOWN,210,2,28
11209,MOBILE,898,2,28
11209,ONLINE,933,2,28
11209,PHONE,469,2,28
11209,UNKNOWN,169,2,28
11210,MOBILE,242,2,28
11210,ONLINE,584,2,28
11210,PHONE,698,2,28
11210,UNKNOWN,148,2,28
11211,MOBILE,379,2,28
11211,ONLINE,1070,2,28
11211,PHONE,386,2,28
11211,UNKNOWN,324,2,28
11212,MOBILE,234,2,28
11212,ONLINE,849,2,28
11212,PHONE,915,2,28
11212,UNKNOWN,199,2,28
11213,MOBILE,410,2,28
11213,ONLINE,954,2,28
11213,PHONE,780,2,28
11213,UNKNOWN,130,2,28
11214,MOBILE,726,2,28
11214,ONLINE,1092,2,28
11214,PHONE,607,2,28
11214,UNKNOWN,166,2,28
11215,MOBILE,534,2,28
11215,ONLINE,929,2,28
11215,PHONE,424,2,28
11215,UNKNOWN,166,2,28
11216,MOBILE,246,2,28
11216,ONLINE,981,2,28
11216,PHONE,592,2,28
11216,UNKNOWN,124,2,28
11217,MOBILE,937,2,28
11217,ONLINE,745,2,28
11217,PHONE,236,2,28
11217,UNKNOWN,196,2,28
11218,MOBILE,479,2,28
11218,ONLINE,756,2,28
11218,PHONE,516,2,28
11218,UNKNOWN,203,2,28
11219,MOBILE,359,2,28
11219,ONLINE,504,2,28
11219,PHONE,481,2,28
11219,UNKNOWN,186,2,28
11220,MOBILE,515,2,28
11220,ONLINE,721,2,28
11220,PHONE,492,2,28
11220,UNKNOWN,295,2,28
11221,MOBILE,458,2,28
11221,ONLINE,1044,2,28
11221,PHONE,898,2,28
11221,UNKNOWN,232,2,28
11222,MOBILE,513,2,28
11222,ONLINE,1406,2,28
11222,PHONE,243,2,28
11222,UNKNOWN,154,2,28
11223,MOBILE,435,2,28
11223,ONLINE,870,2,28
11223,PHONE,582,2,28
11223,UNKNOWN,191,2,28
11224,MOBILE,217,2,28
11224,ONLINE,212,2,28
11224,PHONE,245,2,28
11224,UNKNOWN,72,2,28
11225,MOBILE,389,2,28
11225,ONLINE,1177,2,28
11225,PHONE,768,2,28
11225,UNKNOWN,110,2,28
11226,MOBILE,653,2,28
11226,ONLINE,1793,2,28
11226,PHONE,1475,2,28
11226,UNKNOWN,156,2,28
11228,MOBILE,326,2,28
11228,ONLINE,413,2,28
11228,PHONE,241,2,28
11228,UNKNOWN,101,2,28
11229,MOBILE,514,2,28
11229,ONLINE,787,2,28
11229,PHONE,574,2,28
11229,UNKNOWN,185,2,28
11230,MOBILE,453,2,28
11230,ONLINE,935,2,28
11230,PHONE,771,2,28
11230,UNKNOWN,248,2,28
11231,MOBILE,299,2,28
11231,ONLINE,986,2,28
11231,PHONE,198,2,28
11231,UNKNOWN,76,2,28
11232,MOBILE,190,2,28
11232,ONLINE,368,2,28
11232,PHONE,217,2,28
11232,UNKNOWN,105,2,28
11233,MOBILE,279,2,28
11233,ONLINE,761,2,28
11233,PHONE,744,2,28
11233,UNKNOWN,216,2,28
11234,MOBILE,487,2,28
11234,ONLINE,620,2,28
11234,PHONE,706,2,28
11234,UNKNOWN,266,2,28
11235,MOBILE,527,2,28
11235,ONLINE,939,2,28
11235,PHONE,660,2,28
11235,UNKNOWN,261,2,28
11236,MOBILE,239,2,28
11236,ONLINE,632,2,28
11236,PHONE,643,2,28
11236,UNKNOWN,189,2,28
11237,MOBILE,458,2,28
11237,ONLINE,786,2,28
11237,PHONE,363,2,28
11237,UNKNOWN,132,2,28
11238,MOBILE,556,2,28
11238,ONLINE,1004,2,28
11238,PHONE,603,2,28
11238,UNKNOWN,127,2,28
11239,MOBILE,47,2,28
11239,ONLINE,1012,2,28
11239,PHONE,187,2,28
11239,UNKNOWN,26,2,28
11241,ONLINE,1,2,28
11242,ONLINE,1,2,28
11249,MOBILE,167,2,28
11249,ONLINE,474,2,28
11249,PHONE,143,2,28
11249,UNKNOWN,177,2,28
11354,MOBILE,255,2,28
11354,ONLINE,440,2,28
11354,PHONE,293,2,28
11354,UNKNOWN,184,2,28
11355,MOBILE,250,2,28
11355,ONLINE,698,2,28
11355,PHONE,388,2,28
11355,UNKNOWN,174,2,28
11356,MOBILE,136,2,28
11356,ONLINE,218,2,28
11356,PHONE,190,2,28
11356,UNKNOWN,42,2,28
11357,MOBILE,167,2,28
11357,ONLINE,314,2,28
11357,PHONE,230,2,28
11357,UNKNOWN,89,2,28
11358,MOBILE,225,2,28
11358,ONLINE,376,2,28
11358,PHONE,224,2,28
11358,UNKNOWN,104,2,28
11359,ONLINE,1,2,28
11359,UNKNOWN,2,2,28
11360,MOBILE,83,2,28
11360,ONLINE,182,2,28
11360,PHONE,142,2,28
11360,UNKNOWN,24,2,28
11361,MOBILE,116,2,28
11361,ONLINE,324,2,28
11361,PHONE,247,2,28
11361,UNKNOWN,95,2,28
11362,MOBILE,70,2,28
11362,ONLINE,108,2,28
11362,PHONE,120,2,28
11362,UNKNOWN,37,2,28
11363,MOBILE,48,2,28
11363,ONLINE,57,2,28
11363,PHONE,36,2,28
11363,UNKNOWN,15,2,28
11364,MOBILE,119,2,28
11364,ONLINE,272,2,28
11364,PHONE,284,2,28
11364,UNKNOWN,115,2,28
11365,MOBILE,160,2,28
11365,ONLINE,535,2,28
11365,PHONE,204,2,28
11365,UNKNOWN,91,2,28
11366,MOBILE,62,2,28
11366,ONLINE,1750,2,28
11366,PHONE,86,2,28
11366,UNKNOWN,67,2,28
11367,MOBILE,153,2,28
11367,ONLINE,328,2,28
11367,PHONE,293,2,28
11367,UNKNOWN,80,2,28
11368,MOBILE,520,2,28
11368,ONLINE,631,2,28
11368,PHONE,665,2,28
11368,UNKNOWN,137,2,28
11369,MOBILE,123,2,28
11369,ONLINE,320,2,28
11369,PHONE,291,2,28
11369,UNKNOWN,81,2,28
11370,MOBILE,267,2,28
11370,ONLINE,216,2,28
11370,PHONE,167,2,28
11370,UNKNOWN,67,2,28
11372,MOBILE,317,2,28
11372,ONLINE,1022,2,28
11372,PHONE,511,2,28
11372,UNKNOWN,175,2,28
11373,MOBILE,315,2,28
11373,ONLINE,813,2,28
11373,PHONE,448,2,28
11373,UNKNOWN,161,2,28
11374,MOBILE,155,2,28
11374,ONLINE,761,2,28
11374,PHONE,318,2,28
11374,UNKNOWN,101,2,28
11375,MOBILE,272,2,28
11375,ONLINE,769,2,28
11375,PHONE,421,2,28
11375,UNKNOWN,138,2,28
11377,MOBILE,485,2,28
11377,ONLINE,876,2,28
11377,PHONE,548,2,28
11377,UNKNOWN,219,2,28
11378,MOBILE,408,2,28
11378,ONLINE,631,2,28
11378,PHONE,384,2,28
11378,UNKNOWN,99,2,28
11379,MOBILE,244,2,28
11379,ONLINE,379,2,28
11379,PHONE,215,2,28
11379,UNKNOWN,72,2,28
11385,MOBILE,1136,2,28
11385,ONLINE,1203,2,28
11385,PHONE,766,2,28
11385,UNKNOWN,255,2,28
11411,MOBILE,91,2,28
11411,ONLINE,61,2,28
11411,PHONE,109,2,28
11411,UNKNOWN,45,2,28
11412,MOBILE,44,2,28
11412,ONLINE,190,2,28
11412,PHONE,282,2,28
11412,UNKNOWN,59,2,28
11413,MOBILE,85,2,28
11413,ONLINE,176,2,28
11413,PHONE,313,2,28
11413,UNKNOWN,91,2,28
11414,MOBILE,137,2,28
11414,ONLINE,780,2,28
11414,PHONE,171,2,28
11414,UNKNOWN,69,2,28
11415,MOBILE,120,2,28
11415,ONLINE,250,2,28
11415,PHONE,140,2,28
11415,UNKNOWN,41,2,28
11416,MOBILE,123,2,28
11416,ONLINE,196,2,28
11416,PHONE,238,2,28
11416,UNKNOWN,100,2,28
11417,MOBILE,165,2,28
11417,ONLINE,343,2,28
11417,PHONE,250,2,28
11417,UNKNOWN,116,2,28
11418,MOBILE,199,2,28
11418,ONLINE,266,2,28
11418,PHONE,325,2,28
11418,UNKNOWN,93,2,28
11419,MOBILE,292,2,28
11419,ONLINE,384,2,28
11419,PHONE,374,2,28
11419,UNKNOWN,209,2,28
11420,MOBILE,240,2,28
11420,ONLINE,581,2,28
11420,PHONE,432,2,28
11420,UNKNOWN,195,2,28
11421,MOBILE,226,2,28
11421,ONLINE,981,2,28
11421,PHONE,295,2,28
11421,UNKNOWN,85,2,28
11422,MOBILE,40,2,28
11422,ONLINE,162,2,28
11422,PHONE,231,2,28
11422,UNKNOWN,75,2,28
11423,MOBILE,71,2,28
11423,ONLINE,201,2,28
11423,PHONE,290,2,28
11423,UNKNOWN,83,2,28
11426,MOBILE,46,2,28
11426,ONLINE,103,2,28
11426,PHONE,83,2,28
11426,UNKNOWN,48,2,28
11427,MOBILE,51,2,28
11427,ONLINE,158,2,28
11427,PHONE,199,2,28
11427,UNKNOWN,68,2,28
11428,MOBILE,40,2,28
11428,ONLINE,208,2,28
11428,PHONE,149,2,28
11428,UNKNOWN,42,2,28
11429,MOBILE,48,2,28
11429,ONLINE,317,2,28
11429,PHONE,143,2,28
11429,UNKNOWN,88,2,28
11430,MOBILE,21,2,28
11430,ONLINE,89,2,28
11430,PHONE,89,2,28
11430,UNKNOWN,33,2,28
11432,MOBILE,154,2,28
11432,ONLINE,1194,2,28
11432,PHONE,396,2,28
11432,UNKNOWN,147,2,28
11433,MOBILE,99,2,28
11433,ONLINE,277,2,28
11433,PHONE,372,2,28
11433,UNKNOWN,114,2,28
11434,MOBILE,113,2,28
11434,ONLINE,309,2,28
11434,PHONE,441,2,28
11434,UNKNOWN,118,2,28
11435,MOBILE,262,2,28
11435,ONLINE,748,2,28
11435,PHONE,447,2,28
11435,UNKNOWN,113,2,28
11436,MOBILE,68,2,28
11436,ONLINE,169,2,28
11436,PHONE,188,2,28
11436,UNKNOWN,55,2,28
11691,MOBILE,138,2,28
11691,ONLINE,450,2,28
11691,PHONE,450,2,28
11691,UNKNOWN,106,2,28
11692,MOBILE,17,2,28
11692,ONLINE,126,2,28
11692,PHONE,123,2,28
11692,UNKNOWN,19,2,28
11693,MOBILE,58,2,28
11693,ONLINE,115,2,28
11693,PHONE,75,2,28
11693,UNKNOWN,34,2,28
11694,MOBILE,55,2,28
11694,ONLINE,204,2,28
11694,PHONE,132,2,28
11694,UNKNOWN,78,2,28
11697,ONLINE,1,2,28
11697,PHONE,3,2,28
11697,UNKNOWN,1,2,28
11772,ONLINE,1,2,28
11791,PHONE,1,2,28
12334,ONLINE,1,2,28
12590,PHONE,1,2,28
28262,PHONE,1,2,28
29601,PHONE,1,2,28
57117,PHONE,1,2,28
78729,PHONE,1,2,28
10000,ONLINE,8,3,31
10000,PHONE,7,3,31
10000,UNKNOWN,44,3,31
10001,MOBILE,392,3,31
10001,ONLINE,658,3,31
10001,PHONE,273,3,31
10001,UNKNOWN,109,3,31
10002,MOBILE,598,3,31
10002,ONLINE,1067,3,31
10002,PHONE,380,3,31
10002,UNKNOWN,234,3,31
10003,MOBILE,325,3,31
10003,ONLINE,876,3,31
10003,PHONE,360,3,31
10003,UNKNOWN,127,3,31
10004,MOBILE,38,3,31
10004,ONLINE,403,3,31
10004,PHONE,20,3,31
10004,UNKNOWN,34,3,31
10005,MOBILE,57,3,31
10005,ONLINE,160,3,31
10005,PHONE,26,3,31
10005,UNKNOWN,25,3,31
10006,MOBILE,37,3,31
10006,ONLINE,138,3,31
10006,PHONE,18,3,31
10006,UNKNOWN,12,3,31
10007,MOBILE,80,3,31
10007,ONLINE,245,3,31
10007,PHONE,35,3,31
10007,UNKNOWN,34,3,31
10009,MOBILE,317,3,31
10009,ONLINE,667,3,31
10009,PHONE,286,3,31
10009,UNKNOWN,111,3,31
10010,MOBILE,186,3,31
10010,ONLINE,317,3,31
10010,PHONE,138,3,31
10010,UNKNOWN,58,3,31
10011,MOBILE,556,3,31
10011,ONLINE,938,3,31
10011,PHONE,342,3,31
10011,UNKNOWN,181,3,31
10012,MOBILE,196,3,31
10012,ONLINE,777,3,31
10012,PHONE,204,3,31
10012,UNKNOWN,89,3,31
10013,MOBILE,255,3,31
10013,ONLINE,460,3,31
10013,PHONE,172,3,31
10013,UNKNOWN,126,3,31
10014,MOBILE,244,3,31
10014,ONLINE,548,3,31
10014,PHONE,174,3,31
10014,UNKNOWN,105,3,31
10016,MOBILE,245,3,31
10016,ONLINE,940,3,31
10016,PHONE,294,3,31
10016,UNKNOWN,116,3,31
10017,MOBILE,65,3,31
10017,ONLINE,481,3,31
10017,PHONE,136,3,31
10017,UNKNOWN,78,3,31
10018,MOBILE,129,3,31
10018,ONLINE,313,3,31
10018,PHONE,104,3,31
10018,UNKNOWN,54,3,31
10019,MOBILE,444,3,31
10019,ONLINE,964,3,31
10019,PHONE,304,3,31
10019,UNKNOWN,157,3,31
10020,MOBILE,6,3,31
10020,ONLINE,8,3,31
10020,PHONE,4,3,31
10020,UNKNOWN,3,3,31
10021,MOBILE,87,3,31
10021,ONLINE,338,3,31
10021,PHONE,150,3,31
10021,UNKNOWN,81,3,31
10022,MOBILE,120,3,31
10022,ONLINE,368,3,31
10022,PHONE,182,3,31
10022,UNKNOWN,96,3,31
10023,MOBILE,292,3,31
10023,ONLINE,773,3,31
10023,PHONE,256,3,31
10023,UNKNOWN,102,3,31
10024,MOBILE,173,3,31
10024,ONLINE,715,3,31
10024,PHONE,267,3,31
10024,UNKNOWN,110,3,31
10025,MOBILE,362,3,31
10025,ONLINE,1021,3,31
10025,PHONE,486,3,31
10025,UNKNOWN,164,3,31
10026,MOBILE,753,3,31
10026,ONLINE,844,3,31
10026,PHONE,536,3,31
10026,UNKNOWN,85,3,31
10027,MOBILE,401,3,31
10027,ONLINE,1090,3,31
10027,PHONE,598,3,31
10027,UNKNOWN,136,3,31
10028,MOBILE,118,3,31
10028,ONLINE,574,3,31
10028,PHONE,256,3,31
10028,UNKNOWN,100,3,31
10029,MOBILE,360,3,31
10029,ONLINE,1109,3,31
10029,PHONE,584,3,31
10029,UNKNOWN,107,3,31
10030,MOBILE,226,3,31
10030,ONLINE,800,3,31
10030,PHONE,456,3,31
10030,UNKNOWN,70,3,31
10031,MOBILE,491,3,31
10031,ONLINE,1283,3,31
10031,PHONE,688,3,31
10031,UNKNOWN,156,3,31
10032,MOBILE,552,3,31
10032,ONLINE,1318,3,31
10032,PHONE,664,3,31
10032,UNKNOWN,108,3,31
10033,MOBILE,627,3,31
10033,ONLINE,1005,3,31
10033,PHONE,558,3,31
10033,UNKNOWN,106,3,31
10034,MOBILE,381,3,31
10034,ONLINE,827,3,31
10034,PHONE,520,3,31
10034,UNKNOWN,111,3,31
10035,MOBILE,336,3,31
10035,ONLINE,449,3,31
10035,PHONE,358,3,31
10035,UNKNOWN,95,3,31
10036,MOBILE,277,3,31
10036,ONLINE,1073,3,31
10036,PHONE,273,3,31
10036,UNKNOWN,105,3,31
10037,MOBILE,109,3,31
10037,ONLINE,217,3,31
10037,PHONE,244,3,31
10037,UNKNOWN,51,3,31
10038,MOBILE,137,3,31
10038,ONLINE,263,3,31
10038,PHONE,106,3,31
10038,UNKNOWN,46,3,31
10039,MOBILE,256,3,31
10039,ONLINE,657,3,31
10039,PHONE,515,3,31
10039,UNKNOWN,80,3,31
10040,MOBILE,316,3,31
10040,ONLINE,1088,3,31
10040,PHONE,610,3,31
10040,UNKNOWN,61,3,31
10041,MOBILE,1,3,31
10041,ONLINE,2,3,31
10041,PHONE,2,3,31
10044,MOBILE,10,3,31
10044,ONLINE,23,3,31
10044,PHONE,10,3,31
10045,MOBILE,3,3,31
10045,UNKNOWN,1,3,31
10048,ONLINE,1,3,31
10048,UNKNOWN,1,3,31
10065,MOBILE,113,3,31
10065,ONLINE,342,3,31
10065,PHONE,154,3,31
10065,UNKNOWN,105,3,31
10069,MOBILE,11,3,31
10069,ONLINE,30,3,31
10069,PHONE,5,3,31
10069,UNKNOWN,8,3,31
10075,MOBILE,76,3,31
10075,ONLINE,270,3,31
10075,PHONE,91,3,31
10075,UNKNOWN,46,3,31
10103,MOBILE,1,3,31
10105,MOBILE,3,3,31
10105,ONLINE,5,3,31
10105,PHONE,1,3,31
10106,ONLINE,2,3,31
10107,ONLINE,4,3,31
10110,MOBILE,1,3,31
10110,UNKNOWN,1,3,31
10112,ONLINE,1,3,31
10118,MOBILE,5,3,31
10118,ONLINE,8,3,31
10118,PHONE,2,3,31
10119,MOBILE,2,3,31
10119,ONLINE,5,3,31
10119,PHONE,1,3,31
10120,ONLINE,1,3,31
10120,PHONE,1,3,31
10121,MOBILE,4,3,31
10121,ONLINE,29,3,31
10121,PHONE,11,3,31
10121,UNKNOWN,3,3,31
10122,ONLINE,1,3,31
10128,MOBILE,114,3,31
10128,ONLINE,410,3,31
10128,PHONE,261,3,31
10128,UNKNOWN,91,3,31
10151,MOBILE,1,3,31
10151,ONLINE,1,3,31
10153,MOBILE,10,3,31
10153,ONLINE,3,3,31
10153,PHONE,2,3,31
10154,MOBILE,2,3,31
10154,ONLINE,5,3,31
10154,PHONE,1,3,31
10155,ONLINE,1,3,31
10158,ONLINE,1,3,31
10162,ONLINE,1,3,31
10165,MOBILE,4,3,31
10165,ONLINE,3,3,31
10166,ONLINE,1,3,31
10168,ONLINE,10,3,31
10168,PHONE,1,3,31
10168,UNKNOWN,2,3,31
10169,MOBILE,34,3,31
10169,ONLINE,2,3,31
10169,PHONE,1,3,31
10169,UNKNOWN,2,3,31
10170,ONLINE,1,3,31
10170,UNKNOWN,1,3,31
10171,ONLINE,1,3,31
10172,ONLINE,5,3,31
10172,UNKNOWN,1,3,31
10173,MOBILE,1,3,31
10173,PHONE,1,3,31
10174,ONLINE,4,3,31
10174,UNKNOWN,2,3,31
10175,ONLINE,1,3,31
10176,UNKNOWN,1,3,31
10271,ONLINE,1,3,31
10278,MOBILE,4,3,31
10278,ONLINE,2,3,31
10278,UNKNOWN,11,3,31
10279,MOBILE,3,3,31
10279,ONLINE,3,3,31
10279,PHONE,1,3,31
10280,MOBILE,4,3,31
10280,ONLINE,30,3,31
10280,PHONE,5,3,31
10280,UNKNOWN,3,3,31
10281,MOBILE,3,3,31
10281,ONLINE,1,3,31
10281,PHONE,2,3,31
10282,MOBILE,6,3,31
10282,ONLINE,19,3,31
10282,PHONE,7,3,31
10282,UNKNOWN,5,3,31
10301,MOBILE,144,3,31
10301,ONLINE,545,3,31
10301,PHONE,350,3,31
10301,UNKNOWN,153,3,31
10302,MOBILE,75,3,31
10302,ONLINE,198,3,31
10302,PHONE,156,3,31
10302,UNKNOWN,67,3,31
10303,MOBILE,79,3,31
10303,ONLINE,207,3,31
10303,PHONE,199,3,31
10303,UNKNOWN,50,3,31
10304,MOBILE,104,3,31
10304,ONLINE,488,3,31
10304,PHONE,393,3,31
10304,UNKNOWN,118,3,31
10305,MOBILE,130,3,31
10305,ONLINE,420,3,31
10305,PHONE,207,3,31
10305,UNKNOWN,95,3,31
10306,MOBILE,81,3,31
10306,ONLINE,570,3,31
10306,PHONE,256,3,31
10306,UNKNOWN,255,3,31
10307,MOBILE,21,3,31
10307,ONLINE,123,3,31
10307,PHONE,54,3,31
10307,UNKNOWN,38,3,31
10308,MOBILE,56,3,31
10308,ONLINE,277,3,31
10308,PHONE,140,3,31
10308,UNKNOWN,78,3,31
10309,MOBILE,80,3,31
10309,ONLINE,430,3,31
10309,PHONE,146,3,31
10309,UNKNOWN,118,3,31
10310,MOBILE,86,3,31
10310,ONLINE,253,3,31
10310,PHONE,139,3,31
10310,UNKNOWN,58,3,31
10312,MOBILE,152,3,31
10312,ONLINE,753,3,31
10312,PHONE,250,3,31
10312,UNKNOWN,165,3,31
10314,MOBILE,111,3,31
10314,ONLINE,947,3,31
10314,PHONE,460,3,31
10314,UNKNOWN,206,3,31
10451,MOBILE,410,3,31
10451,ONLINE,753,3,31
10451,PHONE,757,3,31
10451,UNKNOWN,157,3,31
10452,MOBILE,513,3,31
10452,ONLINE,1407,3,31
10452,PHONE,1628,3,31
10452,UNKNOWN,287,3,31
10453,MOBILE,579,3,31
10453,ONLINE,1166,3,31
10453,PHONE,1111,3,31
10453,UNKNOWN,169,3,31
10454,MOBILE,267,3,31
10454,ONLINE,483,3,31
10454,PHONE,452,3,31
10454,UNKNOWN,78,3,31
10455,MOBILE,495,3,31
10455,ONLINE,659,3,31
10455,PHONE,499,3,31
10455,UNKNOWN,90,3,31
10456,MOBILE,412,3,31
10456,ONLINE,1656,3,31
10456,PHONE,1180,3,31
10456,UNKNOWN,133,3,31
10457,MOBILE,596,3,31
10457,ONLINE,1267,3,31
10457,PHONE,1384,3,31
10457,UNKNOWN,226,3,31
10458,MOBILE,678,3,31
10458,ONLINE,1453,3,31
10458,PHONE,1278,3,31
10458,UNKNOWN,123,3,31
10459,MOBILE,273,3,31
10459,ONLINE,792,3,31
10459,PHONE,664,3,31
10459,UNKNOWN,111,3,31
10460,MOBILE,495,3,31
10460,ONLINE,951,3,31
10460,PHONE,965,3,31
10460,UNKNOWN,148,3,31
10461,MOBILE,353,3,31
10461,ONLINE,1072,3,31
10461,PHONE,581,3,31
10461,UNKNOWN,210,3,31
10462,MOBILE,466,3,31
10462,ONLINE,1207,3,31
10462,PHONE,772,3,31
10462,UNKNOWN,206,3,31
10463,MOBILE,986,3,31
10463,ONLINE,1080,3,31
10463,PHONE,818,3,31
10463,UNKNOWN,158,3,31
10464,MOBILE,23,3,31
10464,ONLINE,61,3,31
10464,PHONE,35,3,31
10464,UNKNOWN,28,3,31
10465,MOBILE,295,3,31
10465,ONLINE,576,3,31
10465,PHONE,339,3,31
10465,UNKNOWN,143,3,31
10466,MOBILE,2937,3,31
10466,ONLINE,982,3,31
10466,PHONE,959,3,31
10466,UNKNOWN,144,3,31
10467,MOBILE,743,3,31
10467,ONLINE,1783,3,31
10467,PHONE,1249,3,31
10467,UNKNOWN,193,3,31
10468,MOBILE,801,3,31
10468,ONLINE,1596,3,31
10468,PHONE,1076,3,31
10468,UNKNOWN,149,3,31
10469,MOBILE,844,3,31
10469,ONLINE,588,3,31
10469,PHONE,604,3,31
10469,UNKNOWN,114,3,31
10470,MOBILE,414,3,31
10470,ONLINE,344,3,31
10470,PHONE,194,3,31
10470,UNKNOWN,39,3,31
10471,MOBILE,183,3,31
10471,ONLINE,342,3,31
10471,PHONE,232,3,31
10471,UNKNOWN,50,3,31
10472,MOBILE,349,3,31
10472,ONLINE,807,3,31
10472,PHONE,751,3,31
10472,UNKNOWN,137,3,31
10473,MOBILE,311,3,31
10473,ONLINE,407,3,31
10473,PHONE,540,3,31
10473,UNKNOWN,79,3,31
10474,MOBILE,118,3,31
10474,ONLINE,135,3,31
10474,PHONE,154,3,31
10474,UNKNOWN,35,3,31
10475,MOBILE,52,3,31
10475,ONLINE,177,3,31
10475,PHONE,184,3,31
10475,UNKNOWN,48,3,31
10701,PHONE,1,3,31
10703,PHONE,1,3,31
11001,MOBILE,23,3,31
11001,ONLINE,38,3,31
11001,PHONE,21,3,31
11001,UNKNOWN,12,3,31
11004,MOBILE,13,3,31
11004,ONLINE,86,3,31
11004,PHONE,68,3,31
11004,UNKNOWN,55,3,31
11005,ONLINE,2,3,31
11010,PHONE,1,3,31
11021,PHONE,1,3,31
11040,MOBILE,9,3,31
11040,ONLINE,16,3,31
11040,PHONE,17,3,31
11040,UNKNOWN,11,3,31
11096,PHONE,1,3,31
11101,MOBILE,961,3,31
11101,ONLINE,1350,3,31
11101,PHONE,509,3,31
11101,UNKNOWN,279,3,31
11102,MOBILE,216,3,31
11102,ONLINE,567,3,31
11102,PHONE,256,3,31
11102,UNKNOWN,106,3,31
11103,MOBILE,504,3,31
11103,ONLINE,667,3,31
11103,PHONE,292,3,31
11103,UNKNOWN,93,3,31
11104,MOBILE,206,3,31
11104,ONLINE,341,3,31
11104,PHONE,212,3,31
11104,UNKNOWN,65,3,31
11105,MOBILE,283,3,31
11105,ONLINE,599,3,31
11105,PHONE,272,3,31
11105,UNKNOWN,99,3,31
11106,MOBILE,372,3,31
11106,ONLINE,467,3,31
11106,PHONE,318,3,31
11106,UNKNOWN,128,3,31
11109,MOBILE,20,3,31
11109,ONLINE,19,3,31
11109,PHONE,3,3,31
11201,MOBILE,1055,3,31
11201,ONLINE,1855,3,31
11201,PHONE,340,3,31
11201,UNKNOWN,233,3,31
11203,MOBILE,407,3,31
11203,ONLINE,794,3,31
11203,PHONE,938,3,31
11203,UNKNOWN,134,3,31
11204,MOBILE,739,3,31
11204,ONLINE,816,3,31
11204,PHONE,525,3,31
11204,UNKNOWN,158,3,31
11205,MOBILE,448,3,31
11205,ONLINE,1030,3,31
11205,PHONE,723,3,31
11205,UNKNOWN,151,3,31
11206,MOBILE,538,3,31
11206,ONLINE,918,3,31
11206,PHONE,546,3,31
11206,UNKNOWN,273,3,31
11207,MOBILE,561,3,31
11207,ONLINE,1148,3,31
11207,PHONE,1196,3,31
11207,UNKNOWN,316,3,31
11208,MOBILE,462,3,31
11208,ONLINE,1109,3,31
11208,PHONE,1017,3,31
11208,UNKNOWN,181,3,31
11209,MOBILE,996,3,31
11209,ONLINE,1180,3,31
11209,PHONE,534,3,31
11209,UNKNOWN,213,3,31
11210,MOBILE,299,3,31
11210,ONLINE,698,3,31
11210,PHONE,739,3,31
11210,UNKNOWN,172,3,31
11211,MOBILE,429,3,31
11211,ONLINE,1079,3,31
11211,PHONE,397,3,31
11211,UNKNOWN,399,3,31
11212,MOBILE,372,3,31
11212,ONLINE,953,3,31
11212,PHONE,904,3,31
11212,UNKNOWN,185,3,31
11213,MOBILE,462,3,31
11213,ONLINE,909,3,31
11213,PHONE,804,3,31
11213,UNKNOWN,158,3,31
11214,MOBILE,732,3,31
11214,ONLINE,1381,3,31
11214,PHONE,682,3,31
11214,UNKNOWN,175,3,31
11215,MOBILE,619,3,31
11215,ONLINE,1177,3,31
11215,PHONE,486,3,31
11215,UNKNOWN,261,3,31
11216,MOBILE,388,3,31
11216,ONLINE,980,3,31
11216,PHONE,620,3,31
11216,UNKNOWN,178,3,31
11217,MOBILE,1327,3,31
11217,ONLINE,1032,3,31
11217,PHONE,334,3,31
11217,UNKNOWN,177,3,31
11218,MOBILE,524,3,31
11218,ONLINE,1135,3,31
11218,PHONE,572,3,31
11218,UNKNOWN,196,3,31
11219,MOBILE,380,3,31
11219,ONLINE,512,3,31
11219,PHONE,610,3,31
11219,UNKNOWN,235,3,31
11220,MOBILE,637,3,31
11220,ONLINE,889,3,31
11220,PHONE,654,3,31
11220,UNKNOWN,276,3,31
11221,MOBILE,559,3,31
11221,ONLINE,1111,3,31
11221,PHONE,878,3,31
11221,UNKNOWN,237,3,31
11222,MOBILE,668,3,31
11222,ONLINE,1554,3,31
11222,PHONE,357,3,31
11222,UNKNOWN,213,3,31
11223,MOBILE,445,3,31
11223,ONLINE,1005,3,31
11223,PHONE,584,3,31
11223,UNKNOWN,209,3,31
11224,MOBILE,267,3,31
11224,ONLINE,272,3,31
11224,PHONE,275,3,31
11224,UNKNOWN,85,3,31
11225,MOBILE,474,3,31
11225,ONLINE,1148,3,31
11225,PHONE,793,3,31
11225,UNKNOWN,172,3,31
11226,MOBILE,778,3,31
11226,ONLINE,1844,3,31
11226,PHONE,1440,3,31
11226,UNKNOWN,186,3,31
11228,MOBILE,437,3,31
11228,ONLINE,497,3,31
11228,PHONE,251,3,31
11228,UNKNOWN,132,3,31
11229,MOBILE,513,3,31
11229,ONLINE,1093,3,31
11229,PHONE,691,3,31
11229,UNKNOWN,281,3,31
11230,MOBILE,572,3,31
11230,ONLINE,1132,3,31
11230,PHONE,829,3,31
11230,UNKNOWN,292,3,31
11231,MOBILE,306,3,31
11231,ONLINE,1096,3,31
11231,PHONE,232,3,31
11231,UNKNOWN,111,3,31
11232,MOBILE,283,3,31
11232,ONLINE,521,3,31
11232,PHONE,199,3,31
11232,UNKNOWN,134,3,31
11233,MOBILE,329,3,31
11233,ONLINE,867,3,31
11233,PHONE,803,3,31
11233,UNKNOWN,200,3,31
11234,MOBILE,501,3,31
11234,ONLINE,834,3,31
11234,PHONE,790,3,31
11234,UNKNOWN,249,3,31
11235,MOBILE,675,3,31
11235,ONLINE,989,3,31
11235,PHONE,691,3,31
11235,UNKNOWN,181,3,31
11236,MOBILE,265,3,31
11236,ONLINE,707,3,31
11236,PHONE,720,3,31
11236,UNKNOWN,208,3,31
11237,MOBILE,466,3,31
11237,ONLINE,818,3,31
11237,PHONE,440,3,31
11237,UNKNOWN,167,3,31
11238,MOBILE,737,3,31
11238,ONLINE,1116,3,31
11238,PHONE,449,3,31
11238,UNKNOWN,163,3,31
11239,MOBILE,73,3,31
11239,ONLINE,1305,3,31
11239,PHONE,216,3,31
11239,UNKNOWN,16,3,31
11241,ONLINE,1,3,31
11242,PHONE,1,3,31
11249,MOBILE,222,3,31
11249,ONLINE,558,3,31
11249,PHONE,195,3,31
11249,UNKNOWN,153,3,31
11251,ONLINE,1,3,31
11251,PHONE,2,3,31
11354,MOBILE,541,3,31
11354,ONLINE,475,3,31
11354,PHONE,341,3,31
11354,UNKNOWN,155,3,31
11355,MOBILE,371,3,31
11355,ONLINE,724,3,31
11355,PHONE,443,3,31
11355,UNKNOWN,151,3,31
11356,MOBILE,152,3,31
11356,ONLINE,401,3,31
11356,PHONE,242,3,31
11356,UNKNOWN,61,3,31
11357,MOBILE,185,3,31
11357,ONLINE,318,3,31
11357,PHONE,221,3,31
11357,UNKNOWN,91,3,31
11358,MOBILE,242,3,31
11358,ONLINE,413,3,31
11358,PHONE,223,3,31
11358,UNKNOWN,135,3,31
11359,MOBILE,1,3,31
11359,ONLINE,7,3,31
11359,PHONE,8,3,31
11360,MOBILE,72,3,31
11360,ONLINE,214,3,31
11360,PHONE,108,3,31
11360,UNKNOWN,39,3,31
11361,MOBILE,147,3,31
11361,ONLINE,313,3,31
11361,PHONE,132,3,31
11361,UNKNOWN,131,3,31
11362,MOBILE,36,3,31
11362,ONLINE,120,3,31
11362,PHONE,70,3,31
11362,UNKNOWN,45,3,31
11363,MOBILE,21,3,31
11363,ONLINE,67,3,31
11363,PHONE,52,3,31
11363,UNKNOWN,31,3,31
11364,MOBILE,144,3,31
11364,ONLINE,227,3,31
11364,PHONE,156,3,31
11364,UNKNOWN,104,3,31
11365,MOBILE,205,3,31
11365,ONLINE,723,3,31
11365,PHONE,257,3,31
11365,UNKNOWN,104,3,31
11366,MOBILE,47,3,31
11366,ONLINE,2265,3,31
11366,PHONE,113,3,31
11366,UNKNOWN,40,3,31
11367,MOBILE,169,3,31
11367,ONLINE,517,3,31
11367,PHONE,334,3,31
11367,UNKNOWN,109,3,31
11368,MOBILE,703,3,31
11368,ONLINE,865,3,31
11368,PHONE,647,3,31
11368,UNKNOWN,188,3,31
11369,MOBILE,169,3,31
11369,ONLINE,411,3,31
11369,PHONE,304,3,31
11369,UNKNOWN,73,3,31
11370,MOBILE,241,3,31
11370,ONLINE,272,3,31
11370,PHONE,166,3,31
11370,UNKNOWN,74,3,31
11371,ONLINE,3,3,31
11372,MOBILE,505,3,31
11372,ONLINE,964,3,31
11372,PHONE,413,3,31
11372,UNKNOWN,132,3,31
11373,MOBILE,358,3,31
11373,ONLINE,977,3,31
11373,PHONE,499,3,31
11373,UNKNOWN,175,3,31
11374,MOBILE,162,3,31
11374,ONLINE,931,3,31
11374,PHONE,327,3,31
11374,UNKNOWN,101,3,31
11375,MOBILE,308,3,31
11375,ONLINE,761,3,31
11375,PHONE,372,3,31
11375,UNKNOWN,229,3,31
11377,MOBILE,610,3,31
11377,ONLINE,962,3,31
11377,PHONE,623,3,31
11377,UNKNOWN,189,3,31
11378,MOBILE,598,3,31
11378,ONLINE,679,3,31
11378,PHONE,346,3,31
11378,UNKNOWN,130,3,31
11379,MOBILE,322,3,31
11379,ONLINE,403,3,31
11379,PHONE,271,3,31
11379,UNKNOWN,139,3,31
11385,MOBILE,1274,3,31
11385,ONLINE,1561,3,31
11385,PHONE,815,3,31
11385,UNKNOWN,259,3,31
11411,MOBILE,117,3,31
11411,ONLINE,99,3,31
11411,PHONE,128,3,31
11411,UNKNOWN,37,3,31
11412,MOBILE,79,3,31
11412,ONLINE,254,3,31
11412,PHONE,414,3,31
11412,UNKNOWN,96,3,31
11413,MOBILE,97,3,31
11413,ONLINE,300,3,31
11413,PHONE,413,3,31
11413,UNKNOWN,120,3,31
11414,MOBILE,211,3,31
11414,ONLINE,764,3,31
11414,PHONE,181,3,31
11414,UNKNOWN,87,3,31
11415,MOBILE,102,3,31
11415,ONLINE,246,3,31
11415,PHONE,145,3,31
11415,UNKNOWN,54,3,31
11416,MOBILE,191,3,31
11416,ONLINE,281,3,31
11416,PHONE,296,3,31
11416,UNKNOWN,77,3,31
11417,MOBILE,209,3,31
11417,ONLINE,540,3,31
11417,PHONE,336,3,31
11417,UNKNOWN,105,3,31
11418,MOBILE,296,3,31
11418,ONLINE,323,3,31
11418,PHONE,295,3,31
11418,UNKNOWN,69,3,31
11419,MOBILE,380,3,31
11419,ONLINE,451,3,31
11419,PHONE,534,3,31
11419,UNKNOWN,160,3,31
11420,MOBILE,353,3,31
11420,ONLINE,605,3,31
11420,PHONE,531,3,31
11420,UNKNOWN,186,3,31
11421,MOBILE,268,3,31
11421,ONLINE,993,3,31
11421,PHONE,349,3,31
11421,UNKNOWN,74,3,31
11422,MOBILE,51,3,31
11422,ONLINE,233,3,31
11422,PHONE,299,3,31
11422,UNKNOWN,107,3,31
11423,MOBILE,112,3,31
11423,ONLINE,320,3,31
11423,PHONE,276,3,31
11423,UNKNOWN,105,3,31
11426,MOBILE,66,3,31
11426,ONLINE,151,3,31
11426,PHONE,128,3,31
11426,UNKNOWN,59,3,31
11427,MOBILE,47,3,31
11427,ONLINE,200,3,31
11427,PHONE,157,3,31
11427,UNKNOWN,60,3,31
11428,MOBILE,56,3,31
11428,ONLINE,242,3,31
11428,PHONE,101,3,31
11428,UNKNOWN,73,3,31
11429,MOBILE,84,3,31
11429,ONLINE,346,3,31
11429,PHONE,218,3,31
11429,UNKNOWN,114,3,31
11430,MOBILE,23,3,31
11430,ONLINE,109,3,31
11430,PHONE,90,3,31
11430,UNKNOWN,24,3,31
11432,MOBILE,222,3,31
11432,ONLINE,1150,3,31
11432,PHONE,483,3,31
11432,UNKNOWN,177,3,31
11433,MOBILE,91,3,31
11433,ONLINE,349,3,31
11433,PHONE,333,3,31
11433,UNKNOWN,99,3,31
11434,MOBILE,128,3,31
11434,ONLINE,455,3,31
11434,PHONE,561,3,31
11434,UNKNOWN,154,3,31
11435,MOBILE,301,3,31
11435,ONLINE,675,3,31
11435,PHONE,600,3,31
11435,UNKNOWN,159,3,31
11436,MOBILE,105,3,31
11436,ONLINE,174,3,31
11436,PHONE,213,3,31
11436,UNKNOWN,48,3,31
11691,MOBILE,264,3,31
11691,ONLINE,668,3,31
11691,PHONE,572,3,31
11691,UNKNOWN,107,3,31
11692,MOBILE,33,3,31
11692,ONLINE,214,3,31
11692,PHONE,182,3,31
11692,UNKNOWN,22,3,31
11693,MOBILE,91,3,31
11693,ONLINE,108,3,31
11693,PHONE,72,3,31
11693,UNKNOWN,36,3,31
11694,MOBILE,89,3,31
11694,ONLINE,222,3,31
11694,PHONE,128,3,31
11694,UNKNOWN,86,3,31
11697,MOBILE,11,3,31
11697,ONLINE,1,3,31
11697,PHONE,2,3,31
11697,UNKNOWN,3,3,31
11747,ONLINE,2,3,31
11747,PHONE,1,3,31
11772,ONLINE,1,3,31
11791,PHONE,1,3,31
12345,MOBILE,2,3,31
12345,ONLINE,1,3,31
13740,ONLINE,1,3,31
15220,PHONE,1,3,31
19013,PHONE,1,3,31
34203,PHONE,1,3,31
56377,PHONE,1,3,31
84117,ONLINE,1,3,31
10000,ONLINE,12,4,30
10000,PHONE,5,4,30
10000,UNKNOWN,55,4,30
10001,MOBILE,323,4,30
10001,ONLINE,825,4,30
10001,PHONE,398,4,30
10001,UNKNOWN,106,4,30
10002,MOBILE,634,4,30
10002,ONLINE,986,4,30
10002,PHONE,363,4,30
10002,UNKNOWN,235,4,30
10003,MOBILE,450,4,30
10003,ONLINE,1005,4,30
10003,PHONE,390,4,30
10003,UNKNOWN,171,4,30
10004,MOBILE,72,4,30
10004,ONLINE,522,4,30
10004,PHONE,57,4,30
10004,UNKNOWN,28,4,30
10005,MOBILE,40,4,30
10005,ONLINE,206,4,30
10005,PHONE,34,4,30
10005,UNKNOWN,23,4,30
10006,MOBILE,48,4,30
10006,ONLINE,178,4,30
10006,PHONE,45,4,30
10006,UNKNOWN,22,4,30
10007,MOBILE,108,4,30
10007,ONLINE,301,4,30
10007,PHONE,64,4,30
10007,UNKNOWN,39,4,30
10009,MOBILE,275,4,30
10009,ONLINE,757,4,30
10009,PHONE,374,4,30
10009,UNKNOWN,150,4,30
10010,MOBILE,196,4,30
10010,ONLINE,354,4,30
10010,PHONE,161,4,30
10010,UNKNOWN,59,4,30
10011,MOBILE,558,4,30
10011,ONLINE,1009,4,30
10011,PHONE,404,4,30
10011,UNKNOWN,216,4,30
10012,MOBILE,236,4,30
10012,ONLINE,670,4,30
10012,PHONE,219,4,30
10012,UNKNOWN,124,4,30
10013,MOBILE,282,4,30
10013,ONLINE,676,4,30
10013,PHONE,213,4,30
10013,UNKNOWN,121,4,30
10014,MOBILE,329,4,30
10014,ONLINE,684,4,30
10014,PHONE,228,4,30
10014,UNKNOWN,98,4,30
10016,MOBILE,293,4,30
10016,ONLINE,879,4,30
10016,PHONE,299,4,30
10016,UNKNOWN,101,4,30
10017,MOBILE,86,4,30
10017,ONLINE,447,4,30
10017,PHONE,123,4,30
10017,UNKNOWN,72,4,30
10018,MOBILE,119,4,30
10018,ONLINE,255,4,30
10018,PHONE,92,4,30
10018,UNKNOWN,51,4,30
10019,MOBILE,491,4,30
10019,ONLINE,926,4,30
10019,PHONE,421,4,30
10019,UNKNOWN,152,4,30
10020,MOBILE,5,4,30
10020,ONLINE,20,4,30
10020,PHONE,13,4,30
10020,UNKNOWN,9,4,30
10021,MOBILE,117,4,30
10021,ONLINE,358,4,30
10021,PHONE,226,4,30
10021,UNKNOWN,77,4,30
10022,MOBILE,104,4,30
10022,ONLINE,358,4,30
10022,PHONE,205,4,30
10022,UNKNOWN,102,4,30
10023,MOBILE,376,4,30
10023,ONLINE,1066,4,30
10023,PHONE,335,4,30
10023,UNKNOWN,87,4,30
10024,MOBILE,220,4,30
10024,ONLINE,625,4,30
10024,PHONE,285,4,30
10024,UNKNOWN,104,4,30
10025,MOBILE,398,4,30
10025,ONLINE,968,4,30
10025,PHONE,653,4,30
10025,UNKNOWN,188,4,30
10026,MOBILE,603,4,30
10026,ONLINE,883,4,30
10026,PHONE,566,4,30
10026,UNKNOWN,84,4,30
10027,MOBILE,486,4,30
10027,ONLINE,1111,4,30
10027,PHONE,611,4,30
10027,UNKNOWN,164,4,30
10028,MOBILE,147,4,30
10028,ONLINE,473,4,30
10028,PHONE,289,4,30
10028,UNKNOWN,92,4,30
10029,MOBILE,352,4,30
10029,ONLINE,1013,4,30
10029,PHONE,606,4,30
10029,UNKNOWN,128,4,30
10030,MOBILE,196,4,30
10030,ONLINE,828,4,30
10030,PHONE,506,4,30
10030,UNKNOWN,64,4,30
10031,MOBILE,687,4,30
10031,ONLINE,1144,4,30
10031,PHONE,762,4,30
10031,UNKNOWN,227,4,30
10032,MOBILE,627,4,30
10032,ONLINE,937,4,30
10032,PHONE,747,4,30
10032,UNKNOWN,142,4,30
10033,MOBILE,593,4,30
10033,ONLINE,851,4,30
10033,PHONE,536,4,30
10033,UNKNOWN,97,4,30
10034,MOBILE,462,4,30
10034,ONLINE,748,4,30
10034,PHONE,506,4,30
10034,UNKNOWN,95,4,30
10035,MOBILE,378,4,30
10035,ONLINE,442,4,30
10035,PHONE,434,4,30
10035,UNKNOWN,139,4,30
10036,MOBILE,373,4,30
10036,ONLINE,1124,4,30
10036,PHONE,342,4,30
10036,UNKNOWN,109,4,30
10037,MOBILE,117,4,30
10037,ONLINE,570,4,30
10037,PHONE,333,4,30
10037,UNKNOWN,34,4,30
10038,MOBILE,174,4,30
10038,ONLINE,280,4,30
10038,OTHER,3,4,30
10038,PHONE,80,4,30
10038,UNKNOWN,56,4,30
10039,MOBILE,216,4,30
10039,ONLINE,497,4,30
10039,PHONE,468,4,30
10039,UNKNOWN,54,4,30
10040,MOBILE,328,4,30
10040,ONLINE,787,4,30
10040,PHONE,529,4,30
10040,UNKNOWN,64,4,30
10041,MOBILE,2,4,30
10044,MOBILE,15,4,30
10044,ONLINE,29,4,30
10044,PHONE,13,4,30
10044,UNKNOWN,3,4,30
10045,MOBILE,1,4,30
10048,ONLINE,2,4,30
10065,MOBILE,155,4,30
10065,ONLINE,313,4,30
10065,PHONE,172,4,30
10065,UNKNOWN,89,4,30
10069,MOBILE,17,4,30
10069,ONLINE,21,4,30
10069,PHONE,6,4,30
10069,UNKNOWN,2,4,30
10075,MOBILE,55,4,30
10075,ONLINE,241,4,30
10075,PHONE,104,4,30
10075,UNKNOWN,30,4,30
10103,MOBILE,2,4,30
10103,ONLINE,2,4,30
10105,MOBILE,1,4,30
10105,ONLINE,2,4,30
10105,PHONE,1,4,30
10106,ONLINE,2,4,30
10106,PHONE,1,4,30
10107,ONLINE,1,4,30
10110,ONLINE,2,4,30
10111,PHONE,2,4,30
10111,UNKNOWN,1,4,30
10112,ONLINE,2,4,30
10115,MOBILE,1,4,30
10115,PHONE,1,4,30
10118,MOBILE,8,4,30
10118,ONLINE,3,4,30
10118,PHONE,2,4,30
10119,ONLINE,7,4,30
10119,UNKNOWN,2,4,30
10120,MOBILE,2,4,30
10121,ONLINE,9,4,30
10121,PHONE,9,4,30
10121,UNKNOWN,3,4,30
10128,MOBILE,160,4,30
10128,ONLINE,380,4,30
10128,PHONE,260,4,30
10128,UNKNOWN,91,4,30
10151,MOBILE,1,4,30
10153,MOBILE,19,4,30
10153,ONLINE,2,4,30
10153,PHONE,3,4,30
10158,ONLINE,2,4,30
10162,MOBILE,1,4,30
10162,ONLINE,2,4,30
10162,UNKNOWN,1,4,30
10165,ONLINE,3,4,30
10165,PHONE,1,4,30
10166,ONLINE,6,4,30
10167,PHONE,1,4,30
10167,UNKNOWN,2,4,30
10168,ONLINE,13,4,30
10168,UNKNOWN,4,4,30
10169,MOBILE,36,4,30
10169,ONLINE,7,4,30
10169,PHONE,3,4,30
10169,UNKNOWN,1,4,30
10170,MOBILE,1,4,30
10170,ONLINE,1,4,30
10170,PHONE,1,4,30
10170,UNKNOWN,1,4,30
10172,ONLINE,1,4,30
10172,PHONE,1,4,30
10172,UNKNOWN,4,4,30
10173,ONLINE,1,4,30
10174,ONLINE,1,4,30
10175,MOBILE,1,4,30
10176,UNKNOWN,2,4,30
10177,ONLINE,1,4,30
10271,ONLINE,1,4,30
10271,PHONE,1,4,30
10278,MOBILE,3,4,30
10278,ONLINE,2,4,30
10278,UNKNOWN,14,4,30
10279,MOBILE,6,4,30
10279,PHONE,1,4,30
10280,MOBILE,10,4,30
10280,ONLINE,132,4,30
10280,PHONE,15,4,30
10280,UNKNOWN,6,4,30
10281,ONLINE,6,4,30
10281,PHONE,3,4,30
10281,UNKNOWN,3,4,30
10282,MOBILE,6,4,30
10282,ONLINE,47,4,30
10282,PHONE,10,4,30
10282,UNKNOWN,9,4,30
10301,MOBILE,160,4,30
10301,ONLINE,488,4,30
10301,PHONE,382,4,30
10301,UNKNOWN,146,4,30
10302,MOBILE,108,4,30
10302,ONLINE,240,4,30
10302,PHONE,204,4,30
10302,UNKNOWN,41,4,30
10303,MOBILE,81,4,30
10303,ONLINE,205,4,30
10303,PHONE,211,4,30
10303,UNKNOWN,40,4,30
10304,MOBILE,84,4,30
10304,ONLINE,474,4,30
10304,PHONE,378,4,30
10304,UNKNOWN,114,4,30
10305,MOBILE,141,4,30
10305,ONLINE,372,4,30
10305,PHONE,255,4,30
10305,UNKNOWN,112,4,30
10306,MOBILE,100,4,30
10306,ONLINE,506,4,30
10306,PHONE,314,4,30
10306,UNKNOWN,210,4,30
10307,MOBILE,38,4,30
10307,ONLINE,151,4,30
10307,PHONE,67,4,30
10307,UNKNOWN,35,4,30
10308,MOBILE,49,4,30
10308,ONLINE,262,4,30
10308,PHONE,122,4,30
10308,UNKNOWN,63,4,30
10309,MOBILE,110,4,30
10309,ONLINE,422,4,30
10309,PHONE,186,4,30
10309,UNKNOWN,92,4,30
10310,MOBILE,97,4,30
10310,ONLINE,242,4,30
10310,PHONE,205,4,30
10310,UNKNOWN,41,4,30
10312,MOBILE,125,4,30
10312,ONLINE,685,4,30
10312,PHONE,328,4,30
10312,UNKNOWN,188,4,30
10314,MOBILE,165,4,30
10314,ONLINE,799,4,30
10314,PHONE,511,4,30
10314,UNKNOWN,257,4,30
10451,MOBILE,399,4,30
10451,ONLINE,670,4,30
10451,PHONE,683,4,30
10451,UNKNOWN,154,4,30
10452,MOBILE,716,4,30
10452,ONLINE,1160,4,30
10452,PHONE,1575,4,30
10452,UNKNOWN,194,4,30
10453,MOBILE,693,4,30
10453,ONLINE,1113,4,30
10453,PHONE,1109,4,30
10453,UNKNOWN,161,4,30
10454,MOBILE,300,4,30
10454,ONLINE,501,4,30
10454,PHONE,497,4,30
10454,UNKNOWN,82,4,30
10455,MOBILE,426,4,30
10455,ONLINE,660,4,30
10455,PHONE,495,4,30
10455,UNKNOWN,69,4,30
10456,MOBILE,380,4,30
10456,ONLINE,1238,4,30
10456,PHONE,1155,4,30
10456,UNKNOWN,119,4,30
10457,MOBILE,568,4,30
10457,ONLINE,1106,4,30
10457,PHONE,1189,4,30
10457,UNKNOWN,156,4,30
10458,MOBILE,623,4,30
10458,ONLINE,1235,4,30
10458,PHONE,1391,4,30
10458,UNKNOWN,121,4,30
10459,MOBILE,284,4,30
10459,ONLINE,682,4,30
10459,PHONE,670,4,30
10459,UNKNOWN,94,4,30
10460,MOBILE,511,4,30
10460,ONLINE,868,4,30
10460,PHONE,877,4,30
10460,UNKNOWN,128,4,30
10461,MOBILE,395,4,30
10461,ONLINE,964,4,30
10461,PHONE,609,4,30
10461,UNKNOWN,182,4,30
10462,MOBILE,412,4,30
10462,ONLINE,1043,4,30
10462,PHONE,733,4,30
10462,UNKNOWN,162,4,30
10463,MOBILE,942,4,30
10463,ONLINE,883,4,30
10463,PHONE,688,4,30
10463,UNKNOWN,104,4,30
10464,MOBILE,30,4,30
10464,ONLINE,76,4,30
10464,PHONE,43,4,30
10464,UNKNOWN,44,4,30
10465,MOBILE,311,4,30
10465,ONLINE,563,4,30
10465,PHONE,312,4,30
10465,UNKNOWN,136,4,30
10466,MOBILE,1658,4,30
10466,ONLINE,753,4,30
10466,PHONE,999,4,30
10466,UNKNOWN,117,4,30
10467,MOBILE,746,4,30
10467,ONLINE,1427,4,30
10467,PHONE,1264,4,30
10467,UNKNOWN,246,4,30
10468,MOBILE,673,4,30
10468,ONLINE,1431,4,30
10468,PHONE,972,4,30
10468,UNKNOWN,142,4,30
10469,MOBILE,542,4,30
10469,ONLINE,738,4,30
10469,PHONE,650,4,30
10469,UNKNOWN,123,4,30
10470,MOBILE,285,4,30
10470,ONLINE,202,4,30
10470,PHONE,227,4,30
10470,UNKNOWN,38,4,30
10471,MOBILE,200,4,30
10471,ONLINE,346,4,30
10471,PHONE,234,4,30
10471,UNKNOWN,57,4,30
10472,MOBILE,317,4,30
10472,ONLINE,727,4,30
10472,PHONE,887,4,30
10472,UNKNOWN,125,4,30
10473,MOBILE,269,4,30
10473,ONLINE,489,4,30
10473,PHONE,555,4,30
10473,UNKNOWN,68,4,30
10474,MOBILE,127,4,30
10474,ONLINE,241,4,30
10474,PHONE,236,4,30
10474,UNKNOWN,26,4,30
10475,MOBILE,34,4,30
10475,ONLINE,132,4,30
10475,PHONE,181,4,30
10475,UNKNOWN,45,4,30
10701,PHONE,1,4,30
11001,MOBILE,43,4,30
11001,ONLINE,22,4,30
11001,PHONE,15,4,30
11001,UNKNOWN,7,4,30
11004,MOBILE,24,4,30
11004,ONLINE,84,4,30
11004,PHONE,42,4,30
11004,UNKNOWN,47,4,30
11005,ONLINE,3,4,30
11005,PHONE,5,4,30
11040,MOBILE,6,4,30
11040,ONLINE,25,4,30
11040,PHONE,29,4,30
11040,UNKNOWN,14,4,30
11101,MOBILE,909,4,30
11101,ONLINE,1480,4,30
11101,PHONE,540,4,30
11101,UNKNOWN,214,4,30
11102,MOBILE,278,4,30
11102,ONLINE,615,4,30
11102,PHONE,257,4,30
11102,UNKNOWN,98,4,30
11103,MOBILE,419,4,30
11103,ONLINE,609,4,30
11103,PHONE,290,4,30
11103,UNKNOWN,66,4,30
11104,MOBILE,180,4,30
11104,ONLINE,303,4,30
11104,PHONE,220,4,30
11104,UNKNOWN,82,4,30
11105,MOBILE,316,4,30
11105,ONLINE,517,4,30
11105,PHONE,307,4,30
11105,UNKNOWN,70,4,30
11106,MOBILE,397,4,30
11106,ONLINE,645,4,30
11106,PHONE,307,4,30
11106,UNKNOWN,104,4,30
11109,MOBILE,37,4,30
11109,ONLINE,19,4,30
11109,PHONE,11,4,30
11109,UNKNOWN,2,4,30
11201,MOBILE,1248,4,30
11201,ONLINE,1745,4,30
11201,PHONE,354,4,30
11201,UNKNOWN,200,4,30
11203,MOBILE,294,4,30
11203,ONLINE,716,4,30
11203,PHONE,883,4,30
11203,UNKNOWN,137,4,30
11204,MOBILE,595,4,30
11204,ONLINE,660,4,30
11204,PHONE,428,4,30
11204,UNKNOWN,181,4,30
11205,MOBILE,339,4,30
11205,ONLINE,1004,4,30
11205,PHONE,554,4,30
11205,UNKNOWN,148,4,30
11206,MOBILE,562,4,30
11206,ONLINE,1027,4,30
11206,PHONE,601,4,30
11206,UNKNOWN,197,4,30
11207,MOBILE,637,4,30
11207,ONLINE,1367,4,30
11207,PHONE,1060,4,30
11207,UNKNOWN,239,4,30
11208,MOBILE,446,4,30
11208,ONLINE,1224,4,30
11208,PHONE,1011,4,30
11208,UNKNOWN,190,4,30
11209,MOBILE,894,4,30
11209,ONLINE,1006,4,30
11209,PHONE,622,4,30
11209,UNKNOWN,223,4,30
11210,MOBILE,269,4,30
11210,ONLINE,570,4,30
11210,PHONE,667,4,30
11210,UNKNOWN,156,4,30
11211,MOBILE,510,4,30
11211,ONLINE,1016,4,30
11211,PHONE,493,4,30
11211,UNKNOWN,325,4,30
11212,MOBILE,310,4,30
11212,ONLINE,894,4,30
11212,PHONE,938,4,30
11212,UNKNOWN,156,4,30
11213,MOBILE,370,4,30
11213,ONLINE,746,4,30
11213,PHONE,790,4,30
11213,UNKNOWN,142,4,30
11214,MOBILE,705,4,30
11214,ONLINE,1379,4,30
11214,PHONE,639,4,30
11214,UNKNOWN,166,4,30
11215,MOBILE,533,4,30
11215,ONLINE,1084,4,30
11215,PHONE,459,4,30
11215,UNKNOWN,230,4,30
11216,MOBILE,424,4,30
11216,ONLINE,1041,4,30
11216,PHONE,570,4,30
11216,UNKNOWN,168,4,30
11217,MOBILE,643,4,30
11217,ONLINE,958,4,30
11217,PHONE,335,4,30
11217,UNKNOWN,127,4,30
11218,MOBILE,474,4,30
11218,ONLINE,1105,4,30
11218,PHONE,557,4,30
11218,UNKNOWN,205,4,30
11219,MOBILE,405,4,30
11219,ONLINE,477,4,30
11219,PHONE,579,4,30
11219,UNKNOWN,148,4,30
11220,MOBILE,606,4,30
11220,ONLINE,976,4,30
11220,PHONE,683,4,30
11220,UNKNOWN,311,4,30
11221,MOBILE,590,4,30
11221,ONLINE,1143,4,30
11221,PHONE,896,4,30
11221,UNKNOWN,213,4,30
11222,MOBILE,632,4,30
11222,ONLINE,1379,4,30
11222,PHONE,390,4,30
11222,UNKNOWN,195,4,30
11223,MOBILE,364,4,30
11223,ONLINE,857,4,30
11223,PHONE,597,4,30
11223,UNKNOWN,171,4,30
11224,MOBILE,285,4,30
11224,ONLINE,324,4,30
11224,PHONE,293,4,30
11224,UNKNOWN,56,4,30
11225,MOBILE,422,4,30
11225,ONLINE,978,4,30
11225,PHONE,690,4,30
11225,UNKNOWN,156,4,30
11226,MOBILE,636,4,30
11226,ONLINE,1694,4,30
11226,PHONE,1336,4,30
11226,UNKNOWN,173,4,30
11228,MOBILE,315,4,30
11228,ONLINE,383,4,30
11228,PHONE,278,4,30
11228,UNKNOWN,80,4,30
11229,MOBILE,498,4,30
11229,ONLINE,956,4,30
11229,PHONE,685,4,30
11229,UNKNOWN,209,4,30
11230,MOBILE,427,4,30
11230,ONLINE,942,4,30
11230,PHONE,789,4,30
11230,UNKNOWN,213,4,30
11231,MOBILE,357,4,30
11231,ONLINE,1145,4,30
11231,PHONE,307,4,30
11231,UNKNOWN,95,4,30
11232,MOBILE,269,4,30
11232,ONLINE,408,4,30
11232,PHONE,232,4,30
11232,UNKNOWN,84,4,30
11233,MOBILE,374,4,30
11233,ONLINE,853,4,30
11233,PHONE,883,4,30
11233,UNKNOWN,162,4,30
11234,MOBILE,405,4,30
11234,ONLINE,819,4,30
11234,PHONE,744,4,30
11234,UNKNOWN,247,4,30
11235,MOBILE,633,4,30
11235,ONLINE,773,4,30
11235,PHONE,765,4,30
11235,UNKNOWN,183,4,30
11236,MOBILE,267,4,30
11236,ONLINE,698,4,30
11236,PHONE,789,4,30
11236,UNKNOWN,156,4,30
11237,MOBILE,501,4,30
11237,ONLINE,992,4,30
11237,PHONE,524,4,30
11237,UNKNOWN,136,4,30
11238,MOBILE,858,4,30
11238,ONLINE,919,4,30
11238,PHONE,457,4,30
11238,UNKNOWN,159,4,30
11239,MOBILE,48,4,30
11239,ONLINE,1301,4,30
11239,PHONE,216,4,30
11239,UNKNOWN,38,4,30
11241,ONLINE,1,4,30
11242,PHONE,1,4,30
11249,MOBILE,233,4,30
11249,ONLINE,575,4,30
11249,PHONE,220,4,30
11249,UNKNOWN,185,4,30
11251,ONLINE,1,4,30
11251,UNKNOWN,1,4,30
11354,MOBILE,608,4,30
11354,ONLINE,533,4,30
11354,PHONE,302,4,30
11354,UNKNOWN,177,4,30
11355,MOBILE,330,4,30
11355,ONLINE,670,4,30
11355,PHONE,470,4,30
11355,UNKNOWN,182,4,30
11356,MOBILE,196,4,30
11356,ONLINE,286,4,30
11356,PHONE,233,4,30
11356,UNKNOWN,39,4,30
11357,MOBILE,203,4,30
11357,ONLINE,350,4,30
11357,PHONE,210,4,30
11357,UNKNOWN,119,4,30
11358,MOBILE,184,4,30
11358,ONLINE,380,4,30
11358,PHONE,253,4,30
11358,UNKNOWN,144,4,30
11359,ONLINE,6,4,30
11359,PHONE,3,4,30
11359,UNKNOWN,1,4,30
11360,MOBILE,49,4,30
11360,ONLINE,134,4,30
11360,PHONE,96,4,30
11360,UNKNOWN,48,4,30
11361,MOBILE,112,4,30
11361,ONLINE,341,4,30
11361,PHONE,188,4,30
11361,UNKNOWN,94,4,30
11362,MOBILE,58,4,30
11362,ONLINE,114,4,30
11362,PHONE,89,4,30
11362,UNKNOWN,52,4,30
11363,MOBILE,21,4,30
11363,ONLINE,71,4,30
11363,PHONE,42,4,30
11363,UNKNOWN,39,4,30
11364,MOBILE,142,4,30
11364,ONLINE,197,4,30
11364,PHONE,148,4,30
11364,UNKNOWN,77,4,30
11365,MOBILE,188,4,30
11365,ONLINE,455,4,30
11365,PHONE,213,4,30
11365,UNKNOWN,89,4,30
11366,MOBILE,41,4,30
11366,ONLINE,1232,4,30
11366,PHONE,125,4,30
11366,UNKNOWN,65,4,30
11367,MOBILE,127,4,30
11367,ONLINE,291,4,30
11367,PHONE,248,4,30
11367,UNKNOWN,69,4,30
11368,MOBILE,830,4,30
11368,ONLINE,1375,4,30
11368,PHONE,742,4,30
11368,UNKNOWN,157,4,30
11369,MOBILE,177,4,30
11369,ONLINE,503,4,30
11369,PHONE,341,4,30
11369,UNKNOWN,70,4,30
11370,MOBILE,186,4,30
11370,ONLINE,242,4,30
11370,PHONE,171,4,30
11370,UNKNOWN,80,4,30
11371,ONLINE,1,4,30
11372,MOBILE,317,4,30
11372,ONLINE,953,4,30
11372,PHONE,421,4,30
11372,UNKNOWN,141,4,30
11373,MOBILE,369,4,30
11373,ONLINE,881,4,30
11373,PHONE,534,4,30
11373,UNKNOWN,184,4,30
11374,MOBILE,180,4,30
11374,ONLINE,776,4,30
11374,PHONE,352,4,30
11374,UNKNOWN,68,4,30
11375,MOBILE,250,4,30
11375,ONLINE,784,4,30
11375,PHONE,376,4,30
11375,UNKNOWN,190,4,30
11377,MOBILE,541,4,30
11377,ONLINE,999,4,30
11377,PHONE,567,4,30
11377,UNKNOWN,150,4,30
11378,MOBILE,568,4,30
11378,ONLINE,668,4,30
11378,PHONE,395,4,30
11378,UNKNOWN,131,4,30
11379,MOBILE,374,4,30
11379,ONLINE,416,4,30
11379,PHONE,279,4,30
11379,UNKNOWN,133,4,30
11385,MOBILE,1206,4,30
11385,ONLINE,1528,4,30
11385,PHONE,847,4,30
11385,UNKNOWN,289,4,30
11411,MOBILE,110,4,30
11411,ONLINE,132,4,30
11411,PHONE,122,4,30
11411,UNKNOWN,21,4,30
11412,MOBILE,82,4,30
11412,ONLINE,224,4,30
11412,PHONE,381,4,30
11412,UNKNOWN,72,4,30
11413,MOBILE,118,4,30
11413,ONLINE,245,4,30
11413,PHONE,412,4,30
11413,UNKNOWN,156,4,30
11414,MOBILE,181,4,30
11414,ONLINE,634,4,30
11414,PHONE,161,4,30
11414,UNKNOWN,67,4,30
11415,MOBILE,106,4,30
11415,ONLINE,192,4,30
11415,PHONE,132,4,30
11415,UNKNOWN,36,4,30
11416,MOBILE,159,4,30
11416,ONLINE,300,4,30
11416,PHONE,228,4,30
11416,UNKNOWN,55,4,30
11417,MOBILE,155,4,30
11417,ONLINE,471,4,30
11417,PHONE,261,4,30
11417,UNKNOWN,123,4,30
11418,MOBILE,186,4,30
11418,ONLINE,340,4,30
11418,PHONE,354,4,30
11418,UNKNOWN,93,4,30
11419,MOBILE,380,4,30
11419,ONLINE,484,4,30
11419,PHONE,497,4,30
11419,UNKNOWN,285,4,30
11420,MOBILE,357,4,30
11420,ONLINE,601,4,30
11420,PHONE,553,4,30
11420,UNKNOWN,151,4,30
11421,MOBILE,276,4,30
11421,ONLINE,853,4,30
11421,PHONE,365,4,30
11421,UNKNOWN,88,4,30
11422,MOBILE,60,4,30
11422,ONLINE,239,4,30
11422,PHONE,343,4,30
11422,UNKNOWN,93,4,30
11423,MOBILE,95,4,30
11423,ONLINE,300,4,30
11423,PHONE,329,4,30
11423,UNKNOWN,94,4,30
11426,MOBILE,42,4,30
11426,ONLINE,147,4,30
11426,PHONE,145,4,30
11426,UNKNOWN,89,4,30
11427,MOBILE,43,4,30
11427,ONLINE,149,4,30
11427,PHONE,131,4,30
11427,UNKNOWN,61,4,30
11428,MOBILE,52,4,30
11428,ONLINE,206,4,30
11428,PHONE,125,4,30
11428,UNKNOWN,49,4,30
11429,MOBILE,52,4,30
11429,ONLINE,497,4,30
11429,PHONE,229,4,30
11429,UNKNOWN,95,4,30
11430,MOBILE,17,4,30
11430,ONLINE,101,4,30
11430,PHONE,112,4,30
11430,UNKNOWN,32,4,30
11432,MOBILE,259,4,30
11432,ONLINE,973,4,30
11432,PHONE,557,4,30
11432,UNKNOWN,127,4,30
11433,MOBILE,105,4,30
11433,ONLINE,439,4,30
11433,PHONE,431,4,30
11433,UNKNOWN,66,4,30
11434,MOBILE,192,4,30
11434,ONLINE,457,4,30
11434,PHONE,657,4,30
11434,UNKNOWN,138,4,30
11435,MOBILE,255,4,30
11435,ONLINE,622,4,30
11435,PHONE,555,4,30
11435,UNKNOWN,113,4,30
11436,MOBILE,116,4,30
11436,ONLINE,172,4,30
11436,PHONE,206,4,30
11436,UNKNOWN,61,4,30
11520,PHONE,1,4,30
11581,PHONE,1,4,30
11691,MOBILE,188,4,30
11691,ONLINE,589,4,30
11691,PHONE,523,4,30
11691,UNKNOWN,129,4,30
11692,MOBILE,55,4,30
11692,ONLINE,128,4,30
11692,PHONE,158,4,30
11692,UNKNOWN,35,4,30
11693,MOBILE,94,4,30
11693,ONLINE,106,4,30
11693,PHONE,77,4,30
11693,UNKNOWN,31,4,30
11694,MOBILE,143,4,30
11694,ONLINE,242,4,30
11694,PHONE,143,4,30
11694,UNKNOWN,128,4,30
11697,MOBILE,5,4,30
11697,UNKNOWN,2,4,30
11776,ONLINE,1,4,30
11791,PHONE,3,4,30
11801,PHONE,1,4,30
12345,PHONE,1,4,30
14068,ONLINE,1,4,30
19013,PHONE,1,4,30
19034,ONLINE,1,4,30
37072,ONLINE,1,4,30
50613,ONLINE,1,4,30
55126,ONLINE,1,4,30
57109,PHONE,1,4,30
60192,ONLINE,1,4,30
NA,ONLINE,1,4,30
10000,ONLINE,18,5,31
10000,PHONE,4,5,31
10000,UNKNOWN,44,5,31
10001,MOBILE,442,5,31
10001,ONLINE,1200,5,31
10001,PHONE,525,5,31
10001,UNKNOWN,105,5,31
10002,MOBILE,816,5,31
10002,ONLINE,1105,5,31
10002,PHONE,367,5,31
10002,UNKNOWN,216,5,31
10003,MOBILE,681,5,31
10003,ONLINE,1241,5,31
10003,PHONE,519,5,31
10003,UNKNOWN,124,5,31
10004,MOBILE,48,5,31
10004,ONLINE,456,5,31
10004,PHONE,50,5,31
10004,UNKNOWN,60,5,31
10005,MOBILE,39,5,31
10005,ONLINE,216,5,31
10005,PHONE,28,5,31
10005,UNKNOWN,24,5,31
10006,MOBILE,67,5,31
10006,ONLINE,166,5,31
10006,PHONE,28,5,31
10006,UNKNOWN,18,5,31
10007,MOBILE,122,5,31
10007,ONLINE,321,5,31
10007,PHONE,48,5,31
10007,UNKNOWN,37,5,31
10009,MOBILE,419,5,31
10009,ONLINE,814,5,31
10009,PHONE,389,5,31
10009,UNKNOWN,120,5,31
10010,MOBILE,143,5,31
10010,ONLINE,349,5,31
10010,PHONE,157,5,31
10010,UNKNOWN,48,5,31
10011,MOBILE,700,5,31
10011,ONLINE,1044,5,31
10011,PHONE,381,5,31
10011,UNKNOWN,193,5,31
10012,MOBILE,353,5,31
10012,ONLINE,635,5,31
10012,PHONE,202,5,31
10012,UNKNOWN,110,5,31
10013,MOBILE,338,5,31
10013,ONLINE,922,5,31
10013,PHONE,339,5,31
10013,UNKNOWN,114,5,31
10014,MOBILE,384,5,31
10014,ONLINE,767,5,31
10014,PHONE,229,5,31
10014,UNKNOWN,126,5,31
10016,MOBILE,356,5,31
10016,ONLINE,807,5,31
10016,PHONE,329,5,31
10016,UNKNOWN,104,5,31
10017,MOBILE,133,5,31
10017,ONLINE,500,5,31
10017,PHONE,146,5,31
10017,UNKNOWN,82,5,31
10018,MOBILE,261,5,31
10018,ONLINE,312,5,31
10018,PHONE,120,5,31
10018,UNKNOWN,37,5,31
10019,MOBILE,591,5,31
10019,ONLINE,944,5,31
10019,PHONE,477,5,31
10019,UNKNOWN,109,5,31
10020,MOBILE,7,5,31
10020,ONLINE,46,5,31
10020,PHONE,17,5,31
10020,UNKNOWN,6,5,31
10021,MOBILE,172,5,31
10021,ONLINE,351,5,31
10021,PHONE,232,5,31
10021,UNKNOWN,78,5,31
10022,MOBILE,162,5,31
10022,ONLINE,445,5,31
10022,PHONE,196,5,31
10022,UNKNOWN,75,5,31
10023,MOBILE,561,5,31
10023,ONLINE,1037,5,31
10023,PHONE,330,5,31
10023,UNKNOWN,114,5,31
10024,MOBILE,218,5,31
10024,ONLINE,605,5,31
10024,PHONE,306,5,31
10024,UNKNOWN,115,5,31
10025,MOBILE,501,5,31
10025,ONLINE,980,5,31
10025,PHONE,639,5,31
10025,UNKNOWN,191,5,31
10026,MOBILE,451,5,31
10026,ONLINE,849,5,31
10026,PHONE,463,5,31
10026,UNKNOWN,70,5,31
10027,MOBILE,671,5,31
10027,ONLINE,1097,5,31
10027,PHONE,609,5,31
10027,UNKNOWN,130,5,31
10028,MOBILE,167,5,31
10028,ONLINE,566,5,31
10028,PHONE,279,5,31
10028,UNKNOWN,86,5,31
10029,MOBILE,454,5,31
10029,ONLINE,1089,5,31
10029,PHONE,546,5,31
10029,UNKNOWN,126,5,31
10030,MOBILE,285,5,31
10030,ONLINE,783,5,31
10030,PHONE,487,5,31
10030,UNKNOWN,72,5,31
10031,MOBILE,551,5,31
10031,ONLINE,1236,5,31
10031,PHONE,785,5,31
10031,UNKNOWN,179,5,31
10032,MOBILE,707,5,31
10032,ONLINE,910,5,31
10032,PHONE,838,5,31
10032,UNKNOWN,140,5,31
10033,MOBILE,589,5,31
10033,ONLINE,805,5,31
10033,PHONE,613,5,31
10033,UNKNOWN,109,5,31
10034,MOBILE,531,5,31
10034,ONLINE,767,5,31
10034,PHONE,557,5,31
10034,UNKNOWN,81,5,31
10035,MOBILE,400,5,31
10035,ONLINE,476,5,31
10035,PHONE,366,5,31
10035,UNKNOWN,106,5,31
10036,MOBILE,388,5,31
10036,ONLINE,1049,5,31
10036,PHONE,371,5,31
10036,UNKNOWN,91,5,31
10037,MOBILE,88,5,31
10037,ONLINE,540,5,31
10037,PHONE,325,5,31
10037,UNKNOWN,36,5,31
10038,MOBILE,216,5,31
10038,ONLINE,356,5,31
10038,OTHER,1,5,31
10038,PHONE,66,5,31
10038,UNKNOWN,75,5,31
10039,MOBILE,146,5,31
10039,ONLINE,418,5,31
10039,PHONE,477,5,31
10039,UNKNOWN,66,5,31
10040,MOBILE,310,5,31
10040,ONLINE,807,5,31
10040,PHONE,547,5,31
10040,UNKNOWN,76,5,31
10041,MOBILE,1,5,31
10041,ONLINE,3,5,31
10041,PHONE,1,5,31
10041,UNKNOWN,1,5,31
10044,MOBILE,14,5,31
10044,ONLINE,25,5,31
10044,PHONE,19,5,31
10044,UNKNOWN,1,5,31
10045,UNKNOWN,1,5,31
10048,ONLINE,5,5,31
10048,UNKNOWN,3,5,31
10055,ONLINE,1,5,31
10065,MOBILE,187,5,31
10065,ONLINE,281,5,31
10065,PHONE,200,5,31
10065,UNKNOWN,78,5,31
10069,MOBILE,11,5,31
10069,ONLINE,27,5,31
10069,PHONE,7,5,31
10069,UNKNOWN,3,5,31
10075,MOBILE,76,5,31
10075,ONLINE,224,5,31
10075,PHONE,107,5,31
10075,UNKNOWN,35,5,31
10105,ONLINE,10,5,31
10106,ONLINE,2,5,31
10107,ONLINE,4,5,31
10112,ONLINE,3,5,31
10118,ONLINE,4,5,31
10118,PHONE,1,5,31
10118,UNKNOWN,2,5,31
10119,ONLINE,4,5,31
10119,PHONE,1,5,31
10120,MOBILE,1,5,31
10120,ONLINE,1,5,31
10121,MOBILE,4,5,31
10121,ONLINE,23,5,31
10121,PHONE,6,5,31
10121,UNKNOWN,1,5,31
10123,MOBILE,1,5,31
10128,MOBILE,120,5,31
10128,ONLINE,425,5,31
10128,PHONE,295,5,31
10128,UNKNOWN,107,5,31
10151,MOBILE,3,5,31
10151,UNKNOWN,1,5,31
10153,MOBILE,6,5,31
10153,ONLINE,2,5,31
10153,PHONE,2,5,31
10154,MOBILE,5,5,31
10155,ONLINE,1,5,31
10158,ONLINE,1,5,31
10162,MOBILE,2,5,31
10162,ONLINE,2,5,31
10162,PHONE,1,5,31
10165,MOBILE,2,5,31
10165,ONLINE,4,5,31
10165,PHONE,1,5,31
10166,ONLINE,7,5,31
10168,ONLINE,13,5,31
10168,PHONE,2,5,31
10168,UNKNOWN,2,5,31
10169,MOBILE,33,5,31
10169,ONLINE,7,5,31
10169,PHONE,2,5,31
10170,ONLINE,1,5,31
10171,MOBILE,1,5,31
10171,ONLINE,1,5,31
10172,MOBILE,1,5,31
10172,PHONE,1,5,31
10172,UNKNOWN,3,5,31
10173,ONLINE,1,5,31
10175,ONLINE,1,5,31
10177,ONLINE,1,5,31
10178,ONLINE,1,5,31
10179,ONLINE,1,5,31
10271,PHONE,2,5,31
10278,MOBILE,3,5,31
10278,ONLINE,1,5,31
10278,PHONE,3,5,31
10278,UNKNOWN,2,5,31
10279,MOBILE,6,5,31
10279,ONLINE,1,5,31
10279,PHONE,1,5,31
10280,MOBILE,21,5,31
10280,ONLINE,96,5,31
10280,PHONE,19,5,31
10280,UNKNOWN,3,5,31
10281,MOBILE,5,5,31
10281,ONLINE,6,5,31
10281,PHONE,5,5,31
10282,MOBILE,25,5,31
10282,ONLINE,46,5,31
10282,PHONE,15,5,31
10282,UNKNOWN,10,5,31
10301,MOBILE,157,5,31
10301,ONLINE,524,5,31
10301,PHONE,406,5,31
10301,UNKNOWN,93,5,31
10302,MOBILE,125,5,31
10302,ONLINE,287,5,31
10302,PHONE,227,5,31
10302,UNKNOWN,74,5,31
10303,MOBILE,86,5,31
10303,ONLINE,262,5,31
10303,PHONE,249,5,31
10303,UNKNOWN,40,5,31
10304,MOBILE,116,5,31
10304,ONLINE,415,5,31
10304,PHONE,418,5,31
10304,UNKNOWN,121,5,31
10305,MOBILE,164,5,31
10305,ONLINE,404,5,31
10305,PHONE,340,5,31
10305,UNKNOWN,107,5,31
10306,MOBILE,103,5,31
10306,ONLINE,792,5,31
10306,PHONE,476,5,31
10306,UNKNOWN,181,5,31
10307,MOBILE,71,5,31
10307,ONLINE,170,5,31
10307,PHONE,90,5,31
10307,UNKNOWN,44,5,31
10308,MOBILE,58,5,31
10308,ONLINE,276,5,31
10308,PHONE,183,5,31
10308,UNKNOWN,86,5,31
10309,MOBILE,87,5,31
10309,ONLINE,392,5,31
10309,PHONE,181,5,31
10309,UNKNOWN,86,5,31
10310,MOBILE,100,5,31
10310,ONLINE,283,5,31
10310,PHONE,186,5,31
10310,UNKNOWN,70,5,31
10312,MOBILE,166,5,31
10312,ONLINE,897,5,31
10312,PHONE,378,5,31
10312,UNKNOWN,203,5,31
10314,MOBILE,143,5,31
10314,ONLINE,1047,5,31
10314,PHONE,528,5,31
10314,UNKNOWN,291,5,31
10451,MOBILE,637,5,31
10451,ONLINE,615,5,31
10451,PHONE,634,5,31
10451,UNKNOWN,174,5,31
10452,MOBILE,722,5,31
10452,ONLINE,1591,5,31
10452,PHONE,1684,5,31
10452,UNKNOWN,211,5,31
10453,MOBILE,690,5,31
10453,ONLINE,1133,5,31
10453,PHONE,1129,5,31
10453,UNKNOWN,155,5,31
10454,MOBILE,261,5,31
10454,ONLINE,506,5,31
10454,PHONE,465,5,31
10454,UNKNOWN,83,5,31
10455,MOBILE,439,5,31
10455,ONLINE,614,5,31
10455,PHONE,565,5,31
10455,UNKNOWN,93,5,31
10456,MOBILE,428,5,31
10456,ONLINE,1717,5,31
10456,PHONE,1378,5,31
10456,UNKNOWN,143,5,31
10457,MOBILE,612,5,31
10457,ONLINE,1139,5,31
10457,PHONE,1337,5,31
10457,UNKNOWN,159,5,31
10458,MOBILE,508,5,31
10458,ONLINE,1376,5,31
10458,PHONE,1443,5,31
10458,UNKNOWN,109,5,31
10459,MOBILE,334,5,31
10459,ONLINE,765,5,31
10459,PHONE,759,5,31
10459,UNKNOWN,113,5,31
10460,MOBILE,605,5,31
10460,ONLINE,991,5,31
10460,PHONE,901,5,31
10460,UNKNOWN,119,5,31
10461,MOBILE,401,5,31
10461,ONLINE,1034,5,31
10461,PHONE,568,5,31
10461,UNKNOWN,150,5,31
10462,MOBILE,384,5,31
10462,ONLINE,1204,5,31
10462,PHONE,675,5,31
10462,UNKNOWN,169,5,31
10463,MOBILE,974,5,31
10463,ONLINE,970,5,31
10463,PHONE,663,5,31
10463,UNKNOWN,132,5,31
10464,MOBILE,20,5,31
10464,ONLINE,117,5,31
10464,PHONE,58,5,31
10464,UNKNOWN,65,5,31
10465,MOBILE,305,5,31
10465,ONLINE,574,5,31
10465,PHONE,375,5,31
10465,UNKNOWN,111,5,31
10466,MOBILE,458,5,31
10466,ONLINE,788,5,31
10466,PHONE,940,5,31
10466,UNKNOWN,144,5,31
10467,MOBILE,751,5,31
10467,ONLINE,1494,5,31
10467,PHONE,1456,5,31
10467,UNKNOWN,203,5,31
10468,MOBILE,725,5,31
10468,ONLINE,1635,5,31
10468,PHONE,1027,5,31
10468,UNKNOWN,146,5,31
10469,MOBILE,255,5,31
10469,ONLINE,684,5,31
10469,PHONE,759,5,31
10469,UNKNOWN,130,5,31
10470,MOBILE,266,5,31
10470,ONLINE,333,5,31
10470,PHONE,220,5,31
10470,UNKNOWN,33,5,31
10471,MOBILE,199,5,31
10471,ONLINE,384,5,31
10471,PHONE,220,5,31
10471,UNKNOWN,51,5,31
10472,MOBILE,340,5,31
10472,ONLINE,793,5,31
10472,PHONE,756,5,31
10472,UNKNOWN,104,5,31
10473,MOBILE,321,5,31
10473,ONLINE,535,5,31
10473,PHONE,575,5,31
10473,UNKNOWN,80,5,31
10474,MOBILE,134,5,31
10474,ONLINE,229,5,31
10474,PHONE,279,5,31
10474,UNKNOWN,28,5,31
10475,MOBILE,93,5,31
10475,ONLINE,179,5,31
10475,PHONE,189,5,31
10475,UNKNOWN,40,5,31
10552,PHONE,1,5,31
10701,PHONE,1,5,31
11001,MOBILE,7,5,31
11001,ONLINE,13,5,31
11001,PHONE,33,5,31
11001,UNKNOWN,13,5,31
11003,ONLINE,1,5,31
11004,MOBILE,52,5,31
11004,ONLINE,94,5,31
11004,PHONE,53,5,31
11004,UNKNOWN,33,5,31
11005,ONLINE,1,5,31
11005,PHONE,4,5,31
11021,PHONE,1,5,31
11040,MOBILE,7,5,31
11040,ONLINE,23,5,31
11040,PHONE,12,5,31
11040,UNKNOWN,16,5,31
11101,MOBILE,954,5,31
11101,ONLINE,1697,5,31
11101,PHONE,508,5,31
11101,UNKNOWN,250,5,31
11102,MOBILE,271,5,31
11102,ONLINE,642,5,31
11102,PHONE,310,5,31
11102,UNKNOWN,104,5,31
11103,MOBILE,546,5,31
11103,ONLINE,997,5,31
11103,PHONE,278,5,31
11103,UNKNOWN,74,5,31
11104,MOBILE,165,5,31
11104,ONLINE,263,5,31
11104,PHONE,201,5,31
11104,UNKNOWN,71,5,31
11105,MOBILE,317,5,31
11105,ONLINE,655,5,31
11105,PHONE,264,5,31
11105,UNKNOWN,71,5,31
11106,MOBILE,333,5,31
11106,ONLINE,722,5,31
11106,PHONE,317,5,31
11106,UNKNOWN,93,5,31
11109,MOBILE,33,5,31
11109,ONLINE,27,5,31
11109,PHONE,4,5,31
11109,UNKNOWN,5,5,31
11201,MOBILE,1333,5,31
11201,ONLINE,1950,5,31
11201,OTHER,1,5,31
11201,PHONE,390,5,31
11201,UNKNOWN,182,5,31
11203,MOBILE,503,5,31
11203,ONLINE,712,5,31
11203,PHONE,908,5,31
11203,UNKNOWN,207,5,31
11204,MOBILE,721,5,31
11204,ONLINE,694,5,31
11204,PHONE,545,5,31
11204,UNKNOWN,208,5,31
11205,MOBILE,443,5,31
11205,ONLINE,1118,5,31
11205,PHONE,445,5,31
11205,UNKNOWN,136,5,31
11206,MOBILE,638,5,31
11206,ONLINE,1120,5,31
11206,PHONE,604,5,31
11206,UNKNOWN,209,5,31
11207,MOBILE,683,5,31
11207,ONLINE,1188,5,31
11207,PHONE,1203,5,31
11207,UNKNOWN,241,5,31
11208,MOBILE,669,5,31
11208,ONLINE,1315,5,31
11208,PHONE,1116,5,31
11208,UNKNOWN,184,5,31
11209,MOBILE,857,5,31
11209,ONLINE,984,5,31
11209,PHONE,551,5,31
11209,UNKNOWN,262,5,31
11210,MOBILE,366,5,31
11210,ONLINE,605,5,31
11210,PHONE,779,5,31
11210,UNKNOWN,191,5,31
11211,MOBILE,671,5,31
11211,ONLINE,1378,5,31
11211,PHONE,458,5,31
11211,UNKNOWN,328,5,31
11212,MOBILE,430,5,31
11212,ONLINE,908,5,31
11212,PHONE,883,5,31
11212,UNKNOWN,158,5,31
11213,MOBILE,389,5,31
11213,ONLINE,983,5,31
11213,PHONE,813,5,31
11213,UNKNOWN,141,5,31
11214,MOBILE,745,5,31
11214,ONLINE,1165,5,31
11214,PHONE,712,5,31
11214,UNKNOWN,211,5,31
11215,MOBILE,737,5,31
11215,ONLINE,1293,5,31
11215,PHONE,513,5,31
11215,UNKNOWN,177,5,31
11216,MOBILE,477,5,31
11216,ONLINE,1156,5,31
11216,PHONE,702,5,31
11216,UNKNOWN,164,5,31
11217,MOBILE,970,5,31
11217,ONLINE,1048,5,31
11217,PHONE,275,5,31
11217,UNKNOWN,132,5,31
11218,MOBILE,506,5,31
11218,ONLINE,895,5,31
11218,PHONE,551,5,31
11218,UNKNOWN,259,5,31
11219,MOBILE,383,5,31
11219,ONLINE,534,5,31
11219,PHONE,571,5,31
11219,UNKNOWN,157,5,31
11220,MOBILE,627,5,31
11220,ONLINE,1012,5,31
11220,PHONE,671,5,31
11220,UNKNOWN,256,5,31
11221,MOBILE,684,5,31
11221,ONLINE,1242,5,31
11221,PHONE,938,5,31
11221,UNKNOWN,198,5,31
11222,MOBILE,599,5,31
11222,ONLINE,1596,5,31
11222,PHONE,302,5,31
11222,UNKNOWN,188,5,31
11223,MOBILE,477,5,31
11223,ONLINE,940,5,31
11223,PHONE,678,5,31
11223,UNKNOWN,253,5,31
11224,MOBILE,239,5,31
11224,ONLINE,361,5,31
11224,PHONE,301,5,31
11224,UNKNOWN,82,5,31
11225,MOBILE,490,5,31
11225,ONLINE,863,5,31
11225,PHONE,606,5,31
11225,UNKNOWN,191,5,31
11226,MOBILE,804,5,31
11226,ONLINE,1737,5,31
11226,PHONE,1442,5,31
11226,UNKNOWN,188,5,31
11228,MOBILE,480,5,31
11228,ONLINE,546,5,31
11228,PHONE,340,5,31
11228,UNKNOWN,111,5,31
11229,MOBILE,470,5,31
11229,ONLINE,995,5,31
11229,PHONE,646,5,31
11229,UNKNOWN,253,5,31
11230,MOBILE,537,5,31
11230,ONLINE,1021,5,31
11230,PHONE,900,5,31
11230,UNKNOWN,282,5,31
11231,MOBILE,365,5,31
11231,ONLINE,1143,5,31
11231,PHONE,244,5,31
11231,UNKNOWN,81,5,31
11232,MOBILE,490,5,31
11232,ONLINE,577,5,31
11232,PHONE,262,5,31
11232,UNKNOWN,120,5,31
11233,MOBILE,469,5,31
11233,ONLINE,910,5,31
11233,PHONE,802,5,31
11233,UNKNOWN,173,5,31
11234,MOBILE,478,5,31
11234,ONLINE,1015,5,31
11234,PHONE,799,5,31
11234,UNKNOWN,225,5,31
11235,MOBILE,648,5,31
11235,ONLINE,959,5,31
11235,PHONE,717,5,31
11235,UNKNOWN,175,5,31
11236,MOBILE,278,5,31
11236,ONLINE,824,5,31
11236,PHONE,801,5,31
11236,UNKNOWN,172,5,31
11237,MOBILE,664,5,31
11237,ONLINE,959,5,31
11237,PHONE,483,5,31
11237,UNKNOWN,149,5,31
11238,MOBILE,836,5,31
11238,ONLINE,1139,5,31
11238,PHONE,520,5,31
11238,UNKNOWN,177,5,31
11239,MOBILE,66,5,31
11239,ONLINE,1774,5,31
11239,PHONE,185,5,31
11239,UNKNOWN,17,5,31
11241,PHONE,1,5,31
11249,MOBILE,271,5,31
11249,ONLINE,637,5,31
11249,PHONE,224,5,31
11249,UNKNOWN,138,5,31
11354,MOBILE,561,5,31
11354,ONLINE,634,5,31
11354,PHONE,384,5,31
11354,UNKNOWN,179,5,31
11355,MOBILE,351,5,31
11355,ONLINE,722,5,31
11355,PHONE,482,5,31
11355,UNKNOWN,161,5,31
11356,MOBILE,218,5,31
11356,ONLINE,303,5,31
11356,PHONE,316,5,31
11356,UNKNOWN,61,5,31
11357,MOBILE,183,5,31
11357,ONLINE,414,5,31
11357,PHONE,291,5,31
11357,UNKNOWN,90,5,31
11358,MOBILE,176,5,31
11358,ONLINE,473,5,31
11358,PHONE,276,5,31
11358,UNKNOWN,196,5,31
11359,ONLINE,4,5,31
11359,UNKNOWN,1,5,31
11360,MOBILE,68,5,31
11360,ONLINE,159,5,31
11360,PHONE,106,5,31
11360,UNKNOWN,36,5,31
11361,MOBILE,143,5,31
11361,ONLINE,390,5,31
11361,PHONE,190,5,31
11361,UNKNOWN,107,5,31
11362,MOBILE,50,5,31
11362,ONLINE,129,5,31
11362,PHONE,107,5,31
11362,UNKNOWN,75,5,31
11363,MOBILE,54,5,31
11363,ONLINE,109,5,31
11363,PHONE,51,5,31
11363,UNKNOWN,39,5,31
11364,MOBILE,162,5,31
11364,ONLINE,252,5,31
11364,PHONE,168,5,31
11364,UNKNOWN,61,5,31
11365,MOBILE,234,5,31
11365,ONLINE,385,5,31
11365,PHONE,319,5,31
11365,UNKNOWN,126,5,31
11366,MOBILE,69,5,31
11366,ONLINE,1135,5,31
11366,PHONE,145,5,31
11366,UNKNOWN,33,5,31
11367,MOBILE,166,5,31
11367,ONLINE,357,5,31
11367,PHONE,281,5,31
11367,UNKNOWN,102,5,31
11368,MOBILE,925,5,31
11368,ONLINE,1931,5,31
11368,PHONE,852,5,31
11368,UNKNOWN,177,5,31
11369,MOBILE,249,5,31
11369,ONLINE,497,5,31
11369,PHONE,429,5,31
11369,UNKNOWN,94,5,31
11370,MOBILE,229,5,31
11370,ONLINE,289,5,31
11370,PHONE,203,5,31
11370,UNKNOWN,80,5,31
11371,ONLINE,1,5,31
11372,MOBILE,321,5,31
11372,ONLINE,909,5,31
11372,PHONE,390,5,31
11372,UNKNOWN,173,5,31
11373,MOBILE,388,5,31
11373,ONLINE,991,5,31
11373,PHONE,517,5,31
11373,UNKNOWN,166,5,31
11374,MOBILE,152,5,31
11374,ONLINE,732,5,31
11374,PHONE,359,5,31
11374,UNKNOWN,122,5,31
11375,MOBILE,245,5,31
11375,ONLINE,893,5,31
11375,PHONE,386,5,31
11375,UNKNOWN,142,5,31
11377,MOBILE,547,5,31
11377,ONLINE,972,5,31
11377,PHONE,567,5,31
11377,UNKNOWN,181,5,31
11378,MOBILE,686,5,31
11378,ONLINE,680,5,31
11378,PHONE,420,5,31
11378,UNKNOWN,177,5,31
11379,MOBILE,381,5,31
11379,ONLINE,518,5,31
11379,PHONE,280,5,31
11379,UNKNOWN,149,5,31
11385,MOBILE,1433,5,31
11385,ONLINE,1703,5,31
11385,PHONE,902,5,31
11385,UNKNOWN,323,5,31
11411,MOBILE,115,5,31
11411,ONLINE,112,5,31
11411,PHONE,160,5,31
11411,UNKNOWN,44,5,31
11412,MOBILE,94,5,31
11412,ONLINE,288,5,31
11412,PHONE,453,5,31
11412,UNKNOWN,76,5,31
11413,MOBILE,148,5,31
11413,ONLINE,298,5,31
11413,PHONE,469,5,31
11413,UNKNOWN,122,5,31
11414,MOBILE,134,5,31
11414,ONLINE,621,5,31
11414,PHONE,226,5,31
11414,UNKNOWN,90,5,31
11415,MOBILE,91,5,31
11415,ONLINE,246,5,31
11415,PHONE,143,5,31
11415,UNKNOWN,67,5,31
11416,MOBILE,205,5,31
11416,ONLINE,327,5,31
11416,PHONE,264,5,31
11416,UNKNOWN,71,5,31
11417,MOBILE,288,5,31
11417,ONLINE,530,5,31
11417,PHONE,337,5,31
11417,UNKNOWN,112,5,31
11418,MOBILE,235,5,31
11418,ONLINE,398,5,31
11418,PHONE,362,5,31
11418,UNKNOWN,81,5,31
11419,MOBILE,510,5,31
11419,ONLINE,760,5,31
11419,PHONE,566,5,31
11419,UNKNOWN,200,5,31
11420,MOBILE,439,5,31
11420,ONLINE,894,5,31
11420,PHONE,669,5,31
11420,UNKNOWN,194,5,31
11421,MOBILE,349,5,31
11421,ONLINE,1292,5,31
11421,PHONE,434,5,31
11421,UNKNOWN,117,5,31
11422,MOBILE,71,5,31
11422,ONLINE,256,5,31
11422,PHONE,324,5,31
11422,UNKNOWN,147,5,31
11423,MOBILE,82,5,31
11423,ONLINE,348,5,31
11423,PHONE,269,5,31
11423,UNKNOWN,114,5,31
11426,MOBILE,70,5,31
11426,ONLINE,170,5,31
11426,PHONE,190,5,31
11426,UNKNOWN,100,5,31
11427,MOBILE,63,5,31
11427,ONLINE,169,5,31
11427,PHONE,180,5,31
11427,UNKNOWN,70,5,31
11428,MOBILE,69,5,31
11428,ONLINE,241,5,31
11428,PHONE,167,5,31
11428,UNKNOWN,47,5,31
11429,MOBILE,44,5,31
11429,ONLINE,348,5,31
11429,PHONE,305,5,31
11429,UNKNOWN,103,5,31
11430,MOBILE,20,5,31
11430,ONLINE,149,5,31
11430,PHONE,134,5,31
11430,UNKNOWN,29,5,31
11432,MOBILE,222,5,31
11432,ONLINE,1111,5,31
11432,PHONE,536,5,31
11432,UNKNOWN,175,5,31
11433,MOBILE,151,5,31
11433,ONLINE,625,5,31
11433,PHONE,592,5,31
11433,UNKNOWN,113,5,31
11434,MOBILE,185,5,31
11434,ONLINE,507,5,31
11434,PHONE,645,5,31
11434,UNKNOWN,191,5,31
11435,MOBILE,319,5,31
11435,ONLINE,713,5,31
11435,PHONE,608,5,31
11435,UNKNOWN,135,5,31
11436,MOBILE,119,5,31
11436,ONLINE,215,5,31
11436,PHONE,238,5,31
11436,UNKNOWN,54,5,31
11518,ONLINE,1,5,31
11691,MOBILE,230,5,31
11691,ONLINE,604,5,31
11691,PHONE,562,5,31
11691,UNKNOWN,133,5,31
11692,MOBILE,63,5,31
11692,ONLINE,169,5,31
11692,PHONE,173,5,31
11692,UNKNOWN,37,5,31
11693,MOBILE,118,5,31
11693,ONLINE,132,5,31
11693,PHONE,79,5,31
11693,UNKNOWN,37,5,31
11694,MOBILE,197,5,31
11694,ONLINE,263,5,31
11694,PHONE,147,5,31
11694,UNKNOWN,112,5,31
11697,MOBILE,2,5,31
11697,ONLINE,4,5,31
11697,PHONE,2,5,31
11697,UNKNOWN,1,5,31
11791,PHONE,2,5,31
12345,MOBILE,3,5,31
12345,ONLINE,2,5,31
19428,ONLINE,1,5,31
44139,PHONE,1,5,31
80222,PHONE,1,5,31
90022,PHONE,1,5,31
97008,ONLINE,1,5,31
Unsur,ONLINE,1,5,31
00083,ONLINE,2,6,30
02184,PHONE,1,6,30
07030,PHONE,1,6,30
07032,ONLINE,1,6,30
08731,ONLINE,1,6,30
10000,MOBILE,1,6,30
10000,ONLINE,20,6,30
10000,PHONE,11,6,30
10000,UNKNOWN,77,6,30
10001,MOBILE,414,6,30
10001,ONLINE,1169,6,30
10001,PHONE,538,6,30
10001,UNKNOWN,92,6,30
10002,MOBILE,813,6,30
10002,ONLINE,1047,6,30
10002,PHONE,434,6,30
10002,UNKNOWN,269,6,30
10003,MOBILE,604,6,30
10003,ONLINE,1062,6,30
10003,PHONE,459,6,30
10003,UNKNOWN,153,6,30
10004,MOBILE,82,6,30
10004,ONLINE,398,6,30
10004,PHONE,46,6,30
10004,UNKNOWN,24,6,30
10005,MOBILE,51,6,30
10005,ONLINE,177,6,30
10005,PHONE,41,6,30
10005,UNKNOWN,34,6,30
10006,MOBILE,28,6,30
10006,ONLINE,175,6,30
10006,PHONE,19,6,30
10006,UNKNOWN,10,6,30
10007,MOBILE,112,6,30
10007,ONLINE,314,6,30
10007,PHONE,51,6,30
10007,UNKNOWN,43,6,30
10009,MOBILE,510,6,30
10009,ONLINE,859,6,30
10009,PHONE,376,6,30
10009,UNKNOWN,169,6,30
10010,MOBILE,179,6,30
10010,ONLINE,382,6,30
10010,PHONE,166,6,30
10010,UNKNOWN,69,6,30
10011,MOBILE,684,6,30
10011,ONLINE,803,6,30
10011,PHONE,370,6,30
10011,UNKNOWN,144,6,30
10012,MOBILE,277,6,30
10012,ONLINE,652,6,30
10012,PHONE,198,6,30
10012,UNKNOWN,62,6,30
10013,MOBILE,282,6,30
10013,ONLINE,1097,6,30
10013,PHONE,281,6,30
10013,UNKNOWN,111,6,30
10014,MOBILE,353,6,30
10014,ONLINE,708,6,30
10014,PHONE,236,6,30
10014,UNKNOWN,107,6,30
10016,MOBILE,381,6,30
10016,ONLINE,850,6,30
10016,PHONE,328,6,30
10016,UNKNOWN,111,6,30
10017,MOBILE,116,6,30
10017,ONLINE,452,6,30
10017,PHONE,123,6,30
10017,UNKNOWN,72,6,30
10018,MOBILE,224,6,30
10018,ONLINE,377,6,30
10018,PHONE,131,6,30
10018,UNKNOWN,52,6,30
10019,MOBILE,633,6,30
10019,ONLINE,991,6,30
10019,PHONE,352,6,30
10019,UNKNOWN,106,6,30
10020,MOBILE,10,6,30
10020,ONLINE,22,6,30
10020,PHONE,5,6,30
10020,UNKNOWN,6,6,30
10021,MOBILE,110,6,30
10021,ONLINE,326,6,30
10021,PHONE,162,6,30
10021,UNKNOWN,81,6,30
10022,MOBILE,184,6,30
10022,ONLINE,395,6,30
10022,PHONE,222,6,30
10022,UNKNOWN,72,6,30
10023,MOBILE,448,6,30
10023,ONLINE,955,6,30
10023,PHONE,322,6,30
10023,UNKNOWN,107,6,30
10024,MOBILE,206,6,30
10024,ONLINE,504,6,30
10024,PHONE,314,6,30
10024,UNKNOWN,85,6,30
10025,MOBILE,424,6,30
10025,ONLINE,899,6,30
10025,PHONE,578,6,30
10025,UNKNOWN,178,6,30
10026,MOBILE,511,6,30
10026,ONLINE,843,6,30
10026,PHONE,555,6,30
10026,UNKNOWN,75,6,30
10027,MOBILE,629,6,30
10027,ONLINE,948,6,30
10027,PHONE,650,6,30
10027,UNKNOWN,225,6,30
10028,MOBILE,153,6,30
10028,ONLINE,500,6,30
10028,PHONE,292,6,30
10028,UNKNOWN,133,6,30
10029,MOBILE,688,6,30
10029,ONLINE,1289,6,30
10029,PHONE,704,6,30
10029,UNKNOWN,192,6,30
10030,MOBILE,337,6,30
10030,ONLINE,665,6,30
10030,PHONE,456,6,30
10030,UNKNOWN,98,6,30
10031,MOBILE,862,6,30
10031,ONLINE,1396,6,30
10031,PHONE,868,6,30
10031,UNKNOWN,157,6,30
10032,MOBILE,852,6,30
10032,ONLINE,1404,6,30
10032,PHONE,858,6,30
10032,UNKNOWN,136,6,30
10033,MOBILE,819,6,30
10033,ONLINE,1011,6,30
10033,PHONE,708,6,30
10033,UNKNOWN,100,6,30
10034,MOBILE,601,6,30
10034,ONLINE,875,6,30
10034,PHONE,506,6,30
10034,UNKNOWN,64,6,30
10035,MOBILE,367,6,30
10035,ONLINE,535,6,30
10035,PHONE,416,6,30
10035,UNKNOWN,130,6,30
10036,MOBILE,442,6,30
10036,ONLINE,1241,6,30
10036,PHONE,326,6,30
10036,UNKNOWN,109,6,30
10037,MOBILE,122,6,30
10037,ONLINE,271,6,30
10037,PHONE,355,6,30
10037,UNKNOWN,39,6,30
10038,MOBILE,157,6,30
10038,ONLINE,332,6,30
10038,PHONE,79,6,30
10038,UNKNOWN,66,6,30
10039,MOBILE,202,6,30
10039,ONLINE,381,6,30
10039,PHONE,401,6,30
10039,UNKNOWN,68,6,30
10040,MOBILE,413,6,30
10040,ONLINE,1021,6,30
10040,PHONE,689,6,30
10040,UNKNOWN,60,6,30
10041,MOBILE,1,6,30
10044,MOBILE,7,6,30
10044,ONLINE,24,6,30
10044,PHONE,6,6,30
10044,UNKNOWN,1,6,30
10045,MOBILE,2,6,30
10045,ONLINE,1,6,30
10045,UNKNOWN,8,6,30
10048,ONLINE,6,6,30
10048,UNKNOWN,7,6,30
10065,MOBILE,244,6,30
10065,ONLINE,277,6,30
10065,PHONE,190,6,30
10065,UNKNOWN,81,6,30
10069,MOBILE,17,6,30
10069,ONLINE,23,6,30
10069,PHONE,8,6,30
10069,UNKNOWN,9,6,30
10075,MOBILE,78,6,30
10075,ONLINE,192,6,30
10075,PHONE,91,6,30
10075,UNKNOWN,60,6,30
10103,MOBILE,2,6,30
10103,ONLINE,3,6,30
10105,ONLINE,5,6,30
10105,PHONE,4,6,30
10105,UNKNOWN,1,6,30
10107,ONLINE,2,6,30
10110,ONLINE,6,6,30
10112,ONLINE,2,6,30
10112,UNKNOWN,2,6,30
10118,MOBILE,9,6,30
10118,ONLINE,4,6,30
10119,MOBILE,3,6,30
10119,ONLINE,2,6,30
10119,PHONE,1,6,30
10120,ONLINE,1,6,30
10120,PHONE,3,6,30
10121,MOBILE,1,6,30
10121,ONLINE,20,6,30
10121,PHONE,6,6,30
10121,UNKNOWN,4,6,30
10123,PHONE,1,6,30
10128,MOBILE,162,6,30
10128,ONLINE,369,6,30
10128,PHONE,235,6,30
10128,UNKNOWN,69,6,30
10151,MOBILE,2,6,30
10151,UNKNOWN,1,6,30
10152,MOBILE,3,6,30
10152,PHONE,2,6,30
10153,MOBILE,16,6,30
10153,ONLINE,1,6,30
10153,PHONE,3,6,30
10154,MOBILE,13,6,30
10154,ONLINE,1,6,30
10155,ONLINE,2,6,30
10158,MOBILE,1,6,30
10158,ONLINE,4,6,30
10162,MOBILE,10,6,30
10162,PHONE,1,6,30
10165,MOBILE,2,6,30
10165,ONLINE,4,6,30
10165,PHONE,3,6,30
10167,ONLINE,1,6,30
10168,MOBILE,1,6,30
10168,ONLINE,7,6,30
10168,PHONE,1,6,30
10169,MOBILE,44,6,30
10169,ONLINE,3,6,30
10169,PHONE,1,6,30
10171,MOBILE,2,6,30
10171,ONLINE,3,6,30
10171,PHONE,1,6,30
10172,ONLINE,2,6,30
10172,UNKNOWN,7,6,30
10175,ONLINE,4,6,30
10176,ONLINE,1,6,30
10177,UNKNOWN,1,6,30
10178,ONLINE,2,6,30
10179,PHONE,1,6,30
10271,ONLINE,1,6,30
10271,PHONE,1,6,30
10278,MOBILE,3,6,30
10278,ONLINE,9,6,30
10278,PHONE,1,6,30
10278,UNKNOWN,4,6,30
10279,MOBILE,1,6,30
10279,ONLINE,3,6,30
10280,MOBILE,13,6,30
10280,ONLINE,71,6,30
10280,PHONE,13,6,30
10280,UNKNOWN,3,6,30
10281,MOBILE,2,6,30
10281,ONLINE,7,6,30
10281,PHONE,3,6,30
10281,UNKNOWN,2,6,30
10282,MOBILE,27,6,30
10282,ONLINE,50,6,30
10282,PHONE,14,6,30
10282,UNKNOWN,4,6,30
10301,MOBILE,148,6,30
10301,ONLINE,540,6,30
10301,PHONE,403,6,30
10301,UNKNOWN,107,6,30
10302,MOBILE,79,6,30
10302,ONLINE,238,6,30
10302,PHONE,199,6,30
10302,UNKNOWN,50,6,30
10303,MOBILE,82,6,30
10303,ONLINE,223,6,30
10303,PHONE,192,6,30
10303,UNKNOWN,56,6,30
10304,MOBILE,108,6,30
10304,ONLINE,444,6,30
10304,PHONE,342,6,30
10304,UNKNOWN,144,6,30
10305,MOBILE,166,6,30
10305,ONLINE,491,6,30
10305,PHONE,282,6,30
10305,UNKNOWN,127,6,30
10306,MOBILE,104,6,30
10306,ONLINE,755,6,30
10306,PHONE,338,6,30
10306,UNKNOWN,274,6,30
10307,MOBILE,68,6,30
10307,ONLINE,298,6,30
10307,PHONE,69,6,30
10307,UNKNOWN,43,6,30
10308,MOBILE,59,6,30
10308,ONLINE,286,6,30
10308,PHONE,166,6,30
10308,UNKNOWN,85,6,30
10309,MOBILE,75,6,30
10309,ONLINE,447,6,30
10309,PHONE,180,6,30
10309,UNKNOWN,100,6,30
10310,MOBILE,73,6,30
10310,ONLINE,270,6,30
10310,PHONE,234,6,30
10310,UNKNOWN,98,6,30
10312,MOBILE,155,6,30
10312,ONLINE,946,6,30
10312,PHONE,383,6,30
10312,UNKNOWN,170,6,30
10314,MOBILE,191,6,30
10314,ONLINE,1004,6,30
10314,PHONE,509,6,30
10314,UNKNOWN,241,6,30
10451,MOBILE,588,6,30
10451,ONLINE,814,6,30
10451,PHONE,841,6,30
10451,UNKNOWN,157,6,30
10452,MOBILE,914,6,30
10452,ONLINE,1885,6,30
10452,PHONE,2158,6,30
10452,UNKNOWN,247,6,30
10453,MOBILE,1012,6,30
10453,ONLINE,1421,6,30
10453,PHONE,1586,6,30
10453,UNKNOWN,193,6,30
10454,MOBILE,279,6,30
10454,ONLINE,508,6,30
10454,PHONE,493,6,30
10454,UNKNOWN,73,6,30
10455,MOBILE,547,6,30
10455,ONLINE,721,6,30
10455,PHONE,708,6,30
10455,UNKNOWN,76,6,30
10456,MOBILE,525,6,30
10456,ONLINE,2131,6,30
10456,PHONE,1670,6,30
10456,UNKNOWN,165,6,30
10457,MOBILE,913,6,30
10457,ONLINE,1759,6,30
10457,PHONE,1785,6,30
10457,UNKNOWN,193,6,30
10458,MOBILE,685,6,30
10458,ONLINE,1283,6,30
10458,PHONE,1472,6,30
10458,UNKNOWN,134,6,30
10459,MOBILE,393,6,30
10459,ONLINE,833,6,30
10459,PHONE,860,6,30
10459,UNKNOWN,103,6,30
10460,MOBILE,663,6,30
10460,ONLINE,1033,6,30
10460,PHONE,977,6,30
10460,UNKNOWN,182,6,30
10461,MOBILE,453,6,30
10461,ONLINE,1050,6,30
10461,PHONE,608,6,30
10461,UNKNOWN,172,6,30
10462,MOBILE,394,6,30
10462,ONLINE,1060,6,30
10462,PHONE,778,6,30
10462,UNKNOWN,158,6,30
10463,MOBILE,968,6,30
10463,ONLINE,1267,6,30
10463,PHONE,939,6,30
10463,UNKNOWN,150,6,30
10464,MOBILE,26,6,30
10464,ONLINE,242,6,30
10464,PHONE,61,6,30
10464,UNKNOWN,32,6,30
10465,MOBILE,415,6,30
10465,ONLINE,656,6,30
10465,PHONE,397,6,30
10465,UNKNOWN,116,6,30
10466,MOBILE,505,6,30
10466,ONLINE,807,6,30
10466,PHONE,1063,6,30
10466,UNKNOWN,118,6,30
10467,MOBILE,752,6,30
10467,ONLINE,1481,6,30
10467,PHONE,1573,6,30
10467,UNKNOWN,274,6,30
10468,MOBILE,943,6,30
10468,ONLINE,1768,6,30
10468,PHONE,1442,6,30
10468,UNKNOWN,168,6,30
10469,MOBILE,367,6,30
10469,ONLINE,796,6,30
10469,PHONE,797,6,30
10469,UNKNOWN,156,6,30
10470,MOBILE,287,6,30
10470,ONLINE,307,6,30
10470,PHONE,255,6,30
10470,UNKNOWN,50,6,30
10471,MOBILE,220,6,30
10471,ONLINE,554,6,30
10471,PHONE,402,6,30
10471,UNKNOWN,65,6,30
10472,MOBILE,379,6,30
10472,ONLINE,898,6,30
10472,PHONE,1008,6,30
10472,UNKNOWN,128,6,30
10473,MOBILE,335,6,30
10473,ONLINE,644,6,30
10473,PHONE,578,6,30
10473,UNKNOWN,97,6,30
10474,MOBILE,112,6,30
10474,ONLINE,278,6,30
10474,PHONE,336,6,30
10474,UNKNOWN,29,6,30
10475,MOBILE,46,6,30
10475,ONLINE,167,6,30
10475,PHONE,183,6,30
10475,UNKNOWN,53,6,30
10701,PHONE,1,6,30
10710,PHONE,1,6,30
11001,MOBILE,14,6,30
11001,ONLINE,29,6,30
11001,PHONE,26,6,30
11001,UNKNOWN,10,6,30
11004,MOBILE,50,6,30
11004,ONLINE,99,6,30
11004,PHONE,68,6,30
11004,UNKNOWN,72,6,30
11005,ONLINE,1,6,30
11005,PHONE,2,6,30
11005,UNKNOWN,4,6,30
11040,MOBILE,8,6,30
11040,ONLINE,30,6,30
11040,PHONE,8,6,30
11040,UNKNOWN,9,6,30
11101,MOBILE,1071,6,30
11101,ONLINE,1568,6,30
11101,PHONE,495,6,30
11101,UNKNOWN,231,6,30
11102,MOBILE,254,6,30
11102,ONLINE,635,6,30
11102,PHONE,318,6,30
11102,UNKNOWN,79,6,30
11103,MOBILE,381,6,30
11103,ONLINE,899,6,30
11103,PHONE,266,6,30
11103,UNKNOWN,71,6,30
11104,MOBILE,148,6,30
11104,ONLINE,297,6,30
11104,PHONE,212,6,30
11104,UNKNOWN,51,6,30
11105,MOBILE,361,6,30
11105,ONLINE,564,6,30
11105,PHONE,289,6,30
11105,UNKNOWN,87,6,30
11106,MOBILE,328,6,30
11106,ONLINE,542,6,30
11106,PHONE,275,6,30
11106,UNKNOWN,90,6,30
11109,MOBILE,34,6,30
11109,ONLINE,25,6,30
11109,PHONE,19,6,30
11109,UNKNOWN,7,6,30
11201,MOBILE,1262,6,30
11201,ONLINE,1703,6,30
11201,PHONE,320,6,30
11201,UNKNOWN,174,6,30
11203,MOBILE,387,6,30
11203,ONLINE,722,6,30
11203,PHONE,1024,6,30
11203,UNKNOWN,260,6,30
11204,MOBILE,630,6,30
11204,ONLINE,603,6,30
11204,PHONE,454,6,30
11204,UNKNOWN,202,6,30
11205,MOBILE,409,6,30
11205,ONLINE,910,6,30
11205,PHONE,523,6,30
11205,UNKNOWN,120,6,30
11206,MOBILE,598,6,30
11206,ONLINE,1165,6,30
11206,PHONE,568,6,30
11206,UNKNOWN,265,6,30
11207,MOBILE,872,6,30
11207,ONLINE,1249,6,30
11207,PHONE,1281,6,30
11207,UNKNOWN,380,6,30
11208,MOBILE,740,6,30
11208,ONLINE,1196,6,30
11208,PHONE,1176,6,30
11208,UNKNOWN,184,6,30
11209,MOBILE,781,6,30
11209,ONLINE,908,6,30
11209,PHONE,443,6,30
11209,UNKNOWN,169,6,30
11210,MOBILE,312,6,30
11210,ONLINE,596,6,30
11210,PHONE,763,6,30
11210,UNKNOWN,162,6,30
11211,MOBILE,744,6,30
11211,ONLINE,1355,6,30
11211,PHONE,528,6,30
11211,UNKNOWN,334,6,30
11212,MOBILE,358,6,30
11212,ONLINE,1032,6,30
11212,PHONE,1085,6,30
11212,UNKNOWN,244,6,30
11213,MOBILE,340,6,30
11213,ONLINE,896,6,30
11213,PHONE,886,6,30
11213,UNKNOWN,252,6,30
11214,MOBILE,686,6,30
11214,ONLINE,1153,6,30
11214,PHONE,751,6,30
11214,UNKNOWN,243,6,30
11215,MOBILE,569,6,30
11215,ONLINE,1079,6,30
11215,PHONE,424,6,30
11215,UNKNOWN,301,6,30
11216,MOBILE,567,6,30
11216,ONLINE,1121,6,30
11216,PHONE,775,6,30
11216,UNKNOWN,168,6,30
11217,MOBILE,809,6,30
11217,ONLINE,838,6,30
11217,PHONE,260,6,30
11217,UNKNOWN,109,6,30
11218,MOBILE,425,6,30
11218,ONLINE,895,6,30
11218,PHONE,506,6,30
11218,UNKNOWN,228,6,30
11219,MOBILE,357,6,30
11219,ONLINE,499,6,30
11219,PHONE,588,6,30
11219,UNKNOWN,215,6,30
11220,MOBILE,631,6,30
11220,ONLINE,978,6,30
11220,PHONE,662,6,30
11220,UNKNOWN,254,6,30
11221,MOBILE,774,6,30
11221,ONLINE,1352,6,30
11221,PHONE,965,6,30
11221,UNKNOWN,275,6,30
11222,MOBILE,582,6,30
11222,ONLINE,1358,6,30
11222,PHONE,345,6,30
11222,UNKNOWN,196,6,30
11223,MOBILE,416,6,30
11223,ONLINE,894,6,30
11223,PHONE,530,6,30
11223,UNKNOWN,293,6,30
11224,MOBILE,340,6,30
11224,ONLINE,385,6,30
11224,PHONE,359,6,30
11224,UNKNOWN,76,6,30
11225,MOBILE,491,6,30
11225,ONLINE,836,6,30
11225,PHONE,727,6,30
11225,UNKNOWN,158,6,30
11226,MOBILE,802,6,30
11226,ONLINE,1612,6,30
11226,PHONE,1340,6,30
11226,UNKNOWN,257,6,30
11228,MOBILE,434,6,30
11228,ONLINE,501,6,30
11228,PHONE,289,6,30
11228,UNKNOWN,150,6,30
11229,MOBILE,483,6,30
11229,ONLINE,928,6,30
11229,PHONE,636,6,30
11229,UNKNOWN,316,6,30
11230,MOBILE,489,6,30
11230,ONLINE,893,6,30
11230,PHONE,766,6,30
11230,UNKNOWN,307,6,30
11231,MOBILE,359,6,30
11231,ONLINE,1005,6,30
11231,PHONE,248,6,30
11231,UNKNOWN,113,6,30
11232,MOBILE,367,6,30
11232,ONLINE,494,6,30
11232,PHONE,221,6,30
11232,UNKNOWN,150,6,30
11233,MOBILE,478,6,30
11233,ONLINE,973,6,30
11233,PHONE,882,6,30
11233,UNKNOWN,180,6,30
11234,MOBILE,462,6,30
11234,ONLINE,1004,6,30
11234,PHONE,830,6,30
11234,UNKNOWN,313,6,30
11235,MOBILE,666,6,30
11235,ONLINE,1037,6,30
11235,PHONE,764,6,30
11235,UNKNOWN,255,6,30
11236,MOBILE,310,6,30
11236,ONLINE,844,6,30
11236,PHONE,824,6,30
11236,UNKNOWN,206,6,30
11237,MOBILE,801,6,30
11237,ONLINE,1146,6,30
11237,PHONE,605,6,30
11237,UNKNOWN,176,6,30
11238,MOBILE,823,6,30
11238,ONLINE,1233,6,30
11238,PHONE,538,6,30
11238,UNKNOWN,141,6,30
11239,MOBILE,76,6,30
11239,ONLINE,629,6,30
11239,PHONE,160,6,30
11239,UNKNOWN,30,6,30
11241,PHONE,1,6,30
11242,ONLINE,3,6,30
11249,MOBILE,306,6,30
11249,ONLINE,664,6,30
11249,PHONE,238,6,30
11249,UNKNOWN,160,6,30
11251,PHONE,1,6,30
11251,UNKNOWN,1,6,30
11354,MOBILE,558,6,30
11354,ONLINE,519,6,30
11354,PHONE,328,6,30
11354,UNKNOWN,175,6,30
11355,MOBILE,372,6,30
11355,ONLINE,801,6,30
11355,PHONE,503,6,30
11355,UNKNOWN,183,6,30
11356,MOBILE,198,6,30
11356,ONLINE,376,6,30
11356,PHONE,253,6,30
11356,UNKNOWN,57,6,30
11357,MOBILE,218,6,30
11357,ONLINE,488,6,30
11357,PHONE,265,6,30
11357,UNKNOWN,115,6,30
11358,MOBILE,203,6,30
11358,ONLINE,528,6,30
11358,PHONE,303,6,30
11358,UNKNOWN,158,6,30
11359,MOBILE,3,6,30
11359,ONLINE,4,6,30
11359,PHONE,3,6,30
11359,UNKNOWN,1,6,30
11360,MOBILE,49,6,30
11360,ONLINE,156,6,30
11360,PHONE,96,6,30
11360,UNKNOWN,46,6,30
11361,MOBILE,158,6,30
11361,ONLINE,492,6,30
11361,PHONE,189,6,30
11361,UNKNOWN,76,6,30
11362,MOBILE,62,6,30
11362,ONLINE,143,6,30
11362,PHONE,92,6,30
11362,UNKNOWN,43,6,30
11363,MOBILE,45,6,30
11363,ONLINE,116,6,30
11363,PHONE,29,6,30
11363,UNKNOWN,23,6,30
11364,MOBILE,119,6,30
11364,ONLINE,379,6,30
11364,PHONE,189,6,30
11364,UNKNOWN,99,6,30
11365,MOBILE,240,6,30
11365,ONLINE,461,6,30
11365,PHONE,259,6,30
11365,UNKNOWN,111,6,30
11366,MOBILE,70,6,30
11366,ONLINE,1718,6,30
11366,PHONE,127,6,30
11366,UNKNOWN,49,6,30
11367,MOBILE,171,6,30
11367,ONLINE,360,6,30
11367,PHONE,263,6,30
11367,UNKNOWN,84,6,30
11368,MOBILE,958,6,30
11368,ONLINE,1727,6,30
11368,PHONE,913,6,30
11368,UNKNOWN,226,6,30
11369,MOBILE,257,6,30
11369,ONLINE,527,6,30
11369,PHONE,411,6,30
11369,UNKNOWN,83,6,30
11370,MOBILE,245,6,30
11370,ONLINE,257,6,30
11370,PHONE,224,6,30
11370,UNKNOWN,61,6,30
11372,MOBILE,393,6,30
11372,ONLINE,915,6,30
11372,PHONE,441,6,30
11372,UNKNOWN,164,6,30
11373,MOBILE,428,6,30
11373,ONLINE,1005,6,30
11373,PHONE,576,6,30
11373,UNKNOWN,181,6,30
11374,MOBILE,206,6,30
11374,ONLINE,589,6,30
11374,PHONE,327,6,30
11374,UNKNOWN,161,6,30
11375,MOBILE,273,6,30
11375,ONLINE,833,6,30
11375,PHONE,375,6,30
11375,UNKNOWN,167,6,30
11377,MOBILE,601,6,30
11377,ONLINE,1096,6,30
11377,PHONE,646,6,30
11377,UNKNOWN,193,6,30
11378,MOBILE,733,6,30
11378,ONLINE,797,6,30
11378,PHONE,424,6,30
11378,UNKNOWN,185,6,30
11379,MOBILE,458,6,30
11379,ONLINE,481,6,30
11379,PHONE,257,6,30
11379,UNKNOWN,128,6,30
11385,MOBILE,1470,6,30
11385,ONLINE,1692,6,30
11385,PHONE,904,6,30
11385,UNKNOWN,355,6,30
11411,MOBILE,141,6,30
11411,ONLINE,151,6,30
11411,PHONE,238,6,30
11411,UNKNOWN,56,6,30
11412,MOBILE,123,6,30
11412,ONLINE,294,6,30
11412,PHONE,516,6,30
11412,UNKNOWN,86,6,30
11413,MOBILE,153,6,30
11413,ONLINE,352,6,30
11413,PHONE,467,6,30
11413,UNKNOWN,132,6,30
11414,MOBILE,128,6,30
11414,ONLINE,755,6,30
11414,PHONE,209,6,30
11414,UNKNOWN,76,6,30
11415,MOBILE,99,6,30
11415,ONLINE,276,6,30
11415,PHONE,156,6,30
11415,UNKNOWN,69,6,30
11416,MOBILE,158,6,30
11416,ONLINE,331,6,30
11416,PHONE,286,6,30
11416,UNKNOWN,99,6,30
11417,MOBILE,304,6,30
11417,ONLINE,531,6,30
11417,PHONE,360,6,30
11417,UNKNOWN,163,6,30
11418,MOBILE,299,6,30
11418,ONLINE,419,6,30
11418,PHONE,403,6,30
11418,UNKNOWN,66,6,30
11419,MOBILE,460,6,30
11419,ONLINE,564,6,30
11419,PHONE,546,6,30
11419,UNKNOWN,328,6,30
11420,MOBILE,465,6,30
11420,ONLINE,979,6,30
11420,PHONE,696,6,30
11420,UNKNOWN,272,6,30
11421,MOBILE,390,6,30
11421,ONLINE,1190,6,30
11421,PHONE,412,6,30
11421,UNKNOWN,103,6,30
11422,MOBILE,68,6,30
11422,ONLINE,248,6,30
11422,PHONE,292,6,30
11422,UNKNOWN,191,6,30
11423,MOBILE,114,6,30
11423,ONLINE,297,6,30
11423,PHONE,279,6,30
11423,UNKNOWN,114,6,30
11426,MOBILE,98,6,30
11426,ONLINE,243,6,30
11426,PHONE,187,6,30
11426,UNKNOWN,115,6,30
11427,MOBILE,74,6,30
11427,ONLINE,182,6,30
11427,PHONE,172,6,30
11427,UNKNOWN,91,6,30
11428,MOBILE,54,6,30
11428,ONLINE,267,6,30
11428,PHONE,195,6,30
11428,UNKNOWN,62,6,30
11429,MOBILE,58,6,30
11429,ONLINE,256,6,30
11429,PHONE,265,6,30
11429,UNKNOWN,93,6,30
11430,MOBILE,27,6,30
11430,ONLINE,148,6,30
11430,PHONE,121,6,30
11430,UNKNOWN,26,6,30
11432,MOBILE,264,6,30
11432,ONLINE,1422,6,30
11432,PHONE,504,6,30
11432,UNKNOWN,187,6,30
11433,MOBILE,174,6,30
11433,ONLINE,668,6,30
11433,PHONE,575,6,30
11433,UNKNOWN,96,6,30
11434,MOBILE,179,6,30
11434,ONLINE,692,6,30
11434,PHONE,691,6,30
11434,UNKNOWN,166,6,30
11435,MOBILE,363,6,30
11435,ONLINE,696,6,30
11435,PHONE,656,6,30
11435,UNKNOWN,115,6,30
11436,MOBILE,155,6,30
11436,ONLINE,297,6,30
11436,PHONE,276,6,30
11436,UNKNOWN,53,6,30
11691,MOBILE,181,6,30
11691,ONLINE,513,6,30
11691,PHONE,509,6,30
11691,UNKNOWN,124,6,30
11692,MOBILE,77,6,30
11692,ONLINE,182,6,30
11692,PHONE,196,6,30
11692,UNKNOWN,36,6,30
11693,MOBILE,177,6,30
11693,ONLINE,218,6,30
11693,PHONE,96,6,30
11693,UNKNOWN,57,6,30
11694,MOBILE,368,6,30
11694,ONLINE,420,6,30
11694,PHONE,192,6,30
11694,UNKNOWN,91,6,30
11697,MOBILE,2,6,30
11697,ONLINE,7,6,30
11697,PHONE,4,6,30
11697,UNKNOWN,2,6,30
11735,ONLINE,1,6,30
11747,ONLINE,1,6,30
11803,PHONE,1,6,30
12345,MOBILE,1,6,30
12345,ONLINE,1,6,30
12345,PHONE,1,6,30
21044,PHONE,1,6,30
75265,ONLINE,1,6,30
76021,ONLINE,1,6,30
00083,ONLINE,1,7,31
07030,PHONE,1,7,31
07306,PHONE,1,7,31
10000,ONLINE,25,7,31
10000,PHONE,15,7,31
10000,UNKNOWN,26,7,31
10001,MOBILE,367,7,31
10001,ONLINE,994,7,31
10001,PHONE,484,7,31
10001,UNKNOWN,117,7,31
10002,MOBILE,599,7,31
10002,ONLINE,1028,7,31
10002,PHONE,440,7,31
10002,UNKNOWN,265,7,31
10003,MOBILE,481,7,31
10003,ONLINE,806,7,31
10003,PHONE,347,7,31
10003,UNKNOWN,185,7,31
10004,MOBILE,62,7,31
10004,ONLINE,485,7,31
10004,PHONE,54,7,31
10004,UNKNOWN,31,7,31
10005,MOBILE,46,7,31
10005,ONLINE,252,7,31
10005,PHONE,29,7,31
10005,UNKNOWN,16,7,31
10006,MOBILE,36,7,31
10006,ONLINE,232,7,31
10006,PHONE,24,7,31
10006,UNKNOWN,11,7,31
10007,MOBILE,81,7,31
10007,ONLINE,356,7,31
10007,PHONE,54,7,31
10007,UNKNOWN,34,7,31
10009,MOBILE,410,7,31
10009,ONLINE,654,7,31
10009,PHONE,348,7,31
10009,UNKNOWN,111,7,31
10010,MOBILE,230,7,31
10010,ONLINE,297,7,31
10010,PHONE,188,7,31
10010,UNKNOWN,83,7,31
10011,MOBILE,583,7,31
10011,ONLINE,748,7,31
10011,PHONE,413,7,31
10011,UNKNOWN,128,7,31
10012,MOBILE,243,7,31
10012,ONLINE,519,7,31
10012,PHONE,214,7,31
10012,UNKNOWN,102,7,31
10013,MOBILE,311,7,31
10013,ONLINE,490,7,31
10013,PHONE,289,7,31
10013,UNKNOWN,129,7,31
10014,MOBILE,322,7,31
10014,ONLINE,524,7,31
10014,PHONE,171,7,31
10014,UNKNOWN,86,7,31
10016,MOBILE,271,7,31
10016,ONLINE,784,7,31
10016,PHONE,330,7,31
10016,UNKNOWN,125,7,31
10017,MOBILE,119,7,31
10017,ONLINE,575,7,31
10017,PHONE,132,7,31
10017,UNKNOWN,105,7,31
10018,MOBILE,385,7,31
10018,ONLINE,354,7,31
10018,PHONE,132,7,31
10018,UNKNOWN,58,7,31
10019,MOBILE,470,7,31
10019,ONLINE,1017,7,31
10019,PHONE,356,7,31
10019,UNKNOWN,171,7,31
10020,MOBILE,9,7,31
10020,ONLINE,17,7,31
10020,PHONE,3,7,31
10020,UNKNOWN,3,7,31
10021,MOBILE,86,7,31
10021,ONLINE,185,7,31
10021,PHONE,169,7,31
10021,UNKNOWN,91,7,31
10022,MOBILE,211,7,31
10022,ONLINE,378,7,31
10022,PHONE,225,7,31
10022,UNKNOWN,91,7,31
10023,MOBILE,439,7,31
10023,ONLINE,889,7,31
10023,PHONE,313,7,31
10023,UNKNOWN,83,7,31
10024,MOBILE,193,7,31
10024,ONLINE,520,7,31
10024,PHONE,287,7,31
10024,UNKNOWN,120,7,31
10025,MOBILE,362,7,31
10025,ONLINE,858,7,31
10025,PHONE,542,7,31
10025,UNKNOWN,175,7,31
10026,MOBILE,392,7,31
10026,ONLINE,852,7,31
10026,PHONE,529,7,31
10026,UNKNOWN,87,7,31
10027,MOBILE,597,7,31
10027,ONLINE,1050,7,31
10027,PHONE,750,7,31
10027,UNKNOWN,157,7,31
10028,MOBILE,95,7,31
10028,ONLINE,401,7,31
10028,PHONE,250,7,31
10028,UNKNOWN,142,7,31
10029,MOBILE,680,7,31
10029,ONLINE,1158,7,31
10029,PHONE,832,7,31
10029,UNKNOWN,132,7,31
10030,MOBILE,179,7,31
10030,ONLINE,620,7,31
10030,PHONE,528,7,31
10030,UNKNOWN,56,7,31
10031,MOBILE,847,7,31
10031,ONLINE,1485,7,31
10031,PHONE,1058,7,31
10031,UNKNOWN,219,7,31
10032,MOBILE,825,7,31
10032,ONLINE,1495,7,31
10032,PHONE,1175,7,31
10032,UNKNOWN,106,7,31
10033,MOBILE,896,7,31
10033,ONLINE,1189,7,31
10033,PHONE,912,7,31
10033,UNKNOWN,115,7,31
10034,MOBILE,570,7,31
10034,ONLINE,786,7,31
10034,PHONE,543,7,31
10034,UNKNOWN,69,7,31
10035,MOBILE,438,7,31
10035,ONLINE,504,7,31
10035,PHONE,610,7,31
10035,UNKNOWN,114,7,31
10036,MOBILE,397,7,31
10036,ONLINE,1428,7,31
10036,PHONE,355,7,31
10036,UNKNOWN,92,7,31
10037,MOBILE,160,7,31
10037,ONLINE,282,7,31
10037,PHONE,332,7,31
10037,UNKNOWN,59,7,31
10038,MOBILE,190,7,31
10038,ONLINE,393,7,31
10038,PHONE,94,7,31
10038,UNKNOWN,53,7,31
10039,MOBILE,182,7,31
10039,ONLINE,445,7,31
10039,PHONE,475,7,31
10039,UNKNOWN,56,7,31
10040,MOBILE,487,7,31
10040,ONLINE,1136,7,31
10040,PHONE,734,7,31
10040,UNKNOWN,65,7,31
10041,ONLINE,7,7,31
10041,PHONE,1,7,31
10044,MOBILE,5,7,31
10044,ONLINE,23,7,31
10044,PHONE,22,7,31
10044,UNKNOWN,4,7,31
10048,PHONE,1,7,31
10065,MOBILE,233,7,31
10065,ONLINE,248,7,31
10065,PHONE,212,7,31
10065,UNKNOWN,78,7,31
10069,MOBILE,19,7,31
10069,ONLINE,16,7,31
10069,PHONE,12,7,31
10069,UNKNOWN,11,7,31
10075,MOBILE,58,7,31
10075,ONLINE,122,7,31
10075,PHONE,115,7,31
10075,UNKNOWN,42,7,31
10103,MOBILE,1,7,31
10103,ONLINE,1,7,31
10103,PHONE,2,7,31
10105,MOBILE,1,7,31
10105,ONLINE,5,7,31
10107,MOBILE,1,7,31
10107,ONLINE,14,7,31
10107,PHONE,1,7,31
10110,ONLINE,1,7,31
10111,PHONE,1,7,31
10111,UNKNOWN,1,7,31
10112,ONLINE,6,7,31
10112,PHONE,2,7,31
10118,MOBILE,3,7,31
10118,ONLINE,3,7,31
10118,PHONE,1,7,31
10118,UNKNOWN,1,7,31
10119,MOBILE,1,7,31
10119,ONLINE,6,7,31
10119,PHONE,4,7,31
10119,UNKNOWN,2,7,31
10120,MOBILE,1,7,31
10120,ONLINE,1,7,31
10121,MOBILE,1,7,31
10121,ONLINE,30,7,31
10121,PHONE,12,7,31
10121,UNKNOWN,3,7,31
10123,MOBILE,1,7,31
10123,ONLINE,3,7,31
10128,MOBILE,122,7,31
10128,ONLINE,314,7,31
10128,PHONE,232,7,31
10128,UNKNOWN,132,7,31
10151,MOBILE,3,7,31
10151,ONLINE,1,7,31
10152,MOBILE,2,7,31
10152,ONLINE,1,7,31
10153,MOBILE,9,7,31
10153,ONLINE,1,7,31
10153,PHONE,1,7,31
10154,MOBILE,12,7,31
10154,ONLINE,1,7,31
10158,MOBILE,1,7,31
10158,ONLINE,4,7,31
10162,MOBILE,3,7,31
10162,ONLINE,1,7,31
10162,UNKNOWN,1,7,31
10165,ONLINE,4,7,31
10165,PHONE,1,7,31
10166,PHONE,1,7,31
10167,ONLINE,1,7,31
10168,ONLINE,16,7,31
10168,PHONE,3,7,31
10168,UNKNOWN,1,7,31
10169,MOBILE,43,7,31
10169,ONLINE,2,7,31
10169,PHONE,1,7,31
10169,UNKNOWN,19,7,31
10170,ONLINE,6,7,31
10170,PHONE,1,7,31
10171,ONLINE,4,7,31
10172,ONLINE,2,7,31
10172,UNKNOWN,20,7,31
10173,MOBILE,1,7,31
10173,ONLINE,1,7,31
10174,MOBILE,1,7,31
10174,ONLINE,7,7,31
10175,ONLINE,10,7,31
10176,ONLINE,7,7,31
10177,MOBILE,1,7,31
10177,ONLINE,2,7,31
10178,MOBILE,1,7,31
10179,ONLINE,2,7,31
10179,UNKNOWN,1,7,31
10271,ONLINE,1,7,31
10271,PHONE,1,7,31
10278,MOBILE,1,7,31
10278,PHONE,1,7,31
10278,UNKNOWN,4,7,31
10279,MOBILE,4,7,31
10279,ONLINE,1,7,31
10279,PHONE,1,7,31
10280,MOBILE,50,7,31
10280,ONLINE,37,7,31
10280,PHONE,6,7,31
10280,UNKNOWN,1,7,31
10281,ONLINE,7,7,31
10281,PHONE,9,7,31
10281,UNKNOWN,1,7,31
10282,MOBILE,13,7,31
10282,ONLINE,50,7,31
10282,PHONE,8,7,31
10282,UNKNOWN,23,7,31
10301,MOBILE,192,7,31
10301,ONLINE,552,7,31
10301,PHONE,512,7,31
10301,UNKNOWN,169,7,31
10302,MOBILE,80,7,31
10302,ONLINE,280,7,31
10302,PHONE,238,7,31
10302,UNKNOWN,63,7,31
10303,MOBILE,90,7,31
10303,ONLINE,240,7,31
10303,PHONE,281,7,31
10303,UNKNOWN,62,7,31
10304,MOBILE,62,7,31
10304,ONLINE,538,7,31
10304,PHONE,482,7,31
10304,UNKNOWN,163,7,31
10305,MOBILE,157,7,31
10305,ONLINE,499,7,31
10305,PHONE,432,7,31
10305,UNKNOWN,138,7,31
10306,MOBILE,134,7,31
10306,ONLINE,782,7,31
10306,PHONE,482,7,31
10306,UNKNOWN,245,7,31
10307,MOBILE,50,7,31
10307,ONLINE,228,7,31
10307,PHONE,81,7,31
10307,UNKNOWN,37,7,31
10308,MOBILE,87,7,31
10308,ONLINE,347,7,31
10308,PHONE,189,7,31
10308,UNKNOWN,64,7,31
10309,MOBILE,106,7,31
10309,ONLINE,493,7,31
10309,PHONE,211,7,31
10309,UNKNOWN,93,7,31
10310,MOBILE,66,7,31
10310,ONLINE,268,7,31
10310,PHONE,243,7,31
10310,UNKNOWN,76,7,31
10312,MOBILE,157,7,31
10312,ONLINE,909,7,31
10312,PHONE,462,7,31
10312,UNKNOWN,229,7,31
10314,MOBILE,167,7,31
10314,ONLINE,932,7,31
10314,PHONE,675,7,31
10314,UNKNOWN,282,7,31
10451,MOBILE,534,7,31
10451,ONLINE,789,7,31
10451,PHONE,832,7,31
10451,UNKNOWN,197,7,31
10452,MOBILE,987,7,31
10452,ONLINE,2046,7,31
10452,PHONE,2039,7,31
10452,UNKNOWN,288,7,31
10453,MOBILE,1360,7,31
10453,ONLINE,1213,7,31
10453,PHONE,1752,7,31
10453,UNKNOWN,238,7,31
10454,MOBILE,351,7,31
10454,ONLINE,535,7,31
10454,PHONE,430,7,31
10454,UNKNOWN,100,7,31
10455,MOBILE,550,7,31
10455,ONLINE,825,7,31
10455,PHONE,669,7,31
10455,UNKNOWN,126,7,31
10456,MOBILE,603,7,31
10456,ONLINE,1880,7,31
10456,PHONE,1654,7,31
10456,UNKNOWN,168,7,31
10457,MOBILE,939,7,31
10457,ONLINE,1520,7,31
10457,PHONE,1620,7,31
10457,UNKNOWN,210,7,31
10458,MOBILE,649,7,31
10458,ONLINE,1493,7,31
10458,PHONE,1609,7,31
10458,UNKNOWN,158,7,31
10459,MOBILE,379,7,31
10459,ONLINE,720,7,31
10459,PHONE,897,7,31
10459,UNKNOWN,105,7,31
10460,MOBILE,569,7,31
10460,ONLINE,1074,7,31
10460,PHONE,1249,7,31
10460,UNKNOWN,160,7,31
10461,MOBILE,388,7,31
10461,ONLINE,990,7,31
10461,PHONE,694,7,31
10461,UNKNOWN,198,7,31
10462,MOBILE,467,7,31
10462,ONLINE,1163,7,31
10462,PHONE,860,7,31
10462,UNKNOWN,183,7,31
10463,MOBILE,951,7,31
10463,ONLINE,1200,7,31
10463,PHONE,807,7,31
10463,UNKNOWN,194,7,31
10464,MOBILE,27,7,31
10464,ONLINE,288,7,31
10464,PHONE,81,7,31
10464,UNKNOWN,54,7,31
10465,MOBILE,404,7,31
10465,ONLINE,656,7,31
10465,PHONE,463,7,31
10465,UNKNOWN,118,7,31
10466,MOBILE,525,7,31
10466,ONLINE,838,7,31
10466,PHONE,1321,7,31
10466,UNKNOWN,159,7,31
10467,MOBILE,888,7,31
10467,ONLINE,1744,7,31
10467,PHONE,1836,7,31
10467,UNKNOWN,264,7,31
10468,MOBILE,932,7,31
10468,ONLINE,1940,7,31
10468,PHONE,1245,7,31
10468,UNKNOWN,187,7,31
10469,MOBILE,358,7,31
10469,ONLINE,975,7,31
10469,PHONE,1049,7,31
10469,UNKNOWN,156,7,31
10470,MOBILE,215,7,31
10470,ONLINE,242,7,31
10470,PHONE,311,7,31
10470,UNKNOWN,44,7,31
10471,MOBILE,172,7,31
10471,ONLINE,307,7,31
10471,PHONE,270,7,31
10471,UNKNOWN,100,7,31
10472,MOBILE,432,7,31
10472,ONLINE,1000,7,31
10472,PHONE,989,7,31
10472,UNKNOWN,152,7,31
10473,MOBILE,419,7,31
10473,ONLINE,619,7,31
10473,PHONE,758,7,31
10473,UNKNOWN,172,7,31
10474,MOBILE,141,7,31
10474,ONLINE,263,7,31
10474,PHONE,298,7,31
10474,UNKNOWN,35,7,31
10475,MOBILE,75,7,31
10475,ONLINE,151,7,31
10475,PHONE,237,7,31
10475,UNKNOWN,57,7,31
10573,ONLINE,1,7,31
10598,PHONE,1,7,31
10803,ONLINE,1,7,31
11001,MOBILE,12,7,31
11001,ONLINE,28,7,31
11001,PHONE,38,7,31
11001,UNKNOWN,10,7,31
11004,MOBILE,38,7,31
11004,ONLINE,115,7,31
11004,PHONE,114,7,31
11004,UNKNOWN,34,7,31
11005,PHONE,4,7,31
11005,UNKNOWN,3,7,31
11040,MOBILE,4,7,31
11040,ONLINE,31,7,31
11040,PHONE,15,7,31
11040,UNKNOWN,4,7,31
11101,MOBILE,1003,7,31
11101,ONLINE,1769,7,31
11101,PHONE,567,7,31
11101,UNKNOWN,196,7,31
11102,MOBILE,265,7,31
11102,ONLINE,587,7,31
11102,PHONE,324,7,31
11102,UNKNOWN,92,7,31
11103,MOBILE,347,7,31
11103,ONLINE,1113,7,31
11103,PHONE,271,7,31
11103,UNKNOWN,97,7,31
11104,MOBILE,140,7,31
11104,ONLINE,282,7,31
11104,PHONE,226,7,31
11104,UNKNOWN,48,7,31
11105,MOBILE,303,7,31
11105,ONLINE,562,7,31
11105,PHONE,300,7,31
11105,UNKNOWN,80,7,31
11106,MOBILE,274,7,31
11106,ONLINE,651,7,31
11106,PHONE,294,7,31
11106,UNKNOWN,123,7,31
11109,MOBILE,48,7,31
11109,ONLINE,32,7,31
11109,PHONE,10,7,31
11109,UNKNOWN,1,7,31
11201,MOBILE,1555,7,31
11201,ONLINE,1994,7,31
11201,PHONE,419,7,31
11201,UNKNOWN,247,7,31
11203,MOBILE,377,7,31
11203,ONLINE,842,7,31
11203,PHONE,1161,7,31
11203,UNKNOWN,196,7,31
11204,MOBILE,480,7,31
11204,ONLINE,565,7,31
11204,PHONE,456,7,31
11204,UNKNOWN,195,7,31
11205,MOBILE,275,7,31
11205,ONLINE,1186,7,31
11205,PHONE,657,7,31
11205,UNKNOWN,93,7,31
11206,MOBILE,608,7,31
11206,ONLINE,1050,7,31
11206,PHONE,606,7,31
11206,UNKNOWN,255,7,31
11207,MOBILE,918,7,31
11207,ONLINE,1233,7,31
11207,PHONE,1496,7,31
11207,UNKNOWN,280,7,31
11208,MOBILE,847,7,31
11208,ONLINE,1416,7,31
11208,PHONE,1425,7,31
11208,UNKNOWN,145,7,31
11209,MOBILE,573,7,31
11209,ONLINE,806,7,31
11209,PHONE,544,7,31
11209,UNKNOWN,177,7,31
11210,MOBILE,289,7,31
11210,ONLINE,682,7,31
11210,PHONE,699,7,31
11210,UNKNOWN,160,7,31
11211,MOBILE,687,7,31
11211,ONLINE,1229,7,31
11211,PHONE,548,7,31
11211,UNKNOWN,323,7,31
11212,MOBILE,496,7,31
11212,ONLINE,1054,7,31
11212,PHONE,1047,7,31
11212,UNKNOWN,221,7,31
11213,MOBILE,353,7,31
11213,ONLINE,888,7,31
11213,PHONE,856,7,31
11213,UNKNOWN,186,7,31
11214,MOBILE,662,7,31
11214,ONLINE,1176,7,31
11214,PHONE,693,7,31
11214,UNKNOWN,246,7,31
11215,MOBILE,418,7,31
11215,ONLINE,1053,7,31
11215,PHONE,459,7,31
11215,UNKNOWN,189,7,31
11216,MOBILE,520,7,31
11216,ONLINE,1123,7,31
11216,PHONE,706,7,31
11216,UNKNOWN,198,7,31
11217,MOBILE,667,7,31
11217,ONLINE,739,7,31
11217,PHONE,333,7,31
11217,UNKNOWN,117,7,31
11218,MOBILE,400,7,31
11218,ONLINE,953,7,31
11218,PHONE,547,7,31
11218,UNKNOWN,191,7,31
11219,MOBILE,287,7,31
11219,ONLINE,438,7,31
11219,PHONE,513,7,31
11219,UNKNOWN,230,7,31
11220,MOBILE,631,7,31
11220,ONLINE,984,7,31
11220,PHONE,808,7,31
11220,UNKNOWN,235,7,31
11221,MOBILE,711,7,31
11221,ONLINE,1401,7,31
11221,PHONE,1102,7,31
11221,UNKNOWN,234,7,31
11222,MOBILE,565,7,31
11222,ONLINE,1285,7,31
11222,PHONE,387,7,31
11222,UNKNOWN,187,7,31
11223,MOBILE,292,7,31
11223,ONLINE,813,7,31
11223,PHONE,616,7,31
11223,UNKNOWN,234,7,31
11224,MOBILE,351,7,31
11224,ONLINE,382,7,31
11224,PHONE,376,7,31
11224,UNKNOWN,107,7,31
11225,MOBILE,476,7,31
11225,ONLINE,996,7,31
11225,PHONE,870,7,31
11225,UNKNOWN,207,7,31
11226,MOBILE,687,7,31
11226,ONLINE,1800,7,31
11226,PHONE,1652,7,31
11226,UNKNOWN,204,7,31
11228,MOBILE,311,7,31
11228,ONLINE,407,7,31
11228,PHONE,299,7,31
11228,UNKNOWN,120,7,31
11229,MOBILE,355,7,31
11229,ONLINE,945,7,31
11229,PHONE,750,7,31
11229,UNKNOWN,220,7,31
11230,MOBILE,396,7,31
11230,ONLINE,722,7,31
11230,PHONE,784,7,31
11230,UNKNOWN,308,7,31
11231,MOBILE,282,7,31
11231,ONLINE,1031,7,31
11231,PHONE,265,7,31
11231,UNKNOWN,73,7,31
11232,MOBILE,324,7,31
11232,ONLINE,541,7,31
11232,PHONE,241,7,31
11232,UNKNOWN,92,7,31
11233,MOBILE,516,7,31
11233,ONLINE,987,7,31
11233,PHONE,1132,7,31
11233,UNKNOWN,186,7,31
11234,MOBILE,622,7,31
11234,ONLINE,968,7,31
11234,PHONE,1001,7,31
11234,UNKNOWN,252,7,31
11235,MOBILE,1014,7,31
11235,ONLINE,1191,7,31
11235,PHONE,947,7,31
11235,UNKNOWN,217,7,31
11236,MOBILE,380,7,31
11236,ONLINE,845,7,31
11236,PHONE,1103,7,31
11236,UNKNOWN,199,7,31
11237,MOBILE,837,7,31
11237,ONLINE,1077,7,31
11237,PHONE,579,7,31
11237,UNKNOWN,135,7,31
11238,MOBILE,842,7,31
11238,ONLINE,1164,7,31
11238,PHONE,587,7,31
11238,UNKNOWN,158,7,31
11239,MOBILE,126,7,31
11239,ONLINE,147,7,31
11239,PHONE,201,7,31
11239,UNKNOWN,19,7,31
11242,ONLINE,3,7,31
11249,MOBILE,240,7,31
11249,ONLINE,475,7,31
11249,PHONE,216,7,31
11249,UNKNOWN,163,7,31
11354,MOBILE,581,7,31
11354,ONLINE,564,7,31
11354,PHONE,431,7,31
11354,UNKNOWN,142,7,31
11355,MOBILE,460,7,31
11355,ONLINE,698,7,31
11355,PHONE,683,7,31
11355,UNKNOWN,185,7,31
11356,MOBILE,230,7,31
11356,ONLINE,325,7,31
11356,OTHER,1,7,31
11356,PHONE,277,7,31
11356,UNKNOWN,40,7,31
11357,MOBILE,204,7,31
11357,ONLINE,471,7,31
11357,PHONE,423,7,31
11357,UNKNOWN,138,7,31
11358,MOBILE,223,7,31
11358,ONLINE,457,7,31
11358,PHONE,310,7,31
11358,UNKNOWN,142,7,31
11359,ONLINE,9,7,31
11359,PHONE,5,7,31
11359,UNKNOWN,2,7,31
11360,MOBILE,53,7,31
11360,ONLINE,159,7,31
11360,PHONE,118,7,31
11360,UNKNOWN,51,7,31
11361,MOBILE,141,7,31
11361,ONLINE,540,7,31
11361,PHONE,250,7,31
11361,UNKNOWN,121,7,31
11362,MOBILE,58,7,31
11362,ONLINE,177,7,31
11362,PHONE,123,7,31
11362,UNKNOWN,50,7,31
11363,MOBILE,35,7,31
11363,ONLINE,87,7,31
11363,PHONE,54,7,31
11363,UNKNOWN,34,7,31
11364,MOBILE,98,7,31
11364,ONLINE,383,7,31
11364,PHONE,191,7,31
11364,UNKNOWN,93,7,31
11365,MOBILE,247,7,31
11365,ONLINE,607,7,31
11365,PHONE,287,7,31
11365,UNKNOWN,75,7,31
11366,MOBILE,109,7,31
11366,ONLINE,2649,7,31
11366,PHONE,140,7,31
11366,UNKNOWN,41,7,31
11367,MOBILE,146,7,31
11367,ONLINE,286,7,31
11367,PHONE,363,7,31
11367,UNKNOWN,110,7,31
11368,MOBILE,910,7,31
11368,ONLINE,3116,7,31
11368,PHONE,1063,7,31
11368,UNKNOWN,166,7,31
11369,MOBILE,290,7,31
11369,ONLINE,574,7,31
11369,PHONE,519,7,31
11369,UNKNOWN,101,7,31
11370,MOBILE,254,7,31
11370,ONLINE,243,7,31
11370,PHONE,215,7,31
11370,UNKNOWN,70,7,31
11371,PHONE,1,7,31
11372,MOBILE,383,7,31
11372,ONLINE,760,7,31
11372,PHONE,415,7,31
11372,UNKNOWN,206,7,31
11373,MOBILE,361,7,31
11373,ONLINE,2109,7,31
11373,PHONE,596,7,31
11373,UNKNOWN,177,7,31
11374,MOBILE,153,7,31
11374,ONLINE,505,7,31
11374,PHONE,411,7,31
11374,UNKNOWN,88,7,31
11375,MOBILE,262,7,31
11375,ONLINE,678,7,31
11375,PHONE,410,7,31
11375,UNKNOWN,147,7,31
11377,MOBILE,540,7,31
11377,ONLINE,962,7,31
11377,PHONE,692,7,31
11377,UNKNOWN,212,7,31
11378,MOBILE,565,7,31
11378,ONLINE,738,7,31
11378,PHONE,420,7,31
11378,UNKNOWN,147,7,31
11379,MOBILE,460,7,31
11379,ONLINE,426,7,31
11379,PHONE,358,7,31
11379,UNKNOWN,110,7,31
11385,MOBILE,1252,7,31
11385,ONLINE,1543,7,31
11385,PHONE,987,7,31
11385,UNKNOWN,320,7,31
11411,MOBILE,134,7,31
11411,ONLINE,163,7,31
11411,PHONE,312,7,31
11411,UNKNOWN,65,7,31
11412,MOBILE,127,7,31
11412,ONLINE,354,7,31
11412,PHONE,550,7,31
11412,UNKNOWN,92,7,31
11413,MOBILE,152,7,31
11413,ONLINE,438,7,31
11413,PHONE,538,7,31
11413,UNKNOWN,101,7,31
11414,MOBILE,136,7,31
11414,ONLINE,821,7,31
11414,PHONE,213,7,31
11414,UNKNOWN,71,7,31
11415,MOBILE,93,7,31
11415,ONLINE,216,7,31
11415,PHONE,142,7,31
11415,UNKNOWN,44,7,31
11416,MOBILE,168,7,31
11416,ONLINE,351,7,31
11416,PHONE,339,7,31
11416,UNKNOWN,101,7,31
11417,MOBILE,286,7,31
11417,ONLINE,494,7,31
11417,PHONE,401,7,31
11417,UNKNOWN,116,7,31
11418,MOBILE,300,7,31
11418,ONLINE,425,7,31
11418,PHONE,415,7,31
11418,UNKNOWN,59,7,31
11419,MOBILE,436,7,31
11419,ONLINE,714,7,31
11419,PHONE,697,7,31
11419,UNKNOWN,296,7,31
11420,MOBILE,443,7,31
11420,ONLINE,944,7,31
11420,PHONE,746,7,31
11420,UNKNOWN,287,7,31
11421,MOBILE,285,7,31
11421,ONLINE,1204,7,31
11421,PHONE,467,7,31
11421,UNKNOWN,115,7,31
11422,MOBILE,66,7,31
11422,ONLINE,228,7,31
11422,PHONE,444,7,31
11422,UNKNOWN,66,7,31
11423,MOBILE,91,7,31
11423,ONLINE,360,7,31
11423,PHONE,317,7,31
11423,UNKNOWN,109,7,31
11426,MOBILE,97,7,31
11426,ONLINE,198,7,31
11426,PHONE,165,7,31
11426,UNKNOWN,81,7,31
11427,MOBILE,80,7,31
11427,ONLINE,172,7,31
11427,PHONE,182,7,31
11427,UNKNOWN,57,7,31
11428,MOBILE,70,7,31
11428,ONLINE,222,7,31
11428,PHONE,201,7,31
11428,UNKNOWN,55,7,31
11429,MOBILE,58,7,31
11429,ONLINE,654,7,31
11429,PHONE,354,7,31
11429,UNKNOWN,56,7,31
11430,MOBILE,43,7,31
11430,ONLINE,185,7,31
11430,PHONE,176,7,31
11430,UNKNOWN,42,7,31
11432,MOBILE,295,7,31
11432,ONLINE,1700,7,31
11432,PHONE,640,7,31
11432,UNKNOWN,159,7,31
11433,MOBILE,202,7,31
11433,ONLINE,629,7,31
11433,PHONE,585,7,31
11433,UNKNOWN,98,7,31
11434,MOBILE,200,7,31
11434,ONLINE,784,7,31
11434,PHONE,836,7,31
11434,UNKNOWN,162,7,31
11435,MOBILE,385,7,31
11435,ONLINE,624,7,31
11435,PHONE,644,7,31
11435,UNKNOWN,123,7,31
11436,MOBILE,220,7,31
11436,ONLINE,264,7,31
11436,PHONE,364,7,31
11436,UNKNOWN,73,7,31
11532,PHONE,1,7,31
11581,PHONE,1,7,31
11691,MOBILE,198,7,31
11691,ONLINE,582,7,31
11691,PHONE,664,7,31
11691,UNKNOWN,156,7,31
11692,MOBILE,110,7,31
11692,ONLINE,222,7,31
11692,PHONE,230,7,31
11692,UNKNOWN,26,7,31
11693,MOBILE,144,7,31
11693,ONLINE,217,7,31
11693,PHONE,93,7,31
11693,UNKNOWN,37,7,31
11694,MOBILE,404,7,31
11694,ONLINE,352,7,31
11694,PHONE,243,7,31
11694,UNKNOWN,74,7,31
11695,ONLINE,1,7,31
11697,MOBILE,2,7,31
11697,ONLINE,16,7,31
11697,PHONE,6,7,31
11787,PHONE,1,7,31
12345,MOBILE,1,7,31
14068,ONLINE,1,7,31
18640,ONLINE,1,7,31
19034,PHONE,1,7,31
31294,PHONE,1,7,31
3723,PHONE,1,7,31
00083,ONLINE,1,8,31
02062,ONLINE,1,8,31
10000,MOBILE,1,8,31
10000,ONLINE,37,8,31
10000,PHONE,11,8,31
10000,UNKNOWN,40,8,31
10001,MOBILE,393,8,31
10001,ONLINE,1001,8,31
10001,PHONE,534,8,31
10001,UNKNOWN,96,8,31
10002,MOBILE,798,8,31
10002,ONLINE,1014,8,31
10002,PHONE,397,8,31
10002,UNKNOWN,212,8,31
10003,MOBILE,533,8,31
10003,ONLINE,861,8,31
10003,PHONE,334,8,31
10003,UNKNOWN,166,8,31
10004,MOBILE,48,8,31
10004,ONLINE,425,8,31
10004,PHONE,39,8,31
10004,UNKNOWN,20,8,31
10005,MOBILE,48,8,31
10005,ONLINE,225,8,31
10005,PHONE,32,8,31
10005,UNKNOWN,21,8,31
10006,MOBILE,30,8,31
10006,ONLINE,189,8,31
10006,PHONE,28,8,31
10006,UNKNOWN,15,8,31
10007,MOBILE,85,8,31
10007,ONLINE,346,8,31
10007,PHONE,61,8,31
10007,UNKNOWN,40,8,31
10009,MOBILE,388,8,31
10009,ONLINE,628,8,31
10009,PHONE,322,8,31
10009,UNKNOWN,109,8,31
10010,MOBILE,330,8,31
10010,ONLINE,370,8,31
10010,PHONE,177,8,31
10010,UNKNOWN,57,8,31
10011,MOBILE,553,8,31
10011,ONLINE,799,8,31
10011,PHONE,435,8,31
10011,UNKNOWN,142,8,31
10012,MOBILE,264,8,31
10012,ONLINE,567,8,31
10012,PHONE,198,8,31
10012,UNKNOWN,113,8,31
10013,MOBILE,358,8,31
10013,ONLINE,542,8,31
10013,PHONE,218,8,31
10013,UNKNOWN,116,8,31
10014,MOBILE,324,8,31
10014,ONLINE,536,8,31
10014,PHONE,211,8,31
10014,UNKNOWN,124,8,31
10016,MOBILE,382,8,31
10016,ONLINE,975,8,31
10016,PHONE,320,8,31
10016,UNKNOWN,107,8,31
10017,MOBILE,98,8,31
10017,ONLINE,615,8,31
10017,PHONE,102,8,31
10017,UNKNOWN,87,8,31
10018,MOBILE,416,8,31
10018,ONLINE,418,8,31
10018,PHONE,111,8,31
10018,UNKNOWN,50,8,31
10019,MOBILE,470,8,31
10019,ONLINE,970,8,31
10019,PHONE,432,8,31
10019,UNKNOWN,116,8,31
10020,MOBILE,9,8,31
10020,ONLINE,17,8,31
10020,PHONE,4,8,31
10020,UNKNOWN,5,8,31
10021,MOBILE,143,8,31
10021,ONLINE,183,8,31
10021,PHONE,171,8,31
10021,UNKNOWN,74,8,31
10022,MOBILE,165,8,31
10022,ONLINE,349,8,31
10022,PHONE,177,8,31
10022,UNKNOWN,100,8,31
10023,MOBILE,399,8,31
10023,ONLINE,1513,8,31
10023,PHONE,300,8,31
10023,UNKNOWN,133,8,31
10024,MOBILE,169,8,31
10024,ONLINE,712,8,31
10024,PHONE,346,8,31
10024,UNKNOWN,111,8,31
10025,MOBILE,412,8,31
10025,ONLINE,880,8,31
10025,PHONE,546,8,31
10025,UNKNOWN,189,8,31
10026,MOBILE,394,8,31
10026,ONLINE,1063,8,31
10026,PHONE,492,8,31
10026,UNKNOWN,63,8,31
10027,MOBILE,732,8,31
10027,ONLINE,990,8,31
10027,PHONE,679,8,31
10027,UNKNOWN,158,8,31
10028,MOBILE,160,8,31
10028,ONLINE,496,8,31
10028,PHONE,244,8,31
10028,UNKNOWN,91,8,31
10029,MOBILE,523,8,31
10029,ONLINE,1232,8,31
10029,PHONE,616,8,31
10029,UNKNOWN,116,8,31
10030,MOBILE,211,8,31
10030,ONLINE,647,8,31
10030,PHONE,452,8,31
10030,UNKNOWN,68,8,31
10031,MOBILE,804,8,31
10031,ONLINE,1032,8,31
10031,PHONE,783,8,31
10031,UNKNOWN,156,8,31
10032,MOBILE,705,8,31
10032,ONLINE,1359,8,31
10032,PHONE,826,8,31
10032,UNKNOWN,143,8,31
10033,MOBILE,613,8,31
10033,ONLINE,888,8,31
10033,PHONE,642,8,31
10033,UNKNOWN,63,8,31
10034,MOBILE,684,8,31
10034,ONLINE,822,8,31
10034,PHONE,438,8,31
10034,UNKNOWN,53,8,31
10035,MOBILE,417,8,31
10035,ONLINE,482,8,31
10035,PHONE,528,8,31
10035,UNKNOWN,113,8,31
10036,MOBILE,336,8,31
10036,ONLINE,1372,8,31
10036,PHONE,304,8,31
10036,UNKNOWN,120,8,31
10037,MOBILE,114,8,31
10037,ONLINE,289,8,31
10037,PHONE,393,8,31
10037,UNKNOWN,32,8,31
10038,MOBILE,227,8,31
10038,ONLINE,403,8,31
10038,OTHER,1,8,31
10038,PHONE,81,8,31
10038,UNKNOWN,68,8,31
10039,MOBILE,213,8,31
10039,ONLINE,426,8,31
10039,PHONE,507,8,31
10039,UNKNOWN,42,8,31
10040,MOBILE,347,8,31
10040,ONLINE,969,8,31
10040,PHONE,524,8,31
10040,UNKNOWN,62,8,31
10041,ONLINE,1,8,31
10044,MOBILE,2,8,31
10044,ONLINE,29,8,31
10044,PHONE,21,8,31
10044,UNKNOWN,3,8,31
10045,UNKNOWN,1,8,31
10055,PHONE,1,8,31
10065,MOBILE,235,8,31
10065,ONLINE,228,8,31
10065,PHONE,151,8,31
10065,UNKNOWN,67,8,31
10069,MOBILE,7,8,31
10069,ONLINE,24,8,31
10069,PHONE,12,8,31
10069,UNKNOWN,20,8,31
10075,MOBILE,76,8,31
10075,ONLINE,129,8,31
10075,PHONE,89,8,31
10075,UNKNOWN,46,8,31
10080,ONLINE,1,8,31
10103,MOBILE,4,8,31
10103,ONLINE,6,8,31
10105,ONLINE,3,8,31
10105,PHONE,5,8,31
10105,UNKNOWN,1,8,31
10107,MOBILE,1,8,31
10107,ONLINE,16,8,31
10110,MOBILE,1,8,31
10110,ONLINE,4,8,31
10110,UNKNOWN,1,8,31
10111,MOBILE,1,8,31
10111,PHONE,1,8,31
10112,ONLINE,2,8,31
10115,PHONE,1,8,31
10118,MOBILE,4,8,31
10118,ONLINE,4,8,31
10118,PHONE,1,8,31
10118,UNKNOWN,1,8,31
10119,ONLINE,1,8,31
10119,PHONE,1,8,31
10119,UNKNOWN,1,8,31
10120,MOBILE,1,8,31
10120,ONLINE,1,8,31
10121,MOBILE,2,8,31
10121,ONLINE,25,8,31
10121,PHONE,10,8,31
10121,UNKNOWN,4,8,31
10128,MOBILE,143,8,31
10128,ONLINE,361,8,31
10128,PHONE,232,8,31
10128,UNKNOWN,80,8,31
10151,MOBILE,1,8,31
10151,ONLINE,2,8,31
10152,PHONE,1,8,31
10153,MOBILE,14,8,31
10153,ONLINE,3,8,31
10153,PHONE,1,8,31
10153,UNKNOWN,1,8,31
10154,MOBILE,20,8,31
10155,UNKNOWN,1,8,31
10158,MOBILE,2,8,31
10158,ONLINE,3,8,31
10158,PHONE,1,8,31
10162,ONLINE,2,8,31
10162,PHONE,1,8,31
10165,ONLINE,8,8,31
10165,PHONE,4,8,31
10167,ONLINE,4,8,31
10168,ONLINE,17,8,31
10168,PHONE,5,8,31
10168,UNKNOWN,5,8,31
10169,MOBILE,33,8,31
10169,ONLINE,2,8,31
10169,UNKNOWN,1,8,31
10170,ONLINE,4,8,31
10171,MOBILE,3,8,31
10171,ONLINE,14,8,31
10171,UNKNOWN,2,8,31
10172,ONLINE,8,8,31
10172,UNKNOWN,9,8,31
10173,MOBILE,1,8,31
10173,PHONE,1,8,31
10174,MOBILE,1,8,31
10174,ONLINE,10,8,31
10175,ONLINE,7,8,31
10176,MOBILE,1,8,31
10176,ONLINE,2,8,31
10177,ONLINE,1,8,31
10178,MOBILE,1,8,31
10178,ONLINE,1,8,31
10179,ONLINE,2,8,31
10179,UNKNOWN,1,8,31
10271,ONLINE,1,8,31
10278,MOBILE,2,8,31
10278,ONLINE,2,8,31
10279,ONLINE,3,8,31
10280,MOBILE,18,8,31
10280,ONLINE,69,8,31
10280,PHONE,17,8,31
10280,UNKNOWN,1,8,31
10281,MOBILE,2,8,31
10281,ONLINE,9,8,31
10281,PHONE,1,8,31
10282,MOBILE,10,8,31
10282,ONLINE,53,8,31
10282,PHONE,3,8,31
10282,UNKNOWN,20,8,31
10301,MOBILE,145,8,31
10301,ONLINE,641,8,31
10301,PHONE,418,8,31
10301,UNKNOWN,159,8,31
10302,MOBILE,66,8,31
10302,ONLINE,263,8,31
10302,PHONE,184,8,31
10302,UNKNOWN,45,8,31
10303,MOBILE,73,8,31
10303,ONLINE,334,8,31
10303,PHONE,226,8,31
10303,UNKNOWN,55,8,31
10304,MOBILE,85,8,31
10304,ONLINE,474,8,31
10304,PHONE,371,8,31
10304,UNKNOWN,119,8,31
10305,MOBILE,163,8,31
10305,ONLINE,454,8,31
10305,PHONE,322,8,31
10305,UNKNOWN,129,8,31
10306,MOBILE,122,8,31
10306,ONLINE,670,8,31
10306,PHONE,381,8,31
10306,UNKNOWN,187,8,31
10307,MOBILE,78,8,31
10307,ONLINE,256,8,31
10307,PHONE,86,8,31
10307,UNKNOWN,64,8,31
10308,MOBILE,63,8,31
10308,ONLINE,236,8,31
10308,PHONE,159,8,31
10308,UNKNOWN,73,8,31
10309,MOBILE,95,8,31
10309,ONLINE,442,8,31
10309,PHONE,182,8,31
10309,UNKNOWN,97,8,31
10310,MOBILE,92,8,31
10310,ONLINE,309,8,31
10310,PHONE,200,8,31
10310,UNKNOWN,62,8,31
10312,MOBILE,169,8,31
10312,ONLINE,773,8,31
10312,PHONE,340,8,31
10312,UNKNOWN,215,8,31
10314,MOBILE,175,8,31
10314,ONLINE,1036,8,31
10314,PHONE,547,8,31
10314,UNKNOWN,261,8,31
10451,MOBILE,726,8,31
10451,ONLINE,767,8,31
10451,PHONE,710,8,31
10451,UNKNOWN,144,8,31
10452,MOBILE,796,8,31
10452,ONLINE,1422,8,31
10452,PHONE,1700,8,31
10452,UNKNOWN,206,8,31
10453,MOBILE,833,8,31
10453,ONLINE,1142,8,31
10453,PHONE,1390,8,31
10453,UNKNOWN,226,8,31
10454,MOBILE,354,8,31
10454,ONLINE,512,8,31
10454,PHONE,510,8,31
10454,UNKNOWN,85,8,31
10455,MOBILE,388,8,31
10455,ONLINE,771,8,31
10455,PHONE,547,8,31
10455,UNKNOWN,82,8,31
10456,MOBILE,570,8,31
10456,ONLINE,1972,8,31
10456,PHONE,1212,8,31
10456,UNKNOWN,129,8,31
10457,MOBILE,755,8,31
10457,ONLINE,1520,8,31
10457,PHONE,1397,8,31
10457,UNKNOWN,202,8,31
10458,MOBILE,686,8,31
10458,ONLINE,1418,8,31
10458,PHONE,1336,8,31
10458,UNKNOWN,170,8,31
10459,MOBILE,354,8,31
10459,ONLINE,718,8,31
10459,PHONE,869,8,31
10459,UNKNOWN,82,8,31
10460,MOBILE,520,8,31
10460,ONLINE,947,8,31
10460,PHONE,997,8,31
10460,UNKNOWN,183,8,31
10461,MOBILE,394,8,31
10461,ONLINE,1052,8,31
10461,PHONE,584,8,31
10461,UNKNOWN,162,8,31
10462,MOBILE,473,8,31
10462,ONLINE,967,8,31
10462,PHONE,683,8,31
10462,UNKNOWN,161,8,31
10463,MOBILE,881,8,31
10463,ONLINE,1134,8,31
10463,PHONE,735,8,31
10463,UNKNOWN,182,8,31
10464,MOBILE,39,8,31
10464,ONLINE,236,8,31
10464,PHONE,58,8,31
10464,UNKNOWN,40,8,31
10465,MOBILE,466,8,31
10465,ONLINE,762,8,31
10465,PHONE,370,8,31
10465,UNKNOWN,144,8,31
10466,MOBILE,1065,8,31
10466,ONLINE,877,8,31
10466,PHONE,1072,8,31
10466,UNKNOWN,134,8,31
10467,MOBILE,805,8,31
10467,ONLINE,1486,8,31
10467,PHONE,1355,8,31
10467,UNKNOWN,237,8,31
10468,MOBILE,928,8,31
10468,ONLINE,1942,8,31
10468,PHONE,1104,8,31
10468,UNKNOWN,178,8,31
10469,MOBILE,298,8,31
10469,ONLINE,1100,8,31
10469,PHONE,982,8,31
10469,UNKNOWN,163,8,31
10470,MOBILE,237,8,31
10470,ONLINE,305,8,31
10470,PHONE,250,8,31
10470,UNKNOWN,36,8,31
10471,MOBILE,146,8,31
10471,ONLINE,318,8,31
10471,PHONE,171,8,31
10471,UNKNOWN,56,8,31
10472,MOBILE,440,8,31
10472,ONLINE,827,8,31
10472,PHONE,734,8,31
10472,UNKNOWN,142,8,31
10473,MOBILE,316,8,31
10473,ONLINE,614,8,31
10473,PHONE,590,8,31
10473,UNKNOWN,118,8,31
10474,MOBILE,157,8,31
10474,ONLINE,258,8,31
10474,PHONE,260,8,31
10474,UNKNOWN,36,8,31
10475,MOBILE,85,8,31
10475,ONLINE,211,8,31
10475,PHONE,169,8,31
10475,UNKNOWN,44,8,31
10803,MOBILE,1,8,31
11001,MOBILE,12,8,31
11001,ONLINE,41,8,31
11001,PHONE,24,8,31
11001,UNKNOWN,11,8,31
11003,PHONE,1,8,31
11004,MOBILE,48,8,31
11004,ONLINE,111,8,31
11004,PHONE,93,8,31
11004,UNKNOWN,40,8,31
11005,ONLINE,1,8,31
11005,PHONE,2,8,31
11021,ONLINE,1,8,31
11023,ONLINE,1,8,31
11040,MOBILE,8,8,31
11040,ONLINE,31,8,31
11040,PHONE,24,8,31
11040,UNKNOWN,7,8,31
11101,MOBILE,967,8,31
11101,ONLINE,2062,8,31
11101,PHONE,442,8,31
11101,UNKNOWN,202,8,31
11102,MOBILE,286,8,31
11102,ONLINE,643,8,31
11102,PHONE,274,8,31
11102,UNKNOWN,100,8,31
11103,MOBILE,405,8,31
11103,ONLINE,1300,8,31
11103,PHONE,181,8,31
11103,UNKNOWN,84,8,31
11104,MOBILE,177,8,31
11104,ONLINE,332,8,31
11104,PHONE,239,8,31
11104,UNKNOWN,48,8,31
11105,MOBILE,305,8,31
11105,ONLINE,513,8,31
11105,PHONE,305,8,31
11105,UNKNOWN,73,8,31
11106,MOBILE,332,8,31
11106,ONLINE,696,8,31
11106,PHONE,279,8,31
11106,UNKNOWN,84,8,31
11109,MOBILE,39,8,31
11109,ONLINE,39,8,31
11109,PHONE,17,8,31
11109,UNKNOWN,1,8,31
11201,MOBILE,1508,8,31
11201,ONLINE,1839,8,31
11201,PHONE,341,8,31
11201,UNKNOWN,153,8,31
11203,MOBILE,441,8,31
11203,ONLINE,882,8,31
11203,PHONE,930,8,31
11203,UNKNOWN,177,8,31
11204,MOBILE,558,8,31
11204,ONLINE,593,8,31
11204,PHONE,482,8,31
11204,UNKNOWN,179,8,31
11205,MOBILE,394,8,31
11205,ONLINE,1048,8,31
11205,PHONE,564,8,31
11205,UNKNOWN,119,8,31
11206,MOBILE,641,8,31
11206,ONLINE,1130,8,31
11206,PHONE,489,8,31
11206,UNKNOWN,161,8,31
11207,MOBILE,1081,8,31
11207,ONLINE,1373,8,31
11207,PHONE,1240,8,31
11207,UNKNOWN,232,8,31
11208,MOBILE,636,8,31
11208,ONLINE,1329,8,31
11208,PHONE,1093,8,31
11208,UNKNOWN,130,8,31
11209,MOBILE,462,8,31
11209,ONLINE,848,8,31
11209,PHONE,428,8,31
11209,UNKNOWN,160,8,31
11210,MOBILE,305,8,31
11210,ONLINE,650,8,31
11210,PHONE,682,8,31
11210,UNKNOWN,188,8,31
11211,MOBILE,769,8,31
11211,ONLINE,1274,8,31
11211,PHONE,408,8,31
11211,UNKNOWN,340,8,31
11212,MOBILE,462,8,31
11212,ONLINE,984,8,31
11212,PHONE,972,8,31
11212,UNKNOWN,143,8,31
11213,MOBILE,306,8,31
11213,ONLINE,875,8,31
11213,PHONE,834,8,31
11213,UNKNOWN,146,8,31
11214,MOBILE,571,8,31
11214,ONLINE,991,8,31
11214,PHONE,564,8,31
11214,UNKNOWN,191,8,31
11215,MOBILE,433,8,31
11215,ONLINE,936,8,31
11215,PHONE,464,8,31
11215,UNKNOWN,213,8,31
11216,MOBILE,568,8,31
11216,ONLINE,1318,8,31
11216,PHONE,660,8,31
11216,UNKNOWN,177,8,31
11217,MOBILE,886,8,31
11217,ONLINE,829,8,31
11217,PHONE,274,8,31
11217,UNKNOWN,149,8,31
11218,MOBILE,392,8,31
11218,ONLINE,1094,8,31
11218,PHONE,508,8,31
11218,UNKNOWN,204,8,31
11219,MOBILE,327,8,31
11219,ONLINE,468,8,31
11219,PHONE,470,8,31
11219,UNKNOWN,196,8,31
11220,MOBILE,660,8,31
11220,ONLINE,1043,8,31
11220,PHONE,653,8,31
11220,UNKNOWN,272,8,31
11221,MOBILE,640,8,31
11221,ONLINE,1375,8,31
11221,PHONE,853,8,31
11221,UNKNOWN,212,8,31
11222,MOBILE,676,8,31
11222,ONLINE,1418,8,31
11222,PHONE,335,8,31
11222,UNKNOWN,196,8,31
11223,MOBILE,343,8,31
11223,ONLINE,730,8,31
11223,PHONE,494,8,31
11223,UNKNOWN,231,8,31
11224,MOBILE,360,8,31
11224,ONLINE,376,8,31
11224,PHONE,330,8,31
11224,UNKNOWN,82,8,31
11225,MOBILE,650,8,31
11225,ONLINE,970,8,31
11225,PHONE,657,8,31
11225,UNKNOWN,191,8,31
11226,MOBILE,881,8,31
11226,ONLINE,1835,8,31
11226,PHONE,1452,8,31
11226,UNKNOWN,215,8,31
11228,MOBILE,299,8,31
11228,ONLINE,527,8,31
11228,PHONE,298,8,31
11228,UNKNOWN,103,8,31
11229,MOBILE,414,8,31
11229,ONLINE,844,8,31
11229,PHONE,505,8,31
11229,UNKNOWN,158,8,31
11230,MOBILE,422,8,31
11230,ONLINE,805,8,31
11230,PHONE,656,8,31
11230,UNKNOWN,240,8,31
11231,MOBILE,320,8,31
11231,ONLINE,990,8,31
11231,PHONE,307,8,31
11231,UNKNOWN,82,8,31
11232,MOBILE,306,8,31
11232,ONLINE,504,8,31
11232,PHONE,216,8,31
11232,UNKNOWN,130,8,31
11233,MOBILE,557,8,31
11233,ONLINE,1160,8,31
11233,PHONE,892,8,31
11233,UNKNOWN,128,8,31
11234,MOBILE,518,8,31
11234,ONLINE,1033,8,31
11234,PHONE,854,8,31
11234,UNKNOWN,221,8,31
11235,MOBILE,763,8,31
11235,ONLINE,1071,8,31
11235,PHONE,706,8,31
11235,UNKNOWN,189,8,31
11236,MOBILE,345,8,31
11236,ONLINE,960,8,31
11236,PHONE,1021,8,31
11236,UNKNOWN,135,8,31
11237,MOBILE,773,8,31
11237,ONLINE,1138,8,31
11237,PHONE,520,8,31
11237,UNKNOWN,140,8,31
11238,MOBILE,806,8,31
11238,ONLINE,1360,8,31
11238,PHONE,558,8,31
11238,UNKNOWN,175,8,31
11239,MOBILE,120,8,31
11239,ONLINE,197,8,31
11239,PHONE,142,8,31
11239,UNKNOWN,15,8,31
11241,ONLINE,2,8,31
11249,MOBILE,276,8,31
11249,ONLINE,563,8,31
11249,PHONE,164,8,31
11249,UNKNOWN,220,8,31
11251,PHONE,1,8,31
11354,MOBILE,445,8,31
11354,ONLINE,649,8,31
11354,PHONE,456,8,31
11354,UNKNOWN,155,8,31
11355,MOBILE,490,8,31
11355,ONLINE,774,8,31
11355,PHONE,469,8,31
11355,UNKNOWN,141,8,31
11356,MOBILE,198,8,31
11356,ONLINE,358,8,31
11356,PHONE,204,8,31
11356,UNKNOWN,54,8,31
11357,MOBILE,187,8,31
11357,ONLINE,472,8,31
11357,PHONE,302,8,31
11357,UNKNOWN,138,8,31
11358,MOBILE,272,8,31
11358,ONLINE,552,8,31
11358,PHONE,307,8,31
11358,UNKNOWN,135,8,31
11359,MOBILE,3,8,31
11359,ONLINE,8,8,31
11359,PHONE,3,8,31
11359,UNKNOWN,2,8,31
11360,MOBILE,43,8,31
11360,ONLINE,147,8,31
11360,PHONE,91,8,31
11360,UNKNOWN,23,8,31
11361,MOBILE,119,8,31
11361,ONLINE,448,8,31
11361,PHONE,214,8,31
11361,UNKNOWN,120,8,31
11362,MOBILE,34,8,31
11362,ONLINE,225,8,31
11362,PHONE,108,8,31
11362,UNKNOWN,58,8,31
11363,MOBILE,54,8,31
11363,ONLINE,126,8,31
11363,PHONE,78,8,31
11363,UNKNOWN,36,8,31
11364,MOBILE,130,8,31
11364,ONLINE,275,8,31
11364,PHONE,187,8,31
11364,UNKNOWN,88,8,31
11365,MOBILE,240,8,31
11365,ONLINE,542,8,31
11365,PHONE,282,8,31
11365,UNKNOWN,67,8,31
11366,MOBILE,90,8,31
11366,ONLINE,4386,8,31
11366,PHONE,97,8,31
11366,UNKNOWN,70,8,31
11367,MOBILE,127,8,31
11367,ONLINE,456,8,31
11367,PHONE,296,8,31
11367,UNKNOWN,162,8,31
11368,MOBILE,862,8,31
11368,ONLINE,3132,8,31
11368,PHONE,850,8,31
11368,UNKNOWN,190,8,31
11369,MOBILE,260,8,31
11369,ONLINE,612,8,31
11369,PHONE,428,8,31
11369,UNKNOWN,101,8,31
11370,MOBILE,242,8,31
11370,ONLINE,358,8,31
11370,PHONE,195,8,31
11370,UNKNOWN,65,8,31
11371,ONLINE,1,8,31
11371,PHONE,1,8,31
11372,MOBILE,489,8,31
11372,ONLINE,1072,8,31
11372,PHONE,413,8,31
11372,UNKNOWN,197,8,31
11373,MOBILE,370,8,31
11373,ONLINE,1035,8,31
11373,PHONE,457,8,31
11373,UNKNOWN,125,8,31
11374,MOBILE,162,8,31
11374,ONLINE,629,8,31
11374,PHONE,302,8,31
11374,UNKNOWN,109,8,31
11375,MOBILE,350,8,31
11375,ONLINE,787,8,31
11375,PHONE,361,8,31
11375,UNKNOWN,183,8,31
11377,MOBILE,601,8,31
11377,ONLINE,1122,8,31
11377,PHONE,584,8,31
11377,UNKNOWN,168,8,31
11378,MOBILE,429,8,31
11378,ONLINE,1007,8,31
11378,PHONE,369,8,31
11378,UNKNOWN,116,8,31
11379,MOBILE,399,8,31
11379,ONLINE,559,8,31
11379,PHONE,272,8,31
11379,UNKNOWN,115,8,31
11385,MOBILE,1201,8,31
11385,ONLINE,1766,8,31
11385,PHONE,881,8,31
11385,UNKNOWN,307,8,31
11411,MOBILE,134,8,31
11411,ONLINE,145,8,31
11411,PHONE,225,8,31
11411,UNKNOWN,47,8,31
11412,MOBILE,128,8,31
11412,ONLINE,388,8,31
11412,PHONE,486,8,31
11412,UNKNOWN,99,8,31
11413,MOBILE,152,8,31
11413,ONLINE,414,8,31
11413,PHONE,592,8,31
11413,UNKNOWN,79,8,31
11414,MOBILE,165,8,31
11414,ONLINE,539,8,31
11414,PHONE,242,8,31
11414,UNKNOWN,68,8,31
11415,MOBILE,94,8,31
11415,ONLINE,216,8,31
11415,PHONE,171,8,31
11415,UNKNOWN,59,8,31
11416,MOBILE,197,8,31
11416,ONLINE,385,8,31
11416,PHONE,255,8,31
11416,UNKNOWN,81,8,31
11417,MOBILE,303,8,31
11417,ONLINE,642,8,31
11417,PHONE,373,8,31
11417,UNKNOWN,124,8,31
11418,MOBILE,318,8,31
11418,ONLINE,441,8,31
11418,PHONE,370,8,31
11418,UNKNOWN,66,8,31
11419,MOBILE,781,8,31
11419,ONLINE,942,8,31
11419,PHONE,578,8,31
11419,UNKNOWN,335,8,31
11420,MOBILE,520,8,31
11420,ONLINE,1175,8,31
11420,PHONE,672,8,31
11420,UNKNOWN,204,8,31
11421,MOBILE,341,8,31
11421,ONLINE,1200,8,31
11421,PHONE,396,8,31
11421,UNKNOWN,120,8,31
11422,MOBILE,135,8,31
11422,ONLINE,307,8,31
11422,PHONE,388,8,31
11422,UNKNOWN,72,8,31
11423,MOBILE,104,8,31
11423,ONLINE,375,8,31
11423,PHONE,312,8,31
11423,UNKNOWN,90,8,31
11426,MOBILE,94,8,31
11426,ONLINE,217,8,31
11426,PHONE,147,8,31
11426,UNKNOWN,59,8,31
11427,MOBILE,70,8,31
11427,ONLINE,178,8,31
11427,PHONE,174,8,31
11427,UNKNOWN,71,8,31
11428,MOBILE,96,8,31
11428,ONLINE,309,8,31
11428,PHONE,172,8,31
11428,UNKNOWN,40,8,31
11429,MOBILE,94,8,31
11429,ONLINE,411,8,31
11429,PHONE,212,8,31
11429,UNKNOWN,85,8,31
11430,MOBILE,40,8,31
11430,ONLINE,205,8,31
11430,PHONE,204,8,31
11430,UNKNOWN,35,8,31
11432,MOBILE,238,8,31
11432,ONLINE,1588,8,31
11432,PHONE,514,8,31
11432,UNKNOWN,148,8,31
11433,MOBILE,210,8,31
11433,ONLINE,1014,8,31
11433,PHONE,438,8,31
11433,UNKNOWN,105,8,31
11434,MOBILE,229,8,31
11434,ONLINE,819,8,31
11434,PHONE,731,8,31
11434,UNKNOWN,174,8,31
11435,MOBILE,346,8,31
11435,ONLINE,762,8,31
11435,PHONE,509,8,31
11435,UNKNOWN,134,8,31
11436,MOBILE,190,8,31
11436,ONLINE,360,8,31
11436,PHONE,265,8,31
11436,UNKNOWN,55,8,31
11570,PHONE,1,8,31
11691,MOBILE,203,8,31
11691,ONLINE,710,8,31
11691,PHONE,589,8,31
11691,UNKNOWN,104,8,31
11692,MOBILE,79,8,31
11692,ONLINE,240,8,31
11692,PHONE,217,8,31
11692,UNKNOWN,34,8,31
11693,MOBILE,187,8,31
11693,ONLINE,158,8,31
11693,PHONE,104,8,31
11693,UNKNOWN,36,8,31
11694,MOBILE,304,8,31
11694,ONLINE,303,8,31
11694,PHONE,135,8,31
11694,UNKNOWN,76,8,31
11695,PHONE,2,8,31
11697,ONLINE,18,8,31
11697,PHONE,3,8,31
11697,UNKNOWN,1,8,31
11727,ONLINE,1,8,31
11791,PHONE,1,8,31
11950,PHONE,1,8,31
12345,MOBILE,3,8,31
12524,PHONE,1,8,31
19013,PHONE,1,8,31
61266,PHONE,1,8,31
77046,PHONE,1,8,31
02050,ONLINE,1,9,30
10000,MOBILE,1,9,30
10000,ONLINE,25,9,30
10000,PHONE,8,9,30
10000,UNKNOWN,53,9,30
10001,MOBILE,464,9,30
10001,ONLINE,1140,9,30
10001,PHONE,457,9,30
10001,UNKNOWN,116,9,30
10002,MOBILE,907,9,30
10002,ONLINE,1116,9,30
10002,PHONE,382,9,30
10002,UNKNOWN,210,9,30
10003,MOBILE,572,9,30
10003,ONLINE,1117,9,30
10003,PHONE,416,9,30
10003,UNKNOWN,111,9,30
10004,MOBILE,68,9,30
10004,ONLINE,403,9,30
10004,PHONE,37,9,30
10004,UNKNOWN,36,9,30
10005,MOBILE,54,9,30
10005,ONLINE,209,9,30
10005,PHONE,24,9,30
10005,UNKNOWN,17,9,30
10006,MOBILE,44,9,30
10006,ONLINE,212,9,30
10006,PHONE,19,9,30
10006,UNKNOWN,14,9,30
10007,MOBILE,85,9,30
10007,ONLINE,326,9,30
10007,PHONE,59,9,30
10007,UNKNOWN,32,9,30
10009,MOBILE,499,9,30
10009,ONLINE,861,9,30
10009,PHONE,346,9,30
10009,UNKNOWN,114,9,30
10010,MOBILE,366,9,30
10010,ONLINE,436,9,30
10010,PHONE,188,9,30
10010,UNKNOWN,78,9,30
10011,MOBILE,604,9,30
10011,ONLINE,1155,9,30
10011,PHONE,407,9,30
10011,UNKNOWN,123,9,30
10012,MOBILE,325,9,30
10012,ONLINE,724,9,30
10012,PHONE,196,9,30
10012,UNKNOWN,78,9,30
10013,MOBILE,453,9,30
10013,ONLINE,721,9,30
10013,PHONE,257,9,30
10013,UNKNOWN,103,9,30
10014,MOBILE,346,9,30
10014,ONLINE,672,9,30
10014,PHONE,234,9,30
10014,UNKNOWN,98,9,30
10016,MOBILE,373,9,30
10016,ONLINE,1268,9,30
10016,PHONE,272,9,30
10016,UNKNOWN,96,9,30
10017,MOBILE,117,9,30
10017,ONLINE,516,9,30
10017,PHONE,99,9,30
10017,UNKNOWN,78,9,30
10018,MOBILE,375,9,30
10018,ONLINE,427,9,30
10018,PHONE,103,9,30
10018,UNKNOWN,49,9,30
10019,MOBILE,466,9,30
10019,ONLINE,1006,9,30
10019,PHONE,306,9,30
10019,UNKNOWN,150,9,30
10020,MOBILE,5,9,30
10020,ONLINE,18,9,30
10020,PHONE,6,9,30
10020,UNKNOWN,3,9,30
10021,MOBILE,93,9,30
10021,ONLINE,313,9,30
10021,PHONE,147,9,30
10021,UNKNOWN,66,9,30
10022,MOBILE,132,9,30
10022,ONLINE,429,9,30
10022,PHONE,201,9,30
10022,UNKNOWN,103,9,30
10023,MOBILE,463,9,30
10023,ONLINE,1247,9,30
10023,PHONE,300,9,30
10023,UNKNOWN,103,9,30
10024,MOBILE,254,9,30
10024,ONLINE,666,9,30
10024,PHONE,279,9,30
10024,UNKNOWN,137,9,30
10025,MOBILE,501,9,30
10025,ONLINE,983,9,30
10025,PHONE,513,9,30
10025,UNKNOWN,252,9,30
10026,MOBILE,388,9,30
10026,ONLINE,749,9,30
10026,PHONE,493,9,30
10026,UNKNOWN,61,9,30
10027,MOBILE,641,9,30
10027,ONLINE,884,9,30
10027,PHONE,576,9,30
10027,UNKNOWN,134,9,30
10028,MOBILE,154,9,30
10028,ONLINE,622,9,30
10028,PHONE,359,9,30
10028,UNKNOWN,97,9,30
10029,MOBILE,369,9,30
10029,ONLINE,1019,9,30
10029,PHONE,616,9,30
10029,UNKNOWN,169,9,30
10030,MOBILE,194,9,30
10030,ONLINE,748,9,30
10030,PHONE,520,9,30
10030,UNKNOWN,53,9,30
10031,MOBILE,679,9,30
10031,ONLINE,1038,9,30
10031,PHONE,733,9,30
10031,UNKNOWN,101,9,30
10032,MOBILE,679,9,30
10032,ONLINE,1057,9,30
10032,PHONE,741,9,30
10032,UNKNOWN,105,9,30
10033,MOBILE,619,9,30
10033,ONLINE,1079,9,30
10033,PHONE,530,9,30
10033,UNKNOWN,93,9,30
10034,MOBILE,597,9,30
10034,ONLINE,722,9,30
10034,PHONE,517,9,30
10034,UNKNOWN,70,9,30
10035,MOBILE,445,9,30
10035,ONLINE,558,9,30
10035,PHONE,474,9,30
10035,UNKNOWN,116,9,30
10036,MOBILE,350,9,30
10036,ONLINE,1115,9,30
10036,PHONE,378,9,30
10036,UNKNOWN,116,9,30
10037,MOBILE,147,9,30
10037,ONLINE,296,9,30
10037,PHONE,261,9,30
10037,UNKNOWN,36,9,30
10038,MOBILE,347,9,30
10038,ONLINE,433,9,30
10038,OTHER,1,9,30
10038,PHONE,107,9,30
10038,UNKNOWN,40,9,30
10039,MOBILE,205,9,30
10039,ONLINE,399,9,30
10039,PHONE,459,9,30
10039,UNKNOWN,64,9,30
10040,MOBILE,326,9,30
10040,ONLINE,815,9,30
10040,PHONE,549,9,30
10040,UNKNOWN,55,9,30
10041,MOBILE,1,9,30
10041,ONLINE,5,9,30
10044,MOBILE,4,9,30
10044,ONLINE,53,9,30
10044,PHONE,25,9,30
10044,UNKNOWN,3,9,30
10048,PHONE,1,9,30
10065,MOBILE,180,9,30
10065,ONLINE,377,9,30
10065,PHONE,188,9,30
10065,UNKNOWN,62,9,30
10069,MOBILE,23,9,30
10069,ONLINE,27,9,30
10069,PHONE,12,9,30
10069,UNKNOWN,6,9,30
10075,MOBILE,69,9,30
10075,ONLINE,210,9,30
10075,PHONE,89,9,30
10075,UNKNOWN,43,9,30
10103,ONLINE,5,9,30
10103,UNKNOWN,1,9,30
10105,MOBILE,1,9,30
10105,ONLINE,14,9,30
10105,PHONE,1,9,30
10106,PHONE,1,9,30
10107,ONLINE,7,9,30
10110,MOBILE,1,9,30
10110,ONLINE,2,9,30
10110,PHONE,1,9,30
10111,MOBILE,1,9,30
10112,ONLINE,2,9,30
10112,UNKNOWN,1,9,30
10115,ONLINE,1,9,30
10118,MOBILE,5,9,30
10118,ONLINE,4,9,30
10119,MOBILE,1,9,30
10119,ONLINE,5,9,30
10120,MOBILE,1,9,30
10121,MOBILE,2,9,30
10121,ONLINE,26,9,30
10121,PHONE,8,9,30
10121,UNKNOWN,3,9,30
10123,MOBILE,1,9,30
10123,ONLINE,3,9,30
10128,MOBILE,131,9,30
10128,ONLINE,376,9,30
10128,PHONE,291,9,30
10128,UNKNOWN,93,9,30
10151,MOBILE,1,9,30
10151,ONLINE,2,9,30
10152,MOBILE,3,9,30
10152,ONLINE,1,9,30
10152,PHONE,1,9,30
10153,MOBILE,7,9,30
10153,PHONE,1,9,30
10154,MOBILE,20,9,30
10154,PHONE,1,9,30
10155,ONLINE,1,9,30
10158,MOBILE,3,9,30
10158,ONLINE,2,9,30
10162,MOBILE,1,9,30
10162,ONLINE,3,9,30
10162,PHONE,4,9,30
10165,MOBILE,2,9,30
10165,ONLINE,1,9,30
10165,PHONE,2,9,30
10166,ONLINE,2,9,30
10166,PHONE,1,9,30
10167,ONLINE,2,9,30
10167,PHONE,1,9,30
10168,ONLINE,6,9,30
10168,PHONE,1,9,30
10169,MOBILE,27,9,30
10169,ONLINE,2,9,30
10169,PHONE,1,9,30
10170,ONLINE,3,9,30
10171,MOBILE,1,9,30
10171,ONLINE,6,9,30
10172,ONLINE,6,9,30
10172,PHONE,1,9,30
10172,UNKNOWN,11,9,30
10173,ONLINE,1,9,30
10174,ONLINE,2,9,30
10175,MOBILE,5,9,30
10175,ONLINE,7,9,30
10176,ONLINE,3,9,30
10177,ONLINE,1,9,30
10177,PHONE,1,9,30
10178,ONLINE,1,9,30
10179,ONLINE,1,9,30
10179,PHONE,1,9,30
10271,UNKNOWN,2,9,30
10278,MOBILE,2,9,30
10278,ONLINE,1,9,30
10278,PHONE,1,9,30
10279,MOBILE,1,9,30
10279,ONLINE,4,9,30
10279,UNKNOWN,2,9,30
10280,MOBILE,17,9,30
10280,ONLINE,74,9,30
10280,PHONE,4,9,30
10280,UNKNOWN,5,9,30
10281,MOBILE,2,9,30
10281,ONLINE,10,9,30
10281,PHONE,3,9,30
10281,UNKNOWN,1,9,30
10282,MOBILE,23,9,30
10282,ONLINE,46,9,30
10282,PHONE,6,9,30
10282,UNKNOWN,15,9,30
10301,MOBILE,148,9,30
10301,ONLINE,572,9,30
10301,PHONE,399,9,30
10301,UNKNOWN,123,9,30
10302,MOBILE,82,9,30
10302,ONLINE,282,9,30
10302,PHONE,166,9,30
10302,UNKNOWN,70,9,30
10303,MOBILE,63,9,30
10303,ONLINE,235,9,30
10303,PHONE,208,9,30
10303,UNKNOWN,72,9,30
10304,MOBILE,92,9,30
10304,ONLINE,534,9,30
10304,PHONE,393,9,30
10304,UNKNOWN,134,9,30
10305,MOBILE,153,9,30
10305,ONLINE,431,9,30
10305,PHONE,241,9,30
10305,UNKNOWN,110,9,30
10306,MOBILE,85,9,30
10306,ONLINE,719,9,30
10306,PHONE,325,9,30
10306,UNKNOWN,188,9,30
10307,MOBILE,73,9,30
10307,ONLINE,160,9,30
10307,PHONE,71,9,30
10307,UNKNOWN,59,9,30
10308,MOBILE,50,9,30
10308,ONLINE,255,9,30
10308,PHONE,149,9,30
10308,UNKNOWN,75,9,30
10309,MOBILE,102,9,30
10309,ONLINE,449,9,30
10309,PHONE,165,9,30
10309,UNKNOWN,88,9,30
10310,MOBILE,67,9,30
10310,ONLINE,320,9,30
10310,PHONE,193,9,30
10310,UNKNOWN,66,9,30
10312,MOBILE,141,9,30
10312,ONLINE,780,9,30
10312,PHONE,297,9,30
10312,UNKNOWN,136,9,30
10314,MOBILE,200,9,30
10314,ONLINE,895,9,30
10314,PHONE,578,9,30
10314,UNKNOWN,260,9,30
10451,MOBILE,553,9,30
10451,ONLINE,696,9,30
10451,PHONE,672,9,30
10451,UNKNOWN,156,9,30
10452,MOBILE,583,9,30
10452,ONLINE,1344,9,30
10452,PHONE,1273,9,30
10452,UNKNOWN,168,9,30
10453,MOBILE,775,9,30
10453,ONLINE,1099,9,30
10453,PHONE,1393,9,30
10453,UNKNOWN,152,9,30
10454,MOBILE,309,9,30
10454,ONLINE,503,9,30
10454,PHONE,327,9,30
10454,UNKNOWN,85,9,30
10455,MOBILE,327,9,30
10455,ONLINE,760,9,30
10455,PHONE,483,9,30
10455,UNKNOWN,103,9,30
10456,MOBILE,497,9,30
10456,ONLINE,1833,9,30
10456,PHONE,1167,9,30
10456,UNKNOWN,187,9,30
10457,MOBILE,705,9,30
10457,ONLINE,1327,9,30
10457,PHONE,1364,9,30
10457,UNKNOWN,172,9,30
10458,MOBILE,533,9,30
10458,ONLINE,1388,9,30
10458,PHONE,1258,9,30
10458,UNKNOWN,139,9,30
10459,MOBILE,382,9,30
10459,ONLINE,649,9,30
10459,PHONE,866,9,30
10459,UNKNOWN,103,9,30
10460,MOBILE,446,9,30
10460,ONLINE,1025,9,30
10460,PHONE,860,9,30
10460,UNKNOWN,152,9,30
10461,MOBILE,389,9,30
10461,ONLINE,1084,9,30
10461,PHONE,554,9,30
10461,UNKNOWN,202,9,30
10462,MOBILE,426,9,30
10462,ONLINE,898,9,30
10462,PHONE,664,9,30
10462,UNKNOWN,220,9,30
10463,MOBILE,940,9,30
10463,ONLINE,1073,9,30
10463,PHONE,581,9,30
10463,UNKNOWN,156,9,30
10464,MOBILE,26,9,30
10464,ONLINE,151,9,30
10464,PHONE,46,9,30
10464,UNKNOWN,39,9,30
10465,MOBILE,330,9,30
10465,ONLINE,691,9,30
10465,PHONE,280,9,30
10465,UNKNOWN,132,9,30
10466,MOBILE,6797,9,30
10466,ONLINE,871,9,30
10466,PHONE,936,9,30
10466,UNKNOWN,110,9,30
10467,MOBILE,581,9,30
10467,ONLINE,1644,9,30
10467,PHONE,1271,9,30
10467,UNKNOWN,241,9,30
10468,MOBILE,745,9,30
10468,ONLINE,1686,9,30
10468,PHONE,975,9,30
10468,UNKNOWN,130,9,30
10469,MOBILE,262,9,30
10469,ONLINE,849,9,30
10469,PHONE,779,9,30
10469,UNKNOWN,124,9,30
10470,MOBILE,261,9,30
10470,ONLINE,328,9,30
10470,PHONE,278,9,30
10470,UNKNOWN,45,9,30
10471,MOBILE,176,9,30
10471,ONLINE,371,9,30
10471,PHONE,163,9,30
10471,UNKNOWN,65,9,30
10472,MOBILE,473,9,30
10472,ONLINE,758,9,30
10472,PHONE,755,9,30
10472,UNKNOWN,155,9,30
10473,MOBILE,252,9,30
10473,ONLINE,517,9,30
10473,PHONE,460,9,30
10473,UNKNOWN,96,9,30
10474,MOBILE,114,9,30
10474,ONLINE,281,9,30
10474,PHONE,243,9,30
10474,UNKNOWN,54,9,30
10475,MOBILE,50,9,30
10475,ONLINE,196,9,30
10475,PHONE,146,9,30
10475,UNKNOWN,38,9,30
10710,ONLINE,1,9,30
10803,PHONE,5,9,30
10803,UNKNOWN,3,9,30
11001,MOBILE,22,9,30
11001,ONLINE,35,9,30
11001,PHONE,28,9,30
11001,UNKNOWN,8,9,30
11004,MOBILE,37,9,30
11004,ONLINE,113,9,30
11004,PHONE,84,9,30
11004,UNKNOWN,23,9,30
11010,PHONE,1,9,30
11021,ONLINE,2,9,30
11040,MOBILE,9,9,30
11040,ONLINE,33,9,30
11040,PHONE,18,9,30
11040,UNKNOWN,11,9,30
11101,MOBILE,1012,9,30
11101,ONLINE,1997,9,30
11101,PHONE,444,9,30
11101,UNKNOWN,206,9,30
11102,MOBILE,301,9,30
11102,ONLINE,558,9,30
11102,PHONE,251,9,30
11102,UNKNOWN,70,9,30
11103,MOBILE,419,9,30
11103,ONLINE,1364,9,30
11103,PHONE,236,9,30
11103,UNKNOWN,73,9,30
11104,MOBILE,143,9,30
11104,ONLINE,390,9,30
11104,PHONE,260,9,30
11104,UNKNOWN,49,9,30
11105,MOBILE,389,9,30
11105,ONLINE,602,9,30
11105,PHONE,261,9,30
11105,UNKNOWN,69,9,30
11106,MOBILE,321,9,30
11106,ONLINE,663,9,30
11106,PHONE,344,9,30
11106,UNKNOWN,111,9,30
11109,MOBILE,73,9,30
11109,ONLINE,33,9,30
11109,PHONE,27,9,30
11109,UNKNOWN,2,9,30
11201,MOBILE,1302,9,30
11201,ONLINE,1830,9,30
11201,PHONE,354,9,30
11201,UNKNOWN,227,9,30
11203,MOBILE,380,9,30
11203,ONLINE,816,9,30
11203,PHONE,816,9,30
11203,UNKNOWN,126,9,30
11204,MOBILE,875,9,30
11204,ONLINE,751,9,30
11204,PHONE,421,9,30
11204,UNKNOWN,185,9,30
11205,MOBILE,455,9,30
11205,ONLINE,993,9,30
11205,PHONE,554,9,30
11205,UNKNOWN,99,9,30
11206,MOBILE,645,9,30
11206,ONLINE,1134,9,30
11206,PHONE,602,9,30
11206,UNKNOWN,141,9,30
11207,MOBILE,911,9,30
11207,ONLINE,1273,9,30
11207,OTHER,2,9,30
11207,PHONE,1167,9,30
11207,UNKNOWN,273,9,30
11208,MOBILE,658,9,30
11208,ONLINE,1322,9,30
11208,PHONE,1061,9,30
11208,UNKNOWN,176,9,30
11209,MOBILE,824,9,30
11209,ONLINE,948,9,30
11209,PHONE,484,9,30
11209,UNKNOWN,182,9,30
11210,MOBILE,326,9,30
11210,ONLINE,738,9,30
11210,PHONE,724,9,30
11210,UNKNOWN,135,9,30
11211,MOBILE,837,9,30
11211,ONLINE,1289,9,30
11211,PHONE,438,9,30
11211,UNKNOWN,315,9,30
11212,MOBILE,459,9,30
11212,ONLINE,1028,9,30
11212,PHONE,1027,9,30
11212,UNKNOWN,141,9,30
11213,MOBILE,401,9,30
11213,ONLINE,985,9,30
11213,OTHER,1,9,30
11213,PHONE,871,9,30
11213,UNKNOWN,188,9,30
11214,MOBILE,800,9,30
11214,ONLINE,1306,9,30
11214,PHONE,692,9,30
11214,UNKNOWN,192,9,30
11215,MOBILE,618,9,30
11215,ONLINE,1181,9,30
11215,PHONE,465,9,30
11215,UNKNOWN,215,9,30
11216,MOBILE,562,9,30
11216,ONLINE,1225,9,30
11216,PHONE,545,9,30
11216,UNKNOWN,223,9,30
11217,MOBILE,771,9,30
11217,ONLINE,959,9,30
11217,PHONE,311,9,30
11217,UNKNOWN,122,9,30
11218,MOBILE,567,9,30
11218,ONLINE,1057,9,30
11218,PHONE,443,9,30
11218,UNKNOWN,183,9,30
11219,MOBILE,595,9,30
11219,ONLINE,617,9,30
11219,PHONE,471,9,30
11219,UNKNOWN,123,9,30
11220,MOBILE,770,9,30
11220,ONLINE,1121,9,30
11220,PHONE,622,9,30
11220,UNKNOWN,233,9,30
11221,MOBILE,658,9,30
11221,ONLINE,1335,9,30
11221,PHONE,891,9,30
11221,UNKNOWN,181,9,30
11222,MOBILE,727,9,30
11222,ONLINE,1458,9,30
11222,PHONE,347,9,30
11222,UNKNOWN,187,9,30
11223,MOBILE,523,9,30
11223,ONLINE,1101,9,30
11223,PHONE,505,9,30
11223,UNKNOWN,215,9,30
11224,MOBILE,301,9,30
11224,ONLINE,312,9,30
11224,PHONE,259,9,30
11224,UNKNOWN,45,9,30
11225,MOBILE,652,9,30
11225,ONLINE,1053,9,30
11225,PHONE,754,9,30
11225,UNKNOWN,169,9,30
11226,MOBILE,804,9,30
11226,ONLINE,1780,9,30
11226,PHONE,1346,9,30
11226,UNKNOWN,177,9,30
11228,MOBILE,382,9,30
11228,ONLINE,504,9,30
11228,PHONE,216,9,30
11228,UNKNOWN,84,9,30
11229,MOBILE,583,9,30
11229,ONLINE,1009,9,30
11229,PHONE,582,9,30
11229,UNKNOWN,196,9,30
11230,MOBILE,583,9,30
11230,ONLINE,1012,9,30
11230,PHONE,765,9,30
11230,UNKNOWN,213,9,30
11231,MOBILE,398,9,30
11231,ONLINE,1177,9,30
11231,PHONE,318,9,30
11231,UNKNOWN,94,9,30
11232,MOBILE,332,9,30
11232,ONLINE,504,9,30
11232,PHONE,207,9,30
11232,UNKNOWN,115,9,30
11233,MOBILE,443,9,30
11233,ONLINE,1106,9,30
11233,PHONE,799,9,30
11233,UNKNOWN,134,9,30
11234,MOBILE,523,9,30
11234,ONLINE,1113,9,30
11234,OTHER,1,9,30
11234,PHONE,675,9,30
11234,UNKNOWN,243,9,30
11235,MOBILE,742,9,30
11235,ONLINE,1126,9,30
11235,PHONE,646,9,30
11235,UNKNOWN,151,9,30
11236,MOBILE,273,9,30
11236,ONLINE,875,9,30
11236,PHONE,812,9,30
11236,UNKNOWN,157,9,30
11237,MOBILE,908,9,30
11237,ONLINE,1103,9,30
11237,PHONE,406,9,30
11237,UNKNOWN,154,9,30
11238,MOBILE,807,9,30
11238,ONLINE,1615,9,30
11238,PHONE,479,9,30
11238,UNKNOWN,156,9,30
11239,MOBILE,163,9,30
11239,ONLINE,198,9,30
11239,PHONE,163,9,30
11239,UNKNOWN,29,9,30
11241,ONLINE,1,9,30
11242,ONLINE,4,9,30
11249,MOBILE,323,9,30
11249,ONLINE,539,9,30
11249,PHONE,173,9,30
11249,UNKNOWN,132,9,30
11251,UNKNOWN,1,9,30
11354,MOBILE,400,9,30
11354,ONLINE,520,9,30
11354,PHONE,360,9,30
11354,UNKNOWN,136,9,30
11355,MOBILE,509,9,30
11355,ONLINE,874,9,30
11355,PHONE,471,9,30
11355,UNKNOWN,135,9,30
11356,MOBILE,211,9,30
11356,ONLINE,382,9,30
11356,PHONE,194,9,30
11356,UNKNOWN,29,9,30
11357,MOBILE,194,9,30
11357,ONLINE,426,9,30
11357,PHONE,201,9,30
11357,UNKNOWN,123,9,30
11358,MOBILE,281,9,30
11358,ONLINE,533,9,30
11358,PHONE,263,9,30
11358,UNKNOWN,128,9,30
11359,MOBILE,1,9,30
11359,ONLINE,4,9,30
11359,PHONE,2,9,30
11360,MOBILE,64,9,30
11360,ONLINE,156,9,30
11360,PHONE,79,9,30
11360,UNKNOWN,29,9,30
11361,MOBILE,146,9,30
11361,ONLINE,318,9,30
11361,PHONE,179,9,30
11361,UNKNOWN,80,9,30
11362,MOBILE,61,9,30
11362,ONLINE,123,9,30
11362,PHONE,82,9,30
11362,UNKNOWN,28,9,30
11363,MOBILE,38,9,30
11363,ONLINE,94,9,30
11363,PHONE,52,9,30
11363,UNKNOWN,36,9,30
11364,MOBILE,146,9,30
11364,ONLINE,270,9,30
11364,PHONE,184,9,30
11364,UNKNOWN,72,9,30
11365,MOBILE,337,9,30
11365,ONLINE,534,9,30
11365,PHONE,229,9,30
11365,UNKNOWN,94,9,30
11366,MOBILE,56,9,30
11366,ONLINE,2886,9,30
11366,PHONE,105,9,30
11366,UNKNOWN,46,9,30
11367,MOBILE,218,9,30
11367,ONLINE,349,9,30
11367,PHONE,271,9,30
11367,UNKNOWN,88,9,30
11368,MOBILE,901,9,30
11368,ONLINE,2542,9,30
11368,PHONE,728,9,30
11368,UNKNOWN,161,9,30
11369,MOBILE,209,9,30
11369,ONLINE,591,9,30
11369,PHONE,386,9,30
11369,UNKNOWN,62,9,30
11370,MOBILE,244,9,30
11370,ONLINE,384,9,30
11370,PHONE,182,9,30
11370,UNKNOWN,77,9,30
11371,ONLINE,1,9,30
11371,PHONE,1,9,30
11372,MOBILE,573,9,30
11372,ONLINE,959,9,30
11372,PHONE,484,9,30
11372,UNKNOWN,128,9,30
11373,MOBILE,461,9,30
11373,ONLINE,866,9,30
11373,PHONE,502,9,30
11373,UNKNOWN,139,9,30
11374,MOBILE,184,9,30
11374,ONLINE,613,9,30
11374,PHONE,299,9,30
11374,UNKNOWN,71,9,30
11375,MOBILE,562,9,30
11375,ONLINE,1063,9,30
11375,PHONE,318,9,30
11375,UNKNOWN,165,9,30
11377,MOBILE,654,9,30
11377,ONLINE,1085,9,30
11377,PHONE,525,9,30
11377,UNKNOWN,215,9,30
11378,MOBILE,536,9,30
11378,ONLINE,585,9,30
11378,PHONE,330,9,30
11378,UNKNOWN,124,9,30
11379,MOBILE,388,9,30
11379,ONLINE,535,9,30
11379,PHONE,226,9,30
11379,UNKNOWN,114,9,30
11385,MOBILE,1294,9,30
11385,ONLINE,1774,9,30
11385,PHONE,931,9,30
11385,UNKNOWN,282,9,30
11411,MOBILE,165,9,30
11411,ONLINE,161,9,30
11411,PHONE,192,9,30
11411,UNKNOWN,54,9,30
11412,MOBILE,95,9,30
11412,ONLINE,352,9,30
11412,PHONE,403,9,30
11412,UNKNOWN,125,9,30
11413,MOBILE,133,9,30
11413,ONLINE,402,9,30
11413,PHONE,499,9,30
11413,UNKNOWN,103,9,30
11414,MOBILE,117,9,30
11414,ONLINE,419,9,30
11414,PHONE,161,9,30
11414,UNKNOWN,65,9,30
11415,MOBILE,97,9,30
11415,ONLINE,226,9,30
11415,PHONE,118,9,30
11415,UNKNOWN,50,9,30
11416,MOBILE,200,9,30
11416,ONLINE,424,9,30
11416,PHONE,230,9,30
11416,UNKNOWN,87,9,30
11417,MOBILE,217,9,30
11417,ONLINE,526,9,30
11417,PHONE,292,9,30
11417,UNKNOWN,120,9,30
11418,MOBILE,320,9,30
11418,ONLINE,561,9,30
11418,PHONE,289,9,30
11418,UNKNOWN,85,9,30
11419,MOBILE,587,9,30
11419,ONLINE,895,9,30
11419,PHONE,486,9,30
11419,UNKNOWN,267,9,30
11420,MOBILE,526,9,30
11420,ONLINE,1031,9,30
11420,PHONE,571,9,30
11420,UNKNOWN,228,9,30
11421,MOBILE,343,9,30
11421,ONLINE,1170,9,30
11421,PHONE,356,9,30
11421,UNKNOWN,76,9,30
11422,MOBILE,120,9,30
11422,ONLINE,340,9,30
11422,PHONE,422,9,30
11422,UNKNOWN,80,9,30
11423,MOBILE,112,9,30
11423,ONLINE,350,9,30
11423,PHONE,263,9,30
11423,UNKNOWN,101,9,30
11426,MOBILE,58,9,30
11426,ONLINE,175,9,30
11426,PHONE,114,9,30
11426,UNKNOWN,52,9,30
11427,MOBILE,78,9,30
11427,ONLINE,171,9,30
11427,PHONE,151,9,30
11427,UNKNOWN,56,9,30
11428,MOBILE,55,9,30
11428,ONLINE,244,9,30
11428,PHONE,185,9,30
11428,UNKNOWN,36,9,30
11429,MOBILE,82,9,30
11429,ONLINE,349,9,30
11429,PHONE,244,9,30
11429,UNKNOWN,126,9,30
11430,MOBILE,41,9,30
11430,ONLINE,193,9,30
11430,PHONE,170,9,30
11430,UNKNOWN,28,9,30
11432,MOBILE,311,9,30
11432,ONLINE,1199,9,30
11432,PHONE,494,9,30
11432,UNKNOWN,157,9,30
11433,MOBILE,202,9,30
11433,ONLINE,839,9,30
11433,PHONE,451,9,30
11433,UNKNOWN,87,9,30
11434,MOBILE,196,9,30
11434,ONLINE,661,9,30
11434,PHONE,766,9,30
11434,UNKNOWN,208,9,30
11435,MOBILE,386,9,30
11435,ONLINE,662,9,30
11435,PHONE,488,9,30
11435,UNKNOWN,125,9,30
11436,MOBILE,163,9,30
11436,ONLINE,321,9,30
11436,PHONE,226,9,30
11436,UNKNOWN,73,9,30
11552,PHONE,1,9,30
11691,MOBILE,254,9,30
11691,ONLINE,630,9,30
11691,PHONE,531,9,30
11691,UNKNOWN,84,9,30
11692,MOBILE,51,9,30
11692,ONLINE,161,9,30
11692,PHONE,191,9,30
11692,UNKNOWN,45,9,30
11693,MOBILE,140,9,30
11693,ONLINE,130,9,30
11693,PHONE,90,9,30
11693,UNKNOWN,43,9,30
11694,MOBILE,116,9,30
11694,ONLINE,218,9,30
11694,PHONE,137,9,30
11694,UNKNOWN,44,9,30
11697,MOBILE,1,9,30
11697,ONLINE,8,9,30
11697,PHONE,6,9,30
11733,PHONE,1,9,30
11791,PHONE,1,9,30
11793,PHONE,1,9,30
12203,PHONE,1,9,30
12345,MOBILE,2,9,30
12345,ONLINE,2,9,30
12345,PHONE,2,9,30
12524,PHONE,1,9,30
14068,ONLINE,1,9,30
19013,ONLINE,1,9,30
35244,ONLINE,1,9,30
43214,ONLINE,1,9,30
75159,ONLINE,1,9,30
77491,ONLINE,1,9,30
92614,ONLINE,1,9,30
N/A,ONLINE,1,9,30
07502,ONLINE,1,10,31
10000,MOBILE,2,10,31
10000,ONLINE,24,10,31
10000,PHONE,3,10,31
10000,UNKNOWN,36,10,31
10001,MOBILE,528,10,31
10001,ONLINE,1048,10,31
10001,PHONE,475,10,31
10001,UNKNOWN,148,10,31
10002,MOBILE,793,10,31
10002,ONLINE,1100,10,31
10002,PHONE,396,10,31
10002,UNKNOWN,355,10,31
10003,MOBILE,614,10,31
10003,ONLINE,1498,10,31
10003,PHONE,440,10,31
10003,UNKNOWN,195,10,31
10004,MOBILE,42,10,31
10004,ONLINE,375,10,31
10004,PHONE,33,10,31
10004,UNKNOWN,29,10,31
10005,MOBILE,71,10,31
10005,ONLINE,267,10,31
10005,PHONE,31,10,31
10005,UNKNOWN,25,10,31
10006,MOBILE,30,10,31
10006,ONLINE,200,10,31
10006,PHONE,15,10,31
10006,UNKNOWN,22,10,31
10007,MOBILE,110,10,31
10007,ONLINE,339,10,31
10007,PHONE,45,10,31
10007,UNKNOWN,48,10,31
10009,MOBILE,369,10,31
10009,ONLINE,971,10,31
10009,PHONE,427,10,31
10009,UNKNOWN,157,10,31
10010,MOBILE,223,10,31
10010,ONLINE,464,10,31
10010,PHONE,184,10,31
10010,UNKNOWN,74,10,31
10011,MOBILE,534,10,31
10011,ONLINE,1009,10,31
10011,PHONE,411,10,31
10011,UNKNOWN,172,10,31
10012,MOBILE,264,10,31
10012,ONLINE,815,10,31
10012,PHONE,205,10,31
10012,UNKNOWN,140,10,31
10013,MOBILE,393,10,31
10013,ONLINE,654,10,31
10013,PHONE,275,10,31
10013,UNKNOWN,186,10,31
10014,MOBILE,354,10,31
10014,ONLINE,830,10,31
10014,PHONE,283,10,31
10014,UNKNOWN,136,10,31
10016,MOBILE,398,10,31
10016,ONLINE,1087,10,31
10016,PHONE,356,10,31
10016,UNKNOWN,130,10,31
10017,MOBILE,116,10,31
10017,ONLINE,606,10,31
10017,PHONE,173,10,31
10017,UNKNOWN,114,10,31
10018,MOBILE,238,10,31
10018,ONLINE,466,10,31
10018,PHONE,124,10,31
10018,UNKNOWN,74,10,31
10019,MOBILE,479,10,31
10019,ONLINE,1065,10,31
10019,PHONE,391,10,31
10019,UNKNOWN,137,10,31
10020,MOBILE,5,10,31
10020,ONLINE,14,10,31
10020,PHONE,11,10,31
10020,UNKNOWN,3,10,31
10021,MOBILE,152,10,31
10021,ONLINE,406,10,31
10021,PHONE,189,10,31
10021,UNKNOWN,84,10,31
10022,MOBILE,152,10,31
10022,ONLINE,557,10,31
10022,PHONE,247,10,31
10022,UNKNOWN,138,10,31
10023,MOBILE,507,10,31
10023,ONLINE,1345,10,31
10023,PHONE,320,10,31
10023,UNKNOWN,151,10,31
10024,MOBILE,185,10,31
10024,ONLINE,877,10,31
10024,PHONE,362,10,31
10024,UNKNOWN,135,10,31
10025,MOBILE,447,10,31
10025,ONLINE,1196,10,31
10025,PHONE,692,10,31
10025,UNKNOWN,221,10,31
10026,MOBILE,363,10,31
10026,ONLINE,877,10,31
10026,PHONE,717,10,31
10026,UNKNOWN,81,10,31
10027,MOBILE,591,10,31
10027,ONLINE,1163,10,31
10027,PHONE,919,10,31
10027,UNKNOWN,189,10,31
10028,MOBILE,158,10,31
10028,ONLINE,624,10,31
10028,PHONE,294,10,31
10028,UNKNOWN,138,10,31
10029,MOBILE,436,10,31
10029,ONLINE,1439,10,31
10029,PHONE,895,10,31
10029,UNKNOWN,178,10,31
10030,MOBILE,292,10,31
10030,ONLINE,645,10,31
10030,PHONE,853,10,31
10030,UNKNOWN,99,10,31
10031,MOBILE,596,10,31
10031,ONLINE,1260,10,31
10031,PHONE,1002,10,31
10031,UNKNOWN,132,10,31
10032,MOBILE,776,10,31
10032,ONLINE,1083,10,31
10032,PHONE,1034,10,31
10032,UNKNOWN,135,10,31
10033,MOBILE,684,10,31
10033,ONLINE,979,10,31
10033,OTHER,1,10,31
10033,PHONE,739,10,31
10033,UNKNOWN,124,10,31
10034,MOBILE,582,10,31
10034,ONLINE,1030,10,31
10034,PHONE,904,10,31
10034,UNKNOWN,138,10,31
10035,MOBILE,393,10,31
10035,ONLINE,700,10,31
10035,PHONE,646,10,31
10035,UNKNOWN,132,10,31
10036,MOBILE,372,10,31
10036,ONLINE,1028,10,31
10036,PHONE,394,10,31
10036,UNKNOWN,154,10,31
10037,MOBILE,154,10,31
10037,ONLINE,408,10,31
10037,PHONE,477,10,31
10037,UNKNOWN,98,10,31
10038,MOBILE,209,10,31
10038,ONLINE,412,10,31
10038,PHONE,92,10,31
10038,UNKNOWN,57,10,31
10039,MOBILE,259,10,31
10039,ONLINE,625,10,31
10039,PHONE,962,10,31
10039,UNKNOWN,83,10,31
10040,MOBILE,384,10,31
10040,ONLINE,1105,10,31
10040,PHONE,706,10,31
10040,UNKNOWN,89,10,31
10041,UNKNOWN,1,10,31
10044,MOBILE,11,10,31
10044,ONLINE,40,10,31
10044,PHONE,32,10,31
10044,UNKNOWN,7,10,31
10045,MOBILE,1,10,31
10045,ONLINE,1,10,31
10048,PHONE,2,10,31
10065,MOBILE,198,10,31
10065,ONLINE,505,10,31
10065,PHONE,225,10,31
10065,UNKNOWN,104,10,31
10069,MOBILE,25,10,31
10069,ONLINE,37,10,31
10069,PHONE,20,10,31
10069,UNKNOWN,5,10,31
10075,MOBILE,91,10,31
10075,ONLINE,241,10,31
10075,PHONE,169,10,31
10075,UNKNOWN,41,10,31
10103,ONLINE,3,10,31
10105,MOBILE,1,10,31
10105,ONLINE,18,10,31
10105,PHONE,1,10,31
10105,UNKNOWN,2,10,31
10107,ONLINE,2,10,31
10110,MOBILE,1,10,31
10110,PHONE,1,10,31
10111,PHONE,2,10,31
10112,ONLINE,3,10,31
10115,ONLINE,1,10,31
10115,PHONE,1,10,31
10118,MOBILE,3,10,31
10118,ONLINE,2,10,31
10118,UNKNOWN,1,10,31
10119,ONLINE,5,10,31
10120,MOBILE,2,10,31
10120,ONLINE,1,10,31
10121,ONLINE,33,10,31
10121,PHONE,7,10,31
10121,UNKNOWN,1,10,31
10123,MOBILE,2,10,31
10123,ONLINE,4,10,31
10123,UNKNOWN,1,10,31
10128,MOBILE,165,10,31
10128,ONLINE,458,10,31
10128,PHONE,311,10,31
10128,UNKNOWN,110,10,31
10151,ONLINE,1,10,31
10151,UNKNOWN,2,10,31
10153,MOBILE,8,10,31
10153,ONLINE,2,10,31
10154,MOBILE,15,10,31
10154,ONLINE,1,10,31
10154,UNKNOWN,1,10,31
10155,ONLINE,3,10,31
10158,MOBILE,1,10,31
10158,ONLINE,3,10,31
10162,ONLINE,1,10,31
10162,UNKNOWN,1,10,31
10165,ONLINE,2,10,31
10165,PHONE,2,10,31
10166,ONLINE,3,10,31
10167,MOBILE,1,10,31
10168,MOBILE,1,10,31
10168,ONLINE,8,10,31
10168,PHONE,1,10,31
10168,UNKNOWN,2,10,31
10169,MOBILE,34,10,31
10169,ONLINE,3,10,31
10169,PHONE,3,10,31
10169,UNKNOWN,2,10,31
10171,ONLINE,1,10,31
10172,ONLINE,4,10,31
10172,UNKNOWN,4,10,31
10173,ONLINE,1,10,31
10174,ONLINE,2,10,31
10175,ONLINE,4,10,31
10176,ONLINE,1,10,31
10177,ONLINE,1,10,31
10271,ONLINE,2,10,31
10278,MOBILE,2,10,31
10278,PHONE,1,10,31
10279,ONLINE,3,10,31
10279,UNKNOWN,2,10,31
10280,MOBILE,5,10,31
10280,ONLINE,68,10,31
10280,PHONE,7,10,31
10280,UNKNOWN,7,10,31
10281,MOBILE,2,10,31
10281,ONLINE,6,10,31
10281,PHONE,1,10,31
10282,MOBILE,28,10,31
10282,ONLINE,22,10,31
10282,PHONE,7,10,31
10282,UNKNOWN,8,10,31
10301,MOBILE,186,10,31
10301,ONLINE,711,10,31
10301,PHONE,381,10,31
10301,UNKNOWN,175,10,31
10302,MOBILE,67,10,31
10302,ONLINE,257,10,31
10302,PHONE,157,10,31
10302,UNKNOWN,73,10,31
10303,MOBILE,81,10,31
10303,ONLINE,257,10,31
10303,PHONE,220,10,31
10303,UNKNOWN,74,10,31
10304,MOBILE,83,10,31
10304,ONLINE,396,10,31
10304,PHONE,311,10,31
10304,UNKNOWN,153,10,31
10305,MOBILE,89,10,31
10305,ONLINE,350,10,31
10305,PHONE,231,10,31
10305,UNKNOWN,162,10,31
10306,MOBILE,83,10,31
10306,ONLINE,649,10,31
10306,PHONE,349,10,31
10306,UNKNOWN,267,10,31
10307,MOBILE,44,10,31
10307,ONLINE,201,10,31
10307,PHONE,100,10,31
10307,UNKNOWN,35,10,31
10308,MOBILE,39,10,31
10308,ONLINE,258,10,31
10308,PHONE,118,10,31
10308,UNKNOWN,107,10,31
10309,MOBILE,85,10,31
10309,ONLINE,431,10,31
10309,PHONE,158,10,31
10309,UNKNOWN,116,10,31
10310,MOBILE,72,10,31
10310,ONLINE,247,10,31
10310,PHONE,179,10,31
10310,UNKNOWN,60,10,31
10312,MOBILE,183,10,31
10312,ONLINE,771,10,31
10312,PHONE,269,10,31
10312,UNKNOWN,205,10,31
10314,MOBILE,162,10,31
10314,ONLINE,994,10,31
10314,PHONE,524,10,31
10314,UNKNOWN,323,10,31
10451,MOBILE,599,10,31
10451,ONLINE,851,10,31
10451,PHONE,954,10,31
10451,UNKNOWN,133,10,31
10452,MOBILE,723,10,31
10452,ONLINE,1525,10,31
10452,PHONE,1748,10,31
10452,UNKNOWN,185,10,31
10453,MOBILE,721,10,31
10453,ONLINE,1285,10,31
10453,PHONE,1601,10,31
10453,UNKNOWN,212,10,31
10454,MOBILE,275,10,31
10454,ONLINE,624,10,31
10454,PHONE,478,10,31
10454,UNKNOWN,110,10,31
10455,MOBILE,340,10,31
10455,ONLINE,809,10,31
10455,PHONE,620,10,31
10455,UNKNOWN,110,10,31
10456,MOBILE,535,10,31
10456,ONLINE,1794,10,31
10456,PHONE,1454,10,31
10456,UNKNOWN,141,10,31
10457,MOBILE,643,10,31
10457,ONLINE,1275,10,31
10457,PHONE,1751,10,31
10457,UNKNOWN,218,10,31
10458,MOBILE,716,10,31
10458,ONLINE,1416,10,31
10458,PHONE,1836,10,31
10458,UNKNOWN,166,10,31
10459,MOBILE,245,10,31
10459,ONLINE,839,10,31
10459,PHONE,1023,10,31
10459,UNKNOWN,143,10,31
10460,MOBILE,602,10,31
10460,ONLINE,817,10,31
10460,PHONE,1049,10,31
10460,UNKNOWN,131,10,31
10461,MOBILE,411,10,31
10461,ONLINE,1141,10,31
10461,PHONE,642,10,31
10461,UNKNOWN,208,10,31
10462,MOBILE,624,10,31
10462,ONLINE,1229,10,31
10462,PHONE,1426,10,31
10462,UNKNOWN,167,10,31
10463,MOBILE,929,10,31
10463,ONLINE,1351,10,31
10463,PHONE,848,10,31
10463,UNKNOWN,180,10,31
10464,MOBILE,20,10,31
10464,ONLINE,163,10,31
10464,PHONE,40,10,31
10464,UNKNOWN,32,10,31
10465,MOBILE,273,10,31
10465,ONLINE,575,10,31
10465,PHONE,237,10,31
10465,UNKNOWN,126,10,31
10466,MOBILE,19031,10,31
10466,ONLINE,831,10,31
10466,PHONE,928,10,31
10466,UNKNOWN,137,10,31
10467,MOBILE,655,10,31
10467,ONLINE,1747,10,31
10467,PHONE,1697,10,31
10467,UNKNOWN,275,10,31
10468,MOBILE,898,10,31
10468,ONLINE,1796,10,31
10468,PHONE,1263,10,31
10468,UNKNOWN,120,10,31
10469,MOBILE,390,10,31
10469,ONLINE,829,10,31
10469,PHONE,748,10,31
10469,UNKNOWN,151,10,31
10470,MOBILE,309,10,31
10470,ONLINE,366,10,31
10470,PHONE,272,10,31
10470,UNKNOWN,43,10,31
10471,MOBILE,162,10,31
10471,ONLINE,373,10,31
10471,PHONE,226,10,31
10471,UNKNOWN,73,10,31
10472,MOBILE,408,10,31
10472,ONLINE,770,10,31
10472,PHONE,843,10,31
10472,UNKNOWN,138,10,31
10473,MOBILE,297,10,31
10473,ONLINE,512,10,31
10473,PHONE,568,10,31
10473,UNKNOWN,127,10,31
10474,MOBILE,120,10,31
10474,ONLINE,155,10,31
10474,PHONE,237,10,31
10474,UNKNOWN,52,10,31
10475,MOBILE,49,10,31
10475,ONLINE,189,10,31
10475,PHONE,127,10,31
10475,UNKNOWN,63,10,31
10591,ONLINE,1,10,31
10704,PHONE,1,10,31
10803,PHONE,6,10,31
10803,UNKNOWN,2,10,31
11001,MOBILE,17,10,31
11001,ONLINE,30,10,31
11001,PHONE,13,10,31
11001,UNKNOWN,15,10,31
11004,MOBILE,30,10,31
11004,ONLINE,115,10,31
11004,PHONE,82,10,31
11004,UNKNOWN,44,10,31
11005,ONLINE,3,10,31
11021,ONLINE,2,10,31
11040,MOBILE,8,10,31
11040,ONLINE,32,10,31
11040,PHONE,12,10,31
11040,UNKNOWN,11,10,31
11101,MOBILE,912,10,31
11101,ONLINE,1917,10,31
11101,PHONE,387,10,31
11101,UNKNOWN,307,10,31
11102,MOBILE,475,10,31
11102,ONLINE,638,10,31
11102,PHONE,281,10,31
11102,UNKNOWN,85,10,31
11103,MOBILE,372,10,31
11103,ONLINE,1142,10,31
11103,PHONE,275,10,31
11103,UNKNOWN,83,10,31
11104,MOBILE,278,10,31
11104,ONLINE,505,10,31
11104,PHONE,300,10,31
11104,UNKNOWN,49,10,31
11105,MOBILE,331,10,31
11105,ONLINE,650,10,31
11105,PHONE,270,10,31
11105,UNKNOWN,91,10,31
11106,MOBILE,430,10,31
11106,ONLINE,605,10,31
11106,PHONE,282,10,31
11106,UNKNOWN,99,10,31
11109,MOBILE,19,10,31
11109,ONLINE,27,10,31
11109,PHONE,1,10,31
11109,UNKNOWN,5,10,31
11201,MOBILE,1237,10,31
11201,ONLINE,1732,10,31
11201,PHONE,311,10,31
11201,UNKNOWN,194,10,31
11203,MOBILE,408,10,31
11203,ONLINE,947,10,31
11203,PHONE,1026,10,31
11203,UNKNOWN,159,10,31
11204,MOBILE,757,10,31
11204,ONLINE,851,10,31
11204,PHONE,548,10,31
11204,UNKNOWN,226,10,31
11205,MOBILE,400,10,31
11205,ONLINE,849,10,31
11205,PHONE,498,10,31
11205,UNKNOWN,146,10,31
11206,MOBILE,650,10,31
11206,ONLINE,1112,10,31
11206,PHONE,678,10,31
11206,UNKNOWN,216,10,31
11207,MOBILE,749,10,31
11207,ONLINE,1263,10,31
11207,PHONE,1288,10,31
11207,UNKNOWN,348,10,31
11208,MOBILE,670,10,31
11208,ONLINE,1365,10,31
11208,PHONE,992,10,31
11208,UNKNOWN,155,10,31
11209,MOBILE,794,10,31
11209,ONLINE,1125,10,31
11209,PHONE,531,10,31
11209,UNKNOWN,219,10,31
11210,MOBILE,294,10,31
11210,ONLINE,804,10,31
11210,PHONE,855,10,31
11210,UNKNOWN,142,10,31
11211,MOBILE,753,10,31
11211,ONLINE,1245,10,31
11211,PHONE,544,10,31
11211,UNKNOWN,410,10,31
11212,MOBILE,462,10,31
11212,ONLINE,1080,10,31
11212,PHONE,1208,10,31
11212,UNKNOWN,162,10,31
11213,MOBILE,487,10,31
11213,ONLINE,1041,10,31
11213,PHONE,1163,10,31
11213,UNKNOWN,176,10,31
11214,MOBILE,769,10,31
11214,ONLINE,1535,10,31
11214,PHONE,793,10,31
11214,UNKNOWN,252,10,31
11215,MOBILE,557,10,31
11215,ONLINE,1298,10,31
11215,PHONE,538,10,31
11215,UNKNOWN,252,10,31
11216,MOBILE,441,10,31
11216,ONLINE,1243,10,31
11216,PHONE,790,10,31
11216,UNKNOWN,241,10,31
11217,MOBILE,892,10,31
11217,ONLINE,809,10,31
11217,PHONE,289,10,31
11217,UNKNOWN,172,10,31
11218,MOBILE,653,10,31
11218,ONLINE,1114,10,31
11218,PHONE,574,10,31
11218,UNKNOWN,225,10,31
11219,MOBILE,390,10,31
11219,ONLINE,623,10,31
11219,PHONE,471,10,31
11219,UNKNOWN,200,10,31
11220,MOBILE,785,10,31
11220,ONLINE,1093,10,31
11220,PHONE,632,10,31
11220,UNKNOWN,305,10,31
11221,MOBILE,512,10,31
11221,ONLINE,1268,10,31
11221,PHONE,1068,10,31
11221,UNKNOWN,300,10,31
11222,MOBILE,683,10,31
11222,ONLINE,1374,10,31
11222,OTHER,1,10,31
11222,PHONE,332,10,31
11222,UNKNOWN,218,10,31
11223,MOBILE,540,10,31
11223,ONLINE,1294,10,31
11223,PHONE,533,10,31
11223,UNKNOWN,244,10,31
11224,MOBILE,278,10,31
11224,ONLINE,343,10,31
11224,PHONE,307,10,31
11224,UNKNOWN,97,10,31
11225,MOBILE,501,10,31
11225,ONLINE,1279,10,31
11225,PHONE,1042,10,31
11225,UNKNOWN,164,10,31
11226,MOBILE,845,10,31
11226,ONLINE,1950,10,31
11226,PHONE,1738,10,31
11226,UNKNOWN,318,10,31
11228,MOBILE,419,10,31
11228,ONLINE,708,10,31
11228,PHONE,254,10,31
11228,UNKNOWN,151,10,31
11229,MOBILE,597,10,31
11229,ONLINE,1291,10,31
11229,PHONE,724,10,31
11229,UNKNOWN,211,10,31
11230,MOBILE,630,10,31
11230,ONLINE,1324,10,31
11230,PHONE,872,10,31
11230,UNKNOWN,216,10,31
11231,MOBILE,368,10,31
11231,ONLINE,1060,10,31
11231,PHONE,251,10,31
11231,UNKNOWN,117,10,31
11232,MOBILE,344,10,31
11232,ONLINE,469,10,31
11232,PHONE,201,10,31
11232,UNKNOWN,122,10,31
11233,MOBILE,312,10,31
11233,ONLINE,1312,10,31
11233,PHONE,1072,10,31
11233,UNKNOWN,215,10,31
11234,MOBILE,473,10,31
11234,ONLINE,1073,10,31
11234,OTHER,1,10,31
11234,PHONE,770,10,31
11234,UNKNOWN,233,10,31
11235,MOBILE,913,10,31
11235,ONLINE,1241,10,31
11235,PHONE,674,10,31
11235,UNKNOWN,206,10,31
11236,MOBILE,299,10,31
11236,ONLINE,821,10,31
11236,PHONE,762,10,31
11236,UNKNOWN,149,10,31
11237,MOBILE,732,10,31
11237,ONLINE,1150,10,31
11237,PHONE,560,10,31
11237,UNKNOWN,211,10,31
11238,MOBILE,731,10,31
11238,ONLINE,1378,10,31
11238,PHONE,663,10,31
11238,UNKNOWN,242,10,31
11239,MOBILE,185,10,31
11239,ONLINE,415,10,31
11239,PHONE,179,10,31
11239,UNKNOWN,29,10,31
11241,MOBILE,1,10,31
11241,ONLINE,1,10,31
11242,ONLINE,3,10,31
11242,UNKNOWN,1,10,31
11249,MOBILE,287,10,31
11249,ONLINE,553,10,31
11249,PHONE,202,10,31
11249,UNKNOWN,244,10,31
11251,MOBILE,1,10,31
11251,ONLINE,1,10,31
11354,MOBILE,370,10,31
11354,ONLINE,598,10,31
11354,PHONE,414,10,31
11354,UNKNOWN,156,10,31
11355,MOBILE,558,10,31
11355,ONLINE,1083,10,31
11355,PHONE,634,10,31
11355,UNKNOWN,191,10,31
11356,MOBILE,294,10,31
11356,ONLINE,360,10,31
11356,PHONE,219,10,31
11356,UNKNOWN,36,10,31
11357,MOBILE,208,10,31
11357,ONLINE,432,10,31
11357,PHONE,257,10,31
11357,UNKNOWN,143,10,31
11358,MOBILE,283,10,31
11358,ONLINE,784,10,31
11358,PHONE,246,10,31
11358,UNKNOWN,148,10,31
11359,ONLINE,9,10,31
11359,UNKNOWN,4,10,31
11360,MOBILE,59,10,31
11360,ONLINE,159,10,31
11360,PHONE,123,10,31
11360,UNKNOWN,31,10,31
11361,MOBILE,177,10,31
11361,ONLINE,343,10,31
11361,PHONE,176,10,31
11361,UNKNOWN,100,10,31
11362,MOBILE,43,10,31
11362,ONLINE,148,10,31
11362,PHONE,75,10,31
11362,UNKNOWN,51,10,31
11363,MOBILE,51,10,31
11363,ONLINE,76,10,31
11363,PHONE,73,10,31
11363,UNKNOWN,32,10,31
11364,MOBILE,151,10,31
11364,ONLINE,275,10,31
11364,PHONE,199,10,31
11364,UNKNOWN,94,10,31
11365,MOBILE,265,10,31
11365,ONLINE,752,10,31
11365,PHONE,282,10,31
11365,UNKNOWN,118,10,31
11366,MOBILE,85,10,31
11366,ONLINE,1869,10,31
11366,PHONE,104,10,31
11366,UNKNOWN,45,10,31
11367,MOBILE,178,10,31
11367,ONLINE,621,10,31
11367,PHONE,257,10,31
11367,UNKNOWN,70,10,31
11368,MOBILE,674,10,31
11368,ONLINE,2795,10,31
11368,PHONE,717,10,31
11368,UNKNOWN,135,10,31
11369,MOBILE,224,10,31
11369,ONLINE,523,10,31
11369,PHONE,350,10,31
11369,UNKNOWN,79,10,31
11370,MOBILE,233,10,31
11370,ONLINE,284,10,31
11370,PHONE,141,10,31
11370,UNKNOWN,77,10,31
11372,MOBILE,652,10,31
11372,ONLINE,1143,10,31
11372,PHONE,710,10,31
11372,UNKNOWN,161,10,31
11373,MOBILE,424,10,31
11373,ONLINE,956,10,31
11373,PHONE,461,10,31
11373,UNKNOWN,161,10,31
11374,MOBILE,193,10,31
11374,ONLINE,729,10,31
11374,PHONE,370,10,31
11374,UNKNOWN,107,10,31
11375,MOBILE,392,10,31
11375,ONLINE,939,10,31
11375,PHONE,434,10,31
11375,UNKNOWN,186,10,31
11377,MOBILE,579,10,31
11377,ONLINE,1094,10,31
11377,PHONE,579,10,31
11377,UNKNOWN,175,10,31
11378,MOBILE,575,10,31
11378,ONLINE,642,10,31
11378,OTHER,1,10,31
11378,PHONE,275,10,31
11378,UNKNOWN,135,10,31
11379,MOBILE,302,10,31
11379,ONLINE,494,10,31
11379,PHONE,208,10,31
11379,UNKNOWN,119,10,31
11385,MOBILE,1362,10,31
11385,ONLINE,1735,10,31
11385,PHONE,731,10,31
11385,UNKNOWN,277,10,31
11411,MOBILE,159,10,31
11411,ONLINE,112,10,31
11411,PHONE,239,10,31
11411,UNKNOWN,51,10,31
11412,MOBILE,70,10,31
11412,ONLINE,306,10,31
11412,PHONE,401,10,31
11412,UNKNOWN,64,10,31
11413,MOBILE,101,10,31
11413,ONLINE,381,10,31
11413,OTHER,1,10,31
11413,PHONE,489,10,31
11413,UNKNOWN,120,10,31
11414,MOBILE,121,10,31
11414,ONLINE,1054,10,31
11414,PHONE,237,10,31
11414,UNKNOWN,96,10,31
11415,MOBILE,124,10,31
11415,ONLINE,268,10,31
11415,PHONE,177,10,31
11415,UNKNOWN,44,10,31
11416,MOBILE,165,10,31
11416,ONLINE,428,10,31
11416,PHONE,215,10,31
11416,UNKNOWN,81,10,31
11417,MOBILE,246,10,31
11417,ONLINE,521,10,31
11417,PHONE,290,10,31
11417,UNKNOWN,147,10,31
11418,MOBILE,236,10,31
11418,ONLINE,505,10,31
11418,PHONE,270,10,31
11418,UNKNOWN,104,10,31
11419,MOBILE,447,10,31
11419,ONLINE,931,10,31
11419,PHONE,386,10,31
11419,UNKNOWN,214,10,31
11420,MOBILE,417,10,31
11420,ONLINE,902,10,31
11420,PHONE,492,10,31
11420,UNKNOWN,635,10,31
11421,MOBILE,268,10,31
11421,ONLINE,1032,10,31
11421,PHONE,304,10,31
11421,UNKNOWN,103,10,31
11422,MOBILE,55,10,31
11422,ONLINE,244,10,31
11422,PHONE,291,10,31
11422,UNKNOWN,96,10,31
11423,MOBILE,135,10,31
11423,ONLINE,377,10,31
11423,PHONE,304,10,31
11423,UNKNOWN,91,10,31
11426,MOBILE,82,10,31
11426,ONLINE,216,10,31
11426,PHONE,176,10,31
11426,UNKNOWN,68,10,31
11427,MOBILE,41,10,31
11427,ONLINE,210,10,31
11427,PHONE,157,10,31
11427,UNKNOWN,65,10,31
11428,MOBILE,42,10,31
11428,ONLINE,231,10,31
11428,PHONE,145,10,31
11428,UNKNOWN,44,10,31
11429,MOBILE,93,10,31
11429,ONLINE,324,10,31
11429,PHONE,233,10,31
11429,UNKNOWN,85,10,31
11430,MOBILE,51,10,31
11430,ONLINE,225,10,31
11430,PHONE,172,10,31
11430,UNKNOWN,26,10,31
11432,MOBILE,211,10,31
11432,ONLINE,974,10,31
11432,PHONE,471,10,31
11432,UNKNOWN,160,10,31
11433,MOBILE,171,10,31
11433,ONLINE,797,10,31
11433,PHONE,366,10,31
11433,UNKNOWN,90,10,31
11434,MOBILE,206,10,31
11434,ONLINE,603,10,31
11434,PHONE,597,10,31
11434,UNKNOWN,204,10,31
11435,MOBILE,308,10,31
11435,ONLINE,729,10,31
11435,PHONE,510,10,31
11435,UNKNOWN,116,10,31
11436,MOBILE,154,10,31
11436,ONLINE,254,10,31
11436,PHONE,205,10,31
11436,UNKNOWN,100,10,31
11691,MOBILE,248,10,31
11691,ONLINE,564,10,31
11691,PHONE,617,10,31
11691,UNKNOWN,96,10,31
11692,MOBILE,55,10,31
11692,ONLINE,172,10,31
11692,PHONE,162,10,31
11692,UNKNOWN,53,10,31
11693,MOBILE,160,10,31
11693,ONLINE,110,10,31
11693,PHONE,70,10,31
11693,UNKNOWN,30,10,31
11694,MOBILE,78,10,31
11694,ONLINE,223,10,31
11694,PHONE,127,10,31
11694,UNKNOWN,81,10,31
11695,ONLINE,1,10,31
11697,ONLINE,6,10,31
11697,PHONE,3,10,31
11697,UNKNOWN,4,10,31
11787,PHONE,1,10,31
11791,PHONE,1,10,31
12345,MOBILE,1,10,31
12345,ONLINE,1,10,31
23327,ONLINE,1,10,31
30114,ONLINE,1,10,31
44146,ONLINE,1,10,31
55439,ONLINE,1,10,31
60192,PHONE,1,10,31
84043,PHONE,1,10,31
84660,ONLINE,1,10,31
10000,ONLINE,3,11,30
10000,PHONE,6,11,30
10000,UNKNOWN,19,11,30
10001,MOBILE,491,11,30
10001,ONLINE,833,11,30
10001,PHONE,390,11,30
10001,UNKNOWN,129,11,30
10002,MOBILE,782,11,30
10002,ONLINE,1114,11,30
10002,PHONE,388,11,30
10002,UNKNOWN,261,11,30
10003,MOBILE,585,11,30
10003,ONLINE,1199,11,30
10003,PHONE,544,11,30
10003,UNKNOWN,129,11,30
10004,MOBILE,45,11,30
10004,ONLINE,370,11,30
10004,PHONE,39,11,30
10004,UNKNOWN,29,11,30
10005,MOBILE,23,11,30
10005,ONLINE,168,11,30
10005,PHONE,29,11,30
10005,UNKNOWN,23,11,30
10006,MOBILE,16,11,30
10006,ONLINE,148,11,30
10006,PHONE,20,11,30
10006,UNKNOWN,9,11,30
10007,MOBILE,98,11,30
10007,ONLINE,246,11,30
10007,PHONE,37,11,30
10007,UNKNOWN,39,11,30
10009,MOBILE,288,11,30
10009,ONLINE,1183,11,30
10009,PHONE,418,11,30
10009,UNKNOWN,115,11,30
10010,MOBILE,296,11,30
10010,ONLINE,412,11,30
10010,PHONE,185,11,30
10010,UNKNOWN,61,11,30
10011,MOBILE,489,11,30
10011,ONLINE,785,11,30
10011,PHONE,356,11,30
10011,UNKNOWN,123,11,30
10012,MOBILE,228,11,30
10012,ONLINE,736,11,30
10012,PHONE,236,11,30
10012,UNKNOWN,101,11,30
10013,MOBILE,277,11,30
10013,ONLINE,602,11,30
10013,PHONE,219,11,30
10013,UNKNOWN,135,11,30
10014,MOBILE,329,11,30
10014,ONLINE,563,11,30
10014,PHONE,258,11,30
10014,UNKNOWN,101,11,30
10016,MOBILE,226,11,30
10016,ONLINE,1044,11,30
10016,PHONE,300,11,30
10016,UNKNOWN,121,11,30
10017,MOBILE,74,11,30
10017,ONLINE,481,11,30
10017,PHONE,157,11,30
10017,UNKNOWN,67,11,30
10018,MOBILE,217,11,30
10018,ONLINE,390,11,30
10018,PHONE,112,11,30
10018,UNKNOWN,49,11,30
10019,MOBILE,545,11,30
10019,ONLINE,911,11,30
10019,PHONE,401,11,30
10019,UNKNOWN,143,11,30
10020,MOBILE,11,11,30
10020,ONLINE,36,11,30
10020,PHONE,8,11,30
10020,UNKNOWN,12,11,30
10021,MOBILE,130,11,30
10021,ONLINE,387,11,30
10021,PHONE,177,11,30
10021,UNKNOWN,64,11,30
10022,MOBILE,187,11,30
10022,ONLINE,405,11,30
10022,PHONE,203,11,30
10022,UNKNOWN,83,11,30
10023,MOBILE,333,11,30
10023,ONLINE,793,11,30
10023,PHONE,280,11,30
10023,UNKNOWN,89,11,30
10024,MOBILE,190,11,30
10024,ONLINE,937,11,30
10024,PHONE,311,11,30
10024,UNKNOWN,104,11,30
10025,MOBILE,438,11,30
10025,ONLINE,1008,11,30
10025,PHONE,724,11,30
10025,UNKNOWN,145,11,30
10026,MOBILE,309,11,30
10026,ONLINE,868,11,30
10026,PHONE,777,11,30
10026,UNKNOWN,73,11,30
10027,MOBILE,497,11,30
10027,ONLINE,1070,11,30
10027,PHONE,836,11,30
10027,UNKNOWN,127,11,30
10028,MOBILE,130,11,30
10028,ONLINE,594,11,30
10028,PHONE,253,11,30
10028,UNKNOWN,89,11,30
10029,MOBILE,362,11,30
10029,ONLINE,1271,11,30
10029,PHONE,687,11,30
10029,UNKNOWN,101,11,30
10030,MOBILE,286,11,30
10030,ONLINE,614,11,30
10030,PHONE,818,11,30
10030,UNKNOWN,65,11,30
10031,MOBILE,563,11,30
10031,ONLINE,1148,11,30
10031,PHONE,1069,11,30
10031,UNKNOWN,157,11,30
10032,MOBILE,867,11,30
10032,ONLINE,1004,11,30
10032,PHONE,1124,11,30
10032,UNKNOWN,121,11,30
10033,MOBILE,620,11,30
10033,ONLINE,951,11,30
10033,PHONE,809,11,30
10033,UNKNOWN,84,11,30
10034,MOBILE,651,11,30
10034,ONLINE,745,11,30
10034,PHONE,673,11,30
10034,UNKNOWN,74,11,30
10035,MOBILE,265,11,30
10035,ONLINE,482,11,30
10035,PHONE,542,11,30
10035,UNKNOWN,101,11,30
10036,MOBILE,383,11,30
10036,ONLINE,907,11,30
10036,PHONE,300,11,30
10036,UNKNOWN,91,11,30
10037,MOBILE,117,11,30
10037,ONLINE,356,11,30
10037,PHONE,378,11,30
10037,UNKNOWN,28,11,30
10038,MOBILE,164,11,30
10038,ONLINE,370,11,30
10038,PHONE,75,11,30
10038,UNKNOWN,48,11,30
10039,MOBILE,294,11,30
10039,ONLINE,642,11,30
10039,PHONE,646,11,30
10039,UNKNOWN,51,11,30
10040,MOBILE,424,11,30
10040,ONLINE,1050,11,30
10040,PHONE,725,11,30
10040,UNKNOWN,83,11,30
10041,ONLINE,4,11,30
10041,UNKNOWN,1,11,30
10044,MOBILE,4,11,30
10044,ONLINE,40,11,30
10044,PHONE,29,11,30
10044,UNKNOWN,2,11,30
10045,MOBILE,1,11,30
10045,UNKNOWN,1,11,30
10048,ONLINE,1,11,30
10048,PHONE,1,11,30
10055,ONLINE,2,11,30
10065,MOBILE,202,11,30
10065,ONLINE,381,11,30
10065,PHONE,202,11,30
10065,UNKNOWN,56,11,30
10069,MOBILE,31,11,30
10069,ONLINE,31,11,30
10069,PHONE,11,11,30
10069,UNKNOWN,3,11,30
10075,MOBILE,48,11,30
10075,ONLINE,161,11,30
10075,PHONE,146,11,30
10075,UNKNOWN,33,11,30
10103,MOBILE,3,11,30
10103,ONLINE,3,11,30
10103,PHONE,1,11,30
10105,ONLINE,18,11,30
10105,PHONE,1,11,30
10106,ONLINE,1,11,30
10107,MOBILE,1,11,30
10107,ONLINE,1,11,30
10107,PHONE,1,11,30
10110,UNKNOWN,1,11,30
10111,MOBILE,2,11,30
10111,ONLINE,3,11,30
10112,MOBILE,3,11,30
10112,ONLINE,5,11,30
10112,PHONE,2,11,30
10112,UNKNOWN,1,11,30
10115,PHONE,1,11,30
10118,MOBILE,2,11,30
10118,ONLINE,4,11,30
10119,MOBILE,4,11,30
10119,ONLINE,8,11,30
10119,PHONE,1,11,30
10119,UNKNOWN,2,11,30
10121,MOBILE,8,11,30
10121,ONLINE,27,11,30
10121,PHONE,3,11,30
10121,UNKNOWN,3,11,30
10122,MOBILE,1,11,30
10123,ONLINE,2,11,30
10128,MOBILE,136,11,30
10128,ONLINE,419,11,30
10128,PHONE,260,11,30
10128,UNKNOWN,67,11,30
10151,ONLINE,1,11,30
10151,PHONE,1,11,30
10152,MOBILE,1,11,30
10153,MOBILE,6,11,30
10153,ONLINE,2,11,30
10154,MOBILE,17,11,30
10154,ONLINE,1,11,30
10155,ONLINE,1,11,30
10158,MOBILE,1,11,30
10158,ONLINE,1,11,30
10158,PHONE,1,11,30
10165,ONLINE,1,11,30
10165,PHONE,3,11,30
10168,ONLINE,16,11,30
10169,MOBILE,14,11,30
10169,ONLINE,1,11,30
10169,PHONE,3,11,30
10170,MOBILE,2,11,30
10170,ONLINE,3,11,30
10170,PHONE,1,11,30
10171,ONLINE,2,11,30
10172,ONLINE,1,11,30
10172,UNKNOWN,6,11,30
10173,ONLINE,1,11,30
10173,PHONE,1,11,30
10175,ONLINE,2,11,30
10176,ONLINE,2,11,30
10178,MOBILE,1,11,30
10178,ONLINE,1,11,30
10271,ONLINE,1,11,30
10278,MOBILE,1,11,30
10278,ONLINE,2,11,30
10278,PHONE,2,11,30
10278,UNKNOWN,1,11,30
10279,MOBILE,2,11,30
10279,ONLINE,2,11,30
10279,UNKNOWN,1,11,30
10280,MOBILE,8,11,30
10280,ONLINE,34,11,30
10280,PHONE,2,11,30
10281,MOBILE,2,11,30
10281,ONLINE,3,11,30
10281,PHONE,2,11,30
10281,UNKNOWN,2,11,30
10282,MOBILE,19,11,30
10282,ONLINE,32,11,30
10282,PHONE,8,11,30
10282,UNKNOWN,7,11,30
10301,MOBILE,123,11,30
10301,ONLINE,645,11,30
10301,PHONE,305,11,30
10301,UNKNOWN,117,11,30
10302,MOBILE,48,11,30
10302,ONLINE,199,11,30
10302,PHONE,146,11,30
10302,UNKNOWN,67,11,30
10303,MOBILE,74,11,30
10303,ONLINE,218,11,30
10303,PHONE,257,11,30
10303,UNKNOWN,65,11,30
10304,MOBILE,106,11,30
10304,ONLINE,355,11,30
10304,PHONE,274,11,30
10304,UNKNOWN,117,11,30
10305,MOBILE,121,11,30
10305,ONLINE,351,11,30
10305,PHONE,211,11,30
10305,UNKNOWN,84,11,30
10306,MOBILE,73,11,30
10306,ONLINE,494,11,30
10306,PHONE,252,11,30
10306,UNKNOWN,135,11,30
10307,MOBILE,40,11,30
10307,ONLINE,168,11,30
10307,PHONE,58,11,30
10307,UNKNOWN,46,11,30
10308,MOBILE,23,11,30
10308,ONLINE,175,11,30
10308,PHONE,126,11,30
10308,UNKNOWN,96,11,30
10309,MOBILE,59,11,30
10309,ONLINE,411,11,30
10309,PHONE,220,11,30
10309,UNKNOWN,77,11,30
10310,MOBILE,93,11,30
10310,ONLINE,236,11,30
10310,PHONE,146,11,30
10310,UNKNOWN,39,11,30
10312,MOBILE,136,11,30
10312,ONLINE,713,11,30
10312,PHONE,354,11,30
10312,UNKNOWN,164,11,30
10314,MOBILE,166,11,30
10314,ONLINE,796,11,30
10314,PHONE,407,11,30
10314,UNKNOWN,223,11,30
10451,MOBILE,585,11,30
10451,ONLINE,891,11,30
10451,PHONE,1113,11,30
10451,UNKNOWN,114,11,30
10452,MOBILE,888,11,30
10452,ONLINE,1338,11,30
10452,PHONE,1889,11,30
10452,UNKNOWN,170,11,30
10453,MOBILE,728,11,30
10453,ONLINE,1170,11,30
10453,PHONE,1552,11,30
10453,UNKNOWN,137,11,30
10454,MOBILE,232,11,30
10454,ONLINE,582,11,30
10454,PHONE,530,11,30
10454,UNKNOWN,67,11,30
10455,MOBILE,313,11,30
10455,ONLINE,658,11,30
10455,PHONE,634,11,30
10455,UNKNOWN,77,11,30
10456,MOBILE,481,11,30
10456,ONLINE,1873,11,30
10456,PHONE,1804,11,30
10456,UNKNOWN,155,11,30
10457,MOBILE,678,11,30
10457,ONLINE,1181,11,30
10457,PHONE,1666,11,30
10457,UNKNOWN,171,11,30
10458,MOBILE,719,11,30
10458,ONLINE,1397,11,30
10458,PHONE,2059,11,30
10458,UNKNOWN,127,11,30
10459,MOBILE,306,11,30
10459,ONLINE,814,11,30
10459,PHONE,1140,11,30
10459,UNKNOWN,133,11,30
10460,MOBILE,664,11,30
10460,ONLINE,905,11,30
10460,PHONE,925,11,30
10460,UNKNOWN,160,11,30
10461,MOBILE,456,11,30
10461,ONLINE,1234,11,30
10461,PHONE,564,11,30
10461,UNKNOWN,125,11,30
10462,MOBILE,512,11,30
10462,ONLINE,934,11,30
10462,PHONE,1272,11,30
10462,UNKNOWN,106,11,30
10463,MOBILE,936,11,30
10463,ONLINE,1196,11,30
10463,PHONE,1094,11,30
10463,UNKNOWN,130,11,30
10464,MOBILE,16,11,30
10464,ONLINE,109,11,30
10464,PHONE,39,11,30
10464,UNKNOWN,24,11,30
10465,MOBILE,264,11,30
10465,ONLINE,509,11,30
10465,PHONE,221,11,30
10465,UNKNOWN,72,11,30
10466,MOBILE,15159,11,30
10466,ONLINE,851,11,30
10466,PHONE,1064,11,30
10466,UNKNOWN,171,11,30
10467,MOBILE,667,11,30
10467,ONLINE,1646,11,30
10467,PHONE,1772,11,30
10467,UNKNOWN,206,11,30
10468,MOBILE,720,11,30
10468,ONLINE,1780,11,30
10468,PHONE,1482,11,30
10468,UNKNOWN,129,11,30
10469,MOBILE,548,11,30
10469,ONLINE,508,11,30
10469,PHONE,668,11,30
10469,UNKNOWN,109,11,30
10470,MOBILE,358,11,30
10470,ONLINE,451,11,30
10470,PHONE,315,11,30
10470,UNKNOWN,42,11,30
10471,MOBILE,153,11,30
10471,ONLINE,367,11,30
10471,PHONE,207,11,30
10471,UNKNOWN,54,11,30
10472,MOBILE,464,11,30
10472,ONLINE,689,11,30
10472,PHONE,891,11,30
10472,UNKNOWN,110,11,30
10473,MOBILE,325,11,30
10473,ONLINE,407,11,30
10473,PHONE,451,11,30
10473,UNKNOWN,86,11,30
10474,MOBILE,118,11,30
10474,ONLINE,138,11,30
10474,PHONE,200,11,30
10474,UNKNOWN,38,11,30
10475,MOBILE,46,11,30
10475,ONLINE,180,11,30
10475,PHONE,164,11,30
10475,UNKNOWN,60,11,30
11001,MOBILE,8,11,30
11001,ONLINE,32,11,30
11001,PHONE,14,11,30
11001,UNKNOWN,6,11,30
11004,MOBILE,28,11,30
11004,ONLINE,85,11,30
11004,PHONE,54,11,30
11004,UNKNOWN,22,11,30
11005,UNKNOWN,1,11,30
11040,MOBILE,7,11,30
11040,ONLINE,29,11,30
11040,PHONE,7,11,30
11040,UNKNOWN,6,11,30
11101,MOBILE,763,11,30
11101,ONLINE,1344,11,30
11101,PHONE,296,11,30
11101,UNKNOWN,135,11,30
11102,MOBILE,454,11,30
11102,ONLINE,548,11,30
11102,PHONE,267,11,30
11102,UNKNOWN,68,11,30
11103,MOBILE,291,11,30
11103,ONLINE,1000,11,30
11103,PHONE,249,11,30
11103,UNKNOWN,79,11,30
11104,MOBILE,277,11,30
11104,ONLINE,544,11,30
11104,PHONE,242,11,30
11104,UNKNOWN,46,11,30
11105,MOBILE,340,11,30
11105,ONLINE,593,11,30
11105,PHONE,253,11,30
11105,UNKNOWN,56,11,30
11106,MOBILE,411,11,30
11106,ONLINE,517,11,30
11106,PHONE,243,11,30
11106,UNKNOWN,53,11,30
11109,MOBILE,22,11,30
11109,ONLINE,31,11,30
11109,PHONE,12,11,30
11201,MOBILE,938,11,30
11201,ONLINE,1406,11,30
11201,PHONE,309,11,30
11201,UNKNOWN,170,11,30
11203,MOBILE,344,11,30
11203,ONLINE,796,11,30
11203,PHONE,1066,11,30
11203,UNKNOWN,125,11,30
11204,MOBILE,759,11,30
11204,ONLINE,611,11,30
11204,PHONE,390,11,30
11204,UNKNOWN,162,11,30
11205,MOBILE,298,11,30
11205,ONLINE,651,11,30
11205,PHONE,296,11,30
11205,UNKNOWN,86,11,30
11206,MOBILE,494,11,30
11206,ONLINE,1090,11,30
11206,PHONE,466,11,30
11206,UNKNOWN,260,11,30
11207,MOBILE,706,11,30
11207,ONLINE,1205,11,30
11207,PHONE,1426,11,30
11207,UNKNOWN,223,11,30
11208,MOBILE,631,11,30
11208,ONLINE,1440,11,30
11208,PHONE,1132,11,30
11208,UNKNOWN,129,11,30
11209,MOBILE,889,11,30
11209,ONLINE,1051,11,30
11209,PHONE,514,11,30
11209,UNKNOWN,142,11,30
11210,MOBILE,302,11,30
11210,ONLINE,734,11,30
11210,PHONE,692,11,30
11210,UNKNOWN,123,11,30
11211,MOBILE,568,11,30
11211,ONLINE,1068,11,30
11211,PHONE,466,11,30
11211,UNKNOWN,297,11,30
11212,MOBILE,409,11,30
11212,ONLINE,906,11,30
11212,PHONE,1307,11,30
11212,UNKNOWN,117,11,30
11213,MOBILE,543,11,30
11213,ONLINE,955,11,30
11213,PHONE,1066,11,30
11213,UNKNOWN,128,11,30
11214,MOBILE,793,11,30
11214,ONLINE,1301,11,30
11214,PHONE,553,11,30
11214,UNKNOWN,190,11,30
11215,MOBILE,517,11,30
11215,ONLINE,1150,11,30
11215,PHONE,477,11,30
11215,UNKNOWN,174,11,30
11216,MOBILE,408,11,30
11216,ONLINE,1162,11,30
11216,PHONE,817,11,30
11216,UNKNOWN,149,11,30
11217,MOBILE,519,11,30
11217,ONLINE,874,11,30
11217,PHONE,260,11,30
11217,UNKNOWN,111,11,30
11218,MOBILE,587,11,30
11218,ONLINE,916,11,30
11218,PHONE,529,11,30
11218,UNKNOWN,158,11,30
11219,MOBILE,388,11,30
11219,ONLINE,607,11,30
11219,PHONE,476,11,30
11219,UNKNOWN,112,11,30
11220,MOBILE,691,11,30
11220,ONLINE,992,11,30
11220,PHONE,564,11,30
11220,UNKNOWN,196,11,30
11221,MOBILE,450,11,30
11221,ONLINE,976,11,30
11221,PHONE,819,11,30
11221,UNKNOWN,217,11,30
11222,MOBILE,571,11,30
11222,ONLINE,982,11,30
11222,PHONE,302,11,30
11222,UNKNOWN,183,11,30
11223,MOBILE,534,11,30
11223,ONLINE,1153,11,30
11223,PHONE,503,11,30
11223,UNKNOWN,192,11,30
11224,MOBILE,269,11,30
11224,ONLINE,320,11,30
11224,PHONE,282,11,30
11224,UNKNOWN,52,11,30
11225,MOBILE,532,11,30
11225,ONLINE,1056,11,30
11225,PHONE,1007,11,30
11225,UNKNOWN,153,11,30
11226,MOBILE,861,11,30
11226,ONLINE,2159,11,30
11226,PHONE,1982,11,30
11226,UNKNOWN,212,11,30
11228,MOBILE,346,11,30
11228,ONLINE,560,11,30
11228,PHONE,196,11,30
11228,UNKNOWN,101,11,30
11229,MOBILE,612,11,30
11229,ONLINE,1115,11,30
11229,PHONE,797,11,30
11229,UNKNOWN,274,11,30
11230,MOBILE,678,11,30
11230,ONLINE,1294,11,30
11230,PHONE,857,11,30
11230,UNKNOWN,291,11,30
11231,MOBILE,341,11,30
11231,ONLINE,1011,11,30
11231,PHONE,251,11,30
11231,UNKNOWN,80,11,30
11232,MOBILE,238,11,30
11232,ONLINE,424,11,30
11232,PHONE,210,11,30
11232,UNKNOWN,75,11,30
11233,MOBILE,446,11,30
11233,ONLINE,1270,11,30
11233,PHONE,921,11,30
11233,UNKNOWN,124,11,30
11234,MOBILE,489,11,30
11234,ONLINE,994,11,30
11234,PHONE,762,11,30
11234,UNKNOWN,193,11,30
11235,MOBILE,778,11,30
11235,ONLINE,1173,11,30
11235,PHONE,625,11,30
11235,UNKNOWN,548,11,30
11236,MOBILE,253,11,30
11236,ONLINE,778,11,30
11236,PHONE,730,11,30
11236,UNKNOWN,123,11,30
11237,MOBILE,600,11,30
11237,ONLINE,1061,11,30
11237,PHONE,423,11,30
11237,UNKNOWN,118,11,30
11238,MOBILE,566,11,30
11238,ONLINE,1223,11,30
11238,PHONE,728,11,30
11238,UNKNOWN,154,11,30
11239,MOBILE,147,11,30
11239,ONLINE,745,11,30
11239,PHONE,186,11,30
11239,UNKNOWN,9,11,30
11242,ONLINE,2,11,30
11249,MOBILE,196,11,30
11249,ONLINE,467,11,30
11249,PHONE,167,11,30
11249,UNKNOWN,156,11,30
11354,MOBILE,322,11,30
11354,ONLINE,662,11,30
11354,PHONE,405,11,30
11354,UNKNOWN,130,11,30
11355,MOBILE,445,11,30
11355,ONLINE,1046,11,30
11355,PHONE,630,11,30
11355,UNKNOWN,150,11,30
11356,MOBILE,206,11,30
11356,ONLINE,350,11,30
11356,PHONE,162,11,30
11356,UNKNOWN,33,11,30
11357,MOBILE,158,11,30
11357,ONLINE,385,11,30
11357,PHONE,201,11,30
11357,UNKNOWN,68,11,30
11358,MOBILE,195,11,30
11358,ONLINE,519,11,30
11358,PHONE,215,11,30
11358,UNKNOWN,92,11,30
11359,ONLINE,2,11,30
11359,PHONE,1,11,30
11359,UNKNOWN,2,11,30
11360,MOBILE,59,11,30
11360,ONLINE,123,11,30
11360,PHONE,89,11,30
11360,UNKNOWN,20,11,30
11361,MOBILE,139,11,30
11361,ONLINE,351,11,30
11361,PHONE,163,11,30
11361,UNKNOWN,79,11,30
11362,MOBILE,53,11,30
11362,ONLINE,129,11,30
11362,PHONE,78,11,30
11362,UNKNOWN,38,11,30
11363,MOBILE,47,11,30
11363,ONLINE,100,11,30
11363,PHONE,84,11,30
11363,UNKNOWN,23,11,30
11364,MOBILE,185,11,30
11364,ONLINE,295,11,30
11364,PHONE,128,11,30
11364,UNKNOWN,84,11,30
11365,MOBILE,167,11,30
11365,ONLINE,753,11,30
11365,PHONE,205,11,30
11365,UNKNOWN,81,11,30
11366,MOBILE,43,11,30
11366,ONLINE,1452,11,30
11366,PHONE,105,11,30
11366,UNKNOWN,56,11,30
11367,MOBILE,157,11,30
11367,ONLINE,548,11,30
11367,PHONE,286,11,30
11367,UNKNOWN,71,11,30
11368,MOBILE,765,11,30
11368,ONLINE,3047,11,30
11368,PHONE,669,11,30
11368,UNKNOWN,93,11,30
11369,MOBILE,191,11,30
11369,ONLINE,495,11,30
11369,PHONE,304,11,30
11369,UNKNOWN,64,11,30
11370,MOBILE,204,11,30
11370,ONLINE,286,11,30
11370,PHONE,113,11,30
11370,UNKNOWN,54,11,30
11372,MOBILE,521,11,30
11372,ONLINE,1051,11,30
11372,PHONE,718,11,30
11372,UNKNOWN,127,11,30
11373,MOBILE,380,11,30
11373,ONLINE,1070,11,30
11373,PHONE,594,11,30
11373,UNKNOWN,138,11,30
11374,MOBILE,167,11,30
11374,ONLINE,782,11,30
11374,PHONE,385,11,30
11374,UNKNOWN,54,11,30
11375,MOBILE,296,11,30
11375,ONLINE,790,11,30
11375,PHONE,323,11,30
11375,UNKNOWN,151,11,30
11377,MOBILE,663,11,30
11377,ONLINE,1054,11,30
11377,PHONE,568,11,30
11377,UNKNOWN,181,11,30
11378,MOBILE,532,11,30
11378,ONLINE,554,11,30
11378,PHONE,260,11,30
11378,UNKNOWN,104,11,30
11379,MOBILE,304,11,30
11379,ONLINE,396,11,30
11379,PHONE,178,11,30
11379,UNKNOWN,89,11,30
11385,MOBILE,1123,11,30
11385,ONLINE,1461,11,30
11385,PHONE,718,11,30
11385,UNKNOWN,191,11,30
11411,MOBILE,149,11,30
11411,ONLINE,103,11,30
11411,OTHER,1,11,30
11411,PHONE,181,11,30
11411,UNKNOWN,32,11,30
11412,MOBILE,75,11,30
11412,ONLINE,301,11,30
11412,PHONE,344,11,30
11412,UNKNOWN,47,11,30
11413,MOBILE,143,11,30
11413,ONLINE,270,11,30
11413,PHONE,391,11,30
11413,UNKNOWN,126,11,30
11414,MOBILE,127,11,30
11414,ONLINE,789,11,30
11414,PHONE,120,11,30
11414,UNKNOWN,84,11,30
11415,MOBILE,125,11,30
11415,ONLINE,249,11,30
11415,PHONE,199,11,30
11415,UNKNOWN,45,11,30
11416,MOBILE,144,11,30
11416,ONLINE,406,11,30
11416,PHONE,203,11,30
11416,UNKNOWN,69,11,30
11417,MOBILE,257,11,30
11417,ONLINE,475,11,30
11417,PHONE,287,11,30
11417,UNKNOWN,121,11,30
11418,MOBILE,222,11,30
11418,ONLINE,420,11,30
11418,PHONE,328,11,30
11418,UNKNOWN,72,11,30
11419,MOBILE,410,11,30
11419,ONLINE,690,11,30
11419,PHONE,401,11,30
11419,UNKNOWN,169,11,30
11420,MOBILE,361,11,30
11420,ONLINE,782,11,30
11420,PHONE,377,11,30
11420,UNKNOWN,182,11,30
11421,MOBILE,273,11,30
11421,ONLINE,936,11,30
11421,PHONE,259,11,30
11421,UNKNOWN,62,11,30
11422,MOBILE,47,11,30
11422,ONLINE,200,11,30
11422,PHONE,223,11,30
11422,UNKNOWN,72,11,30
11423,MOBILE,106,11,30
11423,ONLINE,316,11,30
11423,PHONE,255,11,30
11423,UNKNOWN,75,11,30
11426,MOBILE,50,11,30
11426,ONLINE,159,11,30
11426,PHONE,100,11,30
11426,UNKNOWN,44,11,30
11427,MOBILE,48,11,30
11427,ONLINE,165,11,30
11427,PHONE,170,11,30
11427,UNKNOWN,51,11,30
11428,MOBILE,37,11,30
11428,ONLINE,254,11,30
11428,PHONE,156,11,30
11428,UNKNOWN,44,11,30
11429,MOBILE,79,11,30
11429,ONLINE,232,11,30
11429,PHONE,214,11,30
11429,UNKNOWN,55,11,30
11430,MOBILE,27,11,30
11430,ONLINE,197,11,30
11430,PHONE,176,11,30
11430,UNKNOWN,31,11,30
11432,MOBILE,210,11,30
11432,ONLINE,949,11,30
11432,PHONE,471,11,30
11432,UNKNOWN,119,11,30
11433,MOBILE,97,11,30
11433,ONLINE,920,11,30
11433,PHONE,342,11,30
11433,UNKNOWN,77,11,30
11434,MOBILE,211,11,30
11434,ONLINE,473,11,30
11434,PHONE,520,11,30
11434,UNKNOWN,115,11,30
11435,MOBILE,244,11,30
11435,ONLINE,692,11,30
11435,PHONE,594,11,30
11435,UNKNOWN,95,11,30
11436,MOBILE,144,11,30
11436,ONLINE,253,11,30
11436,PHONE,197,11,30
11436,UNKNOWN,38,11,30
11516,PHONE,1,11,30
11590,ONLINE,1,11,30
11691,MOBILE,264,11,30
11691,ONLINE,670,11,30
11691,PHONE,531,11,30
11691,UNKNOWN,72,11,30
11692,MOBILE,31,11,30
11692,ONLINE,227,11,30
11692,PHONE,176,11,30
11692,UNKNOWN,21,11,30
11693,MOBILE,139,11,30
11693,ONLINE,98,11,30
11693,PHONE,67,11,30
11693,UNKNOWN,21,11,30
11694,MOBILE,75,11,30
11694,ONLINE,179,11,30
11694,PHONE,140,11,30
11694,UNKNOWN,56,11,30
11697,MOBILE,1,11,30
11697,ONLINE,2,11,30
11697,PHONE,2,11,30
11697,UNKNOWN,2,11,30
12212,ONLINE,1,11,30
12345,MOBILE,4,11,30
12345,ONLINE,6,11,30
12551,ONLINE,1,11,30
14223,ONLINE,1,11,30
15220,PHONE,1,11,30
17110,ONLINE,1,11,30
19720,PHONE,1,11,30
94105,PHONE,1,11,30
06831,PHONE,1,12,31
10000,MOBILE,1,12,31
10000,ONLINE,14,12,31
10000,PHONE,2,12,31
10000,UNKNOWN,16,12,31
10001,MOBILE,349,12,31
10001,ONLINE,713,12,31
10001,PHONE,338,12,31
10001,UNKNOWN,72,12,31
10002,MOBILE,615,12,31
10002,ONLINE,1390,12,31
10002,PHONE,327,12,31
10002,UNKNOWN,348,12,31
10003,MOBILE,484,12,31
10003,ONLINE,1198,12,31
10003,PHONE,374,12,31
10003,UNKNOWN,105,12,31
10004,MOBILE,32,12,31
10004,ONLINE,297,12,31
10004,PHONE,25,12,31
10004,UNKNOWN,39,12,31
10005,MOBILE,26,12,31
10005,ONLINE,198,12,31
10005,PHONE,24,12,31
10005,UNKNOWN,29,12,31
10006,MOBILE,23,12,31
10006,ONLINE,87,12,31
10006,PHONE,7,12,31
10006,UNKNOWN,23,12,31
10007,MOBILE,115,12,31
10007,ONLINE,227,12,31
10007,PHONE,35,12,31
10007,UNKNOWN,35,12,31
10009,MOBILE,281,12,31
10009,ONLINE,1238,12,31
10009,PHONE,298,12,31
10009,UNKNOWN,135,12,31
10010,MOBILE,169,12,31
10010,ONLINE,322,12,31
10010,PHONE,139,12,31
10010,UNKNOWN,53,12,31
10011,MOBILE,318,12,31
10011,ONLINE,765,12,31
10011,PHONE,286,12,31
10011,UNKNOWN,125,12,31
10012,MOBILE,190,12,31
10012,ONLINE,457,12,31
10012,PHONE,148,12,31
10012,UNKNOWN,98,12,31
10013,MOBILE,256,12,31
10013,ONLINE,589,12,31
10013,PHONE,185,12,31
10013,UNKNOWN,189,12,31
10014,MOBILE,154,12,31
10014,ONLINE,568,12,31
10014,PHONE,217,12,31
10014,UNKNOWN,108,12,31
10016,MOBILE,203,12,31
10016,ONLINE,1076,12,31
10016,PHONE,246,12,31
10016,UNKNOWN,81,12,31
10017,MOBILE,168,12,31
10017,ONLINE,509,12,31
10017,PHONE,164,12,31
10017,UNKNOWN,74,12,31
10018,MOBILE,134,12,31
10018,ONLINE,321,12,31
10018,PHONE,82,12,31
10018,UNKNOWN,61,12,31
10019,MOBILE,458,12,31
10019,ONLINE,966,12,31
10019,PHONE,332,12,31
10019,UNKNOWN,162,12,31
10020,MOBILE,28,12,31
10020,ONLINE,23,12,31
10020,PHONE,5,12,31
10020,UNKNOWN,4,12,31
10021,MOBILE,110,12,31
10021,ONLINE,293,12,31
10021,PHONE,151,12,31
10021,UNKNOWN,73,12,31
10022,MOBILE,158,12,31
10022,ONLINE,447,12,31
10022,PHONE,180,12,31
10022,UNKNOWN,69,12,31
10023,MOBILE,340,12,31
10023,ONLINE,1142,12,31
10023,PHONE,254,12,31
10023,UNKNOWN,100,12,31
10024,MOBILE,175,12,31
10024,ONLINE,903,12,31
10024,PHONE,308,12,31
10024,UNKNOWN,96,12,31
10025,MOBILE,316,12,31
10025,ONLINE,1333,12,31
10025,PHONE,563,12,31
10025,UNKNOWN,153,12,31
10026,MOBILE,360,12,31
10026,ONLINE,965,12,31
10026,PHONE,628,12,31
10026,UNKNOWN,71,12,31
10027,MOBILE,397,12,31
10027,ONLINE,1517,12,31
10027,PHONE,619,12,31
10027,UNKNOWN,148,12,31
10028,MOBILE,110,12,31
10028,ONLINE,566,12,31
10028,PHONE,226,12,31
10028,UNKNOWN,78,12,31
10029,MOBILE,352,12,31
10029,ONLINE,1708,12,31
10029,PHONE,593,12,31
10029,UNKNOWN,122,12,31
10030,MOBILE,370,12,31
10030,ONLINE,898,12,31
10030,PHONE,504,12,31
10030,UNKNOWN,87,12,31
10031,MOBILE,665,12,31
10031,ONLINE,1680,12,31
10031,PHONE,753,12,31
10031,UNKNOWN,122,12,31
10032,MOBILE,802,12,31
10032,ONLINE,1420,12,31
10032,PHONE,804,12,31
10032,UNKNOWN,141,12,31
10033,MOBILE,530,12,31
10033,ONLINE,1488,12,31
10033,PHONE,524,12,31
10033,UNKNOWN,120,12,31
10034,MOBILE,576,12,31
10034,ONLINE,1180,12,31
10034,PHONE,505,12,31
10034,UNKNOWN,87,12,31
10035,MOBILE,170,12,31
10035,ONLINE,618,12,31
10035,PHONE,411,12,31
10035,UNKNOWN,76,12,31
10036,MOBILE,329,12,31
10036,ONLINE,1045,12,31
10036,PHONE,358,12,31
10036,UNKNOWN,116,12,31
10037,MOBILE,123,12,31
10037,ONLINE,715,12,31
10037,PHONE,290,12,31
10037,UNKNOWN,42,12,31
10038,MOBILE,136,12,31
10038,ONLINE,323,12,31
10038,PHONE,67,12,31
10038,UNKNOWN,37,12,31
10039,MOBILE,376,12,31
10039,ONLINE,923,12,31
10039,PHONE,419,12,31
10039,UNKNOWN,27,12,31
10040,MOBILE,386,12,31
10040,ONLINE,1419,12,31
10040,PHONE,535,12,31
10040,UNKNOWN,44,12,31
10041,ONLINE,1,12,31
10044,MOBILE,10,12,31
10044,ONLINE,79,12,31
10044,PHONE,36,12,31
10044,UNKNOWN,2,12,31
10045,UNKNOWN,1,12,31
10048,ONLINE,1,12,31
10055,MOBILE,1,12,31
10055,PHONE,1,12,31
10065,MOBILE,196,12,31
10065,ONLINE,414,12,31
10065,PHONE,167,12,31
10065,UNKNOWN,67,12,31
10069,MOBILE,18,12,31
10069,ONLINE,35,12,31
10069,PHONE,12,12,31
10069,UNKNOWN,5,12,31
10075,MOBILE,56,12,31
10075,ONLINE,157,12,31
10075,PHONE,76,12,31
10075,UNKNOWN,38,12,31
10103,MOBILE,5,12,31
10103,ONLINE,5,12,31
10103,PHONE,2,12,31
10105,MOBILE,1,12,31
10105,ONLINE,4,12,31
10105,PHONE,1,12,31
10107,ONLINE,1,12,31
10110,PHONE,1,12,31
10111,PHONE,1,12,31
10112,ONLINE,6,12,31
10112,UNKNOWN,1,12,31
10118,MOBILE,12,12,31
10118,ONLINE,10,12,31
10118,PHONE,2,12,31
10119,MOBILE,5,12,31
10119,ONLINE,15,12,31
10119,PHONE,4,12,31
10120,ONLINE,2,12,31
10121,ONLINE,30,12,31
10121,PHONE,15,12,31
10122,UNKNOWN,1,12,31
10128,MOBILE,126,12,31
10128,ONLINE,505,12,31
10128,PHONE,156,12,31
10128,UNKNOWN,45,12,31
10151,MOBILE,1,12,31
10151,PHONE,1,12,31
10152,MOBILE,1,12,31
10153,MOBILE,7,12,31
10153,ONLINE,6,12,31
10154,MOBILE,12,12,31
10155,ONLINE,1,12,31
10158,ONLINE,1,12,31
10158,UNKNOWN,1,12,31
10162,ONLINE,1,12,31
10165,ONLINE,2,12,31
10165,PHONE,2,12,31
10167,ONLINE,1,12,31
10168,ONLINE,6,12,31
10169,MOBILE,16,12,31
10169,ONLINE,2,12,31
10169,PHONE,1,12,31
10169,UNKNOWN,1,12,31
10171,ONLINE,1,12,31
10171,UNKNOWN,1,12,31
10172,ONLINE,4,12,31
10172,UNKNOWN,6,12,31
10174,ONLINE,5,12,31
10174,PHONE,1,12,31
10175,MOBILE,1,12,31
10177,ONLINE,1,12,31
10178,ONLINE,1,12,31
10179,ONLINE,1,12,31
10179,PHONE,1,12,31
10271,ONLINE,2,12,31
10271,UNKNOWN,1,12,31
10278,MOBILE,3,12,31
10278,ONLINE,4,12,31
10278,PHONE,1,12,31
10279,MOBILE,2,12,31
10279,ONLINE,1,12,31
10279,UNKNOWN,1,12,31
10280,MOBILE,9,12,31
10280,ONLINE,46,12,31
10280,PHONE,14,12,31
10280,UNKNOWN,5,12,31
10281,MOBILE,1,12,31
10281,ONLINE,6,12,31
10281,UNKNOWN,1,12,31
10282,MOBILE,16,12,31
10282,ONLINE,17,12,31
10282,PHONE,7,12,31
10282,UNKNOWN,12,12,31
10301,MOBILE,87,12,31
10301,ONLINE,659,12,31
10301,PHONE,460,12,31
10301,UNKNOWN,126,12,31
10302,MOBILE,44,12,31
10302,ONLINE,183,12,31
10302,PHONE,151,12,31
10302,UNKNOWN,69,12,31
10303,MOBILE,54,12,31
10303,ONLINE,227,12,31
10303,PHONE,269,12,31
10303,UNKNOWN,69,12,31
10304,MOBILE,150,12,31
10304,ONLINE,456,12,31
10304,PHONE,490,12,31
10304,UNKNOWN,205,12,31
10305,MOBILE,125,12,31
10305,ONLINE,329,12,31
10305,PHONE,252,12,31
10305,UNKNOWN,76,12,31
10306,MOBILE,96,12,31
10306,ONLINE,532,12,31
10306,PHONE,316,12,31
10306,UNKNOWN,197,12,31
10307,MOBILE,47,12,31
10307,ONLINE,157,12,31
10307,PHONE,84,12,31
10307,UNKNOWN,33,12,31
10308,MOBILE,42,12,31
10308,ONLINE,208,12,31
10308,PHONE,121,12,31
10308,UNKNOWN,97,12,31
10309,MOBILE,62,12,31
10309,ONLINE,329,12,31
10309,PHONE,233,12,31
10309,UNKNOWN,106,12,31
10310,MOBILE,59,12,31
10310,ONLINE,314,12,31
10310,PHONE,226,12,31
10310,UNKNOWN,47,12,31
10312,MOBILE,188,12,31
10312,ONLINE,631,12,31
10312,PHONE,376,12,31
10312,UNKNOWN,168,12,31
10314,MOBILE,190,12,31
10314,ONLINE,809,12,31
10314,PHONE,544,12,31
10314,UNKNOWN,260,12,31
10451,MOBILE,605,12,31
10451,ONLINE,1354,12,31
10451,PHONE,699,12,31
10451,UNKNOWN,124,12,31
10452,MOBILE,740,12,31
10452,ONLINE,2126,12,31
10452,PHONE,1621,12,31
10452,UNKNOWN,188,12,31
10453,MOBILE,746,12,31
10453,ONLINE,1945,12,31
10453,OTHER,1,12,31
10453,PHONE,1184,12,31
10453,UNKNOWN,153,12,31
10454,MOBILE,197,12,31
10454,ONLINE,871,12,31
10454,PHONE,372,12,31
10454,UNKNOWN,111,12,31
10455,MOBILE,312,12,31
10455,ONLINE,1002,12,31
10455,PHONE,511,12,31
10455,UNKNOWN,92,12,31
10456,MOBILE,591,12,31
10456,ONLINE,2906,12,31
10456,PHONE,1226,12,31
10456,UNKNOWN,127,12,31
10457,MOBILE,668,12,31
10457,ONLINE,2085,12,31
10457,PHONE,1299,12,31
10457,UNKNOWN,147,12,31
10458,MOBILE,695,12,31
10458,ONLINE,2508,12,31
10458,PHONE,1526,12,31
10458,UNKNOWN,147,12,31
10459,MOBILE,383,12,31
10459,ONLINE,1326,12,31
10459,PHONE,806,12,31
10459,UNKNOWN,111,12,31
10460,MOBILE,616,12,31
10460,ONLINE,1480,12,31
10460,PHONE,872,12,31
10460,UNKNOWN,103,12,31
10461,MOBILE,482,12,31
10461,ONLINE,1539,12,31
10461,PHONE,517,12,31
10461,UNKNOWN,108,12,31
10462,MOBILE,610,12,31
10462,ONLINE,1790,12,31
10462,PHONE,832,12,31
10462,UNKNOWN,154,12,31
10463,MOBILE,802,12,31
10463,ONLINE,1783,12,31
10463,PHONE,787,12,31
10463,UNKNOWN,133,12,31
10464,MOBILE,15,12,31
10464,ONLINE,86,12,31
10464,PHONE,33,12,31
10464,UNKNOWN,14,12,31
10465,MOBILE,299,12,31
10465,ONLINE,493,12,31
10465,PHONE,227,12,31
10465,UNKNOWN,104,12,31
10466,MOBILE,30448,12,31
10466,ONLINE,1393,12,31
10466,PHONE,752,12,31
10466,UNKNOWN,110,12,31
10467,MOBILE,765,12,31
10467,ONLINE,2725,12,31
10467,PHONE,1273,12,31
10467,UNKNOWN,190,12,31
10468,MOBILE,855,12,31
10468,ONLINE,2683,12,31
10468,PHONE,1099,12,31
10468,UNKNOWN,138,12,31
10469,MOBILE,503,12,31
10469,ONLINE,845,12,31
10469,PHONE,540,12,31
10469,UNKNOWN,82,12,31
10470,MOBILE,346,12,31
10470,ONLINE,444,12,31
10470,PHONE,206,12,31
10470,UNKNOWN,48,12,31
10471,MOBILE,117,12,31
10471,ONLINE,327,12,31
10471,PHONE,136,12,31
10471,UNKNOWN,73,12,31
10472,MOBILE,418,12,31
10472,ONLINE,967,12,31
10472,PHONE,668,12,31
10472,UNKNOWN,96,12,31
10473,MOBILE,323,12,31
10473,ONLINE,609,12,31
10473,PHONE,480,12,31
10473,UNKNOWN,207,12,31
10474,MOBILE,143,12,31
10474,ONLINE,288,12,31
10474,PHONE,158,12,31
10474,UNKNOWN,60,12,31
10475,MOBILE,40,12,31
10475,ONLINE,188,12,31
10475,PHONE,117,12,31
10475,UNKNOWN,64,12,31
10803,PHONE,1,12,31
11001,MOBILE,21,12,31
11001,ONLINE,35,12,31
11001,PHONE,19,12,31
11001,UNKNOWN,7,12,31
11004,MOBILE,46,12,31
11004,ONLINE,113,12,31
11004,PHONE,54,12,31
11004,UNKNOWN,16,12,31
11005,ONLINE,3,12,31
11040,MOBILE,3,12,31
11040,ONLINE,26,12,31
11040,PHONE,9,12,31
11040,UNKNOWN,4,12,31
11101,MOBILE,747,12,31
11101,ONLINE,1194,12,31
11101,PHONE,358,12,31
11101,UNKNOWN,217,12,31
11102,MOBILE,321,12,31
11102,ONLINE,616,12,31
11102,PHONE,229,12,31
11102,UNKNOWN,76,12,31
11103,MOBILE,390,12,31
11103,ONLINE,1003,12,31
11103,OTHER,1,12,31
11103,PHONE,217,12,31
11103,UNKNOWN,92,12,31
11104,MOBILE,210,12,31
11104,ONLINE,558,12,31
11104,PHONE,222,12,31
11104,UNKNOWN,52,12,31
11105,MOBILE,351,12,31
11105,ONLINE,612,12,31
11105,PHONE,175,12,31
11105,UNKNOWN,81,12,31
11106,MOBILE,349,12,31
11106,ONLINE,620,12,31
11106,PHONE,166,12,31
11106,UNKNOWN,66,12,31
11109,MOBILE,27,12,31
11109,ONLINE,23,12,31
11109,PHONE,4,12,31
11109,UNKNOWN,1,12,31
11201,MOBILE,963,12,31
11201,ONLINE,1357,12,31
11201,PHONE,258,12,31
11201,UNKNOWN,155,12,31
11203,MOBILE,289,12,31
11203,ONLINE,1156,12,31
11203,PHONE,796,12,31
11203,UNKNOWN,172,12,31
11204,MOBILE,805,12,31
11204,ONLINE,827,12,31
11204,PHONE,385,12,31
11204,UNKNOWN,222,12,31
11205,MOBILE,310,12,31
11205,ONLINE,673,12,31
11205,PHONE,426,12,31
11205,UNKNOWN,112,12,31
11206,MOBILE,458,12,31
11206,ONLINE,1127,12,31
11206,PHONE,417,12,31
11206,UNKNOWN,231,12,31
11207,MOBILE,679,12,31
11207,ONLINE,1711,12,31
11207,PHONE,1050,12,31
11207,UNKNOWN,252,12,31
11208,MOBILE,709,12,31
11208,ONLINE,1666,12,31
11208,PHONE,873,12,31
11208,UNKNOWN,193,12,31
11209,MOBILE,937,12,31
11209,ONLINE,1358,12,31
11209,PHONE,476,12,31
11209,UNKNOWN,181,12,31
11210,MOBILE,366,12,31
11210,ONLINE,1092,12,31
11210,PHONE,618,12,31
11210,UNKNOWN,117,12,31
11211,MOBILE,547,12,31
11211,ONLINE,1097,12,31
11211,PHONE,351,12,31
11211,UNKNOWN,321,12,31
11212,MOBILE,392,12,31
11212,ONLINE,1637,12,31
11212,PHONE,1023,12,31
11212,UNKNOWN,177,12,31
11213,MOBILE,549,12,31
11213,ONLINE,1675,12,31
11213,PHONE,771,12,31
11213,UNKNOWN,138,12,31
11214,MOBILE,761,12,31
11214,ONLINE,1417,12,31
11214,PHONE,575,12,31
11214,UNKNOWN,181,12,31
11215,MOBILE,513,12,31
11215,ONLINE,1218,12,31
11215,PHONE,404,12,31
11215,UNKNOWN,213,12,31
11216,MOBILE,375,12,31
11216,ONLINE,1558,12,31
11216,PHONE,565,12,31
11216,UNKNOWN,161,12,31
11217,MOBILE,590,12,31
11217,ONLINE,1017,12,31
11217,PHONE,280,12,31
11217,UNKNOWN,138,12,31
11218,MOBILE,585,12,31
11218,ONLINE,1272,12,31
11218,PHONE,494,12,31
11218,UNKNOWN,246,12,31
11219,MOBILE,406,12,31
11219,ONLINE,736,12,31
11219,PHONE,451,12,31
11219,UNKNOWN,158,12,31
11220,MOBILE,633,12,31
11220,ONLINE,1030,12,31
11220,PHONE,492,12,31
11220,UNKNOWN,281,12,31
11221,MOBILE,423,12,31
11221,ONLINE,1426,12,31
11221,PHONE,664,12,31
11221,UNKNOWN,200,12,31
11222,MOBILE,640,12,31
11222,ONLINE,983,12,31
11222,PHONE,232,12,31
11222,UNKNOWN,144,12,31
11223,MOBILE,550,12,31
11223,ONLINE,1202,12,31
11223,PHONE,439,12,31
11223,UNKNOWN,208,12,31
11224,MOBILE,254,12,31
11224,ONLINE,364,12,31
11224,PHONE,283,12,31
11224,UNKNOWN,78,12,31
11225,MOBILE,622,12,31
11225,ONLINE,1542,12,31
11225,PHONE,1054,12,31
11225,UNKNOWN,153,12,31
11226,MOBILE,823,12,31
11226,ONLINE,3335,12,31
11226,PHONE,1526,12,31
11226,UNKNOWN,213,12,31
11228,MOBILE,345,12,31
11228,ONLINE,529,12,31
11228,PHONE,220,12,31
11228,UNKNOWN,128,12,31
11229,MOBILE,552,12,31
11229,ONLINE,1479,12,31
11229,PHONE,700,12,31
11229,UNKNOWN,274,12,31
11230,MOBILE,809,12,31
11230,ONLINE,1566,12,31
11230,PHONE,753,12,31
11230,UNKNOWN,195,12,31
11231,MOBILE,320,12,31
11231,ONLINE,948,12,31
11231,PHONE,211,12,31
11231,UNKNOWN,79,12,31
11232,MOBILE,309,12,31
11232,ONLINE,487,12,31
11232,PHONE,148,12,31
11232,UNKNOWN,98,12,31
11233,MOBILE,389,12,31
11233,ONLINE,1542,12,31
11233,PHONE,875,12,31
11233,UNKNOWN,130,12,31
11234,MOBILE,367,12,31
11234,ONLINE,989,12,31
11234,PHONE,595,12,31
11234,UNKNOWN,249,12,31
11235,MOBILE,875,12,31
11235,ONLINE,1091,12,31
11235,PHONE,665,12,31
11235,UNKNOWN,212,12,31
11236,MOBILE,215,12,31
11236,ONLINE,924,12,31
11236,PHONE,708,12,31
11236,UNKNOWN,157,12,31
11237,MOBILE,481,12,31
11237,ONLINE,923,12,31
11237,PHONE,323,12,31
11237,UNKNOWN,105,12,31
11238,MOBILE,808,12,31
11238,ONLINE,1342,12,31
11238,PHONE,450,12,31
11238,UNKNOWN,171,12,31
11239,MOBILE,171,12,31
11239,ONLINE,954,12,31
11239,PHONE,154,12,31
11239,UNKNOWN,12,12,31
11241,ONLINE,1,12,31
11242,ONLINE,1,12,31
11242,PHONE,1,12,31
11249,MOBILE,241,12,31
11249,ONLINE,486,12,31
11249,PHONE,153,12,31
11249,UNKNOWN,102,12,31
11251,ONLINE,3,12,31
11354,MOBILE,322,12,31
11354,ONLINE,712,12,31
11354,PHONE,364,12,31
11354,UNKNOWN,162,12,31
11355,MOBILE,368,12,31
11355,ONLINE,1286,12,31
11355,PHONE,440,12,31
11355,UNKNOWN,157,12,31
11356,MOBILE,263,12,31
11356,ONLINE,388,12,31
11356,PHONE,172,12,31
11356,UNKNOWN,34,12,31
11357,MOBILE,133,12,31
11357,ONLINE,340,12,31
11357,PHONE,205,12,31
11357,UNKNOWN,100,12,31
11358,MOBILE,175,12,31
11358,ONLINE,534,12,31
11358,PHONE,213,12,31
11358,UNKNOWN,98,12,31
11359,UNKNOWN,4,12,31
11360,MOBILE,51,12,31
11360,ONLINE,125,12,31
11360,PHONE,74,12,31
11360,UNKNOWN,25,12,31
11361,MOBILE,176,12,31
11361,ONLINE,362,12,31
11361,PHONE,175,12,31
11361,UNKNOWN,100,12,31
11362,MOBILE,50,12,31
11362,ONLINE,110,12,31
11362,PHONE,84,12,31
11362,UNKNOWN,40,12,31
11363,MOBILE,39,12,31
11363,ONLINE,86,12,31
11363,PHONE,81,12,31
11363,UNKNOWN,29,12,31
11364,MOBILE,237,12,31
11364,ONLINE,246,12,31
11364,PHONE,149,12,31
11364,UNKNOWN,72,12,31
11365,MOBILE,195,12,31
11365,ONLINE,1048,12,31
11365,PHONE,181,12,31
11365,UNKNOWN,101,12,31
11366,MOBILE,53,12,31
11366,ONLINE,2015,12,31
11366,PHONE,109,12,31
11366,UNKNOWN,37,12,31
11367,MOBILE,159,12,31
11367,ONLINE,683,12,31
11367,PHONE,235,12,31
11367,UNKNOWN,87,12,31
11368,MOBILE,740,12,31
11368,ONLINE,1120,12,31
11368,PHONE,519,12,31
11368,UNKNOWN,150,12,31
11369,MOBILE,158,12,31
11369,ONLINE,464,12,31
11369,PHONE,287,12,31
11369,UNKNOWN,63,12,31
11370,MOBILE,142,12,31
11370,ONLINE,243,12,31
11370,PHONE,104,12,31
11370,UNKNOWN,71,12,31
11372,MOBILE,522,12,31
11372,ONLINE,1234,12,31
11372,PHONE,518,12,31
11372,UNKNOWN,172,12,31
11373,MOBILE,398,12,31
11373,ONLINE,1241,12,31
11373,PHONE,531,12,31
11373,UNKNOWN,127,12,31
11374,MOBILE,168,12,31
11374,ONLINE,1062,12,31
11374,PHONE,277,12,31
11374,UNKNOWN,118,12,31
11375,MOBILE,368,12,31
11375,ONLINE,900,12,31
11375,PHONE,352,12,31
11375,UNKNOWN,189,12,31
11377,MOBILE,602,12,31
11377,ONLINE,1201,12,31
11377,PHONE,457,12,31
11377,UNKNOWN,192,12,31
11378,MOBILE,469,12,31
11378,ONLINE,604,12,31
11378,PHONE,232,12,31
11378,UNKNOWN,97,12,31
11379,MOBILE,332,12,31
11379,ONLINE,439,12,31
11379,PHONE,246,12,31
11379,UNKNOWN,65,12,31
11385,MOBILE,992,12,31
11385,ONLINE,1437,12,31
11385,PHONE,637,12,31
11385,UNKNOWN,243,12,31
11411,MOBILE,94,12,31
11411,ONLINE,124,12,31
11411,PHONE,186,12,31
11411,UNKNOWN,63,12,31
11412,MOBILE,77,12,31
11412,ONLINE,269,12,31
11412,PHONE,251,12,31
11412,UNKNOWN,73,12,31
11413,MOBILE,86,12,31
11413,ONLINE,348,12,31
11413,PHONE,313,12,31
11413,UNKNOWN,63,12,31
11414,MOBILE,132,12,31
11414,ONLINE,364,12,31
11414,PHONE,164,12,31
11414,UNKNOWN,87,12,31
11415,MOBILE,137,12,31
11415,ONLINE,360,12,31
11415,PHONE,137,12,31
11415,UNKNOWN,40,12,31
11416,MOBILE,194,12,31
11416,ONLINE,355,12,31
11416,PHONE,201,12,31
11416,UNKNOWN,85,12,31
11417,MOBILE,231,12,31
11417,ONLINE,413,12,31
11417,PHONE,234,12,31
11417,UNKNOWN,110,12,31
11418,MOBILE,188,12,31
11418,ONLINE,429,12,31
11418,PHONE,264,12,31
11418,UNKNOWN,111,12,31
11419,MOBILE,331,12,31
11419,ONLINE,763,12,31
11419,OTHER,1,12,31
11419,PHONE,362,12,31
11419,UNKNOWN,213,12,31
11420,MOBILE,375,12,31
11420,ONLINE,717,12,31
11420,OTHER,1,12,31
11420,PHONE,320,12,31
11420,UNKNOWN,173,12,31
11421,MOBILE,360,12,31
11421,ONLINE,831,12,31
11421,PHONE,215,12,31
11421,UNKNOWN,105,12,31
11422,MOBILE,48,12,31
11422,ONLINE,267,12,31
11422,PHONE,264,12,31
11422,UNKNOWN,76,12,31
11423,MOBILE,94,12,31
11423,ONLINE,370,12,31
11423,PHONE,259,12,31
11423,UNKNOWN,103,12,31
11426,MOBILE,108,12,31
11426,ONLINE,140,12,31
11426,PHONE,113,12,31
11426,UNKNOWN,55,12,31
11427,MOBILE,74,12,31
11427,ONLINE,153,12,31
11427,PHONE,115,12,31
11427,UNKNOWN,53,12,31
11428,MOBILE,72,12,31
11428,ONLINE,186,12,31
11428,PHONE,142,12,31
11428,UNKNOWN,62,12,31
11429,MOBILE,109,12,31
11429,ONLINE,422,12,31
11429,OTHER,1,12,31
11429,PHONE,175,12,31
11429,UNKNOWN,55,12,31
11430,MOBILE,30,12,31
11430,ONLINE,209,12,31
11430,PHONE,185,12,31
11430,UNKNOWN,26,12,31
11432,MOBILE,226,12,31
11432,ONLINE,1301,12,31
11432,PHONE,446,12,31
11432,UNKNOWN,115,12,31
11433,MOBILE,122,12,31
11433,ONLINE,1151,12,31
11433,PHONE,296,12,31
11433,UNKNOWN,58,12,31
11434,MOBILE,169,12,31
11434,ONLINE,591,12,31
11434,PHONE,505,12,31
11434,UNKNOWN,152,12,31
11435,MOBILE,323,12,31
11435,ONLINE,1043,12,31
11435,PHONE,442,12,31
11435,UNKNOWN,117,12,31
11436,MOBILE,111,12,31
11436,ONLINE,245,12,31
11436,OTHER,1,12,31
11436,PHONE,183,12,31
11436,UNKNOWN,63,12,31
11542,PHONE,1,12,31
11691,MOBILE,237,12,31
11691,ONLINE,814,12,31
11691,PHONE,540,12,31
11691,UNKNOWN,99,12,31
11692,MOBILE,29,12,31
11692,ONLINE,199,12,31
11692,PHONE,116,12,31
11692,UNKNOWN,32,12,31
11693,MOBILE,113,12,31
11693,ONLINE,101,12,31
11693,PHONE,50,12,31
11693,UNKNOWN,21,12,31
11694,MOBILE,66,12,31
11694,ONLINE,213,12,31
11694,PHONE,108,12,31
11694,UNKNOWN,74,12,31
11697,ONLINE,23,12,31
11697,UNKNOWN,6,12,31
11767,PHONE,1,12,31
12345,MOBILE,2,12,31
12345,ONLINE,3,12,31
17035,PHONE,1,12,31
17110,ONLINE,1,12,31
34285,ONLINE,1,12,31
89145,PHONE,1,12,31
90022,ONLINE,1,12,31
