poverty,no_broadband,disability,limited_english_households
0.06909228749724418,0.1764494700888586,0.014179509042137939,0.7402787333717593
0.5740826522329202,0.07759094826917187,0.20361927550358033,0.14470712399432764
0.411199303061495,0.21656512759596222,0.1127759414276936,0.25945962791484906
0.5565139691567959,0.2796788000897068,0.10524055450261394,0.05856667625088336
0.37374370629897913,0.15748318171725878,0.3860626064660379,0.08271050551772427
0.1602008738110376,0.7752101706442407,0.0229907168180288,0.0415982387266928
0.28027303308158724,0.04332307415155122,0.6300865516491468,0.0463173411177147
0.20483399272474984,0.018123641520439843,0.5634963215015232,0.21354604425328727
0.22787874477310527,0.2926421656401595,0.15661036702485093,0.3228687225618842
0.022993118243118955,0.08271973765712999,0.5664320774418068,0.3278550666579443
0.5630811182343952,0.0020243116985534117,0.3357122813286007,0.09918228873845078
0.12145302644516794,0.05386850348564131,0.5726713473850611,0.2520071226841296
0.603822688094487,0.039976438398773434,0.29061718439055595,0.0655836891161837
0.4574572396193553,0.10528280144203706,0.262039144860628,0.17522081407797957
0.14695893385970613,0.2645753844125895,0.3659082215141743,0.22255746021353015
0.15972205619679605,0.441921098207133,0.29763920996225013,0.10071763563382073
0.23541938543796012,0.20719401245754213,0.22616344651738512,0.3312231555871125
0.10783555678240582,0.5557073180617267,0.31324435114535043,0.023212774010517096
0.0007113220949524009,0.6999200891431664,0.11350912389758344,0.18585946486429783
0.06961898554066914,0.3980303680971734,0.2915962989380902,0.24075434742406718
0.015062788448111125,0.576994783657782,0.3769628648603432,0.030979563033763716
0.29669444036879533,0.30129829454080786,0.0963886645137449,0.3056186005766518
0.11793976865588332,0.01246284040519885,0.12565415203988145,0.7439432388990364
0.10523023185739233,0.5983357302811401,0.23473440618868582,0.06169963167278167
0.21647049791293754,0.0176016347217458,0.6846427664849155,0.08128510088040125
0.3529150642041043,0.5021019943088784,0.005460069454355118,0.1395228720326623
0.1222692352624239,0.3434187440896246,0.364842838873707,0.16946918177424428
0.0628767823592935,0.006825646798228958,0.15017736355565722,0.7801202072868203
0.11914945936627416,0.01402367175397695,0.595322061269668,0.2715048076100808
0.25275340096634236,0.21180217646684563,0.377609493793948,0.15783492877286404
0.17911576659258424,0.06663150675264462,0.5669253955203248,0.1873273311344462
0.47729585529584345,0.33607083638870233,0.003805230067279766,0.18282807824817435
0.2953359644218532,0.06178056967246454,0.6166265875767346,0.026256878328947623
0.14992878048777086,0.09076087030227796,0.611941112405471,0.14736923680448016
0.5818470090633536,0.019297066514736762,0.2440497423875257,0.1548061820343839
0.1594641463876941,0.1650147772690714,0.1747101765052371,0.5008108998379973
0.3290381066723463,0.4512011186952165,0.11644322358714237,0.1033175510452947
0.4402359545388072,0.14345097146146402,0.20426259544336703,0.21205047855636175
0.19998662481143503,0.06498902036967237,0.5786963611519363,0.15632799366695635
0.6750637110959399,0.18983911111843121,0.06986271972294987,0.06523445806267904
0.48872847647943074,0.009435151556735803,0.37603378001405613,0.12580259194977733
0.4679194717619909,0.25081712662691624,0.05495475479347258,0.22630864681762036
0.24784491562837466,0.3784268047719355,0.22000600715498442,0.15372227244470535
0.34840253289147866,0.1531913097449587,0.28341027678779585,0.21499588057576668
0.8072048742466358,0.041144914216485355,0.1354372364633672,0.016212975073511725
0.34804259814723987,0.0025014950330316432,0.01845278350949729,0.6310031233102312
0.502783794777746,0.051566058247892815,0.15126090896467057,0.2943892380096906
0.08757194148444099,0.21863777360358755,0.037128214592567065,0.6566620703194045
0.33280404098433586,0.12027121449048843,0.47334736228976443,0.07357738223541122
0.19630155671164767,0.011927566987704693,0.4214470883822542,0.3703237879183934
0.02906497755169689,0.010081676439846402,0.36823612401065514,0.5926172219978016
0.26024469275019135,0.6592245474069586,0.029333399675300246,0.051197360167549805
0.5366078334607683,0.0566914630835426,0.03630534535860571,0.37039535809708346
0.022367954254864302,0.4598176595907803,0.2939376144045916,0.22387677174976384
0.015577202131536926,0.1885830936350873,0.46660044453050825,0.3292392597028675
0.10337003395067783,0.19246022334752053,0.4496273790638494,0.2545423636379522
0.5251664030710202,0.4317580227530442,0.030774957458142214,0.012300616717793164
0.18749489304178865,0.7389241428803685,0.06714602492254416,0.006434939155298664
0.15864209268626625,0.09129501247176447,0.04413009327314783,0.7059328015688214
0.03337780770145773,0.0436891166060664,0.2562775482440209,0.6666555274484551
0.5935701389091591,0.0316574612329152,0.3154656987316452,0.059306701126280316
0.28464197764141275,0.5029053792433884,0.11771476751712412,0.09473787559807464
0.3297719445995011,0.22834976154540007,0.3922526159321161,0.04962567792298288
0.13327858536983384,0.21401388415805084,0.0924374004278068,0.5602701300443085
0.4265755850437665,0.25855720747641403,0.2188907843958623,0.09597642308395705
0.2072151061793472,0.12912830408417725,0.6065404113724557,0.057116178364019686
0.3393962881371224,0.07741850489198758,0.5518783014036162,0.03130690556727372
0.13124767753345482,0.6370012206369697,0.023263209820467964,0.20848789200910758
0.5141169485057183,0.206269606751787,0.04222878038842625,0.2373846643540683
0.33682307841312414,0.2940585406388728,0.21076914737289365,0.15834923357510963
0.001604525867306728,0.052359310352594134,0.20192341266564298,0.7441127511144563
0.048719989721419464,0.3599349501095359,0.40600240022197903,0.18534265994706553
0.4980458595231806,0.09478957831977243,0.1943225789307505,0.21284198322629663
0.4316692648235542,0.09352843413479582,0.16430560160687588,0.3104966994347739
0.1600067915072634,0.0961568173184593,0.45401674815473425,0.28981964301954305
0.2322808472034602,0.4363236577515653,0.09827838964005854,0.23311710540491587
0.2809610476521164,0.10976003744815592,0.5334991416894782,0.07577977321024945
0.4986627663345432,0.2670059173356467,0.18480805077209272,0.049523265557717217
0.358622820695047,0.012436476122668206,0.4123750490656943,0.2165656541165905
0.1715549389275404,0.066971610065199,0.48712196237642197,0.2743514886308387
0.20317719357966657,0.4083914690680237,0.34287436135557003,0.04555697599673974
0.13148852014551338,0.08692890457626878,0.2795408649808767,0.502041710297341
0.2806511182430782,0.34801919985968516,0.13273733184439987,0.23859235005283674
0.4824446391968865,0.14378161319182825,0.06059556478017282,0.31317818283111243
0.14460196306997,0.6508246038143686,0.19325063298529216,0.011322800130369275
0.4285834090345839,0.363093058637246,0.11838505934820219,0.08993847297996803
0.07279615062394468,0.15339534566805935,0.13277558512277857,0.6410329185852174
0.27758089740050856,0.1604001438702305,0.4003176285100134,0.16170133021924768
0.017761359013705777,0.4134597862249591,0.44506791258370715,0.12371094217762792
0.32508526441679686,0.4846501930144086,0.08194349575934283,0.10832104680945177
0.13141115801146308,0.1878050614128296,0.20204038163639668,0.4787433989393106
0.443026031927143,0.2735328710077946,0.08774948825537113,0.19569160880969125
0.0568062926937365,0.5230021949534893,0.14015463212849552,0.28003688022427853
0.17196631508336885,0.378292148217818,0.43591812850600953,0.013823408192803588
0.18551013987884796,0.7024401444023778,0.0192752217058946,0.09277449401287967
0.3074810648724144,0.4613537379550012,0.09819078875552585,0.13297440841705851
0.014600769695718576,0.1129514242363644,0.2263368213927221,0.646110984675195
0.16223273777973796,0.12235560927370018,0.03760691194602258,0.6778047410005392
0.08387775484611867,0.19371331306888004,0.30401953858761094,0.4183893934973904
0.578758418028446,0.09453364240448993,0.24325163693507917,0.08345630263198504
0.11226865782516562,0.3212535032734525,0.5162747977370001,0.05020304116438177
0.24065636531704426,0.17186123338184556,0.4626383984107256,0.12484400289038453
0.2174014758836794,0.0783286607575095,0.4140962233332533,0.29017364002555796
0.04456616791312101,0.5120999426082185,0.05298275774428348,0.390351131734377
0.27788010953983766,0.2854253178623544,0.06720165755504358,0.3694929150427643
0.026943815397799872,0.5223131034729989,0.37790712189967035,0.07283595922953089
0.6042156381896515,0.0647282185087139,0.244026252488515,0.0870298908131196
0.4081511333690651,0.2971486329930307,0.17156240482917556,0.12313782880872874
0.5947855150892458,0.04778286419536549,0.10741778993018096,0.2500138307852077
0.2085924511103986,0.1211429422174159,0.4644073537179956,0.20585725295418983
0.029493873757671984,0.16829554302698443,0.27964513238976113,0.5225654508255825
0.6526439214444052,0.04724521787436706,0.12382194371390749,0.17628891696732024
0.37586509972515275,0.18062839565647854,0.016117790578267135,0.42738871404010165
0.5597555533868277,0.03805618531378095,0.24869401730623836,0.1534942439931529
0.06349314399359982,0.29942638906106145,0.5151534506904291,0.12192701625490965
0.8184830596715471,0.032724609120105885,0.13688026193596697,0.011912069272380085
0.21651006966981862,0.2543444799772447,0.010045019591067501,0.5191004307618691
0.21089182328733863,0.26924836650911244,0.08699592319409692,0.4328638870094521
0.016187481458062335,0.4765992567007334,0.303460817430321,0.2037524444108832
0.15963878867046846,0.35846407654114815,0.0561585450954406,0.42573858969294287
0.01348477616817093,0.16160551932084097,0.2847057326161403,0.5402039718948478
0.1645897945584794,0.34234551557958187,0.10097514837833177,0.392089541483607
0.4997707786758132,0.35239061073103806,0.07074647149820891,0.07709213909493988
0.5510021126609276,0.019081583767548586,0.14604219077881406,0.2838741127927096
0.11829944016106395,0.140113595998819,0.7085730347859123,0.03301392905420471
0.4776369091431625,0.21547989989456331,0.27538920936042777,0.03149398160184631
0.25863700770107984,0.3502384820890363,0.08629056437939236,0.3048339458304914
0.09852154880604591,0.16455465719354193,0.26242477392863134,0.4744990200717808
0.22804083285211924,0.4786209318768017,0.1174835829357237,0.17585465233535538
0.05795232061285831,0.8140662310399269,0.06108261521928852,0.06689883312792605
0.07334702235521758,0.7204007372264711,0.06849457207775628,0.13775766834055506
0.2535935535355025,0.40266146356515287,0.22449125517128846,0.11925372772805604
0.07978880637239502,0.3873514456574762,0.17109979507145426,0.3617599528986746
0.46711620794708403,0.17789011172441677,0.1588151121565285,0.19617856817197077
0.7132527869959139,0.15508847877573476,0.05356820259132118,0.07809053163703035
0.3679719155320602,0.12217576161218563,0.3051307262447967,0.20472159661095735
0.0007675366777223588,0.10966332475246357,0.576033519150857,0.31353561941895725
0.29218905614147384,0.07041577620381771,0.5987598804806752,0.038635287174033445
0.16773660917884708,0.026697613617629287,0.1455406223219071,0.6600251548816165
0.3286673731503573,0.09290727480895992,0.5092526782352992,0.06917267380538358
0.5486476883691273,0.08962746576149332,0.25582351697552663,0.10590132889385269
0.16549887642118086,0.626822995514774,0.15084485044634505,0.05683327761770002
0.387427831730629,0.1416210944408398,0.3781603991412882,0.09279067468724303
0.1666205704463099,0.17531907932854254,0.44141994617972713,0.21664040404542034
0.7929173887357158,0.010559576328902908,0.13126418267515116,0.06525885226023012
0.19773452486965468,0.3436474676938367,0.10794114463655259,0.350676862799956
0.07665262495435028,0.2817127748090857,0.06315476164852618,0.5784798385880379
0.15534531340877852,0.16868830394402917,0.07538104298718717,0.6005853396600053
0.3825638004095954,0.3209549821034782,0.04230644397031241,0.2541747735166139
0.19463754709425884,0.04976116846967523,0.4100010276357905,0.34560025680027545
0.02846327969156682,0.29109362461516614,0.5399274926407716,0.1405156030524954
0.021466191516186447,0.32690255716248595,0.25367832034056226,0.3979529309807653
0.04736162127424111,0.2297858326634137,0.04793848924364964,0.6749140568186957
0.5930148767222195,0.2306148593868502,0.12702029308710522,0.049349970803825076
0.08491718555261815,0.11970373889605165,0.41137931238320014,0.38399976316812995
0.5550070033913722,0.18223813761058297,0.037924843844653465,0.2248300151533914
0.039925492642760824,0.09902733075817083,0.32098604332258235,0.540061133276486
0.39383622165075316,0.24230554434702628,0.15384223524289953,0.2100159987593211
0.15166056712016135,0.14756611319803908,0.6283027785640638,0.07247054111773574
0.33064170900287354,0.5798807345846833,0.07029783064254286,0.01917972576990021
0.3929629986554803,0.17132967062807244,0.07457108416906676,0.3611362465473805
0.38589177924709434,0.2162615268548442,0.24443498196388905,0.1534117119341725
0.030352459665116703,0.5172683400718755,0.44814350289418003,0.004235697368827864
0.14645571889357853,0.010941851098563141,0.6795248023671683,0.16307762764068998
0.3383227641384811,0.42794006041588534,0.16510918085436602,0.0686279945912675
0.5374439665308922,0.08595737278142579,0.35692730329862615,0.019671357389055788
0.3953049408840296,0.059765970462572655,0.29111670066420386,0.253812387989194
0.11555138431160379,0.6488533956679203,0.012933203602107023,0.22266201641836902
0.1518652105001452,0.2076927681482933,0.3793596004494749,0.2610824209020867
0.08407692256423473,0.09508431540407572,0.07572676764396032,0.7451119943877292
0.24867165334782393,0.5078452373040446,0.10576022414918458,0.13772288519894701
0.3298965921609679,0.10341116580535682,0.5465502639665591,0.02014197806711622
0.4374842060565469,0.28890693158405784,0.16265412274462357,0.11095473961477179
0.41713657936282833,0.14525278089321766,0.26873211404705066,0.16887852569690326
0.5704169665355182,0.02290228476549398,0.22296052620933277,0.1837202224896552
0.20795371662653037,0.29410667432108917,0.1695514952524756,0.32838811379990485
0.1382277106108738,0.09691909172075912,0.6683815150680343,0.09647168260033276
0.2378188490220934,0.03505320638537417,0.020431293021768535,0.706696651570764
0.5758011370731118,0.1453987390867765,0.06605711635943942,0.21274300748067235
0.36983048760484205,0.34840382676529597,0.16125890313856056,0.12050678249130134
0.36774957801794594,0.13028297435766809,0.468439088965423,0.033528358658963024
0.1573807382203182,0.17966625275738848,0.26496340101438853,0.39798960800790484
0.3865251504340981,0.07186862322102017,0.1972107749895129,0.34439545135536886
0.16889150984882975,0.055575005686584834,1.989683424034994e-05,0.7755135876303452
0.20278303819646726,0.2517922313821886,0.38209645440961365,0.1633282760117306
0.37409506917559365,0.30427147854430986,0.04619945735890055,0.27543399492119597
0.2813084338390263,0.7042402593557381,0.0018153432878928418,0.012635963517342927
0.1825509161300093,0.5579917131047385,0.06450765491225752,0.19494971585299484
0.13653888171179096,0.20818459775768042,0.5045586202657932,0.15071790026473536
0.3021528265897506,0.25248668942664737,0.3337906596750217,0.11156982430858027
0.31905924480138187,0.15867089406975138,0.17306466115572425,0.34920519997314253
0.07969835834050873,0.09500824608598325,0.6802438267055646,0.14504956886794337
0.3257262984776849,0.38711933528054343,0.07288201953949987,0.2142723467022718
0.06891086837304723,0.32745802231349214,0.595614652651344,0.008016456662116806
0.03272796091883352,0.038324754785428336,0.010617964343246562,0.9183293199524917
0.10366046720476295,0.09886482014674883,0.03973071727520795,0.7577439953732802
0.38258108187058276,0.5260011793453357,0.02987223890121967,0.06154549988286187
0.030041839339529513,0.5512985108067281,0.32971906728208783,0.08894058257165459
0.327405896390781,0.15795422136553738,0.09126334580314693,0.42337653644053463
0.4083023474402371,0.11114420770957992,0.35915366815804317,0.12139977669213987
0.5363460318206817,0.0024111803962114805,0.2659498082378774,0.19529297954522942
0.05706400901078233,0.08549256429251852,0.2582039545883765,0.5992394721083226
0.10674797380382373,0.08911943580702954,0.46010277382835724,0.34402981656078957
0.5278265307481447,0.007590681465130991,0.16900186363581934,0.2955809241509048
0.13700962030517846,0.08522105161874487,0.10829849097223186,0.6694708371038447
0.5538692886158278,0.12871761759269512,0.026270342158017476,0.29114275163345943
0.2824963408117127,0.14753394148211965,0.08783217323761382,0.48213754446855384
0.020447885867042288,0.03381939678701732,0.5875280912446774,0.35820462610126297
0.1957926546564965,0.3911721916202922,0.2913504639344081,0.12168468978880309
0.026069282724051873,0.852693219443737,0.06885676643904766,0.05238073139316358
0.349826479953493,0.04367747116487358,0.5675959420649302,0.038900106816703035
0.3173332713044121,0.029830862477426102,0.30108329733760747,0.3517525688805543
0.10209691884735483,0.2730921125928322,0.2797717202866872,0.34503924827312565
0.3724118510315487,0.140940972040568,0.0033162038446896006,0.4833309730831936
0.06191962998347638,0.44504546544565354,0.47499655491023063,0.018038349660639472
0.16784565727676481,0.06305917205186846,0.21655166916611462,0.5525435015052521
0.04102502355894257,0.7636824918035031,0.15759275932789352,0.037699725309660675
0.17689063332673147,0.044803101849918855,0.5599732416587747,0.21833302316457495
0.48964074818042863,0.17678298232414769,0.24455872387707148,0.08901754561835228
0.021950089163563894,0.17225230010935408,0.2567079852781672,0.5490896254489149
0.36670880315913956,0.3730231361695058,0.2207818979403411,0.039486162731013554
0.14245013053096506,0.03578908803059439,0.5270387405206829,0.2947220409177577
0.41327508572857385,0.39050933661027915,0.1335833745000471,0.06263220316109987
0.2176688426067741,0.09392543418080361,0.6541987287726316,0.03420699443979076
0.3096716794577895,0.06131940702719697,0.5075422850241894,0.12146662849082417
0.14018912928875288,0.1026641981012566,0.7566917118929598,0.00045496071703072166
0.6057239937761508,0.2571069825270019,0.04774018748607299,0.08942883621077449
0.0799241804731047,0.20829804969216473,0.4192211834024671,0.29255658643226357
0.4346085509985741,0.2199359301440249,0.33259162295605477,0.012863895901346224
0.35966569058521414,0.10039297481855275,0.3123728616081927,0.22756847298804042
0.11558283144136774,0.1059595734174756,0.6366325377977927,0.14182505734336387
0.10003950734028597,0.49984590241426935,0.17218891886091856,0.22792567138452627
0.2035826627910883,0.34303726683875285,0.45278764696631385,0.000592423403845047
0.1993921333601652,0.39319780729817594,0.2985414381362614,0.10886862120539742
0.4682460498113452,0.053171613963396945,0.1681359125174503,0.31044642370780756
0.07351892811766483,0.03386345143761594,0.859607519941938,0.03301010050278126
0.3371013859413551,0.11279816088908651,0.23622455210778118,0.31387590106177715
0.444257761590879,0.4127793627175791,0.11597113804796601,0.02699173764357597
0.3504337171986064,0.06758275650193542,0.14277718019067967,0.4392063461087787
0.18935974447693008,0.5096037795485391,0.12252450215461719,0.17851197381991357
0.38867813691608555,0.08683359031048456,0.42203836688457474,0.10244990588885533
0.047903456041711194,0.0930268036037448,0.6919412349256693,0.1671285054288746
0.1098564302108398,0.05334059030847817,0.7956644771029854,0.041138502377696576
0.01958238620628334,0.034424615668957735,0.3501758161467812,0.5958171819779776
0.6304103028732705,0.19447841383531614,0.12434543931731276,0.05076584397410073
0.11968624961373718,0.05566923409826689,0.558205884904639,0.26643863138335716
0.04377637108513922,0.08166738243422199,0.08658317756247898,0.7879730689181598
0.4717275176736908,0.25210997765759724,0.2601251055123494,0.016037399156362632
0.8213000043924447,0.04180188892318504,0.018579211260149085,0.11831889542422111
0.8697629562451308,0.019683989775688113,0.035106926701148435,0.07544612727803253
0.3087120147932502,0.19962629763496972,0.3036471636046769,0.18801452396710308
0.12506070215478463,0.37689392195626603,0.1900673773835679,0.3079779985053814
0.0825032950296759,0.7516341186393928,0.08790687564025655,0.07795571069067467
0.20402811412391741,0.0255404116708561,0.30292837942535467,0.4675030947798719
0.3071792588036037,0.3584620367155172,0.16095585478662633,0.1734028496942529
0.5947018757433801,0.0686610553279878,0.314994454412752,0.021642614515880308
0.008333327928456109,0.5375599522296906,0.044847693338862876,0.4092590265029905
0.13239665208288198,0.46560362010293216,0.38909819593460715,0.012901531879578857
0.12105516706778437,0.3201910995571615,0.05371569046792562,0.5050380429071284
0.6275073632327292,0.2074543110321946,0.00914165266412416,0.15589667307095198
0.14450931516262666,0.058562995952112916,0.3782153250651384,0.418712363820122
0.10583514543832234,0.037335003775316906,0.42424319333770955,0.43258665744865127
0.6666565194724016,0.04089618798688625,0.06530962327358038,0.22713766926713172
0.4649281047836515,0.32975431845554376,0.05258827725405362,0.15272929950675096
0.06367439404732243,0.45182191782534864,0.4304105773740131,0.05409311075331587
0.47683840951701867,0.217340111785344,0.13470391052473027,0.1711175681729069
0.3318485082707222,0.15534865563687247,0.0244477979689003,0.48835503812350506
0.2565627471285262,0.34345374197789347,0.0641640123733955,0.33581949852018494
0.28936397550332615,0.5618589586338919,0.08155556833982848,0.0672214975229534
0.1036962992337584,0.6626468047854789,0.22188378119480726,0.01177311478595541
0.0028932297067349754,0.003188253247152808,0.11743351635913295,0.8764850006869794
0.04768191999944115,0.3303641483823648,0.1970561120082808,0.4248978196099133
0.4287642829121811,0.12971271053871186,0.13290615799622962,0.30861684855287747
0.12128319529103472,0.07490317606187992,0.6213104619885561,0.18250316665852925
0.38308235545374786,0.023839112210954593,0.2089736741155354,0.384104858219762
0.03746673796312965,0.38691305857111247,0.3715300882046471,0.20409011526111073
0.5616981047511126,0.28468599149240664,0.016027754269909454,0.13758814948657136
0.20183791568663975,0.03844701761419085,0.22672559728397593,0.5329894694151935
0.06613748037028752,0.5706177684540965,0.2717730115480642,0.09147173962755169
0.31766778542248086,0.10675842300561036,0.2636637687072645,0.31191002286464425
0.1666623512521086,0.31231863052289593,0.4919924565724853,0.029026561652510104
0.2182857517639038,0.37570193929879725,0.24635402226301528,0.1596582866742835
0.08429278602475378,0.2685327721294866,0.526662261004683,0.1205121808410765
0.4818341749602722,0.112047073444273,0.08754683145089295,0.31857192014456176
0.22775957325082896,0.17503944660532586,0.5287934169693119,0.0684075631745332
0.5698136929971901,0.0669912562484264,0.21887210646721678,0.1443229442871668
0.16211035231785306,0.07451719113819119,0.2866406064915853,0.4767318500523705
0.15953256029228838,0.2691028527590315,0.04942488856309981,0.5219396983855802
0.5223339053751209,0.07322472841381321,0.39337700872700804,0.011064357484057838
0.10412841949304688,0.06099745926344036,0.20175235030905236,0.6331217709344604
0.2834236367194219,0.404222726522039,0.17186668975832162,0.14048694700021727
0.3771605121578024,0.1553393032885762,0.3538994381811657,0.11360074637245572
0.043463847654114304,0.1459510362550519,0.5631044579410396,0.24748065814979417
0.5527617124921648,0.12117014867185198,0.28083590141849024,0.04523223741749305
0.04277777533699377,0.3607010379483786,0.35294410502344375,0.2435770816911838
0.26166964208667776,0.09829791005806031,0.3006203300652252,0.33941211779003677
0.31426553102620836,0.05681586422870423,0.10485578421043609,0.5240628205346514
0.07671828223629781,0.0013052080240019163,0.6343835634403052,0.287592946299395
0.1251348977183549,0.46442209060151496,0.30521315765806106,0.10522985402206897
0.04791449751044438,0.009780398121539479,0.5493323115471854,0.39297279282083064
0.08803993586214115,0.10379853737185953,0.6878790349017322,0.12028249186426707
0.06307084180221124,0.16294590682721996,0.503193139594739,0.2707901117758298
0.13731502361966388,0.4181863089419601,0.41096475221796913,0.03353391522040701
0.43366665625914325,0.07492278412538632,0.39872783324983574,0.09268272636563461
0.09638699604466022,0.2924477044448256,0.5493842476918411,0.06178105181867302
0.06380788809454556,0.05327847040965807,0.7475036759811183,0.1354099655146781
0.019752273075110884,0.7125008924868388,0.24548827315989818,0.022258561278152254
0.14579381511845804,0.022416482403219244,0.488159598631909,0.3436301038464138
0.1384591952632234,0.5425163517916188,0.261480754275209,0.05754369866994859
0.18285210038472538,0.28988875598491926,0.5223697944471298,0.004889349183225275
0.015386132297773749,0.35489109422664133,0.6185914976718434,0.01113127580374163
0.44431611637072516,0.10439132787257237,0.14809239767047117,0.30320015808623135
0.15134954820100968,0.34019595933524444,0.4992875163572652,0.009166976106480729
0.12517775127837757,0.18373829521782745,0.3875949998329595,0.3034889536708356
0.47166588100343787,0.12468922020404923,0.12738027410811442,0.2762646246843986
0.06445459634504398,0.4404315768127074,0.3737396746331223,0.1213741522091263
0.0857394914694197,0.4953626992591863,0.28013576094410164,0.13876204832729244
0.2424658033346549,0.38784294798296837,0.25759611997359383,0.1120951287087827
0.10095929733084148,0.719349472083134,0.01444087479567184,0.16525035579035274
0.06458472291735377,0.09356313079713761,0.675709119550123,0.16614302673538567
0.037445627698730784,0.04019988667723117,0.6770467052670465,0.24530778035699155
0.17103745040228086,0.007126402904498004,0.7160570295450459,0.10577911714817527
0.025803104942075796,0.27262330850642563,0.39367962175970456,0.30789396479179404
0.19343058185029186,0.27948815911328007,0.04663334534425038,0.48044791369217765
0.13069687369969124,0.25228054976976466,0.058911183658431274,0.5581113928721129
0.3838201631853092,0.43743703834685216,0.008131252307941152,0.17061154615989746
0.33419078893067283,0.0894846440648635,0.16145739757165584,0.4148671694328079
0.053978509844633385,0.47635770671618277,0.074566968721485,0.395096814717699
0.3761195860655917,0.2309963791678832,0.021284921006456466,0.3715991137600686
0.0911568996669521,0.5205275567665553,0.24712972847318784,0.14118581509330472
0.5304799987634202,0.08706255326716364,0.18761072492126885,0.19484672304814737
0.42658609228444383,0.2593086717672218,0.23711926872024813,0.07698596722808645
0.16514995033517574,0.22390138256806935,0.28475421979975146,0.3261944472970034
0.3049748814937159,0.03397862349021045,0.07829461347774422,0.5827518815383295
0.07308075100581286,0.19908300366005055,0.7259865257139931,0.0018497196201433621
0.1161060358492786,0.5101841981364921,0.3271619468761126,0.04654781913811673
0.38603180298057105,0.31831911400820667,0.18615958121485002,0.10948950179637217
0.09604418177097633,0.1017531929169862,0.3278046461136338,0.47439797919840365
0.06000429458423328,0.2214570795717176,0.5126238140253881,0.20591481181866111
0.08626895468088637,0.21636476027828883,0.45668960264120134,0.2406766823996234
0.8330644418430774,0.12443555348455362,0.039715521516910754,0.0027844831554581155
0.12469684423510716,0.19676274980730046,0.15669126828139704,0.5218491376761953
0.3847550916302164,0.434402358538114,0.12067676107308666,0.06016578875858298
0.6119038194228245,0.03390075370210321,0.31950088678325506,0.034694540091817425
0.005479890200066841,0.15451637428309276,0.42305350288152355,0.4169502326353167
0.215118712504719,0.1479600341981536,0.6310774282669285,0.005843825030198971
0.010694167782403455,0.536991414228086,0.41951728625482987,0.032797131734680476
0.24053920699791156,0.6533119125551258,0.03924659529084059,0.06690228515612208
0.687388099246948,0.06630487508791177,0.14743633675775478,0.09887068890738528
0.5311238674311559,0.24724712388241973,0.12750621981162372,0.09412278887480083
0.17644823440603913,0.04227707920289628,0.4469924965130589,0.3342821898780057
0.36912091734413555,0.042743391691750905,0.38177634008491435,0.20635935087919915
0.2764157085801135,0.04130542193326643,0.36599828918928135,0.31628058029733874
0.010089255491299121,0.6775385186473862,0.21445661181787132,0.09791561404344329
0.05902546989222028,0.0026118459359907977,0.615872458255327,0.3224902259164621
0.20385260078623782,0.6568330375216356,0.05662474093601484,0.08268962075611183
0.135543524658056,0.5731616516126339,0.26157802847815476,0.029716795251155437
0.0027342597478804383,0.533673642919681,0.460871342618596,0.0027207547138426527
0.04358845736583923,0.44651425777689274,0.10512621745072265,0.40477106740654534
0.06952803388095827,0.25083793361252177,0.06002908262418348,0.6196049498823364
0.10851326899995103,0.42229040835292786,0.05902254288032654,0.41017377976679464
0.6756640873760126,0.20747468904805474,0.10627691362065739,0.01058430995527527
0.281230326352369,0.05845298010696209,0.35818318612580075,0.3021335074148681
0.3120773242407381,0.14768143249620894,0.08830579398491684,0.45193544927813606
0.024178659738015345,0.7559725357262076,0.10689086794538383,0.11295793659039328
0.22677243543351758,0.02898447550384646,0.23564200127565155,0.5086010877869844
0.16417124108938394,0.25782825952010385,0.08450134340104538,0.4934991559894668
0.1696050189663858,0.2597718212866537,0.48059082508740747,0.09003233465955308
0.6518572408808966,0.27800495133501507,0.06211497911903793,0.008022828665050385
0.47194836595617634,0.2546999749842523,0.23495266547357738,0.03839899358599414
0.1543408222756218,0.622014755705627,0.18096978887855564,0.0426746331401956
0.42833463379055087,0.16966960733237887,0.15557238990699387,0.24642336897007638
0.07080815128847058,0.3818136809768748,0.06338351014302952,0.483994657591625
0.034561459502317704,0.20762323716456935,0.49381430651697084,0.26400099681614203
0.2762823189865904,0.23656749883545888,0.23929978617928696,0.24785039599866385
0.1490034284746314,0.037743506237823736,0.14230565948380824,0.6709474058037367
0.05028327740713502,0.44866385037286693,0.22635999185503577,0.2746928803649622
0.09327845979547594,0.5084359941464085,0.32529173158834823,0.07299381446976733
0.061029001582209266,0.45321333101593064,0.43242389208948606,0.053333775312374175
0.0016368101299254055,0.7685525712625497,0.02215706771653159,0.20765355089099324
0.5198643702105262,0.0010536928940462758,0.2222730640796214,0.25680887281580606
0.18461829843681218,0.17649909583827764,0.5337497660080144,0.1051328397168957
0.01364340683880909,0.24731753977017185,0.7337447237893704,0.0052943296016486315
0.3732634362093258,0.2723030015125266,0.28966091060029975,0.06477265167784793
0.05851093690718562,0.5278543501620095,0.1377872040489321,0.2758475088818727
0.2120594145360378,0.23740112919369663,0.3123563366409739,0.23818311962929167
0.14398976778945435,0.7225715489412732,0.13017496171422288,0.0032637215550494645
0.006243406871991859,0.5389126151457401,0.44311774109923535,0.011726236883032625
0.6226454049001114,0.12083670977124292,0.003071686203535111,0.2534461991251106
0.5143368762782565,0.11251001004136754,0.04144536503426464,0.3317077486461113
0.273066719182931,0.5100115127051277,0.08071681945333876,0.13620494865860264
0.4629961769845377,0.2199213930847215,0.24934116910168427,0.06774126082905639
0.030680652385248527,0.19653895454730924,0.06501918890819985,0.7077612041592424
0.14097965155560815,0.5884930417459164,0.07953363157196687,0.19099367512650853
0.19184316581030364,0.6077271988497439,0.16424039359039344,0.0361892417495591
0.03194915261825133,0.21370768248143554,0.43526773602204494,0.3190754288782682
0.01329040283703742,0.09473641409071186,0.05576319427605276,0.8362099887961979
0.05696699090622712,0.08805984344754395,0.8235870248046473,0.03138614084158146
0.1565804131284461,0.5686564253534151,0.020591517593885982,0.2541716439242529
0.04711963293356313,0.6728836713872558,0.02897523946920994,0.25102145620997124
0.06893656938930562,0.38236293449163605,0.45455267537439115,0.09414782074466727
0.8098343838746102,0.012082398602931272,0.1656434717740403,0.012439745748418312
0.08335049637262693,0.0105839919543391,0.6354066473393807,0.2706588643336533
0.5814248079964752,0.058018620708029565,0.13400421189473188,0.22655235940076338
0.09250994564030653,0.3987971313569332,0.0699431577498371,0.43874976525292325
0.10916851805819754,0.423791154740581,0.28160375094435436,0.18543657625686719
0.03346691780274978,0.42705709621923116,0.0701000010361986,0.4693759849418204
0.10583241164469606,0.2297603908741522,0.41083380660435737,0.25357339087679437
0.07066406504621844,0.07163111573736386,0.17241092189219823,0.6852938973242196
0.15745742817889982,0.14432064406926096,0.19559122760938305,0.5026307001424561
0.005390941933842982,0.16650465147458315,0.2553411256313728,0.572763280960201
0.3164319114793154,0.05775751213091124,0.19214763490080625,0.433662941488967
0.3408169981025137,0.06203490688730241,0.1050369985592777,0.4921110964509062
0.256236120715771,0.2972100024804449,0.048750645154539606,0.3978032316492445
0.07022242419750106,0.07035927708514467,0.5575249747769268,0.3018933239404274
0.25110658414659887,0.17814524237438747,0.22586776191845298,0.34488041156056054
0.2565589357797826,0.012507595751391248,0.3907104833972142,0.3402229850716121
0.039542650718390235,0.7006089518225649,0.06476467445483294,0.19508372300421195
0.09744958351329296,0.4698507383557943,0.3718916887625397,0.06080798936837302
0.19513813348346432,0.4491952905821533,0.236225535711232,0.11944104022315047
0.2510907271589622,0.5916048598338044,0.00278132349822369,0.1545230895090096
0.18543156881073727,0.08283110692839538,0.6766306131356621,0.05510671112520537
0.652111651446504,0.0003813592474645711,0.2233137901197639,0.12419319918626769
0.5206846238346329,0.06442549086287322,0.3809426002813686,0.03394728502112543
0.178871827107186,0.5699815223863004,0.15985508658454828,0.09129156392196527
0.41614388727853435,0.058516331102100826,0.06537033566282012,0.45996944595654476
0.3766747136568312,0.11882433499139478,0.2978807078270841,0.20662024352468977
0.09729013363412771,0.024553340555092555,0.719311633018416,0.15884489279236377
0.5614685273501127,0.15547031436520078,0.20401155933096468,0.07904959895372181
0.15309634892905,0.6211924729967939,0.0019765796737947644,0.22373459840036133
0.5593184489370701,0.01871882703476274,0.24136268336394923,0.180600040664218
0.48681576540034144,0.05199363580442003,0.17647254695761774,0.2847180518376208
0.2905174067596856,0.16904331489016328,0.3497349574770234,0.19070432087312794
0.2027574599556842,0.4171208001694895,0.06282076741816495,0.3173009724566613
0.3001865187480654,0.18830994405652124,0.4915901638453288,0.01991337335008474
0.07952025376298812,0.09029919920128539,0.501721054637629,0.3284594923980974
0.5748834532571616,0.0075563978122826,0.32247419575846725,0.0950859531720887
0.32820099563992,0.11945296553141461,0.3524206686738443,0.1999253701548211
0.14219110648585087,0.08665563910094523,0.441692675172325,0.32946057924087885
0.04413949151492358,0.545946993825932,0.255805280574864,0.15410823408428032
0.008944206471543627,0.1094377231219848,0.42506426746599446,0.4565538029404771
0.029113853834695492,0.7075609132938067,0.20990208316678322,0.05342314970471456
0.5061004251203745,0.15426433235724096,0.23014054426538072,0.10949469825700377
0.06505309351858385,0.5542742364261165,0.20345751818651653,0.17721515186878295
0.7786455015171352,0.18744757352541133,0.01738873317140758,0.016518191786045817
0.004119195112029804,0.06421552116403494,0.2628954554902954,0.6687698282336398
0.11844290396163001,0.2854307945806227,0.2244869598779905,0.3716393415797568
0.19106572645162812,0.3668404810204804,0.33099827114460567,0.11109552138328573
0.5077770242592466,0.16441389025965022,0.03861591054825959,0.2891931749328435
0.10387784568290953,0.30254545783599396,0.11766096783172386,0.4759157286493727
0.22486012941423536,0.0473508256311714,0.07010003799415562,0.6576890069604377
0.31088098250934193,0.3666183800805141,0.27739907805245795,0.04510155935768599
0.19192834897819724,0.1415412735581058,0.6187920926003302,0.04773828486336677
0.0257188524582065,0.1354881310578962,0.44503559670347537,0.3937574197804219
0.03658332663643489,0.18554443163909448,0.5193456691928765,0.25852657253159433
0.11388559209743875,0.06114575336536647,0.03240810099520423,0.7925605535419905
0.5262307096593141,0.1518488675196789,0.18023859091499236,0.1416818319060148
0.5756036313180591,0.2626039713799226,0.04104825082098281,0.1207441464810354
0.07561215008702635,0.2935917675881084,0.05580267275680929,0.5749934095680559
0.042150569840132754,0.3550511335574998,0.5550108383632018,0.047787458239165734
0.10242785063930489,0.35104115069217934,0.5103342710761692,0.03619672759234654
0.440057967242907,0.3439649976083631,0.06798727773245303,0.1479897574162769
0.10270894331081909,0.2301206776538754,0.24696058592526238,0.42020979311004314
0.030532446095619926,0.33982470696161116,0.08181515947706926,0.5478276874656994
0.1284810611980985,0.46732560262652206,0.38853071986464544,0.015662616310733967
0.1820359874473881,0.6408205224967174,0.07612641312483902,0.10101707693105554
0.45621625838302443,0.18331247455162042,0.13989297743427206,0.2205782896310832
0.08589305300777263,0.010973262747658665,0.6574517236604701,0.24568196058409864
0.28481793748543494,0.5223690284656343,0.008494797284467271,0.18431823676446354
0.511505526724664,0.2712235193445145,0.05957854352508501,0.1576924104057366
0.17501556699525497,0.03977303499539723,0.4824386432641066,0.3027727547452413
0.014414677013800274,0.42594563015339665,0.009679477641313584,0.5499602151914895
0.09796351793089597,0.7035266001003314,0.17000583627176608,0.028504045697006392
0.22710769282670032,0.411364184164731,0.04044237921437822,0.3210857437941905
0.6507159254170732,0.10348312931084162,0.027930808626227776,0.21787013664585728
0.11667467191279679,0.22255144091929935,0.2071780368383795,0.45359585032952454
0.06324293346337248,0.14127636641926505,0.7468125831657644,0.04866811695159806
0.05734222639929834,0.21757535958759686,0.3741670034805463,0.3509154105325584
0.21121204668876883,0.634607835491833,0.13726913253444348,0.01691098528495468
0.19049798348383631,0.17708643337476693,0.2323080495286335,0.40010753361276324
0.0725970507174355,0.5795863208021937,0.05586700017768536,0.2919496283026852
0.05360834143407616,0.023936616558549912,0.4397701445112651,0.48268489749610866
0.11721498121340054,0.6266898815284757,0.1802223710960754,0.07587276616204837
0.3775423147332129,0.13674881377203038,0.014460492997943046,0.4712483784968137
0.380060141729303,0.19578809318169318,0.1864554626354879,0.23769630245351586
0.07622851398567611,0.10161071525522113,0.07667493215652638,0.7454858386025763
0.008735983009877853,0.8320888406249995,0.06744615833863397,0.09172901802648867
0.4542380807918876,0.21955750259298945,0.16891705419719133,0.15728736241793156
0.296313958435608,0.5282431862745506,0.06799617139766108,0.10744668389218034
0.1579617885981354,0.34483607348567963,0.4804479694364272,0.016754168479757893
0.012417046880631784,0.3383068736930893,0.4247375410387629,0.224538538387516
0.20723820913029728,0.4488092033596758,0.30172617771883087,0.04222640979119609
0.11447162789731917,0.36151467956207894,0.3725369136839887,0.15147677885661306
0.16501176923310976,0.22454149268630377,0.20528765891781095,0.4051590791627755
0.48406297088492434,0.15639394644120658,0.034123258180283854,0.32541982449358514
0.12420896282331231,0.469739731308761,0.1971823350493834,0.20886897081854328
0.4444034333038323,0.18487219276242736,0.25191186736857724,0.11881250656516326
0.08903293233975204,0.2986295885134482,0.20363632260585704,0.4087011565409428
0.202036782891065,0.27295826743540347,0.025338696612255036,0.4996662530612765
0.25909224609840376,0.27216118913523457,0.4125683105848889,0.0561782541814729
0.4897039226610218,0.3488638885242189,0.04208678501854788,0.11934540379621145
0.28125224031257007,0.1916797533893439,0.2595497787702446,0.2675182275278415
0.33155125508159955,0.18196926701047178,0.3214631036882329,0.16501637421969564
0.08644049041511281,0.22319374111880202,0.39801944623810126,0.2923463222279839
0.18658663960638758,0.028034181248239552,0.7484414416628037,0.03693773748256904
0.13091758732200798,0.5318480115209621,0.05846983616901164,0.2787645649880183
0.32463594591337896,0.30516097349087584,0.24067317168592106,0.1295299089098241
0.1435210539539759,0.408169950046039,0.14629760696342242,0.3020113890365626
0.4117102167629274,0.057090172133575846,0.2896901150048168,0.24150949609868003
0.11421092319511683,0.6913596707665352,0.1476894934647934,0.04673991257355459
0.33963337814174327,0.15624444210975424,0.35450642912826374,0.14961575062023877
0.024708499543842927,0.2550833089286002,0.49819577284228067,0.22201241868527619
0.1479605388347931,0.07834964245662013,0.331565365922229,0.4421244527863577
0.1687350767058389,0.04076352235219546,0.3293207151296329,0.46118068581233257
0.23847031010428052,0.1416442546588942,0.1594450319069287,0.46044040332989655
0.10020375266087297,0.06925058728373247,0.47286159401197475,0.35768406604341985
0.07151038761074212,0.1433367403089671,0.060130986961975434,0.7250218851183153
0.7350217555905472,0.014034552107066658,0.12759346981155187,0.12335022249083426
0.09286760250433532,0.43495868550611794,0.206962847130454,0.2652108648590927
0.2931147338018713,0.13269520813387503,0.3556406238198217,0.21854943424443196
0.7472596967536583,0.001442288991252469,0.2362454464973926,0.015052567757696578
0.38282704016635755,0.31054237963450426,0.055921855057435736,0.2507087251417025
0.1877686450560139,0.19565224834487951,0.3293053424864833,0.2872737641126234
0.026894091748129047,0.17611100482577322,0.7168148390511236,0.08018006437497412
0.5521725317037659,0.18912615595402563,0.1931781384697713,0.06552317387243731
0.6657274250635086,0.0239668496955013,0.13104745429310308,0.17925827094788704
0.11746729515304836,0.36237641264889736,0.283115111452848,0.23704118074520622
0.24260868969609264,0.2212397064327821,0.04747464471673135,0.4886769591543939
0.19665052436061922,0.4518407695544248,0.043907564554290096,0.30760114153066587
0.03342500650117331,0.3305090980563317,0.4331723300222905,0.20289356542020442
0.25698014915255823,0.17702979900026033,0.18554184821117448,0.3804482036360069
0.612055574108238,0.083577986106368,0.21961366148476266,0.08475277830063147
0.15643588986671975,0.8220204602984504,0.00808922058381774,0.013454429251012059
0.08893462279021669,0.10672221807328969,0.7545100218585487,0.049833137277944854
0.38809253704447744,0.06298514265475313,0.0528870315874147,0.49603528871335467
0.3297347472971303,0.3059401308601672,0.03552084699394814,0.3288042748487544
0.10217307159540596,0.1882588382104727,0.45126649580732814,0.2583015943867932
0.5165983250057402,0.11097727369757539,0.3324950697250289,0.039929331571655555
0.017661319569948594,0.17082467394182368,0.4030390388469042,0.40847496764132346
0.3192974939649947,0.35813118352447176,0.1770540687847451,0.14551725372578855
0.004823719632719483,0.40445810492516454,0.5566728564099112,0.03404531903220489
0.2696098590439154,0.27327047804736243,0.12791330925202965,0.3292063536566925
0.38138231403610817,0.03202416835818519,0.07409774651531371,0.5124957710903928
0.17619187348007898,0.24644710031701425,0.47482567813710186,0.10253534806580494
0.7258967118355986,0.027482208066779767,0.013722714177345345,0.2328983659202763
0.4894456079795104,0.08496667196489753,0.0916823967189663,0.3339053233366256
0.1274514706829519,0.2820574581878311,0.17126315627710675,0.41922791485211003
0.24118435031323268,0.12126436694000801,0.3813470769197616,0.2562042058269976
0.18998009948971475,0.026446242100528816,0.07041174116281983,0.7131619172469366
0.2875871262959961,0.045934284801179635,0.11822447810936339,0.548254110793461
0.026029153875694024,0.148559227639129,0.2809344422996085,0.5444771761855683
0.014414257152929282,0.7976442469765058,0.16803599803293093,0.01990549783763397
0.03167256663809303,0.4479901129270154,0.35485364436539096,0.16548367606950054
0.18138289980446826,0.15265387578918657,0.3400554563147819,0.3259077680915633
0.2002291290111265,0.6537699815760694,0.08709677617818698,0.05890411323461698
0.01438762251438478,0.5498532118034477,0.3600290067934488,0.07573015888871885
0.3694085601503794,0.038009752436012366,0.010477054804450499,0.5821046326091579
0.7152838526661415,0.00620983039788855,0.1785220907416097,0.09998422619436034
0.05438200660185063,0.5446583788042952,0.17005476838542505,0.23090484620842902
0.5896020021778946,0.22156592200149214,0.09943054842589556,0.08940152739471778
0.037024833445976284,0.14766939901851941,0.0006572661535867768,0.8146485013819175
0.07720452605561803,0.4230930609475942,0.14378293636013081,0.3559194766366569
0.054184971721746654,0.25416670053421164,0.5906757428407625,0.10097258490327927
0.3504545430567174,0.3695155456397417,0.07913691075036645,0.20089300055317458
0.1918648085156162,0.29286905128576624,0.46872249691317075,0.04654364328544666
0.18419549057918896,0.0726905240845299,0.29092154823530286,0.4521924371009784
0.3221987588978159,0.28616810097151596,0.12533838162340358,0.2662947585072644
0.10941172140586584,0.4190193807059443,0.006501409969613402,0.4650674879185766
0.035559351996495805,0.15362693013299744,0.5156818435128192,0.29513187435768756
0.10392151039545064,0.37150409253572225,0.015902334260562676,0.5086720628082645
0.012232770273326218,0.45306205353616874,0.3782808130180663,0.15642436317243863
0.11796414913786109,0.06774228964033542,0.01931604671273897,0.7949775145090645
0.11384274158606227,0.6979335445026719,0.07961810759171178,0.10860560631955399
0.40001180593476726,0.01706338735472405,0.15494306138618813,0.42798174532432054
0.10006297846370935,0.026814242126181168,0.7735186376830132,0.09960414172709611
0.7028043388244823,0.15112632405460094,0.13651183124750718,0.009557505873409722
0.153402364152702,0.07356719299601726,0.7533133002878333,0.019717142563447507
0.3032895538274485,0.3854102075642229,0.07560429549853999,0.2356959431097887
0.26553491585530425,0.001151225852018554,0.6192678343799141,0.11404602391276318
0.4602998477315071,0.09892434772110809,0.18729023230472092,0.2534855722426638
0.06166687885960197,0.6994025213559922,0.08000411721058572,0.15892648257382008
0.1886261765728885,0.10933027247344917,0.6902039814965971,0.011839569457065269
0.05272173880235399,0.3446160278343481,0.5838670213516142,0.018795212011683656
0.03563113952842213,0.031740274947836294,0.4874901865404976,0.44513839898324414
0.5816395161868574,0.12444973917123815,0.08145049311090545,0.21246025153099918
0.03381480315435091,0.2577319022675274,0.6943989959282404,0.014054298649881437
0.1602984933035219,0.15916522752226478,0.21351537131249917,0.4670209078617141
0.5197283074692854,0.03586640669286263,0.43165395645141624,0.012751329386435606
0.26792613052280007,0.2939187468674259,0.24564023848396221,0.19251488412581183
0.639833536795407,0.03273176587211591,0.3150952114492602,0.012339485883216775
0.11825033185418472,0.01943741014010237,0.41375384630472956,0.44855841170098326
0.08552604267506542,0.2830111436022741,0.0860616763233127,0.5454011373993477
0.017555878617150952,0.5643945633196966,0.3332546996413492,0.08479485842180319
0.37808927707835654,0.06152447960414794,0.5168327516112835,0.043553491706212186
0.21486896457081023,0.5617403398387547,0.200413360871107,0.022977334719327898
0.14635315364380938,0.31487344357768504,0.3962017036277352,0.14257169915077036
0.5235546572822273,0.1102366689565693,0.09770935391871045,0.2684993198424928
0.0930833729978849,0.22944882685334161,0.27520944503602274,0.40225835511275093
0.3671800305169989,0.6090881226759415,0.015548401566266504,0.00818344524079332
0.4425586359948055,0.22498434157974728,0.21636095280630668,0.11609606961914049
0.45197954384654726,0.06411398373898873,0.4324138380410322,0.05149263437343187
0.4822383119172561,0.2845057372640803,0.1749824272919481,0.05827352352671564
0.3213034399947463,0.18501753859520526,0.361692436075482,0.13198658533456623
0.1892448304227877,0.00018852463782290154,0.7753074588715594,0.035259186067829955
0.07964081973261679,0.344064755249806,0.49149947363663204,0.0847949513809451
0.29280925409146014,0.2813658608923906,0.31679474265497887,0.1090301423611706
0.24762627083646413,0.34034747568626705,0.06607925677904042,0.34594699669822826
0.19410970829810517,0.12838119803377257,0.4238875527485399,0.25362154091958217
0.054200828372022454,0.6264180821767138,0.15863487743572524,0.1607462120155386
0.37611093464971884,0.0741920116225054,0.32557127364035604,0.2241257800874197
0.29813270475274906,0.17563775806559243,0.3533828667920856,0.17284667038957308
0.09832707967518964,0.19176927969471588,0.08353166501194328,0.6263719756181512
0.280047564423883,0.3307318664831089,0.03178058623632737,0.35743998285668077
0.38560547381703886,0.014663781537869808,0.4792585529026005,0.12047219174249073
0.08434866592392712,0.3087968167497915,0.15136264027792404,0.45549187704835736
0.4971157287324909,0.3769898336117915,0.05794691725359834,0.06794752040211946
0.17193419372883784,0.13744324730129137,0.2944300716844109,0.39619248728545997
0.4053942312315503,0.04575222351642738,0.2592339075606438,0.2896196376913784
0.05805747006293042,0.36575336332665104,0.2999142406037248,0.2762749260066938
0.2670324392720987,0.23810678323182297,0.09441477059769539,0.4004460068983831
0.02092579632060695,0.3308801964357507,0.10919041184115093,0.5390035954024913
0.10132379335637313,0.13642121313582897,0.48506163054285106,0.2771933629649468
0.38524371241545907,0.12488785058837552,0.26274943321780825,0.22711900377835714
0.13253440667029343,0.362233441717387,0.46799872645735435,0.037233425154965284
0.38382530216304156,0.3375054815103412,0.1945890012237728,0.08408021510284447
0.423378538047034,0.08491626207351788,0.4488297918145102,0.04287540806493803
0.3257573797979526,0.09742184786039443,0.398011844057208,0.1788089282844451
0.1256928595525318,0.20057653662284092,0.21724650461254652,0.4564840992120808
0.21221456366392438,0.06538427824077479,0.05663893387704435,0.6657622242182565
0.08250255869318707,0.0665038480672855,0.3945172279071846,0.45647636533234276
0.6023479846257114,0.08774316024169165,0.031312597897021184,0.27859625723557585
0.4239473573837686,0.24174394927175832,0.05860239846237568,0.27570629488209725
0.34966871358650875,0.010184778826525326,0.5544056206373897,0.08574088694957609
0.8136058528046705,0.09809605847488975,0.0096774684566592,0.07862062026378068
0.17400257934830232,0.4301082134204483,0.3524144136269261,0.043474793604323096
0.14578654015290135,0.5990396191225483,0.006579539538451507,0.24859430118609882
0.6397735360090304,0.022755956041396807,0.2876326405054117,0.0498378674441611
0.19389783126234897,0.29375622455866285,0.011701143337335521,0.5006448008416526
0.23130482806615751,0.18627621347706735,0.43817873797477425,0.14424022048200083
0.3639142579941821,0.3106799537719666,0.19613287512822505,0.12927291310562616
0.4114674225503428,0.03748627601018158,0.24401866244108514,0.30702763899839053
0.3382212867311374,0.38325559461101055,0.2160698688283242,0.06245324982952781
0.22468782352010067,0.17210541821351882,0.3802610221640026,0.22294573610237783
0.14298141552010968,0.4925446027794019,0.008035547172501262,0.3564384345279873
0.26515264782379333,0.14557995763848897,0.16947778540286595,0.4197896091348517
0.14275952436756162,0.09761380378354403,0.08693961635825685,0.6726870554906376
0.10784033502820137,0.11090162915205067,0.38721566144257935,0.3940423743771686
0.06898351844437989,0.11237476843551399,0.47264807942626513,0.34599363369384106
0.4878106233203923,0.0508711730064111,0.21921492018381922,0.2421032834893773
0.29259332752610206,0.2056377843518323,0.4924963485011381,0.00927253962092742
0.4135592999311734,0.09495461068055182,0.16925893835817146,0.32222715103010324
0.6645930644634968,0.14211638385613734,0.14413647118587572,0.04915408049449017
0.33975706862793265,0.1012769289736682,0.11439523918747829,0.4445707632109209
0.4818145263992783,0.15165559058556688,0.0682608116650656,0.29826907135008923
0.1309879061303014,0.34234982983045903,0.33378702580481856,0.19287523823442082
0.049662690043044286,0.1470263605236075,0.3644778799990057,0.43883306943434264
0.169833816706739,0.04731085955537219,0.4809842560029463,0.3018710677349425
0.310117795828657,0.23898678289902509,0.38909617384683626,0.061799247425481735
0.1711876058730975,0.09860831495637125,0.63874650192868,0.09145757724185127
0.1562050700622338,0.5664651757615712,0.241371900136069,0.03595785404012606
0.26951909556895176,0.41774754640139866,0.1086387650919051,0.2040945929377444
0.3121585237090012,0.48810325950228756,0.1452999920202031,0.05443822476850807
0.19950393876590755,0.0015822719623310277,0.2529171227992668,0.5459966664724948
0.06314345755479511,0.09231033514555034,0.33506079622265283,0.5094854110770016
0.5365121851509574,0.09788785692686286,0.09622772032014945,0.2693722376020303
0.41512975300609695,0.5516404595744446,0.0019710114177245927,0.03125877600173387
0.39445408455886777,0.08607141829109131,0.29467845922693914,0.2247960379231016
0.025373865940356604,0.28587117149235797,0.2502579577584484,0.43849700480883713
0.02350362921643049,0.026250486371901846,0.15241815199987896,0.7978277324117887
0.4560039185350738,0.12414450861835237,0.3893579345371761,0.03049363830939783
0.002127653723549623,0.035295595873818045,0.9163994198240228,0.04617733057860942
0.19447650157394844,0.07993614135601051,0.6520874112537577,0.07349994581628355
0.20239514301287884,0.2931847998443912,0.35479183086697824,0.14962822627575162
0.1131146857541982,0.0911218962169785,0.06297766470512244,0.732785753323701
0.16346247300805475,0.5463610069726124,0.2754519166310015,0.014724603388331427
0.3244300700962937,0.5270493036822453,0.1420506930313035,0.006469933190157568
0.2553677389188116,0.29522541146114767,0.08561425357393843,0.36379259604610215
0.25893692970370014,0.12692468387889702,0.14450692177577693,0.46963146464162586
0.5998518190588367,0.1983710728468355,0.12027892302596188,0.08149818506836594
0.44324606460104604,0.30497042835528404,0.015458621346610853,0.2363248856970591
0.7155874445097387,0.17778469881928186,0.06845718515835864,0.03817067151262082
0.08370058026095946,0.17469695645214875,0.2424279000568956,0.4991745632299961
0.4322908678096578,0.147430610783401,0.097117014671128,0.32316150673581345
0.1892705408709077,0.704983840754838,0.08989131757585456,0.01585430079839958
0.3337373484566633,0.065101947293932,0.3376111937151747,0.26354951053423
0.11281328155041169,0.6772211333770354,0.04897881526322377,0.1609867698093293
0.03138289305923835,0.17562506761042146,0.6368483502636915,0.15614368906664877
0.8607335143282375,0.020879859498958868,0.10528132309870497,0.013105303074098797
0.6669211476995938,0.06216135500064715,0.23368735534197582,0.03723014195778311
0.2636667990859685,0.21445617164540481,0.23736314864624874,0.2845138806223779
0.16286434180443862,0.08789876695437839,0.5485611906520328,0.20067570058915013
0.02540737150543029,0.18225027560709162,0.3397210897355426,0.4526212631519355
0.7498793180609387,0.008170960584790688,0.061252698072976904,0.18069702328129367
0.023706261370549854,0.5301369055802039,0.12175780096334352,0.3243990320859027
0.16712709891967753,0.13880985757334374,0.2719687292997182,0.4220943142072607
0.15415360796845676,0.022247189602547526,0.7657166335105439,0.057882568918451824
0.019682826509276725,0.5124035599540552,0.14904152508202095,0.3188720884546472
0.5953079918667756,0.10446245066959282,0.031399217957071415,0.26883033950656027
0.4558478636485786,0.502777122901232,0.0003552951903138022,0.04101971825987565
0.06476704550929353,0.4486192820849802,0.1589288438030191,0.32768482860270715
0.46859334426016047,0.35010893844929525,0.10350517570696992,0.07779254158357438
0.001605931114620475,0.03534403534244624,0.4105291735909578,0.5525208599519754
0.4842195991963978,0.008856313484928128,0.32423133451027447,0.1826927528083997
0.12263480320349936,0.6213801952655437,0.02305306011619061,0.2329319414147664
0.06111185905372199,0.03335755923693537,0.019238945203606337,0.8862916365057362
0.5882006943039756,0.1610822654042461,0.12211705623985812,0.12859998405192008
0.13185885752351598,0.11896464126481458,0.00024322507722292013,0.7489332761344466
0.03878579759744467,0.19081618858403274,0.07309364538846683,0.6973043684300557
0.21386954225001273,0.5138901953441025,0.14766645161362613,0.12457381079225842
0.35100716693229805,0.11702960945723109,0.18501322821916114,0.3469499953913097
0.7078436202858499,0.06081521430862563,0.001128495354689859,0.23021267005083468
0.5546326213185306,0.08778011373598353,0.27829272936079963,0.0792945355846861
0.26559356478684126,0.40072759296202826,0.24365109028426532,0.09002775196686517
0.023492392890077467,0.5144911216756856,0.40010316731732937,0.061913318116907666
0.7041122426543368,0.02523485469335057,0.09468611217583901,0.1759667904764737
0.059822952305148724,0.7838326724708551,0.12680835919923816,0.029536016024758156
0.0520029554990081,0.19305527091456554,0.714855830270237,0.040085943316189324
0.31426121179027255,0.3063629479501643,0.17126520254854832,0.20811063771101496
0.007993750900751074,0.3249327016349864,0.4211836098869312,0.24588993757733127
0.4745485238471132,0.15294793942680557,0.11131308908226387,0.2611904476438175
0.034145438605878896,0.02818203303717418,0.05785415879456503,0.8798183695623818
0.028302930391969607,0.11394142611049812,0.3730703781907792,0.484685265306753
0.7070399506312895,0.049973310124301076,0.009331372796352875,0.23365536644805648
0.5468309995735959,0.029347789169991638,0.254001953703796,0.1698192575526166
0.4749428330121136,0.012648949958703642,0.05462910977185695,0.4577791072573258
0.018017841285219674,0.060512704269517166,0.5742042630072518,0.34726519143801127
0.5705150111079216,0.3625976325000334,0.015415909727605061,0.05147144666443998
0.273297967100138,0.528290221149484,0.10631381967244027,0.09209799207793778
0.21561477354226677,0.2644408519454727,0.4227999177535648,0.09714445675869589
0.21193213291160967,0.6339376357535921,0.13952572981311176,0.014604501521686556
0.009154435858801616,0.2739694181244969,0.46273828062025324,0.25413786539644834
0.5287127690594654,0.3262632020683011,0.025935230073897444,0.11908879879833609
0.17114226126964097,0.06233391712174156,0.1830410596627829,0.5834827619458346
0.6223392766926609,0.22077754728856624,0.11004562623344172,0.04683754978533118
0.3244498524137729,0.4029776455108249,0.20535755556793825,0.06721494650746412
0.3818502626207158,0.06358453770136488,0.044994265835826365,0.5095709338420931
0.30949526030778207,0.2826392458566767,0.40253374932836444,0.005331744507176859
0.06684953826260416,0.023268397320405396,0.023109771663385948,0.8867722927536045
0.07493418061384796,0.3962250886349172,0.04012159922116214,0.48871913153007274
0.1827088203846269,0.49513154455684083,0.06514116515339166,0.25701846990514055
0.3541849175378769,0.1726753737344012,0.1559852064065241,0.31715450232119774
0.13834709056254854,0.4007985500877695,0.232436145777224,0.22841821357245792
0.012230005393645351,0.3726812940091937,0.1455679722039107,0.46952072839325026
0.08138584087362705,0.35577545071173705,0.04815045781425464,0.5146882506003811
0.3042591554216914,0.25524608229108564,0.4211473451602594,0.019347417126963473
0.47486825747828965,0.36597066163104247,0.02442297770118742,0.1347381031894803
0.270229915358372,0.09809439919772477,0.5797009170132209,0.05197476843068228
0.061187307803763386,0.6193571308074259,0.035510240648361294,0.28394532074044937
0.0014247220292952837,0.05037013570586666,0.7144570424821592,0.23374809978267894
0.4131033256287935,0.07977608518863831,0.23201974214394147,0.27510084703862675
0.450176679305767,0.33901582039441397,0.11105246881263695,0.09975503148718205
0.367258557079718,0.1439286457743514,0.33313471578909865,0.15567808135683184
0.06673846507060069,0.29997360093731346,0.22053412972385847,0.4127538042682275
0.1866542949106164,0.06672948975155651,0.4642226013674242,0.28239361397040275
0.386769760908181,0.243275099200024,0.06036710259416687,0.30958803729762824
0.471296913567772,0.28953546073380243,0.1772830468889469,0.06188457880947866
0.7122059299056258,0.14133326597062637,0.0683362534581621,0.07812455066558562
0.06824367977551936,0.6274750289427202,0.12353883879721853,0.18074245248454182
0.4581291647417685,0.09940629981042311,0.3388830301220823,0.10358150532572616
0.047100657814632234,0.055011649216108634,0.22032569952388256,0.6775619934453764
0.5273170018089766,0.1258650447372903,0.1321381571950161,0.21467979625871705
0.37756901375099977,0.216651412825283,0.32809240728373557,0.07768716613998164
0.25014153357384117,0.061397410531369184,0.26982453758711694,0.41863651830767257
0.25218621512789147,0.13919080820627627,0.5340937525919676,0.0745292240738647
0.5195291030757323,0.12967993383113707,0.1595433715580267,0.19124759153510393
0.20401333158864507,0.2929564711319456,0.12597005728454724,0.37706013999486193
0.5902665406282587,0.03083764315573097,0.2877578671409363,0.09113794907507393
0.2663001853565747,0.08202318336957645,0.10912582837366004,0.5425508029001889
0.037633012147762726,0.09748539297355398,0.5449743070929961,0.3199072877856872
0.4552255286419839,0.25852137301119976,0.22108821187709216,0.06516488646972432
0.411634662684871,0.20010175604212094,0.3843437996808945,0.003919781592113665
0.3435069723251744,0.49979882088549826,0.11311980494415462,0.043574401845172785
0.11329817112924215,0.45070086133445525,0.2581058090246819,0.17789515851162066
0.7890312053017047,0.04046497378982156,0.053295780710133016,0.1172080401983406
0.319106302260692,0.06558328663086407,0.3425772055365359,0.27273320557190794
0.48915337274222864,0.12827490424480165,0.36305980810438415,0.019511914908585618
0.5775277687866666,0.11965684362820801,0.15477298610657325,0.14804240147855222
0.26133786723776664,0.4382268909238843,0.06655237062046256,0.2338828712178865
0.0985538049296489,0.5569281376361067,0.33946922444820776,0.005048832986036646
0.01953016273661001,0.26323905281619664,0.29934826439144835,0.417882520055745
0.0101744443914341,0.7249732571326518,0.2132242913914016,0.05162800708451248
0.14887248245190599,0.1796888982850024,0.35053468926306264,0.320903930000029
0.4463389440857536,0.3018918024678378,0.0588997746181197,0.1928694788282889
0.03280219533180339,0.6587893591657684,0.14026045069642046,0.1681479948060077
0.29474716797970524,0.2535768505098615,0.32511643656369194,0.1265595449467413
0.011268023053243944,0.11349641026298721,0.6204751052607131,0.25476046142305575
0.12784895360354537,0.15438083376582654,0.44266942086831307,0.27510079176231517
0.4345492666080413,0.03740268840672371,0.499621894418643,0.02842615056659194
0.07496327625199802,0.07919825694304189,0.4175859110614063,0.42825255574355375
0.5390480895059563,0.21352102759694108,0.14119421340158592,0.1062366694955165
0.17678937968031136,0.3668908056349016,0.14686874345617612,0.3094510712286109
0.5195601474349149,0.00500017064556303,0.3020544624584482,0.17338521946107407
0.7087898993485557,0.15813231374040593,0.08288704169282042,0.05019074521821806
0.5293638514252429,0.3015399695935191,0.11992044196379689,0.049175737017440935
0.7888211773141793,0.05531288000115133,0.056331014508589676,0.09953492817607948
0.1493798768890703,0.5313260940120633,0.07989659723743706,0.23939743186142945
0.07583278768925224,0.27174427380812716,0.5033811405402069,0.1490417979624137
0.013231977488397753,0.3093037591507334,0.012117540943448175,0.6653467224174207
0.30561180200249477,0.18595642174123037,0.2827789123606077,0.22565286389566727
0.04196040777602309,0.6179303734523711,0.09192709670682568,0.24818212206478013
0.18602589483675802,0.5944856251405587,0.1315979558251035,0.08789052419757985
0.3793218006986576,0.2734753727342245,0.34063015072134795,0.006572675845769851
0.2513885968721522,0.1556381971642411,0.07314254930947924,0.5198306566541274
0.05244098881781466,0.0995314663943879,0.218992847185614,0.6290346976021836
0.4394252599230949,0.5487689848470881,0.005100795665905727,0.006704959563911171
0.34003515205460927,0.2609239136951879,0.029016579269272123,0.3700243549809308
0.3077437919308986,0.5597570420662861,0.060415039639980225,0.07208412636283533
0.3414767497939115,0.08707430511602682,0.5163406628255631,0.055108282264498605
0.15929959076092962,0.26320647572026024,0.49183312876345586,0.08566080475535431
0.29305152051051403,0.19498981083326763,0.2352594703683633,0.2766991982878551
0.2481061207427775,0.02308729440643501,0.6370975045616205,0.09170908028916694
0.442917987665869,0.24341770430040527,0.27844243075397224,0.03522187727975346
0.20060806951594937,0.10196094021807317,0.348091293761744,0.34933969650423335
0.16806697654740643,0.09313961665670374,0.2989423730344217,0.43985103376146806
0.04743446033030853,0.5149035068782815,0.374497759221005,0.06316427357040502
0.06604582306290542,0.26599494693573755,0.17139379908403135,0.4965654309173258
0.6889481527959295,0.16411310085691108,0.14045681511327382,0.006481931233885705
0.440425166349542,0.4636189933013499,0.08570278986311833,0.010253050485989824
0.13129873207212267,0.4667462983222711,0.039344011793106565,0.36261095781249986
0.0878318604502238,0.7550415085392816,0.13779177981545973,0.01933485119503492
0.2720359274576804,0.393902064399636,0.07155732236439047,0.2625046857782932
0.3247124725974699,0.36498623913085565,0.22899271810714558,0.0813085701645288
0.34434343570484055,0.42714028417855004,0.2094407871657807,0.019075492950828634
0.020745783925909093,0.37958465216007686,0.2715582051974603,0.32811135871655384
0.39220782496500034,0.38299321594308666,0.08440745066881891,0.14039150842309397
0.02563246513687042,0.03215447526024244,0.6163851171432376,0.32582794245964947
0.6162679873189766,0.024549088761921595,0.30721214278112385,0.051970781137978074
0.44464624312800544,0.17568932516493857,0.19414580316512947,0.1855186285419266
0.34723099483041786,0.1692943757451487,0.21170469467737973,0.27176993474705363
0.18238275335743645,0.2724665032084587,0.4808775978094577,0.06427314562464713
0.632348506451364,0.1436758392230954,0.0877194975813006,0.1362561567442399
0.015100474802582286,0.7817537340595605,0.19966922987860902,0.003476561259248341
0.2217503610595479,0.14068608212184547,0.1254779673142044,0.5120855895044023
0.0312305103030326,0.027116018032945378,0.6204727097247128,0.32118076193930917
0.4973878201294533,0.33423627316939575,0.011720914643952921,0.15665499205719813
0.7887908923131127,0.04858173372114775,0.021984636047774984,0.14064273791796447
0.42494895255169673,0.0068122631570631965,0.2347779377836348,0.33346084650760516
0.12152714548572578,0.006519886130309222,0.6296991888965489,0.24225377948741617
0.035638385635759766,0.5180571462628358,0.12196736970579707,0.32433709839560737
0.17132544132206826,0.04748403307913218,0.14320925978731366,0.637981265811486
0.39005512585073493,0.30289664844217823,0.28651039772886516,0.02053782797822159
0.18628893280763303,0.04860233376664211,0.5882627958221701,0.17684593760355463
0.012559949131052139,0.6410069622851604,0.2502616836972393,0.09617140488654836
0.2505676783085278,0.37669791213137443,0.15207609278524364,0.2206583167748541
0.3692166295958698,0.26858408305067466,0.23256409535060987,0.1296351920028456
0.4570092824565343,0.10553873672567658,0.27653873999254247,0.16091324082524652
0.3258056878217912,0.3734193056867589,0.15774784184988902,0.14302716464156093
0.3446829491291374,0.4373372663859678,0.03698038110133203,0.1809994033835627
0.10420999996872146,0.01575468550924312,0.4238805155830446,0.4561547989389908
0.5869637474597723,0.07552241866218411,0.010428179627289496,0.32708565425075403
0.3293243907776141,0.04192431233403803,0.5395333664570418,0.08921793043130619
0.08494543983422262,0.18185264445217728,0.05250952633184168,0.6806923893817586
0.2589845528798632,0.11353069328456655,0.36008356750256476,0.26740118633300547
0.3185313237618008,0.0633143280448672,0.5991577211112088,0.018996627082123144
0.1179231608646814,0.43885067304610126,0.16887793714726373,0.2743482289419535
0.04932193776278036,0.7588361729815155,0.06505653884512701,0.12678535041057715
0.29806570107721025,0.2046482894998058,0.19530709006167302,0.30197891936131077
0.42471656242180333,0.3085009629402473,0.05387763199545571,0.21290484264249362
0.009901446521934455,0.2229303913498943,0.17163126429572576,0.5955368978324453
0.04414996923990274,0.15334576501133504,0.6782019197772711,0.12430234597149097
0.30045263784753656,0.020443912974551837,0.577748743477297,0.10135470570061458
0.48032038677020467,0.03677408139437782,0.4265376167111064,0.056367915124311115
0.1547197144049515,0.4800213418643107,0.23371674767786058,0.13154219605287717
0.06672506688550886,0.10700356349243008,0.6186757003960508,0.2075956692260102
0.2994773905100601,0.29276095274202374,0.07360247886778817,0.33415917788012794
0.12145986276525493,0.5529593677378897,0.2903394789808397,0.03524129051601574
0.320576142435414,0.12049714988925231,0.35761520843428973,0.20131149924104402
0.07205174906210758,0.029506882787679687,0.32461726207011216,0.5738241060801005
0.2647901175307087,0.21630421840088626,0.5124849849810641,0.00642067908734084
0.5737878736836489,0.014630629800236657,0.1901193708949541,0.22146212562116027
0.027684959883089565,0.4079462955443852,0.11379994509454337,0.4505687994779819
0.006976188905953691,0.7273874446403236,0.0630153404533068,0.20262102600041598
0.2627459297349931,0.4399049260835483,0.015842654474639846,0.28150648970681896
0.11908170936944538,0.3111798766284291,0.5695141560165955,0.00022425798553003112
0.11761896098740958,0.11468543375545394,0.7365437658140365,0.031151839443100078
0.07350182076263158,0.4104321317240407,0.46866825239340554,0.0473977951199223
0.6336915515083167,0.006274787914005761,0.07316818627251451,0.2868654743051629
0.033380173860195476,0.6181674571833912,0.3133801067408084,0.035072262215604895
0.16481646211613754,0.346158666474526,0.4478171382565238,0.04120773315281251
0.09424089397596659,0.7169415334392895,0.04214386316576598,0.14667370941897798
0.03986287291852546,0.07765094704743108,0.4849307555965838,0.3975554244374596
0.037955722895011396,0.17191562668130062,0.4520699944864177,0.3380586559372703
0.09757977449131915,0.4572637986703034,0.39745405075841095,0.04770237607996665
0.02696055431454036,0.25893260150722436,0.5820634738125385,0.13204337036569672
0.36675290748325656,0.1436829455049607,0.03857862409938273,0.4509855229124001
0.5559186502434176,0.05090588190909678,0.0907783736825507,0.30239709416493493
0.04898577724257509,0.4181020371222218,0.33278158469608304,0.20013060093912005
0.03498226466714746,0.22979527397209293,0.5817711785790731,0.1534512827816864
0.021467916165736515,0.3903396893787201,0.28948031373200483,0.2987120807235384
0.036839278106437265,0.6197369941935911,0.0655669383532869,0.277856789346685
0.16907813990784737,0.6078903839890494,0.11194319227899521,0.11108828382410826
0.1731352897951944,0.1216951907546162,0.3376984886890144,0.36747103076117504
0.4221674298774844,0.10364910904303763,0.1100405118895547,0.36414294918992324
0.2721005036860784,0.30729998597155617,0.2687915783344231,0.1518079320079424
0.04591048661267178,0.37025683579081725,0.009350975715679069,0.5744817018808319
0.13385898040414362,0.22599879173687545,0.08069021058284939,0.5594520172761316
0.4557696533435466,0.03768283355392698,0.4592083918189798,0.04733912128354657
0.182456174885064,0.02631636346302378,0.0756956603421288,0.7155318013097836
0.09305719183847934,0.7425524608163048,0.011005215924435985,0.15338513142077986
0.19637709267854606,0.22715218768007545,0.47375051375067584,0.10272020589070256
0.1996813657157978,0.28936428206397885,0.10635435976827459,0.4045999924519487
0.46438381825300157,0.3722056035149364,0.09068690874926265,0.07272366948279942
0.09458011168746738,0.3764324487172552,0.27877629491025946,0.250211144685018
0.3375916489404606,0.454750116356202,0.15411080265148164,0.05354743205185564
0.024198164420239726,0.7447243764440804,0.1942683245831313,0.03680913455254868
0.28935038158747656,0.23568380829253305,0.14586032850008376,0.3291054816199066
0.01165227609436939,0.21784637879606433,0.3496072947731382,0.42089405033642807
0.13840038816268357,0.2982842602042314,0.40733604035397214,0.15597931127911305
0.42366103008876604,0.005542865140192387,0.3103558137265454,0.26044029104449634
0.13082678066996792,0.38471039229688786,0.31528484653341127,0.16917798049973296
0.16473283880318348,0.18154676454643287,0.23210971441928366,0.4216106822311
0.3336279171096083,0.1617716740795146,0.47964181535023886,0.0249585934606382
0.029454410338522412,0.4741691441184087,0.3866354546418473,0.10974099090122164
0.43031412264895724,0.06271433188696225,0.14945617077106316,0.35751537469301736
0.24192437228684896,0.005901269591111608,0.5772548625320792,0.17491949558996012
0.2050408309154544,0.22580578195680048,0.28439548085222427,0.28475790627552083
0.5342529295609165,0.17696108263855018,0.061376742994709646,0.22740924480582378
0.4621433291433308,0.1695470827481096,0.30366951846461027,0.06464006964394937
0.2846705832163351,0.1990250427256596,0.2984324886570432,0.21787188540096217
0.06391556367841628,0.2342410335437464,0.5942676325155027,0.10757577026233474
0.18659902240201126,0.43699625343371856,0.006886452005962242,0.36951827215830785
0.29270286964506725,0.3721627727829172,0.20841840833923433,0.12671594923278115
0.22283353177802326,0.25425559082285387,0.016003200219550644,0.5069076771795722
0.37101820272439845,0.050842344743617984,0.436300152764196,0.14183929976778764
0.052364093435924,0.29774807761693917,0.3728247314752779,0.277063097471859
0.39888947254710655,0.2328815212140806,0.3606653994557777,0.007563606783035278
0.04590943303038773,0.44640008374382345,0.39070935930465983,0.11698112392112898
0.06529139167396426,0.24608266537962853,0.52036994389469,0.16825599905171706
0.021515190697276348,0.41171057941969275,0.12118487819701307,0.4455893516860178
0.507890548806379,0.11569410581329916,0.012606946038135867,0.3638083993421859
0.1844449199847082,0.326601720999777,0.41954843572530004,0.0694049232902148
0.31829628478371014,0.40526100957042366,0.007307438932261455,0.2691352667136047
0.0438007280127527,0.17046506733419695,0.5358656438079705,0.2498685608450799
0.01455510632090063,0.6905291967930934,0.22098604510118966,0.07392965178481645
0.16958627021644673,0.3201405324485368,0.1382378034715816,0.37203539386343487
0.17039570913758792,0.3837530660837898,0.23828616956869975,0.20756505520992252
0.44715120353779786,0.5209127461412487,0.00499571518724004,0.02694033513371335
0.5907451839535852,0.021394204135841612,0.26584804603206524,0.1220125658785079
0.4059120742864267,0.28303665645604104,0.02447423956320287,0.28657702969432935
0.023964785558077954,0.48574281206877307,0.18190707185195068,0.3083853305211983
0.4207222138585781,0.019684061414993365,0.40653621652903127,0.15305750819739725
0.391566791643208,0.24855703004372529,0.27001799609679206,0.0898581822162747
0.15974271327408177,0.5862177026867824,0.009614232065502994,0.244425351973633
0.11755028223734071,0.06012789899493713,0.7537534573911222,0.06856836137659988
0.13015604686977816,0.5647550732329288,0.08348540707732784,0.22160347281996512
0.05802294610039813,0.10211362664490536,0.6369509122831903,0.20291251497150622
0.5219486390342725,0.20722481267305753,0.24381659710626563,0.027009951186404466
0.23100069589544814,0.17675692779512903,0.32440525407116994,0.2678371222382529
0.000944551708461709,0.149215259290056,0.43879210670136265,0.4110480823001195
0.08965338805719687,0.4895464458714642,0.01816624320534666,0.4026339228659924
0.06767145250104022,0.027418410435799987,0.812498837081857,0.09241129998130274
0.06244110340683985,0.34304802155523917,0.5519714331404851,0.042539441897435845
0.12414922443270042,0.09026415483922659,0.49878502647308937,0.2868015942549837
0.36508502848786634,0.008298406213517262,0.14441375947142585,0.4822028058271905
0.37014285924493906,0.06000929321262791,0.04011544248116381,0.5297324050612693
0.07589707645409147,0.33171672332483315,0.010933259229249977,0.5814529409918253
0.23007237200016853,0.08492439571743689,0.3059525965820354,0.3790506357003592
0.2548833639971499,0.04680492850516759,0.3154777327616077,0.38283397473607494
0.3871066418324687,0.01563082571655169,0.029031186886720708,0.5682313455642589
0.3596811972869433,0.3556157644992848,0.17228299029749597,0.11242004791627586
0.08030718910102146,0.6135211651554939,0.00789127227849481,0.29828037346498987
0.3642464170881017,0.32561235487608475,0.2910248059611937,0.019116422074619985
0.03178122547070301,0.8478082537773394,0.07661506019983445,0.043795460552123154
0.5729877929382314,0.05581716345247066,0.12752130296456674,0.24367374064473105
0.2992033852903389,0.061966613903206104,0.2741021819845207,0.36472781882193434
0.28283570681581033,0.10630602047464005,0.1873286218241304,0.42352965088541933
0.2874712994478651,0.38528673348828973,0.20738624624573998,0.11985572081810525
0.24175600051884152,0.07305385164169473,0.6692843456218753,0.01590580221758853
0.03328455051832059,0.2926106024220544,0.5833040057382793,0.09080084132134571
0.30718770264539774,0.39489705465968317,0.24454972515925236,0.053365517535666714
0.17490789088729275,0.2928707778512618,0.014928386774451827,0.5172929444869936
0.04496709842610415,0.13855134072760938,0.5739923186938032,0.2424892421524833
0.08611848911911953,0.35640674014712426,0.54205436263742,0.015420408096336007
0.01590341848392741,0.3472965642114531,0.2345305211063704,0.40226949619824914
0.6650474269648462,0.24073667305200844,0.04988583799762445,0.04433006198552088
0.18177597449044486,0.03168076692627433,0.41270508473492856,0.37383817384835244
0.04919028933611818,0.5976581504558942,0.11268456926247021,0.24046699094551743
0.397258662695378,0.4586906210566859,0.029864461855974522,0.11418625439196153
0.2465217698101224,0.07896296228226751,0.6309135555882094,0.043601712319400646
0.695539456287488,0.11351318200570884,0.0035656218950205483,0.1873817398117827
0.20162326715623485,0.41919980400517953,0.3089615269443202,0.07021540189426544
0.04320992347123932,0.3004981525478349,0.01910072268310276,0.637191201297823
0.019477788470959583,0.344903151439102,0.6338366282907787,0.0017824317991597923
0.425625209399236,0.05077497679368154,0.0036500093256151733,0.5199498044814674
0.102035552321037,0.20585372000446137,0.6651584581372806,0.026952269537221015
0.151076377010926,0.35511189487141487,0.39548070091283677,0.09833102720482238
0.6537551234003809,0.10584539133924444,0.00805624239129187,0.2323432428690829
0.5565562250322688,0.1474179430530812,0.21629697143673252,0.07972886047791748
0.02926539358871109,0.13648876572900898,0.8308575277663682,0.00338831291591187
0.5377275753492953,0.1932270212889826,0.004394852713075229,0.26465055064864695
0.4334266926557035,0.22105709754559483,0.3248023777062036,0.020713832092498254
0.2629771231509557,0.04486683684450744,0.5371830231455459,0.154973016858991
0.19118728451616582,0.17751882500545965,0.03198220210063738,0.5993116883777373
0.6020853983236115,0.08999898405672004,0.015042359461813882,0.2928732581578546
0.59003841366731,0.18194773112361703,0.09496285630328775,0.13305099890578506
0.18521677308939682,0.3984939066975816,0.2970640505086713,0.11922526970435028
0.08983425011128443,0.27469624220525835,0.26178803806010065,0.37368146962335663
0.42584026008282305,0.36690465182518145,0.12124696905975703,0.08600811903223853
0.08385486771355961,0.5878821958171815,0.2693977511526314,0.058865185316627315
0.4207416729336928,0.1985056703091572,0.16713863123577613,0.2136140255213739
0.03554328923445404,0.09263969385674162,0.15496931954346588,0.7168476973653385
0.26228995993526816,0.596612057214227,0.05390419503184675,0.087193787818658
0.1969172188814319,0.38939564922192255,0.03666177756342084,0.3770253543332248
0.01066399935122929,0.34522821179997293,0.076135376774933,0.5679724120738648
0.1898896256632345,0.3257541695880502,0.25040107528086447,0.23395512946785085
0.3219095420243244,0.18120505360913636,0.11500761639344806,0.38187778797309124
0.36120452754843263,0.16597641873213184,0.049336706976578326,0.4234823467428573
0.00766467697362675,0.25222916569413656,0.45602860259611666,0.28407755473612
0.11739125053578117,0.11885203170533211,0.4788951775003629,0.2848615402585238
0.4077877566588706,0.07359990506750147,0.09004713374563823,0.4285652045279897
0.417004532152812,0.4488492640647212,0.11211212780257175,0.02203407597989516
0.24570640042714906,0.048990128647742916,0.5148975946732692,0.19040587625183875
0.17779102295825025,0.5515201099794241,0.13603709496125713,0.13465177210106835
0.345440098422248,0.2881142783801942,0.1144207901507207,0.2520248330468371
0.09880202887882014,0.11752871049171318,0.10082475973491871,0.682844500894548
0.21899400768348085,0.089709336662764,0.23668488203212076,0.45461177362163435
0.1743317218643335,0.15179638713113022,0.19960347318533686,0.4742684178191995
0.14725752526547736,0.05148860363835923,0.2108004604923788,0.5904534106037848
0.08831761567637247,0.2908554048100233,0.2927910511291951,0.3280359283844092
0.10706542837211577,0.4257178201077528,0.03900906369734642,0.4282076878227849
0.7192939123781764,0.1614543210224846,0.008327154210195222,0.11092461238914382
0.08778217442697225,0.30505492472559204,0.0028356579643063493,0.6043272428831293
0.12522925429593132,0.5947228619936058,0.11935011809214417,0.16069776561831883
0.00812911846502185,0.23435213593043613,0.229594179535069,0.5279245660694731
0.4739967727816314,0.010571152823552452,0.4823476577999316,0.0330844165948845
0.17387724062629617,0.5216024821445966,0.2814254723384919,0.023094804890615335
0.04217508564908713,0.48613640871141356,0.18918197795374417,0.2825065276857553
0.3942007337389829,0.2712756364791893,0.28990803134696214,0.044615598434865456
0.07323822966882208,0.41212645549955396,0.42473459575518346,0.08990071907644048
0.03940108456512477,0.059010817915990256,0.01603122775525687,0.8855568697636281
0.2955912343802761,0.4314903088905143,0.043213941833858696,0.22970451489535082
0.15566111843251818,0.319320362818984,0.11383580214892593,0.41118271659957195
0.27657226567101917,0.005649020250338332,0.2590363322465792,0.4587423818320633
0.390848824267912,0.4120976265941854,0.19255894485658054,0.004494604281321948
0.052955211629047955,0.6060214981279303,0.318438936533486,0.022584353709535748
0.18696260990733204,0.6178117777142376,0.1910190639349218,0.004206548443508649
0.3799241768380619,0.041544619677702156,0.5354188281710548,0.043112375313181184
0.0032031332723589127,0.17381078734381586,0.1837284354778155,0.6392576439060098
0.430162924573944,0.053995635240710535,0.310749078008863,0.20509236217648255
0.07383670999883443,0.2897039565278532,0.19650193654367573,0.43995739692963665
0.37904208798449673,0.10116400626100894,0.36252137677626856,0.15727252897822575
0.1819596470945146,0.19495738540732985,0.31213534983578856,0.3109476176623672
0.3266232688800539,0.4770279657763334,0.14950140701092957,0.04684735833268315
0.028404134769976483,0.11751382343554735,0.707293196538207,0.14678884525626915
0.1373066933778509,0.17678095808758876,0.391592968659235,0.29431937987532536
0.055735101927384054,0.22989221094330886,0.06292375252289842,0.6514489346064087
0.06001380699851883,0.4589264244020147,0.0066858672975118865,0.4743739013019546
0.026942221617430883,0.3913781507815248,0.13669692163682262,0.4449827059642216
0.0707622164364229,0.12458478786205532,0.6212132089760126,0.18343978672550915
0.3701565068384549,0.5253013566591475,0.05738615594341,0.0471559805589876
0.059989568428408545,0.10636192592717579,0.1083888845388606,0.725259621105555
0.25611239634254535,0.054923478216049704,0.36378646676718407,0.3251776586742208
0.26398332472103975,0.40642481703794553,0.17588285590974945,0.15370900233126533
0.1549853655915398,0.2325857169094621,0.2523896400844681,0.36003927741452996
0.46794814282893155,0.010372797683261888,0.38504691217672404,0.13663214731108247
0.0046109243155469295,0.661729859996874,0.21544721267378023,0.11821200301379885
0.1792204062853638,0.08553523735642822,0.3296053419935093,0.40563901436469874
0.08600469730785049,0.08522435193645302,0.3203333214712444,0.5084376292844521
0.12132673374671524,0.7477705216522466,0.09572760879616758,0.03517513580487061
0.3430095779277861,0.028719888236258054,0.44190453704315297,0.18636599679280288
0.0914472014371803,0.6973123933718318,0.06290650143250248,0.1483339037584855
0.29739126256473497,0.07463284195566838,0.37719900166824105,0.2507768938113556
0.17292080637394672,0.05802099137684988,0.49247168964226834,0.2765865126069349
0.14097562288264195,0.3759124993100064,0.3131749637801716,0.16993691402718009
0.17167895285001283,0.44791558657678,0.0221277874238583,0.35827767314934894
0.1409694084245488,0.17524073770352389,0.10342599278389407,0.5803638610880333
0.12715514619489052,0.5495406128414367,0.24248075666557692,0.08082348429809584
0.10238845004230597,0.4348546239858093,0.27742232992173305,0.18533459605015165
0.13474063013577794,0.22239208910929822,0.13609911160553545,0.5067681691493884
0.427181508282027,0.23020280648865632,0.10439529480004817,0.23822039042926843
0.3971204160613382,0.33756558375218315,0.2137359849827136,0.05157801520376497
0.3552402194305781,0.3415355984038012,0.12836103001838017,0.17486315214724046
0.05191022948843272,0.09310354514130706,0.560657062949378,0.29432916242088225
0.16942999253496518,0.10554841584439698,0.0939729013975024,0.6310486902231353
0.3016745699865687,0.4083828763641972,0.24040822953752802,0.0495343241117061
0.2949994318780458,0.18262732493617387,0.21958396983101136,0.30278927335476896
0.15596234209159787,0.43102575788404734,0.10147464843313142,0.3115372515912234
0.5304255469295024,0.14369487462913966,0.23080312576276255,0.09507645267859544
0.30384621199735856,0.04395161708609733,0.30167334893865816,0.35052882197788604
0.2258909328735755,0.18059587987705703,0.35672801893402867,0.23678516831533883
0.4272209259531919,0.14810397178332668,0.259901055735993,0.1647740465274884
0.2309354556638114,0.4783412073565799,0.1427338205007501,0.14798951647885863
0.12589652309166685,0.44532935502555837,0.005566002348799307,0.42320811953397536
0.3459548103219577,0.33073131711502823,0.06501808258195983,0.2582957899810543
0.4612560720601365,0.1755585880890694,0.004597026287669745,0.3585883135631244
0.06453732046726057,0.3546776124742402,0.15178730580041785,0.4289977612580815
0.02823409707882876,0.14256041371944594,0.31936003634005766,0.5098454528616677
0.12276139481588287,0.24996487675272244,0.32878416454016396,0.2984895638912307
0.4940376258018954,0.16824302685653397,0.1885299023023809,0.14918944503918957
0.20202437126435088,0.6968956650460891,0.005003411932039091,0.0960765517575209
0.5007146954965758,0.08012527508818607,0.11186625104689543,0.30729377836834276
0.44119060138456484,0.07508863610290444,0.3417594231601013,0.1419613393524293
0.11639566352051935,0.06398279577934778,0.20378717123319917,0.6158343694669337
0.29199799020719086,0.43571418498245656,0.20937390522126498,0.06291391958908736
0.2270527799456879,0.5469299579990734,0.0345616870914773,0.19145557496376125
0.20636942769574412,0.6509765213800505,0.13798789345534587,0.004666157468859504
0.196370945649534,0.06086939438903469,0.5873905503901148,0.15536910957131664
0.1626811071547591,0.2242617372051303,0.34939873450654263,0.26365842113356797
0.1495796493203847,0.11512900875440864,0.3916464446547626,0.3436448972704441
0.3199980834867153,0.4410997916282117,0.09032300408423381,0.1485791208008392
0.21369439668238363,0.39445916176731055,0.047189320783929393,0.3446571207663763
0.1758816847872838,0.4564299767577746,0.16486714043766337,0.2028211980172783
0.32961871850408686,0.019898800204596796,0.3845465795876387,0.2659359017036777
0.3687299683632267,0.06126010850666164,0.5468492759873552,0.02316064714275643
0.1745236851034699,0.22980996996439482,0.40813803671304255,0.1875283082190927
0.10222523807649186,0.053549368870169534,0.79406182613489,0.050163566918448727
0.6184948123622126,0.2252737548030969,0.053541867868482994,0.10268956496620739
0.1696658548235831,0.43630967266353393,0.27966782881023794,0.11435664370264496
0.43615589930553106,0.10281953721495489,0.10243674199123658,0.35858782148827745
0.23652256788332984,0.383542325151292,0.1806272719040336,0.19930783506134442
0.37552568140622333,0.08976718430487343,0.15281264342477546,0.38189449086412763
0.30981427336658574,0.014053878815741357,0.6381658555989276,0.03796599221874548
0.10321073165532624,0.3310380522428584,0.3265636365473411,0.23918757955447437
0.3445553668306863,0.27727303051362007,0.014903721919068197,0.3632678807366254
0.16497169419412358,0.6660040259554625,0.036554362973736966,0.13246991687667692
0.41752703582948864,0.31007114645145245,0.18166719482139432,0.09073462289766455
0.03313524578868967,0.132993769685237,0.4370048643575558,0.3968661201685176
0.0030128239836718237,0.3147892334413359,0.23452417103784015,0.44767377153715204
0.31704127697013157,0.417543970332821,0.23643112715007805,0.028983625546969576
0.25017507109592,0.3711986232800061,0.14868728278602994,0.22993902283804385
0.19071206752159625,0.04778958527024964,0.10648894002539429,0.6550094071827598
0.17686967101792192,0.1856232093585941,0.5831662184539992,0.05434090116948483
0.5766095760224672,0.008732670526004536,0.1295416945089521,0.2851160589425761
0.5724723667490673,0.31825199576986857,0.08868357427176334,0.020592063209300678
0.39503651908322607,0.3297993369937768,0.1988782359926396,0.07628590793035765
0.005367422162489171,0.5721533881789068,0.3571663054105225,0.0653128842480814
0.49616348402028365,0.09334676299080608,0.1744024640458633,0.236087288943047
0.5111224842518534,0.424303847892991,0.01927353285756339,0.045300134997592285
0.4994520922430202,0.03586726947160999,0.07574084660962038,0.38893979167574944
0.37217565261449964,0.19352381233201857,0.2118194910963808,0.22248104395710092
0.32652400499203826,0.17361094758583653,0.23071908686837383,0.26914596055375123
0.21880954081936313,0.009201831833536062,0.3293410455541377,0.4426475817929631
0.22152775199625935,0.2655531840496858,0.39827036451805986,0.1146486994359948
0.2142331755563847,0.44191312262260724,0.19501213846818624,0.14884156335282173
0.03692744241984331,0.2543953087286981,0.18497716935480882,0.5237000794966498
0.1436667503294441,0.6678929986345548,0.0005872773553667743,0.18785297368063425
0.2506479657386654,0.025835978531886395,0.0496591398193684,0.6738569159100798
0.35264075465502753,0.09831105322525871,0.18930531707828122,0.3597428750414326
0.1958060381291802,0.4911806991515991,0.28061960493180044,0.03239365778742029
0.3872489171439913,0.05615436647074012,0.5164070262519443,0.04018969013332416
0.48618550473536587,0.033805847523254356,0.2508858867864086,0.22912276095497108
0.21267296523196694,0.19624225618626062,0.13783011619794197,0.4532546623838305
0.062175176363427745,0.11008005366491624,0.5713881485561628,0.2563566214154932
0.43326665009320864,0.04746270699704557,0.2710089597430985,0.24826168316664735
0.14506911294203176,0.19408691236022543,0.5871060168293742,0.07373795786836845
0.12851663505957453,0.1991970847762735,0.4894276384708907,0.18285864169326124
0.29364388706847483,0.5858062456498798,0.02469161928408686,0.09585824799755865
0.17566941423536656,0.0023624147743407957,0.14822524262053444,0.6737429283697581
0.2179275044477634,0.01946286791284281,0.023913491881219447,0.7386961357581743
0.2832418693107958,0.0036246800440471304,0.49190975961278033,0.22122369103237663
0.34190361169219446,0.12809100351410488,0.37495142631189854,0.15505395848180198
0.20983143812099705,0.20232701486227164,0.37184796799058484,0.21599357902614646
0.0914814235196083,0.3023302130122001,0.3844494308376425,0.2217389326305491
0.49273505052106936,0.020922997668639344,0.15417786711321363,0.3321640846970777
0.5442254378477145,0.3922515988189897,0.015843403237159923,0.04767956009613592
0.7474437278041612,0.21351326601658152,0.009960313826800108,0.029082692352457293
0.039125763574210104,0.1843570254314864,0.7685826410941436,0.007934569900159808
0.08540983958446738,0.39964902959034665,0.35020684307946015,0.16473428774572574
0.4252679357672391,0.11121985272264255,0.12256852821491845,0.34094368329519975
0.2569928066720808,0.1500639872277708,0.0186044198969833,0.574338786203165
0.2601175621002767,0.05847838356901483,0.5605436326114253,0.12086042171928323
0.34918129308915535,0.10578038617906618,0.5349988060154032,0.010039514716375401
0.06791581738179796,0.08021230590345847,0.7517753269545404,0.10009654976020321
0.09494271651259867,0.2916476849350473,0.1785178391787159,0.4348917593736382
0.5493537610032998,0.038561523313374466,0.04120316120068265,0.3708815544826431
0.3908059183758098,0.16761722072941168,0.19042341369850288,0.25115344719627547
0.006578187853929591,0.7003218137010457,0.24883975134588512,0.044260247099139415
0.20643404875830262,0.34959231825915993,0.3839442930756458,0.0600293399068916
0.16453475387358582,0.07029228005614215,0.00800412414176412,0.7571688419285079
0.24814874252836952,0.23684427850228032,0.07782855515885267,0.4371784238104976
0.40131224732913784,0.07708279483291118,0.16941359444832135,0.35219136338962964
0.03147422163132647,0.5748460251398291,0.35987941653344163,0.03380033669540276
0.36613915377967954,0.3020685315337076,0.05705955375043417,0.27473276093617865
0.26605366026325,0.520995092514983,0.04206689983086961,0.1708843473908975
0.5003258953292858,0.12537540591310656,0.07515454501464527,0.2991441537429622
0.5256453601969033,0.039728140882756315,0.3718130699041924,0.06281342901614811
0.027504661457801897,0.3424079194297734,0.21164621750446597,0.4184412016079588
0.2198362590180574,0.0280085106994666,0.3736393330632735,0.3785158972192025
0.4800049621619814,0.07134352233898983,0.39889457552813606,0.049756939970892484
0.06479123773372267,0.7694798164232406,0.06456811631881852,0.10116082952421827
0.20204837065893358,0.07773876836890548,0.4841052545616385,0.23610760641052247
0.09300944246513158,0.5327930976998476,0.09260891553382926,0.28158854430119146
0.20189392760958985,0.26279658935442773,0.4875167252404359,0.047792757795546474
0.25902817390934935,0.22623126305903166,0.1719891154851355,0.3427514475464834
0.46133672542011167,0.13608175835186603,0.2675256213385503,0.13505589488947214
0.14504620598184517,0.23784857575431362,0.4346096092697393,0.18249560899410205
0.40644361236657295,0.18732881010856106,0.1628864170989417,0.2433411604259242
0.41105122664503796,0.01619022235629186,0.03464549380936937,0.5381130571893009
0.009533939849807261,0.7094746926275984,0.058227137219168314,0.22276423030342613
0.19070630985774684,0.3550348458132088,0.2730595832852747,0.18119926104376974
0.02075196888234441,0.20255011560144054,0.12410791011043124,0.6525900054057838
0.3694578552139294,0.35401837355468424,0.07672383062951939,0.19979994060186712
0.05661273794497593,0.09633280742119613,0.4755622462079288,0.3714922084258991
0.4474958742673042,0.18535104246344764,0.1991383276252326,0.1680147556440156
0.4461069953564638,0.17605321023099177,0.19288355494150838,0.184956239471036
0.25845516116371725,0.29990121336652864,0.41381030437687055,0.027833321092883608
0.3008496147230005,0.33805398185180013,0.19642690298280913,0.16466950044239012
0.13335367625310285,0.37132142281443037,0.11398173309093353,0.38134316784153316
0.5157426548020841,0.41859373102959413,0.03338486152052523,0.03227875264779652
0.1807148382005438,0.2370601613676906,0.2971753062616524,0.2850496941701131
0.6241745839506688,0.29495789067106787,0.005708994638975457,0.07515853073928774
0.2968778447813413,0.4795596918377693,0.06072144610047681,0.1628410172804126
0.0659894409582061,0.47854746854006197,0.12590360908905326,0.3295594814126785
0.171197573957831,0.04174255502380356,0.2807930180593283,0.5062668529590371
0.6119590642558997,0.15345043297539826,0.2308009302183192,0.0037895725503828337
0.29654841629484796,0.0058929396477405,0.40246637243645506,0.2950922716209564
0.19281865651457727,0.5751897114593577,0.2233629816794098,0.008628650346655229
0.07081191792449061,0.17179491145666317,0.05803210084167145,0.6993610697771748
0.28405499291665703,0.325170371086541,0.13489241864589538,0.2558822173509064
0.4033179587564694,0.43760807592145046,0.05935499063284187,0.09971897468923814
0.15564496521039953,0.08269687765787323,0.7066560976356667,0.055002059496060365
0.03191794058247569,0.407006216048985,0.07111122467011813,0.4899646186984211
0.20941036068267002,0.016329440718093058,0.44028683117116324,0.3339733674280737
0.705526419170397,0.12485940726144208,0.05674215566401148,0.11287201790414958
0.012304861740793293,0.7035015351068659,0.2274188391440137,0.056774764008326976
0.24540880148590027,0.1864881283071372,0.1084271802505077,0.45967588995645486
0.01975135244235768,0.5363101726510364,0.1607084178562344,0.2832300570503715
0.1398495925351392,0.019588467543305538,0.24781076265720495,0.5927511772643503
0.173912896704339,0.13832865699136226,0.3122370306823365,0.3755214156219623
0.2915981469462561,0.04924461276628276,0.3992117736322239,0.2599454666552373
0.16396544067589502,0.3113745199597808,0.3184896438787649,0.20617039548555935
0.09776402577801659,0.6188034644931731,0.0502012372484269,0.23323127248038333
0.365119436738723,0.05104625490890406,0.5284343098984449,0.05539999845392821
0.1571959702383187,0.04972455914469166,0.7735923296806336,0.019487140936355955
0.2795031324518289,0.38564421777782965,0.15957885898457774,0.17527379078576366
0.04152259245212451,0.07534736571875648,0.6867577936866974,0.1963722481424217
0.23565349123089532,0.04819664592086998,0.480454575533879,0.23569528731435563
0.18839478394805032,0.5134926191303409,0.10287549961448617,0.19523709730712258
0.41159607038899465,0.22591184217779206,0.04797077052938551,0.31452131690382795
0.03829488756079377,0.4309102358570179,0.10588513095718656,0.42490974562500183
0.1583964783042359,0.2512650187629754,0.23705666196831976,0.35328184096446885
0.4673568363462072,0.35826051526435443,0.0893540000640477,0.08502864832539052
0.4672207675535019,0.031639030178363794,0.24966179567392185,0.25147840659421233
0.04069899652672125,0.1306479977710987,0.09207102931764313,0.7365819763845369
0.04307159748880991,0.3750234579316878,0.08841512389449414,0.493489820685008
0.15282563210014227,0.2766912956705495,0.5299687374745564,0.040514334754751934
0.03940096615130037,0.31044528996622534,0.19744039371806207,0.4527133501644124
0.26539021612947156,0.22559022880506283,0.29663618222292876,0.21238337284253692
0.19891870503450945,0.20356139526339287,0.19982684114891988,0.39769305855317794
0.4954357017783456,0.04316112490185449,0.4122013505835748,0.04920182273622502
0.5717599988756412,0.17735807697258887,0.0768548981120515,0.17402702603971829
0.02715806633496965,0.5466467641276647,0.3723798307004552,0.05381533883691045
0.35964541436104924,0.21001961754469292,0.33631335845290933,0.09402160964134856
0.1387060112994595,0.07529259757802273,0.16185832530958968,0.624143065812928
0.20085716953540073,0.08671380703482114,0.33077772519982823,0.38165129822995
0.3515177563642067,0.03840373803641328,0.5839544491444022,0.026124056454977857
0.42812653174862814,0.0360509406004109,0.33709800907840426,0.19872451857255669
0.09854305560452604,0.4719426618618944,0.38188988298315846,0.04762439955042101
0.42199186103918984,0.39974893213096346,0.12010972345674613,0.058149483373100594
0.12204556051211299,0.1481110359843443,0.1924437371245659,0.5373996663789767
0.45769119705470795,0.048089109180377065,0.145973624695716,0.34824606906919897
0.1404166108163389,0.41339991306159013,0.05101016271748836,0.39517331340458267
0.09626371228084322,0.4247085364056744,0.2041098122771052,0.2749179390363772
0.3087032250056466,0.00792533656939821,0.3564799814461645,0.3268914569787907
0.18398210341923296,0.068131925698839,0.27545879217681146,0.4724271787051166
0.5367938460598924,0.1903270081666609,0.0001263737875719513,0.2727527719858748
0.010490566966810931,0.12982476598787449,0.5882269786453969,0.2714576883999178
0.06472922418763333,0.47208975356971494,0.056483115361863345,0.40669790688078833
0.05489055677158333,0.0692757067819812,0.15916105820948354,0.7166726782369519
0.24798846227386848,0.13613136197538248,0.4446797079494004,0.1712004678013485
0.19838089787839308,0.558905609384498,0.0018129261620005736,0.24090056657510836
0.41969068718246155,0.2451726314375421,0.3164236802748774,0.01871300110511886
0.02910674838454139,0.08889655687776887,0.4193996806725169,0.4625970140651729
0.026854112818379877,0.16475641469786917,0.6433474095701412,0.1650420629136097
0.1054207909362992,0.5255850260872078,0.2916496314006826,0.07734455157581026
0.0733504741103877,0.23529872607769756,0.4775410928733959,0.2138097069385187
0.1894503472301904,0.5261816130418933,0.16845361942831183,0.11591442029960454
0.35653439734625003,0.03184268487236503,0.3341587963855797,0.2774641213958051
0.03487332268795157,0.03895894093286463,0.11885309518930268,0.8073146411898812
0.7159101871656472,0.13038918167047214,0.13529132915891529,0.01840930200496541
0.42340925503157595,0.007554924698378423,0.027244166672015947,0.5417916535980297
0.14997183644221868,0.007600688986805786,0.1963480013040875,0.6460794732668881
0.5901802033970991,0.01531642589007584,0.35311642450564,0.04138694620718516
0.34625043392041865,0.6150233259781684,0.020208173237084626,0.018518066864328407
0.7373592906479354,0.008691566792846892,0.07828943567447134,0.17565970688474625
0.003470048501483323,0.3095330413382609,0.06649800415504238,0.6204989060052134
0.029482325038183273,0.4159621410167717,0.5127409580193448,0.04181457592570026
0.1009196292910518,0.2323009012303661,0.21467738490814228,0.4521020845704397
0.5602241020346717,0.04964880944804884,0.11852206017186162,0.27160502834541783
0.12921472239916154,0.4066685417594562,0.13789991006450894,0.3262168257768733
0.4131369539836144,0.4972014118160144,0.05275936524440684,0.03690226895596437
0.8339394767624372,0.037339445793391976,0.10541273286545119,0.023308344578719643
0.5943717763070943,0.36339142775749983,0.004099435251440761,0.03813736068396521
0.130052838777877,0.2697275267951012,0.5798531584194869,0.020366476007534984
0.06585547162494707,0.5093767508118098,0.15573571819336615,0.2690320593698771
0.15413138827306722,0.305541816376796,0.524585138369552,0.01574165698058482
0.2801585285541557,0.6741917651823883,0.03688553707365906,0.008764169189796913
0.042709479745019825,0.15131033524664894,0.510787653681503,0.2951925313268282
0.29527200553494887,0.013965541931906455,0.45740183843040955,0.23336061410273518
0.2629070140833715,0.09021666315570752,0.1682587962707686,0.47861752649015227
0.15356990361816963,0.5449844418195692,0.3006002820251187,0.0008453725371425355
0.04487108697596302,0.09302604747293639,0.45957006935983674,0.40253279619126386
0.24825685220477461,0.35050821982818664,0.02648396384861708,0.37475096411842174
0.05008455542357139,0.08268129090637633,0.8267255638240415,0.04050858984601078
0.4175642607884777,0.022267346809127214,0.08733215608413075,0.47283623631826444
0.7357043956391771,0.033062007375167284,0.0848833155121281,0.14635028147352755
0.29181130077505607,0.24625509041402258,0.03116482769135483,0.4307687811195665
0.09113730339221238,0.3749869769637182,0.4148129670528711,0.1190627525911983
0.07415160633831346,0.06060971194581678,0.06726920121265706,0.7979694805032127
0.36197749435375437,0.1969953385586136,0.19278089890701947,0.24824626818061257
0.5313232918766181,0.2524400253494573,0.1619062102047484,0.054330472569176384
0.049115993944386906,0.2796478382552667,0.47088855160363197,0.20034761619671457
0.14961281614710137,0.47750152402781904,0.18843262797988825,0.18445303184519143
0.0902146971896362,0.3038249746481096,0.00010170806958757162,0.6058586200926667
0.20933873207414314,0.06845579437388669,0.17269663824317438,0.5495088353087956
0.025983598136714196,0.03780702459423653,0.24313715510481249,0.6930722221642367
0.07562226628376316,0.32192730077738707,0.13789440016991414,0.4645560327689356
0.11796425946258592,0.25276705850539477,0.2702416670319654,0.35902701500005396
0.0011669264988388515,0.25095641385820644,0.6178188716897514,0.13005778795320336
0.5923160593866296,0.03788137226287692,0.19433150522277265,0.1754710631277208
0.2533347629323876,0.29998832298014877,0.1407912960565577,0.30588561803090575
0.26827549778481097,0.14994149232996073,0.1938702283031678,0.38791278158206055
0.14245797956005407,0.4090276685836598,0.1846827258691963,0.26383162598708987
0.33421076007037537,0.22902700753080993,0.13329281031763385,0.3034694220811808
0.41671154096934454,0.21783961100921675,0.17064597652236352,0.19480287149907521
0.5571440853367708,0.06764339055431837,0.06896203342665425,0.3062504906822567
0.14938413115859686,0.3369860348669378,0.1677233638997446,0.34590647007472086
0.4951018410436742,0.4102613920235059,0.05723510421467367,0.03740166271814625
0.18416625323457683,0.38498035142357173,0.08251760462030489,0.34833579072154647
0.33882930335350664,0.15155591989705622,0.4980430531480525,0.011571723601384502
0.3038851486940125,0.1317606597314267,0.33082888105638275,0.233525310518178
0.1674352433916684,0.11546838254882079,0.1405936172627325,0.5765027567967782
0.5196739036724466,0.213521253983796,0.04184639292579728,0.22495844941796006
0.41322066634768173,0.3238241337665831,0.22220628361424682,0.04074891627148821
0.15534054644520542,0.3649834414284609,0.45004326560057706,0.02963274652575679
0.29170074744027435,0.2152447234862115,0.11044447012169285,0.38261005895182115
0.11723549635232973,0.588090946035623,0.19074195541330938,0.10393160219873782
0.7322739044696479,0.050287443720832846,0.16694944628702352,0.050489205522495695
0.13580413328583224,0.5512164877811515,0.17428907447606254,0.1386903044569537
0.20633745734113063,0.24267146424675212,0.17644967476450027,0.37454140364761707
0.049211715362703086,0.362108742364447,0.3846617553274842,0.2040177869453656
0.22375148439727063,0.33801828429630904,0.326847599034217,0.11138263227220345
0.26636305625708384,0.23466559619333552,0.28611912113340515,0.2128522264161754
0.32657100301589426,0.01420768008222591,0.31941969440534096,0.3398016224965387
0.051058717647495096,0.33245367464457776,0.2629168135234493,0.3535707941844778
0.17932053709050652,0.06313209026204074,0.5467371193583342,0.21081025328911834
0.04424813057657612,0.3458974996180402,0.3547266359593938,0.2551277338459898
0.07521200190175363,0.059585382198623735,0.13203753086676417,0.7331650850328583
0.19369241466775522,0.07663425299088118,0.3390347687319999,0.3906385636093638
0.011982550744393587,0.29628141433928273,0.29432127610644704,0.39741475880987676
0.4752936831928688,0.3852765650702101,0.050928980436372506,0.08850077130054876
0.04191737410762955,0.2954301566983094,0.36523303505865523,0.2974194341354058
0.12952980212101653,0.1705248680304766,0.4543703002965907,0.24557502955191615
0.7195071884525477,0.19093959599318658,0.07863307938215536,0.010920136172110422
0.26361622076343216,0.5016926209799639,0.1568058624227319,0.07788529583387206
0.41702921803597687,0.07679616970587884,0.0717406022779859,0.4344340099801584
0.14211925254411556,0.6954347976462864,0.03177248985611866,0.1306734599534795
0.20403411451593964,0.46975345343994707,0.008373004444184396,0.3178394275999291
0.021017478791387306,0.16774101888743062,0.6722252519377082,0.13901625038347395
0.25601671654015595,0.06487338493494568,0.37469449434604546,0.30441540417885293
0.04133750915310565,0.4477647637185587,0.3453667766056327,0.16553095052270295
0.1608727833375709,0.32663469189557653,0.3923679650036731,0.12012455976317953
0.2814108727526499,0.5642714738242688,0.05425329745671515,0.10006435596636618
0.10144807981957617,0.019421086839811922,0.3431436232068691,0.535987210133743
0.5431234663594943,0.16008853631750558,0.22853421756556266,0.06825377975743739
0.22456328378077478,0.09579824334222968,0.2281839482673837,0.45145452460961183
0.16398875835019794,0.06510247144543814,0.3803784203567382,0.39053034984762564
0.342268840404072,0.05090351273479091,0.41524016878951464,0.19158747807162255
0.022453743709873936,0.7052457073494051,0.07719441766438846,0.1951061312763325
0.3476220695545587,0.3564350331915746,0.2615994813777323,0.034343415876134514
0.385083428284283,0.22706745636744327,0.18175532254268442,0.2060937928055894
0.39453867596767717,0.12653587497935445,0.12730978644064667,0.3516156626123217
0.2152630102814656,0.21559624272966477,0.08082418300601954,0.48831656398284995
0.25785095784144374,0.5306533485194929,0.12082150267640279,0.09067419096266069
0.0027962104647756936,0.10570650655764388,0.848312838402109,0.0431844445754713
0.21073681127497715,0.1386161364189243,0.31848130084769194,0.33216575145840666
0.13996440121172393,0.300368839274404,0.5309226485802332,0.028744110933638895
0.020470006029053234,0.17139305268555963,0.3317467824201471,0.4763901588652401
0.3250706809616276,0.16781845887221242,0.34610288739300493,0.16100797277315498
0.21050881796791443,0.38994435177710346,0.21471069355134356,0.18483613670363844
0.12533368167625578,0.21010258896302195,0.3024080486297654,0.36215568073095705
0.4637170949142479,0.0734211263613963,0.3035978354079185,0.15926394331643728
0.007008906132174663,0.3992745919777974,0.2473818452407298,0.34633465664929824
0.11224125218451506,0.32137273516363474,0.512173507574684,0.054212505077166025
0.006839315518195837,0.10598551045598922,0.09363591971642408,0.7935392543093909
0.02518124001022905,0.7459178838831346,0.13783720839320004,0.0910636677134364
0.41619230787404415,0.20817584647191545,0.37286762556223746,0.002764220091802877
0.6271494132105295,0.05543836127953355,0.006233766352707262,0.31117845915722964
0.2863461269778584,0.3154587346134051,0.388768568084535,0.009426570324201407
0.058526743356422634,0.42470511058635696,0.25693170462503984,0.2598364414321805
0.056431061821773584,0.41963617306641465,0.2801141757308359,0.24381858938097592
0.5185788164859352,0.1609144671537922,0.20000518750761034,0.12050152885266222
0.32907161272980834,0.4365306020772488,0.048783669655224356,0.18561411553771826
0.380755673452758,0.38342001983592244,0.04201573209637025,0.19380857461494924
0.40182860728897707,0.2693972636815544,0.2869558944944944,0.04181823453497413
0.7339889483331581,0.058167955020647984,0.1255811780562787,0.08226191858991531
0.6142659901284301,0.27015781258819926,0.10979721104735296,0.005778986236017652
0.7711577286544624,0.0368538608024258,0.1083332123659485,0.08365519817716324
0.40413495985874753,0.011890786531533429,0.18245172823487776,0.4015225253748413
0.16759649980404315,0.2580440217511065,0.5312438259621707,0.04311565248267955
0.38988270056060387,0.539948739615246,0.039095987276418526,0.031072572547731686
0.13063935542081392,0.24136746335621403,0.5831646092458946,0.044828571977077326
0.6657966860356554,0.22943280359438986,0.019790926513001628,0.08497958385695308
0.14244036867839918,0.3809011178434049,0.3288171349312705,0.14784137854692542
0.7953798579248381,0.12420826092141751,0.03973200422994539,0.04067987692379895
0.39812038351430734,0.337905632003914,0.04861641390359579,0.21535757057818286
0.022841674195671593,0.05181623136984786,0.6485997797754958,0.2767423146589849
0.07264519988317471,0.8167583814392465,0.040703118648638355,0.06989330002894058
0.326235772240558,0.21280461233561015,0.03564943944667466,0.42531017597715726
0.08719336567924468,0.30828474896405966,0.5574048163827227,0.04711706897397314
0.09979368233701959,0.6234825869071661,0.14941795393981966,0.12730577681599484
0.09472626908888242,0.0966770739498178,0.06915254142628224,0.7394441155350177
0.061162473681196476,0.20371453944635415,0.714827796981792,0.02029518989065721
0.20671959423066028,0.21150758703129113,0.12069200973154154,0.461080809006507
0.31621966981743976,0.3702551572286327,0.24721321618453704,0.06631195676939056
0.04693775377436916,0.18655989547444962,0.462733658689116,0.3037686920620652
0.26161326610062346,0.06376422066452676,0.44680779902661244,0.22781471420823735
0.19673702491534642,0.0005059320573684485,0.7174400257126957,0.08531701731458945
0.12326252928885598,0.10283771175795403,0.4802743417879656,0.2936254171652245
0.029212970134202064,0.4800086429531028,0.22299564747023384,0.2677827394424612
0.07509600922709248,0.3751455669712097,0.35968792894480445,0.19007049485689342
0.49336607552986544,0.4396625103996696,0.03889703224911329,0.02807438182135154
0.6291577129701417,0.2721480884878135,0.007904787139137379,0.09078941140290768
0.19676144205603263,0.12692672956477005,0.1730163018854583,0.503295526493739
0.22185800032705413,0.015792406979743955,0.35388041212539195,0.4084691805678099
0.1697268968805134,0.5249364410089169,0.20227888061265237,0.10305778149791743
0.06850661126533814,0.5202941913026646,0.029179338859400376,0.38201985857259685
0.3432274514917307,0.12155320533491784,0.26501733836656616,0.27020200480678536
0.10402283908173698,0.031205876746025926,0.41603966052768615,0.44873162364455094
0.047343815063266965,0.5144785516325596,0.15170779370085388,0.28646983960331956
0.259069236251311,0.24997986426369112,0.006612239823102718,0.48433865966189527
0.22371343578035435,0.2241402560885322,0.5441227259758934,0.008023582155220067
0.08905714511573745,0.11298535180225112,0.042513757748393936,0.7554437453336175
0.02953402401514752,0.20874512435676734,0.024854321315733726,0.7368665303123515
0.2046056313020934,0.5382808964642593,0.16479721207291503,0.09231626016073238
0.052973548293582674,0.21992528851032908,0.48889033776287183,0.23821082543321637
0.27625401756908197,0.5012573181113483,0.1464507826628838,0.07603788165668594
0.27205052688820003,0.5347266528668614,0.18192811766926684,0.01129470257567173
0.30843099881605784,0.31928390978586124,0.3614189166574118,0.010866174740669086
0.07639171032431556,0.25004246688098425,0.22675858499857432,0.4468072377961259
0.21237750003095415,0.12464074422120536,0.4024476100999265,0.26053414564791394
0.11387333304941094,0.279916463400086,0.5883971644209982,0.017813039129505003
0.7900477979487837,0.00762962958716641,0.07832059221361183,0.12400198025043817
0.24811419125572762,0.41821416803182426,0.15217031686332674,0.18150132384912143
0.12799461314616786,0.012388964800590317,0.22252602999993606,0.6370903920533056
0.45765126007771423,0.3227208332692229,0.1925840540928868,0.02704385256017612
0.10438645431494487,0.2890935576904831,0.5721821733148053,0.03433781467976678
0.40778884679496796,0.31353283069974974,0.09117772051437356,0.18750060199090868
0.5568893970852616,0.01743618219358765,0.2385536700848386,0.18712075063631212
0.28960727441959433,0.14953078669896883,0.36575110442766473,0.19511083445377214
0.5341296464978138,0.1394512173555441,0.015049548899728165,0.31136958724691377
0.13178432751956987,0.4243889488372607,0.09517580847264964,0.3486509151705198
0.03465433710974396,0.39809261432352505,0.4565492945958774,0.11070375397085355
0.21940211818066718,0.6331483202307495,0.09557690731953042,0.051872654269052826
0.2930647872675386,0.5505753815802786,0.026926520689777036,0.1294333104624059
0.3554497960478568,0.02341430932309684,0.40640366313681936,0.21473223149222698
0.1162619143487745,0.38952209833309454,0.17939728958829018,0.31481869772984084
0.03320757117904959,0.03877348979777879,0.30337216717531656,0.624646771847855
0.3494981501935635,0.1947247621664724,0.44956362858960475,0.006213459050359316
0.22035208697446193,0.43285030196271806,0.26191241372633833,0.08488519733648163
0.1764846028734124,0.1629623387347992,0.022672994500420898,0.6378800638913676
0.8495310811010435,0.10094422116227984,0.025349376287545102,0.024175321449131624
0.05928013337192882,0.6844567123762103,0.03301865100654947,0.2232445032453113
0.1641117212460961,0.40552395694865895,0.35429413247837066,0.07607018932687445
0.12418788075150636,0.1023848563775528,0.5414353122395996,0.23199195063134115
0.776151744038931,0.07082936823066276,0.15263013396484032,0.00038875376556602126
0.04394585292917382,0.2752017813577429,0.030385176616340492,0.6504671890967427
0.691006351725254,0.07926829945295744,0.07178927909439732,0.1579360697273913
0.30556840450200917,0.41271367829248146,0.16566962608257677,0.11604829112293287
0.4148535027002898,0.015970434108816354,0.1607269877817001,0.40844907540919384
0.045992051938894864,0.433253516019232,0.3853474876869113,0.13540694435496195
0.09544291864146116,0.3968986043983082,0.24262516588750557,0.26503331107272515
0.6948055831177011,0.09155922586163365,0.1283444512995336,0.0852907397211316
0.00034194864582010585,0.09870090873544118,0.4149454958222076,0.4860116467965311
0.30612009293025577,0.25025501266839517,0.26897204480428677,0.17465284959706232
0.5258885225768539,0.1801888432701788,0.09804845338265303,0.1958741807703141
0.32620461889461577,0.396246783272945,0.12219783346195154,0.1553507643704877
0.5127542330679542,0.04722662916113654,0.38582382190227105,0.05419531586863819
0.3280230595095877,0.026767941127988398,0.6401970028716951,0.0050119964907286785
0.2109261287144479,0.30033719677472426,0.15332168569619872,0.3354149888146291
0.46610126997901685,0.19175052308345095,0.0033864886169529,0.33876171832057944
0.017502054127517163,0.04074092655530828,0.9097694014331786,0.03198761788399593
0.3343359291475785,0.011836835807738064,0.19911838913045599,0.4547088459142275
0.02664487192340034,0.14152151567424626,0.09132442271057017,0.7405091896917834
0.0352308940328041,0.1390152870097839,0.8203061038183062,0.005447715139105732
0.271192739301049,0.10797606994505182,0.2788667811647217,0.3419644095891774
0.13454704558375943,0.5739013032785794,0.11792026805924516,0.17363138307841597
0.33408450507836396,0.008809892324450397,0.5780243489676554,0.07908125362953022
0.4990274963389305,0.11001922919936076,0.15643120352202308,0.2345220709396857
0.1136424792821611,0.368594240310868,0.0016061281993488485,0.5161571522076221
0.25125661462005866,0.41901409578364623,0.019876866367228727,0.30985242322906636
0.3112828884366461,0.12610854431703286,0.04822189593840287,0.5143866713079183
0.6251852745374482,0.15845214870211116,0.042158864288792605,0.17420371247164812
0.06534379701835814,0.8554514452372934,0.012976630099836399,0.06622812764451212
0.16631920320942303,0.3088279416532921,0.07697581354568238,0.44787704159160246
0.4025425638494074,0.09265596329829827,0.1385431344961897,0.36625833835610466
0.003525745239813429,0.739190312637129,0.23766994380305073,0.019613998320006817
0.577536146277973,0.18091651208018883,0.22702806623041524,0.014519275411422993
0.539963105700822,0.14496870766721695,0.12815795808538102,0.18691022854658024
0.07799050150827803,0.27895639426288943,0.11998265933570795,0.5230704448931245
0.4195975178414048,0.0885095445065871,0.06528149375873629,0.42661144389327194
0.44399927364742797,0.023232170576097166,0.1765627069412028,0.3562058488352719
0.5813529965967474,0.0010612810873739343,0.026829364613407087,0.3907563577024716
0.1653659910749407,0.5923489042017016,0.12108473760048659,0.12120036712287124
0.021402046733481117,0.48228881718407096,0.18377986195914095,0.31252927412330683
0.10315139600034755,0.644534239181761,0.0032638086200414544,0.24905055619784994
0.08188923472606442,0.27966130805971123,0.10201942924148284,0.5364300279727415
0.49416717718053943,0.007230040262284349,0.4289460317941877,0.06965675076298848
0.26545665481069586,0.1347460918552099,0.06648171371130751,0.5333155396227869
0.21689368631239936,0.25417529628844526,0.3577837641704814,0.17114725322867383
0.38832160865943394,0.03259807707782334,0.41216088678784335,0.16691942747489932
0.666616556482358,0.2320432590919701,0.024804432396345045,0.07653575202932697
0.03961200710541095,0.4694416472215016,0.35740873510426796,0.13353761056881944
0.017881121888751926,0.20328921408879527,0.27529480292259134,0.5035348610998616
0.3160095685980857,0.3256419690127825,0.007090745204849591,0.35125771718428206
0.366060212708122,0.36741298441424564,0.22909358359463852,0.037433219282993965
0.6524225421224525,0.019044300837774572,0.22907989182452598,0.09945326521524683
0.13289086784769696,0.3121598943735566,0.28700264715875734,0.26794659061998916
0.2587022669238712,0.6280672241943838,0.10975453119298607,0.0034759776887591646
0.4413815142533638,0.17245240264268255,0.03784460099830269,0.34832148210565106
0.21867842555193043,0.4498840284721492,0.1849678760168817,0.1464696699590388
0.039383542494656615,0.1732043896162464,0.012443359968476021,0.7749687079206209
0.362842178891979,0.3753714033999258,0.11447847057960872,0.14730794712848647
0.2770788899559235,0.2680690400254671,0.20298711809396863,0.25186495192464087
0.15679943518000816,0.2639934302240764,0.27513720649135126,0.3040699281045643
0.18038550677807255,0.09247563998500115,0.15542513521604062,0.5717137180208857
0.06776294103785765,0.010543772815335644,0.48453914448900814,0.43715414165779864
0.20662186293979204,0.32329835622864506,0.3999023450029873,0.07017743582857545
0.08250765634878476,0.1363042187737609,0.5673507590535474,0.21383736582390678
0.3378179803416427,0.4314318182495915,0.005057072527443454,0.22569312888132223
0.5309422290746104,0.07601779696342392,0.28528511642090715,0.1077548575410585
0.439592856276307,0.37918066600568573,0.12131701805633038,0.05990945966167694
0.37341496139219527,0.40674057246340717,0.10394703517356997,0.11589743097082769
0.4177757287094884,0.0923301490770595,0.28826539738409507,0.20162872482935715
0.37499247870408897,0.2704643042667563,0.17843599467831148,0.17610722235084325
0.0060731259181265335,0.5476204464314899,0.02868126445917594,0.4176251631912075
0.056884361114398936,0.20113991027478983,0.26174805698238246,0.4802276716284287
0.22836679909079585,0.16131657047479067,0.06263209027015246,0.5476845401642609
0.12448150021582595,0.09620641316619713,0.7213776356605288,0.05793445095744803
0.5109575238026602,0.11606186479720518,0.35702074861974126,0.01595986278039339
0.5004537639057769,0.12108239998279818,0.04660365243200177,0.3318601836794231
0.39339233637984056,0.16987809412911561,0.3564772065474279,0.08025236294361601
0.37154508248598545,0.011095944564942083,0.20170218188812886,0.4156567910609436
0.20950522135220861,0.2196888987793864,0.028549397166447374,0.5422564827019576
0.0006125709370204072,0.35723100802396457,0.307161208613094,0.334995212425921
0.19058239896402393,0.133750369049004,0.5823420892843446,0.09332514270262728
0.05782834975996244,0.08878865360679926,0.3473325183351185,0.5060504782981198
0.2540944078701938,0.07579099664336413,0.16762369367733157,0.5024909018091107
0.09933773653915978,0.2707625128077629,0.277362812653612,0.3525369379994651
0.19871746158079936,0.20689911603700148,0.42864371836137727,0.16573970402082194
0.10866502402527439,0.5814319493461103,0.11607147842793562,0.1938315482006796
0.3648104629687666,0.061608667001100584,0.2017005023624631,0.3718803676676697
0.012655426919835532,0.43034695945201107,0.33246907520755165,0.22452853842060175
0.1413947228642674,0.1515015581737117,0.248256697011609,0.45884702195041194
0.31095773167838087,0.3035549752371961,0.2617456331496734,0.12374165993474967
0.23013637133478382,0.432149381816596,0.16634992270441243,0.17136432414420774
0.09308795133957318,0.3204184682792993,0.28936667163340435,0.29712690874772324
0.31492907162801187,0.3853255627787146,0.0007477343299106292,0.2989976312633628
0.02532382358644597,0.5319356684610015,0.1760545240330343,0.26668598391951825
0.042534366539978045,0.8878909130115141,0.015305796359853324,0.054268924088654566
0.08841793777115294,0.5202419878254674,0.1863247796647549,0.2050152947386248
0.407208874569482,0.07738504430016652,0.14733796478252914,0.36806811634782227
0.06445866524048387,0.5637807453027106,0.2507287737685472,0.12103181568825833
0.0076987275376442415,0.23471914322182133,0.15818252128576896,0.5993996079547655
0.12873072695745869,0.6487615388968024,0.11853446540865183,0.10397326873708695
0.6849025051869966,0.04332770966071577,0.013602947385529635,0.25816683776675786
0.07635862049589855,0.49450466179911184,0.02665482551964421,0.4024818921853455
0.286918219616929,0.5895402298918732,0.025396887483252886,0.09814466300794489
0.3735085796435628,0.029076906379849863,0.005194433957364176,0.5922200800192233
0.11399971151754291,0.11130228815580097,0.035162249173425066,0.739535751153231
0.12257272990753011,0.5304495563175832,0.2772610769230103,0.0697166368518763
0.017329563874601397,0.2079029225932953,0.02995883177271619,0.7448086817593872
0.1553730138193029,0.46848597689131843,0.3096496828975661,0.06649132639181252
0.08901298456359923,0.31752005257836735,0.26984591322355544,0.32362104963447796
0.3337832828085991,0.011471705157538523,0.08806169176557414,0.5666833202682884
0.2622933609038499,0.4550152825150241,0.27736340301391926,0.005327953567206707
0.7218878029703109,0.17082117893276333,0.07440681906310626,0.03288419903381941
0.2759070243566056,0.27359659330674907,0.3560226307932935,0.09447375154335175
0.08371680265979863,0.5239963313484338,0.2713193998829344,0.12096746610883309
0.30265585644536963,0.30423027113773,0.11904477514995399,0.27406909726694617
0.28681471266492287,0.38983914914657425,0.17881911251426402,0.14452702567423897
0.42414306529953183,0.056167857247791615,0.1511591249790924,0.3685299524735841
0.3347697325235969,0.17400414458768718,0.08565706625161941,0.4055690566370967
0.2327098848926868,0.2313921862695784,0.4033691043128925,0.13252882452484224
0.5486841654814111,0.22043548769238902,0.05330110725663558,0.17757923956956456
0.34525463040673937,0.2671096575972089,0.09642091358848419,0.2912147984075676
0.37539490851211527,0.38684788420540156,0.2067270671816734,0.0310301401008098
0.051586705728035885,0.4903054751698467,0.44469454165273475,0.013413277449382432
0.3399858638733601,0.08648200567572358,0.3879697347327368,0.18556239571817967
0.002037723378542246,0.747260831022816,0.140225658900286,0.11047578669835578
0.13713431182682828,0.19950236973484628,0.6262939772421159,0.03706934119620951
0.23303820604805417,0.11888295701160065,0.09964771237045426,0.5484311245698907
0.4236861593682005,0.022544951970902175,0.015312011978334079,0.5384568766825634
0.14949655455486285,0.19180817932873076,0.44861040682404607,0.21008485929236026
0.17580268579377376,0.2717282074957567,0.5241389041663007,0.028330202544168914
0.5644143931682921,0.02903004479054947,0.38069990715142166,0.02585565488973673
0.2400143804133951,0.49692914712033937,0.20023948425621493,0.06281698821005062
0.004223129005927373,0.4900681202377614,0.3841029520194323,0.12160579873687888
0.11143546192090564,0.42434631412184276,0.04092276369250236,0.4232954602647492
0.038693970676436075,0.593734549503694,0.2813233140426831,0.08624816577718682
0.29808939604117884,0.059341579919324636,0.24685092686049367,0.3957180971790029
0.3788654056935199,0.5590503334485151,0.013710604868254329,0.048373655989710815
0.6594587431442759,0.013260454855818492,0.26291737880227645,0.06436342319762905
0.11262778440392487,0.5529436311316801,0.1899887622840787,0.1444398221803165
0.60717468372627,0.05287251737230167,0.08176712193798644,0.2581856769634418
0.027030797579367556,0.3751029994763481,0.17609880013992768,0.42176740280435654
0.6548077139635284,0.280700965186744,0.058545957955208526,0.005945362894518986
0.04042019611698175,0.26130997131989836,0.2341834996843145,0.46408633287880535
0.05409764416232869,0.23295286515825828,0.5195460012725067,0.1934034894069063
0.05933325632041237,0.6950552942359867,0.20978549254091092,0.03582595690269011
0.5497603352942744,0.19136615633631907,0.09348443987712916,0.16538906849227736
0.44610984444872714,0.21310821584966474,0.16176540850751903,0.17901653119408906
0.13504835868944295,0.482298352005633,0.2575972767799337,0.12505601252499052
0.10642143677403186,0.231793156955836,0.2597392179038317,0.40204618836630057
0.1466056499491574,0.24830131322660925,0.3347932159661133,0.27029982085812015
0.19404259654403286,0.41318580588350784,0.3560516996530285,0.0367198979194308
0.0888491460251219,0.4064490528361552,0.3369522934548542,0.16774950768386881
0.36884629398053104,0.2324064323349167,0.17322271552453086,0.22552455816002148
0.00220230485379906,0.1261233916687892,0.13422974787699046,0.7374445556004213
0.07953639356426845,0.5000732365648393,0.10522479617226682,0.3151655736986254
0.06250822289177842,0.06287785518902043,0.39446494985790664,0.4801489720612944
0.5173129877693243,0.39596066397801344,0.022283839921266615,0.06444250833139567
0.232935021408454,0.6317001173465357,0.10798798160847146,0.02737687963653878
0.0904448169712324,0.44334251995313595,0.34803926864752144,0.11817339442811012
0.4292985362702731,0.20938954199458126,0.05411296183619207,0.3071989598989538
0.0283001651274292,0.4000327157396206,0.3411277810260126,0.23053933810693747
0.15854754641256122,0.16271741116340946,0.4964633792619004,0.18227166316212884
0.25392405997615397,0.6448731387082736,0.051154948823008195,0.0500478524925645
0.37040146385956396,0.29256352505922906,0.3319467019832761,0.005088309097930905
0.029246779967295727,0.188224933944873,0.6073324409365287,0.17519584515130254
0.09036561235873176,0.09556935065652268,0.48482068652183646,0.32924435046290906
0.521451245688105,0.24316431336233238,0.027223674817230575,0.20816076613233211
0.0032350907542691917,0.7910496779582642,0.1640630796156293,0.04165215167183736
0.39970869770970047,0.16572712368288026,0.2672167747152435,0.16734740389217587
0.513656248641197,0.04363945051762685,0.21131612645314934,0.23138817438802686
0.2620427604112094,0.051274007826198446,0.674258580853328,0.012424650909264196
0.18368969520390582,0.2132222462055041,0.22642831516415687,0.3766597434264333
0.4552457156542298,0.13735696037103953,0.2704010316413105,0.13699629233342026
0.22381616199556506,0.2139703818850181,0.4811188940653152,0.0810945620541015
0.24283421004986155,0.034110978282441654,0.2789915289306846,0.4440632827370124
0.4087216721658022,0.3554928485586999,0.16259468619836726,0.07319079307713063
0.6387139528898249,0.26236669018274866,0.04526718788450028,0.05365216904292608
0.45803127005443905,0.2110482620197584,0.2572072420849876,0.07371322584081494
0.1674767559803414,0.08068251041499874,0.21161879849506343,0.5402219351095965
0.03217527162758296,0.7943249366036821,0.14574415727160217,0.027755634497132795
0.5844802798842285,0.02891739603993021,0.009530536597998882,0.3770717874778424
0.12201858975409785,0.7235699216309271,0.001148022346163155,0.1532634662688117
0.15109648410305865,0.14195928925308346,0.27765157902471044,0.42929264761914737
0.3207269082684537,0.1816313664552071,0.2572447119883028,0.2403970132880363
0.06009784559558521,0.44551325091550575,0.4895267757252976,0.004862127763611514
0.0034222892287860142,0.28330971793807724,0.2931072351731976,0.42016075765993904
0.1503647608449567,0.5975166558315941,0.11561667891686313,0.13650190440658605
0.5614889607108544,0.043514596460895165,0.08721701103835894,0.3077794317898914
0.37896496465777113,0.4604867306393249,0.07823537024466973,0.08231293445823423
0.29108327901212144,0.14026598499977347,0.5226206421298011,0.046030093858303936
0.7947290394542486,0.0367452643033959,0.10062607690567418,0.06789961933668136
0.6155688648131733,0.06609201335970499,0.2173183452787494,0.10102077654837223
0.22397124107634295,0.3913243414039991,0.33456308922656497,0.05014132829309283
0.01190645340703565,0.3006122766567996,0.16187619794808067,0.5256050719880841
0.0038130184127351746,0.1629599424461465,0.43143996603217927,0.40178707310893913
0.2030047299718539,0.40446540325242825,0.13471652323389305,0.2578133435418247
0.4111219299516002,0.4175611373349838,0.053852830293013035,0.11746410242040296
0.05601906841955432,0.6729737974020317,0.19116004431456768,0.07984708986384642
0.073487546498512,0.47825849689518374,0.32763675058938113,0.12061720601692302
0.05034468998044701,0.06677537365299879,0.44893459796346635,0.43394533840308785
0.28912550330817666,0.08790578421028651,0.3894215754207702,0.23354713706076663
0.35873558784429727,0.024841734149906387,0.013111350184032707,0.6033113278217638
0.23211116321989406,0.11687399031450413,0.0929053595742094,0.5581094868913924
0.31049669074004116,0.17057085841987382,0.1621738473215277,0.3567586035185575
0.04850514689569754,0.25393140246233886,0.17641043348291935,0.521153017159044
0.24344242964966872,0.5618303614987292,0.08281805813479347,0.11190915071680875
0.09230760005161896,0.35253632268163326,0.4981804850576034,0.05697559220914431
0.2273064078457182,0.007422565366976026,0.6685140132721937,0.0967570135151122
0.2481946404901313,0.020306677477218135,0.5851482392609317,0.1463504427717188
0.4911567907657879,0.45836075237354984,0.01614874861672028,0.03433370824394203
0.21532091043710044,0.21757221150544465,0.45035669229857495,0.11675018575888006
0.016732598839572427,0.4571679760563345,0.5260551531729006,4.427193119252345e-05
0.38703376674915335,0.09135142956032266,0.06595436177534124,0.45566044191518273
0.022876629148637754,0.01945382393458546,0.6977108435316065,0.25995870338517024
0.22850160843400652,0.2926545278973947,0.025330251853455294,0.45351361181514344
0.05278617316154887,0.4626946986258979,0.3127149048834136,0.17180422332913964
0.3114866446898712,0.46744168000061803,0.010002836536308462,0.21106883877320215
0.43140799098649935,0.03412244357641285,0.22828241695492388,0.30618714848216394
0.25638689657815966,0.07948781803073378,0.2717719972564916,0.39235328813461484
0.3162093510257447,0.16345069275703056,0.10306005346045255,0.41727990275677207
0.19891829872364525,0.05937265114029704,0.5685049409585085,0.17320410917754928
0.0032540660966187316,0.2918443574008729,0.4468759993678101,0.2580255771346983
0.741564786393832,0.09121571229335607,0.05271027901757231,0.11450922229523955
0.33804624201332517,0.36427383241791067,0.2439284054271456,0.053751520141618714
0.08555703950524907,0.9058214950396948,0.00023332041478022473,0.008388145040275942
0.19765956875841992,0.2037003883390307,0.28003211026321995,0.31860793263932957
0.3135093214598914,0.10067752502087829,0.5292642909442618,0.0565488625749685
0.06614982168845446,0.01013237939249482,0.12128857414704226,0.8024292247720084
0.09546696953714283,0.13695012942949555,0.0475993610147294,0.7199835400186323
0.022149456929095323,0.05915548983817793,0.08050213690231219,0.8381929163304146
0.12340784742064136,0.3745874864596515,0.24636241833010739,0.2556422477895998
0.2982254291686537,0.2099289201349318,0.35019540074541883,0.14165024995099562
0.387712333490464,0.12056979374507987,0.41817648505804766,0.07354138770640833
0.004663698393478243,0.19785620640129242,0.14032426170374362,0.6571558335014858
0.10259140235337871,0.08176192907284217,0.5161687607428278,0.2994779078309512
0.04392271311647787,0.3009334018633496,0.5373127835446284,0.1178311014755442
0.42576461507244256,0.01856849447623323,0.10642655393108472,0.4492403365202396
0.10598084166461937,0.35540059842643024,0.18731012872180638,0.35130843118714405
0.19257187113462526,0.09720155276147291,0.4574580855841509,0.25276849051975087
0.09631429155001926,0.0948463207059199,0.34161358816132875,0.4672257995827322
0.20847810664050864,0.7180354786107113,0.01704375576937761,0.0564426589794025
0.002789440035464636,0.8199112937642528,0.06107769995691947,0.11622156624336318
0.2678733833800453,0.2973012225646852,0.4075598708573648,0.027265523197904627
0.5037115336595687,0.23918185611340542,0.07345678499352647,0.18364982523349943
0.6428389855483104,0.11308719424863896,0.21319824926713504,0.030875570935915694
0.01184799467068333,0.151090918085187,0.5362688632925495,0.30079222395158023
0.8767336460095349,0.05033529103095846,0.07147712163870779,0.001453941320798993
0.15567888534970292,0.2104250966137654,0.5577266882665315,0.07616932977000018
0.5950399877907581,0.048002825969439444,0.13149582070901644,0.22546136553078613
0.3457003840237595,0.03225489798582176,0.3361923099312363,0.28585240805918244
0.15643609963097707,0.30273109195899567,0.5200420868184286,0.020790721591598726
0.1716221375799119,0.02472461870440781,0.6226716080437567,0.1809816356719236
0.1875454870728013,0.0557592099322758,0.34528640001057054,0.41140890298435234
0.3022950615456324,0.42229423941143074,0.08154350898945119,0.19386719005348538
0.18401989731162746,0.3281818378294613,0.27933009580596363,0.20846816905294774
0.06312679054982095,0.03432432830865764,0.6886518822984853,0.2138969988430362
0.20861736406798553,0.4437012520666541,0.20906246816367563,0.13861891570168455
0.5500586869385515,0.32577526471222984,0.08045628165487642,0.04370976669434208
0.26098859272963,0.0017112868513704288,0.30409940727780727,0.4332007131411922
0.053488560494606166,0.6076255681212744,0.21143172448123265,0.1274541469028867
0.3900044637611312,0.5085800018376487,0.007469977703935731,0.0939455566972843
0.04178347873305345,0.49752097327982153,0.45821850033856254,0.0024770476485624264
0.0015231658600378772,0.5714962460092531,0.17559864162766683,0.251381946503042
0.004289970969181869,0.8064867522836527,0.07831678022878198,0.11090649651838344
0.16447360693965224,0.2875905186710166,0.06429280467943742,0.4836430697098938
0.07493162056756536,0.12316507188031672,0.7595268377742211,0.04237646977789671
0.5939433180644547,0.16001452610713818,0.058954206288181425,0.1870879495402258
0.026264876788772713,0.12122696706243881,0.17243112453203863,0.6800770316167499
0.1079895889748495,0.426623416044971,0.2736449479590986,0.19174204702108086
0.0038175110483928405,0.5565113311458434,0.34187027338105724,0.09780088442470643
0.47990284126293825,0.15953938163954567,0.09062170424699939,0.2699360728505166
0.07409159318084885,0.37589893530329926,0.44473156121613394,0.10527791029971796
0.16771946980990257,0.35815349104054306,0.07694624172220255,0.39718079742735174
0.5137979410612582,0.048165620727905485,0.11915370533641169,0.31888273287442453
0.6920614276032184,0.0715615192749711,0.1709584326975862,0.06541862042422426
0.018803722361343332,0.1593543886941701,0.23869349094903192,0.5831483979954546
0.29690683695474046,0.3999892991326868,0.20619125341333316,0.09691261049923951
0.08428290391753684,0.39160356664103474,0.1478322047356324,0.37628132470579595
0.27134610689228306,0.4224870773644427,0.18201534706780223,0.12415146867547214
0.03779408162348668,0.10080106028950929,0.7863695824595865,0.07503527562741756
0.09258189578131526,0.2569424797741297,0.49137588908850294,0.15909973535605212
0.11543798376467397,0.41002705776108583,0.16927330048136566,0.3052616579928745
0.4446256795651498,0.039049061453569914,0.3305345256059311,0.18579073337534915
0.1809726367125156,0.3507205092890109,0.09867182658170208,0.36963502741677157
0.26168625930562134,0.3979098518100638,0.23570786015071812,0.1046960287335968
0.30762990947708413,0.2016964302662925,0.45545409244652174,0.03521956781010155
0.683104547677078,0.047524965362488174,0.013754383821151867,0.255616103139282
0.2957362879246305,0.2723043944114885,0.1565753960182893,0.2753839216455918
0.024594752181768906,0.24923675902007966,0.2580946513856807,0.4680738374124707
0.098337791410224,0.2580075916179427,0.014911605093406851,0.6287430118784265
0.04535207173374901,0.5242489577738613,0.18283531030663147,0.24756366018575826
0.2348713207357636,0.09537652199290399,0.057344994503901646,0.6124071627674308
0.17564000477876796,0.02085570847223528,0.2745278750905789,0.5289764116584178
0.48583726642111835,0.004556562239682185,0.3892887473088933,0.12031742403030614
0.40929790878505645,0.28067975953726815,0.20704397475315342,0.10297835692452185
0.16717571142758375,0.09812281384081566,0.12835058283705975,0.6063508918945408
0.16734441073327713,0.47616058059088184,0.1414103741528722,0.21508463452296891
0.4450907761617888,0.1488847917086438,0.23632015064975498,0.16970428147981234
0.05074471789615249,0.7200767575981725,0.17191117624562485,0.05726734826005031
0.5690673157259298,0.2963568111057083,0.06879674480259297,0.06577912836576905
0.05011996998195054,0.4641085182974797,0.3782307403413687,0.10754077137920105
0.08433041017510631,0.3980077596846411,0.1611356113322375,0.35652621880801494
0.08718701229296946,0.5774031565967712,0.0008284199073073385,0.334581411202952
0.5455746356822871,0.20924138903782602,0.24003027975946947,0.005153695520417185
0.31516268446228135,0.3688305905519709,0.19299572001856966,0.1230110049671782
0.10894694863810009,0.4683037942437968,0.24035927691975867,0.1823899801983445
0.4509122861149282,0.09055341136804665,0.2821798497107995,0.1763544528062256
0.3868279555568633,0.5374393248958639,0.03811598268505385,0.03761673686221889
0.028948040406704522,0.5250727316992109,0.39749559080462277,0.048483637089461844
0.052194223013788316,0.4692134538624049,0.008904941921251408,0.4696873812025554
0.27995075414450377,0.0043113450001175625,0.09556799451538314,0.6201699063399956
0.4305984111305941,0.20505034630590135,0.23059697468045903,0.1337542678830454
0.2790449624064208,0.42664170478860736,0.20559462178580398,0.0887187110191679
0.23307198472655355,0.057694444790302,0.29050378236309526,0.4187297881200492
0.10410316082840974,0.5304513522335741,0.056319357008779325,0.3091261299292367
0.40813968251334853,0.09671561948893198,0.11294934036664783,0.3821953576310717
0.22031974863355175,0.5612375465100898,0.07430951100908045,0.1441331938472778
0.18935925376350923,0.33295480344408507,0.1942817273914375,0.2834042154009682
0.39362284365063593,0.2915167487925709,0.12984438510740315,0.18501602244939008
0.062049415336276885,0.5139291142936873,0.22841386360247423,0.19560760676756178
0.13973410960157745,0.17027368543012683,0.4504231981904024,0.23956900677789342
0.245345542342211,0.24562794396167573,0.3455037716732268,0.1635227420228865
0.7070123586411632,0.06445435726755591,0.06754864045938054,0.16098464363190026
0.16675180796944522,0.5123659682541515,0.3038972948815601,0.016984928894843005
0.09972762427552548,0.09032247176378211,0.005172151906597522,0.804777752054095
0.011095897940693926,0.36809030214835103,0.14022877776317735,0.48058502214777776
0.18501940172562728,0.028419530645030337,0.06602781182596794,0.7205332558033744
0.2250444262890104,0.09025908651809303,0.6218862137688781,0.06281027342401851
0.05619720946359066,0.07641454778563239,0.7373137386102043,0.13007450414057253
0.006847307258976451,0.3020083043259497,0.6825984693247737,0.00854591909029999
0.07879612704497858,0.15309905425914025,0.6230819261023113,0.14502289259357007
0.20590999291260947,0.24392494628225964,0.20725992810940574,0.34290513269572515
0.09364030645749603,0.03898592319218481,0.3823374769487569,0.4850362934015623
0.3441064883298383,0.12143115640600369,0.05415358309061304,0.480308772173545
0.6032164869967922,0.05638094447883961,0.030066674630382637,0.3103358938939858
0.21355360047386285,0.3091280086405293,0.13909975959657883,0.3382186312890291
0.18805550907367677,0.6758815955479741,0.05802983536839516,0.07803306000995412
0.004007541256678775,0.05953497082779743,0.5086868149762684,0.42777067293925536
0.22091986805814923,0.17864471558950262,0.419784212347668,0.18065120400468015
0.22673704303081443,0.2112428690681058,0.08859025773092952,0.47342983017015033
0.028494021042384732,0.20426262920074445,0.027716417451578556,0.7395269323052922
0.2417297868009446,0.16947701768682868,0.37887070125162564,0.20992249426060108
0.22795917335219879,0.07484940481041231,0.6117387268377076,0.08545269499968153
0.035319980116742526,0.2220655546461001,0.20297427001515875,0.5396401952219987
0.2433434014726749,0.3512396262456344,0.24530398491067879,0.16011298737101184
0.14681647029450495,0.09021825998763604,0.321056611922155,0.441908657795704
0.5306833627141484,0.2613205909679934,0.1598194818617548,0.04817656445610354
0.4482118592778541,0.003605639885771666,0.3617923080275632,0.18639019280881108
0.31689298668056254,0.12237163563392285,0.40900174634799347,0.1517336313375212
0.03483696166310281,0.11013054872388213,0.03200225637309514,0.8230302332399199
0.20163305370384826,0.5864535409901455,0.1609180858796411,0.05099531942636526
0.3639070975699956,0.05347869347948472,0.33215135837989185,0.2504628505706277
0.22629969273019593,0.06556083756323812,0.009691483744396647,0.6984479859621693
0.1233385397424225,0.4371381076166967,0.3650076871770727,0.07451566546380801
0.08219342528857823,0.4278666273534686,0.023904672138442776,0.46603527521951027
0.6838249467595308,0.00594319322964466,0.1295185456632115,0.18071331434761315
0.5352469666644383,0.1491447100110659,0.07558378956205444,0.24002453376244148
0.20694932053770468,0.4493491251580327,0.15358114619829416,0.19012040810596842
0.1999566888809207,0.42732863808653737,0.08484118433788455,0.28787348869465756
0.2452183642596305,0.5426326256180136,0.0938681933984548,0.11828081672390102
0.27937248903872164,0.267737618496372,0.05127030563668029,0.4016195868282261
0.13937724991490416,0.12335606945057657,0.7027488466495697,0.03451783398494959
0.22301138795745482,0.3417838865068709,0.21591452055446123,0.21929020498121307
0.3457325000909839,0.09274526685549069,0.5595977110331226,0.0019245220204028208
0.07914164950877392,0.2389301311054882,0.5886242389485039,0.0933039804372341
0.11652733516511848,0.17215145510282662,0.3195905187572831,0.39173069097477176
0.19945275648487526,0.16402691266185754,0.0412307072944471,0.5952896235588202
0.059283773733069096,0.40882041188900065,0.048482461748875084,0.4834133526290551
0.09994587517818888,0.3898068629166132,0.1665364927376127,0.34371076916758525
0.25675641589905845,0.2931306234962824,0.374350331391466,0.07576262921319331
0.009076574161919745,0.001298641964995422,0.8185563325768286,0.17106845129625622
0.6694283235003425,0.07460592040650428,0.008598440029439906,0.24736731606371326
0.3605754855274488,0.3778426670234155,0.1344278876160933,0.12715395983304242
0.4317759669389183,0.5039056676992976,0.05594652211444756,0.008371843247336428
0.3012989213054241,0.5523062318397381,0.04537177500309428,0.10102307185174352
0.2078280054014364,0.2687150527361735,0.21883798105752,0.30461896080486994
0.14886437535054284,0.07832834510059886,0.49182076335567176,0.2809865161931866
0.4956846255686114,0.4223983876351471,0.04612317653991757,0.035793810256324075
0.14903893404214674,0.4618734526719175,0.37655719450256653,0.012530418783369109
0.5341173298982304,0.14946166511866732,0.16268041812585113,0.1537405868572512
0.33307107699027305,0.2110046438138702,0.29662921402866826,0.15929506516718847
0.1588581808281218,0.0643260239625816,0.6597490682287922,0.11706672698050428
0.4407120638411376,0.40297495155583624,0.035337809533106335,0.12097517506991985
0.029255158779231002,0.11581238155473118,0.6045864159245551,0.2503460437414828
0.1414875876668736,0.02517136862539446,0.3561799891724014,0.47716105453533053
0.1398605398148476,0.517726735554071,0.06678069562323742,0.2756320290078438
0.3130569097634606,0.3911840559460005,0.1054612877642951,0.19029774652624368
0.18678446804194518,0.009140977231091026,0.08875392759191605,0.7153206271350476
0.1796978798474278,0.07623449985840393,0.12697726352456865,0.6170903567695997
0.13657856232506108,0.2512765586888408,0.18512087465987231,0.42702400432622584
0.12650436341112384,0.2104554266785588,0.4120269437691784,0.2510132661411389
0.43493399149805173,0.1740237484354856,0.37454265704789586,0.016499603018566792
0.07225322863731011,0.6976552587319025,0.0004199496444042657,0.22967156298638317
0.18801861083815927,0.45681366573960164,0.2274566778404378,0.1277110455818014
0.6845461754568913,0.02504773826097079,0.1812507684061828,0.10915531787595516
0.1584703838574182,0.22598036610701216,0.6089265504281202,0.006622699607449477
0.31915676809572496,0.5671855109651714,0.09128963388208972,0.022368087057013913
0.5853945087091529,0.015205983157740993,0.05993237307898182,0.3394671350541241
0.2076809437815732,0.427963046676921,0.12636912961919236,0.23798687992231357
0.18625464934782357,0.005986169022254687,0.7708947587706099,0.03686442285931184
0.03820494034903535,0.731332674748583,0.21510716152308007,0.015355223379301395
0.721294681316849,0.04632516657061955,0.193880856045518,0.038499296067013376
0.3496319122647374,0.17663695899325318,0.18070903147727763,0.2930220972647318
0.18573290407559354,0.31618148084043946,0.09556586326777618,0.40251975181619076
0.4355263727848834,0.17403208795820016,0.05052635585333911,0.3399151834035775
0.26897257098512906,0.18929234342377707,0.5176289243373333,0.024106161253760715
0.46691856340912424,0.2755373108980331,0.016028068985370906,0.24151605670747167
0.2518845585935879,0.13940170676337446,0.27235906454754777,0.3363546700954898
0.25966237228983247,0.32221060648703187,0.05816829619057398,0.35995872503256165
0.1030488373158187,0.2493417892013546,0.5088948941678811,0.1387144793149457
0.2285143327602854,0.23502256964525664,0.06373003702201845,0.47273306057243947
0.4221083671808682,0.3212697172479586,0.11278534201538343,0.1438365735557898
0.37240898762309566,0.4050843700740367,0.07468423913476405,0.14782240316810363
0.4288593738270557,0.08039576514753201,0.18915892520176739,0.3015859358236448
0.4130913209914054,0.04201748334176889,0.36713612652920535,0.17775506913762057
0.24110135039354044,0.16753193446273315,0.5292944464472005,0.06207226869652587
0.5677264305870541,0.06228131406684534,0.1890813042732343,0.18091095107286637
0.00923683872631547,0.6995825250883648,0.08226993461268867,0.208910701572631
0.1477529581312109,0.5573328819597937,0.2710934265860255,0.02382073332296992
0.3975410219542228,0.4455185522860115,0.0847737888538289,0.07216663690593661
0.5116690918745322,0.262598760482978,0.015499259794306271,0.21023288784818356
0.5356767302104822,0.2565248110369375,0.16575308198659128,0.04204537676598885
0.20628915264755018,0.14375819999756065,0.13354860283748346,0.5164040445174056
0.5318001507836059,0.3138779682783139,0.039096575103702284,0.11522530583437807
0.10213358565502673,0.17880321498404075,0.21817870264946063,0.5008844967114721
0.13216087607844582,0.47015675393383966,0.18628809709398228,0.2113942728937324
0.1349159755902836,0.2802720484106234,0.36588408136866857,0.21892789463042453
0.09877139276909264,0.16905819501383768,0.45512141858164373,0.2770489936354259
0.36667929158982465,0.31626260282366986,0.021029624572322696,0.2960284810141827
0.20396577493918222,0.4411310655486282,0.04048908596198767,0.3144140735502019
0.08859561621133134,0.07235277132149343,0.3023240460182308,0.5367275664489445
0.15576536507873404,0.5002800116697053,0.19612467056060495,0.14782995269095572
0.5519760665667137,0.004077254663843547,0.1083437703958598,0.33560290837358286
0.01667959723820692,0.19705526428043546,0.5628208233228138,0.2234443151585438
0.10532528843443152,0.5196052144909129,0.09140639868673751,0.28366309838791803
0.6826291085567072,0.09865178936168886,0.05224637524928299,0.16647272683232103
0.41405288150150565,0.27458961643828816,0.01636854531550212,0.29498895674470405
0.22290706584559775,0.36736697949748887,0.12288139821835234,0.28684455643856105
0.15042992960530666,0.13448257007410325,0.44166090730775015,0.2734265930128399
0.0984445478368294,0.26205656617086953,0.5444765628893976,0.09502232310290346
0.03619646449649731,0.2899821090253884,0.05561946577663458,0.6182019607014796
0.4299663747699396,0.04425390237174324,0.23465674034530568,0.2911229825130115
0.2814020349670003,0.6826833039701463,0.01732686801354047,0.018587793049312993
0.006267191444643852,0.03185101948324886,0.20712247651592175,0.7547593125561854
0.12180717079022564,0.16482774521451338,0.012788212255316922,0.700576871739944
0.3183156796576411,0.06526016083884079,0.13964946549518545,0.47677469400833256
0.23025704494595084,0.09359151465524564,0.6376550622987361,0.03849637810006752
0.1432990608883741,0.31836094757779654,0.4516637516045812,0.08667623992924817
0.14427020949096492,0.6811149837665504,0.05119321700502501,0.12342158973745959
0.03717914944820897,0.11960284942779872,0.07600330177091584,0.7672146993530764
0.60322068720398,0.039178700614513784,0.09930428422968851,0.2582963279518177
0.09889781149537764,0.363896010959407,0.5017312360576996,0.035474941487515774
0.02494618580848886,0.1590009180092781,0.33503920930088105,0.48101368688135204
0.2425454962482252,0.09313984422565151,0.10047239526195267,0.5638422642641707
0.1839551328509906,0.2672145079406405,0.428414851369503,0.12041550783886593
0.04980805564764046,0.20369605124864623,0.35459046652393955,0.39190542657977373
0.18726338527834174,0.1802299634863745,0.3094810453796439,0.3230256058556397
0.17105580665795334,0.23823421731981367,0.5262972163768717,0.06441275964536133
0.0016647262774465747,0.5486065695748181,0.3238563636916002,0.12587234045613513
0.2926024586714893,0.1604035463942328,0.4536226768872993,0.09337131804697853
0.41551186015125685,0.33236290983380706,0.1023178324327885,0.14980739758214756
0.08409646446630242,0.13213922114474522,0.24415086722832322,0.5396134471606291
0.014752185403960023,0.1572305686668512,0.7610360051353596,0.0669812407938292
0.040408123270995806,0.05718504731776106,0.8525523267857423,0.049854502625500785
0.4851597164875803,0.4094730019001169,0.014001186052814304,0.0913660955594886
0.43383969486102003,0.18355887608577592,0.28167010098476164,0.10093132806844257
0.3583256360455706,0.3990892265567346,0.12445555791133955,0.11812957948635523
0.04363185743556789,0.018778017518650762,0.8834611141826988,0.05412901086308256
0.006999898211420334,0.1790382433068953,0.8056825884685146,0.00827927001316965
0.42775836638564674,0.1743890947079822,0.35949652377685026,0.03835601512952092
0.021807856569508458,0.5297815018097204,0.22705425161834328,0.22135639000242782
0.4712178350913498,0.32491026672105683,0.17067103351908575,0.03320086466850767
0.46037457870983955,0.0403111357957804,0.35202344327873614,0.14729084221564404
0.034375294086414515,0.6051889496142224,0.249364027644081,0.11107172865528218
0.26292584309206846,0.31925970955482247,0.3414500708084875,0.07636437654462161
0.026316311273471036,0.557219725014327,0.25180171951049096,0.16466224420171094
0.3754475722397574,0.4075371166822554,0.003004302586207737,0.21401100849177945
0.02278841968022147,0.4525004869272245,0.21791994501395298,0.306791148378601
0.4528750584445378,0.4428350386942281,0.0018123290945163508,0.10247757376671776
0.18245698328242652,0.08694974339270166,0.41357969218953305,0.3170135811353387
0.04295461838378247,0.20294591742120718,0.5538785428523726,0.20022092134263783
0.03245833403466549,0.27284707399524094,0.05944634782013169,0.6352482441499618
0.2318077241699284,0.4345863501328461,0.032564043663742076,0.3010418820334835
0.4865872884420031,0.03284879307982453,0.260057443753163,0.2205064747250094
0.15765032309632018,0.15519750168101137,0.2149491408602014,0.472203034362467
0.26684730947075885,0.16979360584734468,0.2187057315100923,0.34465335317180407
0.13688470808905656,0.12750583446714775,0.06765692297792432,0.6679525344658714
0.24625822284876528,0.29631584431856767,0.04942657387300789,0.407999358959659
0.22712394300858377,0.2875549423606824,0.13789303550540138,0.3474280791253324
0.29979582088355056,0.14843466161700777,0.05235876823542677,0.49941074926401485
0.13091788237600502,0.5853828259984488,0.15820620462571902,0.125493086999827
0.2561046658067413,0.689496048986587,0.002655614094824102,0.051743671111847474
0.31376284564097334,0.15191453506868574,0.2890343900619496,0.2452882292283913
0.606631405333613,0.10670014390654178,0.20038538246946175,0.08628306829038325
0.3252696965788971,0.4121833778310501,0.13346937757265365,0.12907754801739915
0.1521475572678392,0.483760472071156,0.11018318456790757,0.2539087860930972
0.45625446077994547,0.23237907986122053,0.2696456119012683,0.0417208474575657
0.13408500990670547,0.10799974439308606,0.024526620667507337,0.7333886250327012
0.1136545933141705,0.36208535995300645,0.31980233372706657,0.20445771300575644
0.27781493220955045,0.3968830749040565,0.05442586552362085,0.27087612736277233
0.09177423713213204,0.21882010326009962,0.27739869169751336,0.4120069679102549
0.2229599665368159,0.08514395321048533,0.4994729842017847,0.1924230960509141
0.05972786227818603,0.6032531136865309,0.09196806163865372,0.24505096239662943
0.18440338636986306,0.6554219280216267,0.05897600115752807,0.10119868445098226
0.016340838513228255,0.836871060438421,0.0955888406846839,0.05119926036366685
0.059471892983047184,0.2932884058216396,0.3921242954852719,0.25511540571004127
0.26583257696294077,0.1330209971131083,0.24738887198736573,0.3537575539365851
0.2651540056568935,0.416888537525382,0.20340496898569443,0.11455248783203008
0.07539825047693414,0.5883935501183993,0.2440813820297514,0.09212681737491511
0.02793731976686985,0.3509120539254936,0.5426021226637309,0.07854850364390566
0.025117033293721298,0.3483341841971237,0.30672433296071494,0.31982444954844
0.360205789809921,0.27517155876723437,0.13171163250602158,0.23291101891682306
0.039678797134221566,0.6521046677157354,0.05855584044303753,0.2496606947070055
0.09276528475828553,0.007978413751629072,0.3567373392784819,0.5425189622116037
0.5438487645844247,0.07331940367346924,0.22275175763590088,0.16008007410620534
0.1710916958220398,0.021372100194008457,0.2813901792642897,0.5261460247196621
0.031810159047959634,0.3429275269359723,0.22734349047365987,0.39791882354240815
0.02815265547816066,0.12456126908768443,0.5475043622365557,0.2997817131975992
0.04567096751759569,0.025253899885184016,0.1924381540544432,0.7366369785427771
0.049678592183109015,0.4169829482811496,0.1795623165442636,0.3537761429914777
0.06049147787529874,0.1618343859195182,0.4198444578234461,0.35782967838173696
0.49238893611846113,0.36689213834508594,0.1116127502268366,0.02910617530961647
0.12745052882497282,0.12930753387004532,0.1244722536460724,0.6187696836589095
0.017142364235887986,0.5712694377633541,0.30298206869302163,0.10860612930773625
0.7327590678446562,0.204379087546452,0.05347016967800695,0.00939167493088502
0.31270133489274665,0.09204604118854492,0.31676966645032806,0.27848295746838025
0.01006091672936284,0.2004894621487392,0.10306920159408493,0.686380419527813
0.06523997975578448,0.19000199518186778,0.029883167868316986,0.7148748571940308
0.30294695896155477,0.22748713891347133,0.15327330922123736,0.3162925929037364
0.0359325756329853,0.3086496447859232,0.21326968713899305,0.4421480924420983
0.006717361426333805,0.11463879795771448,0.5115514134286396,0.3670924271873121
0.21110333274720933,0.22318240238743486,0.3922639051638028,0.17345035970155295
0.4351490920004417,0.2361752674450042,0.2870839210807377,0.041591719473816485
0.1253893506761058,0.42606202482006966,0.40234499240514415,0.04620363209868037
0.028808201452461525,0.7684597953928786,0.09188434876144079,0.11084765439321918
0.10960166812483253,0.009653530217396547,0.5301817775347143,0.3505630241230565
0.042517364550573596,0.5910451609503966,0.007519673062834778,0.358917801436195
0.16017469306213825,0.02664396873389717,0.13935490679964177,0.6738264314043229
0.12967371097445649,0.4631381278793682,0.07270904096363696,0.3344791201825384
0.03509546421987647,0.2701795154770031,0.09557077918274375,0.5991542411203769
0.18903794194344792,0.39709097424379347,0.07507715888887605,0.33879392492388266
0.3681265809047745,0.016858646111493233,0.4455313372785795,0.16948343570515273
0.007109290414033324,0.17097013739185338,0.1936203594674777,0.6283002127266356
0.07009729199808046,0.48135339485711853,0.09981162878247195,0.34873768436232894
0.040341857726869414,0.09578472240465837,0.18320002820115186,0.6806733916673204
0.05537749171604134,0.2504511203556263,0.1340564347576479,0.5601149531706845
0.5758934943238213,0.32734971562672965,0.06909050640203264,0.027666283647416592
0.47023016022639347,0.04323152304706794,0.07859000793302437,0.40794830879351424
0.022627352816898576,0.3321249911068966,0.0833743447940773,0.5618733112821276
0.2436979373311646,0.11747337081643121,0.14099177298971488,0.49783691886268927
0.052416276115405176,0.30244681803999646,0.223765244005911,0.4213716618386876
0.08611333528358446,0.38418600845161144,0.44821986945845466,0.0814807868063496
0.2988044521526131,0.014766359384826953,0.17956540711013544,0.5068637813524246
0.033036408273356244,0.3070525943389828,0.5362543098150607,0.12365668757260029
0.28715212218494435,0.0847733237493592,0.07176394249008464,0.5563106115756118
0.2585417157863462,0.08814610256963462,0.10679070963877364,0.5465214720052457
0.6502583677241499,0.1384844382923201,0.07194096165940199,0.13931623232412807
0.031431390408926424,0.34193020114740724,0.6180943042746904,0.008544104168975846
0.5600361393537926,0.2087591905741899,0.14688594902140498,0.0843187210506126
0.292216171941948,0.2108767018152848,0.007328330672883082,0.4895787955698841
0.2616143048691642,0.19884150117796598,0.3677063599983429,0.17183783395452687
0.11456588967821943,0.06284535960039737,0.7799938064006359,0.04259494432074729
0.012682943778046765,0.6081751678711055,0.020034554661517896,0.3591073336893299
0.32270229000111783,0.07083778577802932,0.023321346617453702,0.583138577603399
0.20961177354806543,0.4741399430836511,0.044987090455654764,0.2712611929126287
0.1560364726173395,0.42487181700659976,0.18471474129561594,0.2343769690804448
0.28716289577923054,0.1866694296699626,0.4640298415448727,0.06213783300593427
0.21446972259869693,0.19587586598106707,0.547861093504492,0.04179331791574408
0.6109146478646933,0.12398680088944941,0.18477163242487768,0.08032691882097967
0.23895455928399242,0.3140956400505098,0.17432152884043653,0.27262827182506116
0.04470290677221966,0.432324303305842,0.09413951448665418,0.42883327543528416
0.2664396011268376,0.29766047152319874,0.3540914459250381,0.0818084814249255
0.4633791955936872,0.21054545789208082,0.1858226832239448,0.14025266329028727
0.16548419700651004,0.2839622728586894,0.046521379801472605,0.5040321503333278
0.016565295464647252,0.8185154587802302,0.0008341741250440363,0.16408507163007854
0.08358871991180318,0.31352879555598717,0.5640169897589227,0.038865494773287074
0.12992781898977115,0.5496155143613376,0.20121882173056005,0.11923784491833121
0.20939943494669977,0.12352851915664939,0.5073002706400858,0.15977177525656505
0.008286712164343226,0.0034551311159409007,0.6964132225581685,0.29184493416154733
0.02371258185808551,0.30799392301134493,0.13291252663267175,0.535380968497898
0.29406999383372034,0.08549273720967797,0.14179559117687132,0.47864167777973043
0.0881466915057552,0.794502639370752,0.024269997163321958,0.0930806719601708
0.353025185203022,0.28275539582367826,0.20160156804039595,0.1626178509329038
0.07282440241928452,0.36012414153132577,0.1761933366122794,0.3908581194371102
0.4884215259658257,0.3626619647191668,0.010370627509354696,0.1385458818056528
0.06811224251256243,0.27136043765600876,0.2694438980954807,0.3910834217359482
0.013798168764889467,0.42915875162911205,0.12278365780600997,0.43425942179998844
0.15698120998744403,0.6426438284467538,0.012514645508155927,0.18786031605764608
0.16269881582663137,0.6297351947933162,0.13826010040461945,0.06930588897543316
0.10734108885629176,0.5376023874488882,0.20435525383208078,0.15070126986273932
0.042090748168926946,0.10106920988566453,0.38303327110256036,0.4738067708428483
0.20889215448974757,0.4954762998516189,0.22649723197446672,0.06913431368416671
0.4444106481238165,0.2254891980726288,0.16333269089234032,0.1667674629112144
0.2761376718845867,0.262287383086932,0.10503342860916101,0.3565415164193202
0.5122712384220829,0.3920985762194656,0.0705851094637297,0.025045075894721696
0.33097562572424916,0.42449433925178887,0.14848123872769592,0.096048796296266
0.3366970147160552,0.2586818486414235,0.21672592284989747,0.18789521379262375
0.412701162557945,0.03234853689867827,0.03819715213542737,0.5167531484079494
0.09295939030832873,0.38757406366009106,0.45329272641492047,0.06617381961665972
0.23978220113672447,0.005093758665712448,0.49628416870492154,0.25883987149264154
0.48789130380474766,0.3535712727676735,0.13226601155174536,0.02627141187583355
0.21290353092119946,0.7606685905501218,0.014750654559207002,0.01167722396947175
0.3386839704512253,0.16462894856811186,0.42200550639456336,0.07468157458609964
0.04357726376619062,0.5140175548617352,0.07576204830861459,0.36664313306345964
0.41501645085607686,0.10148196822676522,0.3447435017116759,0.13875807920548192
0.6228243401203613,0.07193912909879935,0.0014613211552617128,0.3037752096255778
0.37485829915708857,0.4274596896925792,0.1279505350455186,0.06973147610481358
0.22536908737558342,0.06964331296309471,0.08943600512704776,0.6155515945342742
0.08850603565143955,0.5558001460690163,0.08489233389103111,0.2708014843885131
0.2392869570376419,0.13081102761241115,0.4342626758604679,0.1956393394894789
0.17587388067630247,0.1788136949246724,0.1524965889456614,0.4928158354533637
0.3657236729458882,0.24162908239600353,0.007884867050406856,0.3847623776077014
0.03976780119027486,0.35923252508542375,0.06918626314479591,0.5318134105795053
0.7018931821883214,0.16931776730982678,0.05021085547972476,0.078578195022127
0.6941790819633358,0.13379266398788228,0.10865368474509582,0.06337456930368617
0.09934129429784681,0.8204895609508714,0.02132937873834633,0.05883976601293557
0.1617758253350632,0.25144680100325767,0.03260284992238809,0.5541745237392909
0.2614830906462961,0.08413878303299863,0.5895688448991367,0.0648092814215685
0.05614051636824659,0.1594987883046093,0.18720057658025216,0.597160118746892
0.19422676903082317,0.7113216530452369,0.03216466457210301,0.062286913351837
0.21647453901499394,0.009531028397031764,0.4247530452049144,0.34924138738305976
0.19614744897476724,0.32432093309682414,0.45513893343995093,0.024392684488457765
0.04871607773688388,0.718946959387683,0.062343430724221674,0.16999353215121127
0.2699112190883305,0.28514879511192454,0.3679546043959071,0.07698538140383795
0.3628906955361903,0.28194545993709436,0.1703396946364928,0.1848241498902226
0.2275650392121605,0.5350453932865361,0.0065976383415561534,0.2307919291597473
0.29252286922923043,0.20734836912057594,0.19464812998192915,0.3054806316682645
0.026367462997872022,0.042338093271225286,0.09809956158910274,0.8331948821417999
0.36725232511599787,0.2086510740061261,0.3653892866028262,0.058707314275049986
0.7642003251210753,0.04979501939782915,0.15072517816871436,0.03527947731238119
0.12067786903635933,0.27847473163292247,0.5343475433015866,0.06649985602913147
0.5468342469637409,0.09402521949832261,0.17629570713291112,0.1828448264050253
0.014087669368919703,0.15686625580785496,0.28627885857848856,0.5427672162447367
0.06590081901387582,0.27042520851819724,0.19258584655432945,0.47108812591359767
0.6145511739286751,0.019570772541748497,0.1554408100102831,0.21043724351929327
0.26916982269474454,0.1956024976059131,0.39256117776026583,0.14266650193907637
0.23959668932583492,0.14772660441532967,0.02247455733306073,0.5902021489257747
0.32090246285286705,0.377936007654656,0.15255305748204262,0.14860847201043434
0.028337903305319618,0.7128049927113209,0.1698334995360165,0.08902360444734309
0.08360985903932112,0.4562946707005664,0.39842879629552913,0.06166667396458351
0.007040532074778318,0.10121904440736779,0.38501291192532383,0.50672751159253
0.1358084597535966,0.048736564260489446,0.4572906759118907,0.3581643000740233
0.03688696822171121,0.2286987971301383,0.018248197204641953,0.7161660374435085
0.10598875094326998,0.5516618687947759,0.32244130651580266,0.01990807374615143
0.01126609702369329,0.19633638006146287,0.6932998132639927,0.09909770965085116
0.6617831614590007,0.1067221970904621,0.19846801523150182,0.033026626219035085
0.22909591687839362,0.5763423300429433,0.045897804918896105,0.14866394815976694
0.2264316454302188,0.0017920284756684837,0.5288475457115795,0.24292878038253315
0.06664028773049281,0.23064807313359875,0.5641348558794212,0.138576783256487
0.49733476401797594,0.3678441916677325,0.07352837013327687,0.061292674181014674
0.2705389599328974,0.5424589204299813,0.17682036691945405,0.010181752717667187
0.051369277479060865,0.07961074062715233,0.7313233540187941,0.13769662787499268
0.3972464205196728,0.15125390957253673,0.024160494798829462,0.4273391751089609
0.08978986271320107,0.5462290948497809,0.2609749605288623,0.10300608190815569
0.2039446889392353,0.033217088134970076,0.7358890442136998,0.026949178712094797
0.30006018567625775,0.4679670156535539,0.07968362514987566,0.1522891735203128
0.3015257488259344,0.3695092273462093,0.21253962911261898,0.11642539471523736
0.10848253380607661,0.4455634056343735,0.332355045911966,0.11359901464758386
0.36284422317172477,0.09530989092937255,0.12808522356851307,0.4137606623303898
0.3174966294124716,0.6012449224345637,0.06845713915948651,0.012801308993478016
0.13145612734927142,0.4089156347740973,0.3184705073425347,0.14115773053409655
0.8415886737037428,0.06497428715823986,0.02522144221746567,0.06821559692055178
0.32405970846331117,0.07159979034114403,0.1024860106128712,0.5018544905826736
0.24573738693050146,0.34185761008751425,0.3065224366416735,0.10588256634031099
0.20762874126800182,0.19843945749169994,0.27722520273991774,0.31670659850038047
0.010526228442041175,0.259798205763174,0.5190342299970636,0.21064133579772112
0.5348706736386047,0.2184045358287793,0.19053638980898716,0.05618840072362869
0.10286437411505381,0.1369840130371873,0.07737438686214204,0.6827772259856169
0.17131740211263252,0.4761031920504003,0.3260406007104097,0.026538805126557492
0.4013671019792731,0.06746424204694211,0.4970941240120488,0.03407453196173594
0.2527127400920679,0.22979183346100834,0.206352598756139,0.3111428276907846
0.17619972698353858,0.16855443916712395,0.09797903918315652,0.5572667946661808
0.009137378209278227,0.7013427553887573,0.007119823977988133,0.28240004242397637
0.14614699182873916,0.3643389472397389,0.4494998333258178,0.04001422760570418
0.11111841421653385,0.16659940093479753,0.512978772660026,0.2093034121886427
0.0659228706490822,0.2761437889000216,0.29075219776085925,0.36718114269003704
0.10294440351399019,0.7119899585720152,0.16339239615111906,0.021673241762875543
0.14626122435501762,0.4615608054257969,0.15283237512910264,0.23934559509008294
0.3927783296219206,0.18318717570020718,0.3291603239784451,0.09487417069942712
0.40118036799776313,0.18013750949798274,0.23609282449337396,0.1825892980108802
0.23735379897317604,0.20840217073489475,0.12329809824432045,0.4309459320476086
0.02012470706297811,0.4037027197868898,0.14224568881669003,0.433926884333442
0.16475274360295875,0.23243257663579178,0.5805409546082353,0.022273725153013995
0.025174915985905356,0.5189300279728181,0.31281521359106246,0.1430798424502141
0.3744164713178972,0.3724600432951924,0.1083993018396664,0.14472418354724398
0.5645088689883837,0.05331443248129141,0.34903453261684486,0.03314216591348018
0.0427183779506249,0.5824230761966108,0.07198756657092979,0.30287097928183454
0.07394606586993087,0.7551664747845473,0.11702533290643766,0.05386212643908416
0.37881261090463797,0.03331488463899366,0.1513501924189799,0.4365223120373884
0.2616557217426159,0.19157596400817553,0.404412732049994,0.1423555821992147
0.09229571078504184,0.5855625913200914,0.2332342174300717,0.08890748046479498
0.005728255283133045,0.7498548887443196,0.11527160837998751,0.12914524759255977
0.010303589218627167,0.44339684328936885,0.06600223755983092,0.4802973299321731
0.023307147055740614,0.017443598216606317,0.23583631108002814,0.7234129436476249
0.4780033254554683,0.07909393214195856,0.16881905228018185,0.2740836901223915
0.24937657221900256,0.07917220177964604,0.12308605783523538,0.5483651681661159
0.20299185188574756,0.014914524056012726,0.7287557332357123,0.05333789082252742
0.02585475908469804,0.3433530590853002,0.321081683518438,0.30971049831156383
0.07834309897813747,0.8553663838114439,0.03591585165034485,0.0303746655600738
0.41649597624141693,0.07134513870394783,0.10664023745177689,0.4055186476028584
0.2040611177415344,0.5660817865739008,0.050071639951506285,0.17978545573305854
0.2212832919913057,0.22076077895158042,0.4468531314320127,0.1111027976251012
0.1875598970504203,0.23946951092134822,0.5022963467280226,0.070674245300209
0.12505698785685535,0.47476897210353464,0.2721381354204305,0.1280359046191795
0.1164029719328939,0.37602393567948955,0.4085917095040824,0.09898138288353422
0.005538775593471094,0.09360956179151059,0.1698154537479045,0.7310362088671138
0.46241035316684276,0.36662546700540766,0.03924206136100981,0.13172211846673967
0.11543592471608934,0.3655340103587587,0.09124915655532186,0.42778090836983007
0.21560726190994242,0.10627707096333164,0.49145227868672214,0.18666338844000369
0.5237180600154606,0.07552483995943435,0.27019665442273716,0.13056044560236768
0.013352968257692405,0.38466097499043667,0.07363823725834853,0.5283478194935224
0.12735203549198149,0.08386621101624414,0.23851972143251945,0.5502620320592551
0.10473875685004126,0.18358397242623764,0.32559166049563254,0.38608561022808857
0.012226069143179684,0.005194996004743286,0.5706328340758366,0.41194610077624044
0.14248540731812337,0.6407519731767334,0.14062445397564471,0.07613816552949854
0.2868642296051901,0.4102961439700249,0.11935018109723738,0.18348944532754782
0.3321229986944393,0.2598078315604356,0.19765119053233085,0.21041797921279434
0.34367582566412014,0.01357835972407677,0.5300074699956808,0.11273834461612224
0.2912583170189274,0.5374382916489455,0.06999455937695917,0.10130883195516804
0.20756340809496723,0.3811465915539041,0.024227126677567056,0.38706287367356157
0.11882541746397925,0.5534434254648536,0.3090192133564627,0.01871194371470456
0.1266706850185093,0.544919206814792,0.16727005008394275,0.16114005808275594
0.3839152319145215,0.4137451144701803,0.020902958347549648,0.18143669526774853
0.21967513801583546,0.5110492922086881,0.1742976841071528,0.09497788566832356
0.03470944092991445,0.5735866443298706,0.06728533536935108,0.3244185793708639
0.10952351851189415,0.34679889298994515,0.1748779738075397,0.3687996146906209
0.1759420584753608,0.6633016429965375,0.12801297345830406,0.03274332506979756
0.01718277333707019,0.5591448657835508,0.29762377287971215,0.12604858799966678
0.8427676359874962,0.08273600005205883,0.027758667590665715,0.04673769636977929
0.33511879671704187,0.03550889923031715,0.2721092547949215,0.3572630492577194
0.3970727466249245,0.25023610878059516,0.2770274644787671,0.07566368011571319
0.07578195671684329,0.7182178374654813,0.14076693655243844,0.06523326926523704
0.0027213019689683784,0.3219722382648406,0.4809402725789313,0.19436618718725984
0.0815931201608039,0.07962145774867006,0.7915493423274202,0.047236079763105794
0.6477483401546761,0.05735228118903029,0.008878425232887047,0.28602095342340655
0.35196032298377083,0.3829697569212477,0.06792886206698732,0.197141058027994
0.2815536114328163,0.16192948355769912,0.1096940669076536,0.446822838101831
0.4388324012392044,0.16713663195780168,0.2361906880273595,0.15784027877563428
0.04152328993521127,0.5447856359305102,0.2075352866092139,0.20615578752506458
0.3707842151145275,0.04713672348837406,0.2636777836657583,0.31840127773134014
0.19436866300425681,0.06600487425672243,0.3175827418963615,0.4220437208426591
0.27983023954295777,0.41900406917454647,0.2689978633772002,0.032167827905295626
0.09413422147484861,0.08046779762588809,0.29897055079123197,0.5264274301080314
0.31910027070361435,0.6017881669251921,0.010534866675388862,0.06857669569580474
0.09828324888775394,0.5874292693041749,0.009758004044028736,0.3045294777640424
0.12937789085469723,0.22110551694477304,0.28624573914269985,0.3632708530578298
0.42721219805247546,0.01744500733960312,0.45659028719858064,0.09875250740934081
0.2987969788988559,0.5476224354609988,0.03576172419664576,0.11781886144349957
0.1016480605569246,0.5139534511392724,0.17324088187879802,0.211157606425005
0.3555147060946469,0.007717380400453079,0.07446133549164093,0.5623065780132591
0.154649072672869,0.17226764590526064,0.3957341458132102,0.27734913560866004
0.1720493386777145,0.14766107640992085,0.08667514318674008,0.5936144417256246
0.05200375429143792,0.3379225265031877,0.006026209504741304,0.6040475097006329
0.005450461175235034,0.726720483003341,0.04850281313260109,0.2193262426888227
0.4665678559638908,0.4821175946646814,0.016942214943947487,0.034372334427480555
0.3480337839638126,0.1262370186678276,0.36547890262714855,0.160250294741211
0.07377955278666258,0.01536819394988136,0.4515822806457283,0.45926997261772773
0.8152502891281724,0.010418971123920331,0.1724421391574054,0.001888600590501868
0.14143111038455683,0.5348422568267239,0.1535227088556842,0.17020392393303513
0.1820543835562507,0.05848042249155342,0.7311490554293512,0.028316138522844595
0.5996991671579686,0.027924251351906595,0.04416370496873288,0.32821287652139186
0.0029442557535181396,0.21188081734627842,0.5295724929774218,0.2556024339227814
0.2704531287530258,0.2746076915655357,0.3744014522078356,0.08053772747360279
0.32639600731552676,0.03302565406430167,0.6292037430807834,0.01137459553938803
0.05560739448465981,0.337266703178216,0.19142092120477405,0.41570498113235016
0.13198668643816613,0.22969259704191092,0.31743788008178053,0.32088283643814236
0.14402911857605402,0.5274048430824034,0.07577097442162081,0.25279506391992157
0.031472034233178445,0.14524367484013556,0.6555042668485648,0.16778002407812126
0.015981110373505372,0.013377796623962773,0.5789863392001936,0.3916547538023384
0.15878004987976183,0.5800771338850323,0.16491589210094593,0.09622692413425986
0.06989097072221653,0.007762768585448348,0.16384012999999917,0.7585061306923359
0.09907010333749196,0.2933535994779551,0.4175922200436514,0.18998407714090165
0.07414850248124984,0.12359264086000729,0.24312108332032148,0.5591377733384214
0.6683846180065448,0.043952382384591496,0.037237232294035416,0.25042576731482824
0.0016042101904702542,0.2830184972136239,0.5116165356082221,0.2037607569876837
0.214197609504265,0.3094517926747907,0.15530903962620743,0.32104155819473695
0.15381971894142935,0.054269569720887034,0.11624689536274589,0.6756638159749377
0.3625981001318413,0.17655164130604767,0.19579408678794133,0.26505617177416985
0.26065112858873635,0.44214643692196676,0.11487813297037276,0.18232430151892426
0.21859233177225548,0.1262296753237218,0.05490764945732901,0.6002703434466937
0.2401769501968807,0.47386494741314883,0.07833344839671037,0.20762465399326
0.4587400972634408,0.1446837226717911,0.33482423970897784,0.06175194035579011
0.1962868809887808,0.12316905064701622,0.5502066874425967,0.13033738092160618
0.030703528988091533,0.39894824816925123,0.21349544940129503,0.35685277344136207
0.12603130929766088,0.22521237139774797,0.0766082620728259,0.5721480572317652
0.0032585070157846747,0.05778050283293931,0.7784645115545009,0.16049647859677502
0.1506244824776811,0.606312295896792,0.02058199457206269,0.22248122705346424
0.3175911232895701,0.11230182874887883,0.21510333158052408,0.3550037163810269
0.6257291254292575,0.1427597368632092,0.08454530033488292,0.1469658373726504
0.7165999261817767,0.0671491567150445,0.037470215076670144,0.17878070202650873
0.04905459900353227,0.4174567474025965,0.1372695104139927,0.3962191431798785
0.34137656908068365,0.002415507361488483,0.37527626715327783,0.28093165640455003
0.11423205323284413,0.39935716990957,0.3845173950548956,0.1018933818026902
0.3053349443756012,0.13648205178406192,0.45142612109136687,0.10675688274896977
0.11820213111447561,0.5530829729093968,0.23980965321957515,0.08890524275655257
0.03110852891672342,0.09917245767521565,0.20304722495701003,0.666671788451051
0.2642013286017955,0.25797687222149357,0.30983365381749967,0.16798814535921136
0.39098651193112877,0.06662355087393815,0.4929025923007342,0.0494873448941989
0.27180325169396513,0.08628939109379913,0.4591994633189479,0.18270789389328784
0.399657360694501,0.16573718512166194,0.30691037763524187,0.12769507654859524
0.24047582094784795,0.4111131703644142,0.260250257685532,0.08816075100220595
0.2984136579567155,0.06152857880611852,0.4524615529041362,0.1875962103330299
0.3956182109937741,0.03652491875210268,0.4797553705012396,0.08810149975288369
0.832735450873615,0.0016295458843395602,0.04166777183174189,0.12396723141030354
0.005566198043560604,0.33519060286247687,0.6379258107674575,0.021317388326505
0.04056193868200545,0.042742999696336506,0.5228259994130715,0.3938690622085864
0.0024747142754512003,0.5443549546125758,0.09009611286860164,0.3630742182433713
0.22192385488901079,0.32275202029806216,0.45351745364057927,0.0018066711723478273
0.2723912438258133,0.05134564373165522,0.057181798057113965,0.6190813143854176
0.21653656327949428,0.2782076952439314,0.3507249065044924,0.15453083497208184
0.11500759910947167,0.011056160293968009,0.374861529405189,0.4990747111913713
0.20147031761722314,0.17821172110018113,0.08905465775798156,0.5312633035246143
0.4846850272292469,0.10731501943033203,0.2907483641266415,0.1172515892137795
0.1741393105768356,0.15658283453781738,0.49385430245019335,0.17542355243515387
0.08975178735049644,0.21581044074424,0.44254662865382527,0.25189114325143824
0.07657727387568689,0.12854667964978433,0.139505136369816,0.6553709101047127
0.42488871533736616,0.470929177782892,0.08413038399185963,0.020051722887882133
0.4431561000530664,0.06440992969437916,0.35680221816587454,0.13563175208668002
0.049174953998047166,0.2801363447667799,0.03913998558775293,0.6315487156474199
0.15744897276114983,0.2713636366492766,0.5333424677711334,0.037844922818440124
0.08846161026283006,0.575536093201514,0.31989054851115784,0.016111748024498204
0.3289332928233774,0.5075495328312402,0.10494495033554237,0.05857222400984014
0.234884244184979,0.15755919347469544,0.3117242957226358,0.2958322666176898
0.08620327035237857,0.059408578661854464,0.6814229073495993,0.17296524363616772
0.015935648756737957,0.02688110801111599,0.7413590439198149,0.21582419931233116
0.4021599222493746,0.07365711299686316,0.11259185626969538,0.41159110848406694
0.48566396098429004,0.021382456557838755,0.11731136971119965,0.3756422127466716
0.0027196009525633676,0.004078962966725192,0.6918357410362775,0.3013656950444339
0.23045736034328274,0.2259336772026757,0.04136035925046292,0.5022486032035787
0.4199078467289161,0.1501525695421873,0.01691054613359462,0.4130290375953019
0.050368231475196035,0.3132447625824497,0.5262821619463975,0.1101048439959567
0.12248842499713422,0.2628393211338291,0.32333534117275686,0.2913369126962798
0.3290206698944646,0.2012021582225431,0.06324534920877166,0.4065318226742207
0.35581805569518477,0.08728063689842792,0.0783026307442863,0.47859867666210104
0.4580025965187781,0.26097572928302526,0.25766925869859963,0.023352415499596883
0.30919507003420044,0.19487369748541683,0.11923625131942014,0.3766949811609625
0.3887837202772455,0.3834094177966308,0.1961909475732217,0.03161591435290213
0.6620972809182921,0.003872743797002492,0.2022796530013736,0.13175032228333186
0.15326500105932933,0.15544752099177603,0.44558413275793196,0.2457033451909627
0.5061783657841973,0.31154616403548474,0.1010112235827165,0.08126424659760148
0.42065311668015515,0.12133805257489984,0.34589846658898643,0.1121103641559587
0.0020810071622223863,0.3731182598169208,0.18706600780660945,0.43773472521424744
0.182886092680484,0.20167175363898393,0.040629008929623185,0.5748131447509089
0.025789746944201847,0.099605927652111,0.705324696840819,0.16927962856286827
0.22268065770743042,0.43402783662348654,0.11788725657548699,0.22540424909359622
0.2613053179131117,0.1816501116610776,0.40347135723941313,0.1535732131863976
0.012201850809751112,0.272428531923503,0.4828148438386328,0.23255477342811293
0.20161663500574445,0.5536984428247211,0.025431742864606713,0.21925317930492788
0.6201370883762453,0.015201899756242306,0.27428670743577904,0.09037430443173343
0.15825457337927734,0.16651233399138143,0.6605435261796962,0.014689566449645017
0.14818196240959006,0.12121820032990274,0.22742669047421024,0.5031731467862969
0.059234899108375885,0.5549802757191272,0.2793283061780057,0.10645651899449123
0.3956001657810842,0.1715575873977053,0.20599456929012852,0.226847677531082
0.31614038308630343,0.27110242544402813,0.033159581413428646,0.3795976100562398
0.28117344201510464,0.19743351983614932,0.28047910995471775,0.24091392819402835
0.07861308699552992,0.20640310209494236,0.5021426112518264,0.21284119965770132
0.35897095481198527,0.07134482365576349,0.14233352517563216,0.427350696356619
0.04944578818568685,0.055894963803633645,0.5989936024142547,0.29566564559642483
0.16316283787090602,0.2863583351242308,0.5217967962727028,0.028682030732160305
0.06323374159713181,0.11421215895942038,0.45091919482842585,0.37163490461502197
0.12445263921450267,0.5390282301568189,0.004210376945052065,0.33230875368362633
0.4598117635453089,0.0035959432306265637,0.19817307573613988,0.3384192174879246
0.2810234770719919,0.06572483820945146,0.007471693487046555,0.6457799912315101
0.20551847560817446,0.044533996341962666,0.6529653287743102,0.09698219927555264
0.2083363036161357,0.06144871762145054,0.03131949603343285,0.698895482728981
0.34259312944334863,0.14652239773063067,0.3058942405794538,0.20499023224656673
0.11743883888249032,0.7739572736748886,0.0678025195322714,0.04080136791034983
0.39131175087235226,0.03705052649779687,0.006029719408416329,0.5656080032214346
0.4623889602025014,0.03659390605435396,0.2576563115333233,0.2433608222098213
0.2519459582556441,0.002012205516416974,0.3117889144250366,0.4342529218029022
0.1653192978118645,0.09138937157188189,0.19592579319973544,0.5473655374165182
0.008293967073739804,0.1041188613533395,0.23088132220661012,0.6567058493663105
0.12419114098091294,0.3587063599226966,0.23861765503216495,0.2784848440642256
0.15050946998293616,0.29966194715574596,0.351036618075326,0.19879196478599195
0.0434168931328315,0.32172060378641293,0.620811834717171,0.014050668363584373
0.07362992559127479,0.5398445059239206,0.36936887527476314,0.01715669321004141
0.30570465865513224,0.0683240717656853,0.3717423071422698,0.2542289624369127
0.23147911939829127,0.3418750331712079,0.16942908928943992,0.25721675814106093
0.30434554962803484,0.13486378335972546,0.15966813349073772,0.401122533521502
0.33322921422196894,0.23251274414950338,0.4198000992210755,0.014457942407452146
0.1579737382904761,0.17183338195105877,0.6347586327026679,0.0354342470557972
0.02547269779155476,0.28826879422758683,0.12271214712198286,0.5635463608588757
0.15111081861880843,0.0331175181531256,0.6947896349881864,0.12098202823987973
0.02626683421000427,0.7380553102797178,0.20564440568156692,0.030033449828710878
0.6641820617040601,0.005802486826161161,0.11635451927791982,0.21366093219185894
0.48136803428475683,0.19659175842575635,0.20894482997752145,0.11309537731196521
0.16083574431542325,0.032480401590630426,0.6959101409169621,0.11077371317698435
0.20023984770118092,0.3957738909256604,0.35384207654651856,0.05014418482664024
0.5351114486231908,0.2688035552965796,0.0024824749978373446,0.19360252108239231
0.42129654016411466,0.4252081490734528,0.006159560243260147,0.1473357505191724
0.21765926775430883,0.3014785852247214,0.033735925919501655,0.4471262211014681
0.6441930514836772,0.3284723272906962,0.00023956352151005162,0.027095057704116573
0.28432985051326093,0.5133519539201896,0.11183974192846963,0.09047845363807971
0.5695409187518838,0.119487266601805,0.07186393274435506,0.23910788190195614
0.10843637273208377,0.09524947768224362,0.680527823716885,0.11578632586878755
0.4173723017595976,0.05458493534023076,0.37775274208863335,0.15029002081153828
0.21089226360795071,0.4416416703558335,0.14711074600614385,0.20035532003007206
0.08569035267512153,0.6103075397545417,0.02256510471874837,0.2814370028515883
0.14268843003393494,0.24181742732192954,0.31207419834746297,0.3034199442966726
0.2602456177844309,0.16746665670181582,0.459165630625593,0.11312209488816041
0.08224064538185827,0.3457621676389983,0.0771644424450198,0.4948327445341236
0.4146599868191262,0.1700941500535635,0.40731762781649683,0.00792823531081339
0.34419119368469214,0.0023810144290515034,0.2740603894835145,0.3793674024027418
0.23637410325142363,0.06990868266010407,0.5652773765281481,0.12843983756032434
0.0497018753196566,0.04956369313073657,0.3937869606964326,0.5069474708531743
0.050802022735462346,0.620258950403699,0.0012762504917737658,0.3276627763690648
0.22589882813824605,0.35700152204107377,0.3938708309873346,0.023228818833345467
0.16664398032783562,0.6421379734459295,0.14623650607510164,0.0449815401511332
0.19280561005316485,0.07799694409348079,0.5259151971351357,0.2032822487182188
0.23226745447959474,0.33693312782662366,0.22152759194034566,0.2092718257534359
0.030055573186385232,0.6425185214389588,0.14847944165698065,0.17894646371767536
0.04637594709580285,0.3345465315427726,0.1444677479235147,0.4746097734379099
0.06224639039693366,0.24403393445566035,0.27322548960103127,0.4204941855463746
0.110944899247945,0.06321610581250653,0.15893670856557324,0.6669022863739753
0.198846575908024,0.32116009351446606,0.32873214832320896,0.15126118225430107
0.13545735449086896,0.2395440053643819,0.1944716222628496,0.4305270178818995
0.019237991837040398,0.22294544008158013,0.590579834654759,0.16723673342662032
0.13506454641448207,0.4709266831635248,0.0798109569836943,0.31419781343829883
0.10923158178659861,0.46013476981208085,0.09316035627383025,0.3374732921274903
0.13501114541811382,0.1974528431006232,0.5607404069115068,0.10679560456975622
0.45150943970337243,0.1129887841251311,0.28504431865303065,0.1504574575184658
0.5748823780054052,0.06913016048015833,0.17426069583397277,0.18172676568046373
0.15151886088305302,0.2687375715633872,0.04107853164223047,0.5386650359113293
0.0713767809916103,0.5277079099572757,0.1448737380505431,0.25604157100057084
0.4961119900753512,0.1180301494863754,0.09420566645103011,0.29165219398724324
0.47454965686920547,0.141894822327223,0.15098650707199165,0.23256901373157984
0.34214022024733126,0.13193246010615128,0.2907338192551477,0.23519350039136985
0.3883270229714608,0.18598603268432273,0.0010805294358147,0.4246064149084018
0.21744732442900738,0.14937254787490728,0.6002954310486677,0.03288469664741769
0.4210766289306761,0.3046576390789265,0.017872351427464992,0.2563933805629325
0.28706204584799677,0.34947733942154635,0.23767489932882196,0.12578571540163486
0.15941792997325335,0.01579395435730268,0.2959045596009687,0.5288835560684753
0.21612203413421865,0.4015065936381329,0.1681843499478738,0.2141870222797745
0.24280008303477685,0.2027346313140312,0.2808222308021698,0.2736430548490222
0.03049848622898445,0.6552939580695204,0.2260952704204221,0.08811228528107302
0.12129494605179722,0.16734182951267448,0.09111280757006458,0.6202504168654637
0.4270838624314799,0.212772519230655,0.07587481178634393,0.28426880655152126
0.01964835622460339,0.30094931371315936,0.009983000412956508,0.6694193296492807
0.20316171518001067,0.13217957355849397,0.3858335641574813,0.27882514710401407
0.031871475269469624,0.3460723095394636,0.1764832167724382,0.44557299841862874
0.08868954968836326,0.18158265347129177,0.6108512431567307,0.11887655368361424
0.3115821941078822,0.05858691117012669,0.30211391976185553,0.3277169749601356
0.31537097356276417,0.23974332715168492,0.14774994298108152,0.2971357563044694
0.4863872408335839,0.016088748406813867,0.2166547206850758,0.2808692900745264
0.38980208341295763,0.11701961476316963,0.10761957960211828,0.3855587222217544
0.06776595896711005,0.05012593503660823,0.8400219801331569,0.04208612586312484
0.03041376187826548,0.35864170465769096,0.5715397464820523,0.039404786981991215
0.7706603947097195,0.04455499585390503,0.010153089436952813,0.17463151999942278
0.01572363979831675,0.588773671724906,0.007417277797369934,0.38808541067940727
0.6669102707127704,0.108024595908713,0.016182232493066447,0.20888290088545017
0.22482020754511592,0.05965456159105451,0.6002910765942664,0.11523415426956321
0.30334202089908224,0.6303717351325622,0.046347280962374664,0.01993896300598107
0.1142890383389014,0.15300149278124775,0.6913733628763566,0.041336106003494376
0.13068060481119256,0.5951605459010648,0.21018534009682605,0.06397350919091652
0.38503095316289787,0.04480761903849176,0.44052891255482907,0.1296325152437813
0.8048141623131005,0.04520809366762855,0.10571644548760316,0.04426129853166763
0.3458182189162492,0.2107251700458346,0.36401342181142027,0.07944318922649582
0.0382949177696848,0.25751062338014274,0.35450425263818225,0.3496902062119901
0.38652323536478733,0.2225056713094777,0.36859424240903454,0.02237685091670044
0.0038406460917277284,0.3441041052114891,0.13653432965749313,0.51552091903929
0.1847768688633242,0.6695732996676783,0.12057766838820506,0.02507216308079242
0.13099593690402708,0.08122877196553667,0.6532952810059256,0.13448001012451075
0.08648651554893666,0.5379896447460971,0.23715488870559936,0.13836895099936677
0.2452976375428513,0.03644536340165546,0.6708742083735222,0.04738279068197094
0.3435485655540057,0.09331367887241808,0.27784617654013133,0.285291579033445
0.20487034863049125,0.41427075819303244,0.07462967297499493,0.3062292202014813
0.13215727793098106,0.4737978987029805,0.2696349853465539,0.12440983801948456
0.15162218332229815,0.35671209680140203,0.1610435065868403,0.3306222132894595
0.4540659671891791,0.09260691495001519,0.28923127077916316,0.16409584708164263
0.06014694269982211,0.7516740856795654,0.1368126728398371,0.05136629878077535
0.3879151354236768,0.2361547375868997,0.02894835192227268,0.34698177506715083
0.10181279892188397,0.25476556145683077,0.46572345739735055,0.1776981822239347
0.06560680999421166,0.7026671979297878,0.22222566199655355,0.009500330079447039
0.09102904446312238,0.1457880870975726,0.5281967289541637,0.23498613948514135
0.19326423091919065,0.04663493611100245,0.30930550735901713,0.45079532561078983
0.3258269821665814,0.04585811529150741,0.15605251630384429,0.47226238623806693
0.12212518167381053,0.3329888964484673,0.05072630860079535,0.49415961327692687
0.058454853835416244,0.15735920926374364,0.7740098204246504,0.010176116476189684
0.3715032977157516,0.09563343879890639,0.374567378545664,0.158295884939678
0.25902601449609663,0.458827488907889,0.08583819620071907,0.19630830039529523
0.23330557001492974,0.07352956509119603,0.5669055271493124,0.12625933774456194
0.04078586366208698,0.13750949585926378,0.2217057378094671,0.5999989026691822
0.032543895982968855,0.4070843603532251,0.4980696196952824,0.0623021239685234
0.31561657846196184,0.13686663699148985,0.057891811158275845,0.48962497338827243
0.3898128994794643,0.011895536757090699,0.5627243190312908,0.035567244732154314
0.4614910034940674,0.3818869153721241,0.026763976253002617,0.1298581048808057
0.5486352788005867,0.020425586820594165,0.17521624337970326,0.25572289099911577
0.35746493157749964,0.1418473008365256,0.1659461073531134,0.33474166023286134
0.1611438244935069,0.33969430661636923,0.3801104917663515,0.11905137712377233
0.480235205790062,0.22693837725593805,0.2673002082989184,0.02552620865508159
0.13867357020584012,0.6274520625203682,0.10338210587068992,0.13049226140310172
0.10115626203628839,0.8780318419909947,0.0011658104037238206,0.01964608556899296
0.2464152757522266,0.2856456744717701,0.1766256963183007,0.29131335345770276
0.8225744847691031,0.00022298052126954178,0.13805198544782915,0.039150549261798194
0.25817247498314155,0.37732219213708507,0.044696033042006485,0.31980929983776685
0.0659051421939721,0.1048098272004933,0.15309784059452394,0.6761871900110107
0.09800619325862085,0.1020871448937476,0.5568932982775976,0.24301336357003409
0.34186207439575883,0.2348682651470687,0.3055710008977198,0.11769865955945258
0.28802559484769213,0.3782551294499894,0.04038955269529397,0.2933297230070245
0.048195565428170946,0.17700885963613197,0.15818733247092773,0.6166082424647694
0.4301570096361173,0.050748239191031046,0.2416367946678134,0.2774579565050382
0.24783475176024047,0.3925647320866411,0.08731170239299436,0.27228881376012404
0.07387001039231647,0.15107476474255166,0.7006666361721294,0.07438858869300227
0.3822829664877235,0.5608526641683577,0.01378315813303962,0.043081211210879
0.22072506997461958,0.3198861283885004,0.388963963737187,0.0704248378996931
0.09022488969560527,0.6158573868937295,0.1468149421593674,0.14710278125129794
0.24665069403722722,0.4579527478002854,0.010253508559694337,0.28514304960279296
0.17881997054274143,0.22513086165544655,0.3215199420374175,0.2745292257643945
0.25787047420090004,0.32090036769753383,0.15924943897286842,0.2619797191286976
0.6128537877950873,0.05817354422048694,0.027638095698059747,0.30133457228636606
0.23489264665050136,0.29910308248336726,0.40060449750684446,0.06539977335928698
0.2730735170547792,0.10748739923536348,0.04093704222749594,0.5785020414823614
0.051766045927763106,0.1790629706631772,0.11427937045467075,0.6548916129543889
0.110665519280961,0.23483996082626357,0.4877930273983568,0.1667014924944186
0.059955152131418936,0.4424128863678106,0.14007961148257242,0.35755235001819796
0.23605878153537746,0.1948702748014582,0.09493904015699275,0.4741319035061717
0.05817635023502122,0.20500757965947008,0.20872983789643437,0.5280862322090742
0.0185501975063822,0.2030182689895272,0.1989660205381627,0.579465512965928
0.044494361118748514,0.8577734636891144,0.052575997522591345,0.04515617766954571
0.3659616657498888,0.023709752964770625,0.2148149251798148,0.3955136561055258
0.25077056647025964,0.08649268666617782,0.09690583244187011,0.5658309144216925
0.44529196570321783,0.026888403969738493,0.27559559857669436,0.25222403175034935
0.10164839028553416,0.3899451108153555,0.07091765779810767,0.4374888411010028
0.06296545035420481,0.49536515791163244,0.38717110080633965,0.05449829092782308
0.4480329764146673,0.021501844403387513,0.22783143559045277,0.30263374359149253
0.430665054488518,0.35050840353573387,0.1541342169136186,0.06469232506212946
0.2315340915981321,0.03099725037507948,0.08885862607552651,0.6486100319512619
0.05149078385154022,0.06055453299588053,0.17667134411807617,0.711283339034503
0.6128821723986708,0.08071172549221,0.2964576127203135,0.00994848938880583
0.3593843350880263,0.46638294293740107,0.1296734956049296,0.04455922636964283
0.22310063728700244,0.30932893551536106,0.4140258397410616,0.053544587456574776
0.21428409814184374,0.6820397114489987,0.09058707164119177,0.013089118767965837
0.08309303516785103,0.4035619668360706,0.20416246670223973,0.30918253129383866
0.26661517982387123,0.6059216788583635,0.017318632835877666,0.11014450848188749
0.3766742366700631,0.23580227349056493,0.2516516667402885,0.13587182309908327
0.3179846440308476,0.31054587545320705,0.10835804675434613,0.2631114337615992
0.03781746981647592,0.2568194614859232,0.2714088235281857,0.43395424516941533
0.5554421528005261,0.10896715646054381,0.1083771557200407,0.22721353501888933
0.17856139560460485,0.3344786093333472,0.37441285027748417,0.1125471447845639
0.04173055908197196,0.27621517365336307,0.4394181211687378,0.24263614609592712
0.41519857732416776,0.04539329247409829,0.30658631106265244,0.23282181913908148
0.30836633763291604,0.3673817877780171,0.1909507929440975,0.1333010816449692
0.6249521410344863,0.22561908157040575,0.13503328989876381,0.0143954874963443
0.39318987457793364,0.3808919266977272,0.047093264765397574,0.1788249339589417
0.6907784370485459,0.10742800803184473,0.14860347026642756,0.053190084653181834
0.19261053939210762,0.23084609505856674,0.42674340214962064,0.14979996339970497
0.7862716071219829,0.1045739908086107,0.06088428077481844,0.048270121294588
0.3081068842566945,0.364455802105936,0.19559162446157935,0.13184568917579023
0.3222390727903012,0.4931479775745625,0.14858682717405852,0.036026122461077906
0.44656752918022263,0.1796393259334478,0.08112771288703712,0.29266543199929246
0.3153505451040355,0.3644336356120058,0.12803380992783708,0.19218200935612165
0.25669370151912896,0.4089290964609181,0.03904484385066869,0.2953323581692841
0.037507755649917984,0.40112404576878163,0.48701670445306733,0.07435149412823305
0.17823020108845183,0.1990895197394522,0.6103117040982284,0.012368575073867526
0.5462319420758317,0.09965639044656566,0.05438936807745965,0.29972229940014317
0.05381175446428807,0.5118475524966584,0.39885943529859175,0.03548125774046191
0.04487059820448278,0.3640418868121589,0.41661627737158585,0.17447123761177247
0.14113387517040404,0.11822613032607876,0.30638034495254424,0.43425964955097296
0.04387685782895386,0.18949400231667493,0.4263483228093875,0.3402808170449836
0.4961243574641964,0.220781290860154,0.0439216235286755,0.23917272814697427
0.2205477514948101,0.013314096795979329,0.5440353308079541,0.2221028209012565
0.7359412683457985,0.10103405927528168,0.13362718208597568,0.029397490292944018
0.464375279058849,0.03499776839967595,0.3953288456726492,0.10529810686882579
0.06028225257916204,0.6095219972086882,0.24006848707360126,0.09012726313854856
0.3377776251444413,0.16264194063915935,0.494436056278463,0.005144377937936294
0.7955753587388723,0.005214389708440731,0.1188034191734117,0.0804068323792752
0.06269348317636052,0.14110863942072502,0.13136230549272232,0.6648355719101922
0.2917437119781617,0.32528897443389965,0.01963558111160031,0.3633317324763384
0.32750753740380106,0.036974964575623284,0.16593928164520397,0.4695782163753717
0.24648148111124063,0.16475254129932218,0.4206888489082765,0.16807712868116062
0.18050562468369344,0.2267075401968201,0.3173093699916305,0.2754774651278559
0.01968948994938327,0.17161653907659327,0.420700814265506,0.3879931567085173
0.11004586155865734,0.5861036218418508,0.08513001029845749,0.21872050630103446
0.22786338460508695,0.062138198217620524,0.5316729863409552,0.1783254308363373
0.047165549807180705,0.21967757928163167,0.5515689361113104,0.18158793479987703
0.22778000249425082,0.3481419361593094,0.2914474469615697,0.13263061438487
0.15437495566882392,0.7377156152949256,0.012564856016718149,0.0953445730195323
0.0923477953817957,0.14195774403828482,0.5564490957601742,0.20924536481974512
0.1397147868930949,0.1634753212987898,0.3963466679178191,0.30046322389029617
0.07563197536007689,0.682137836619692,0.12885653780653042,0.11337365021370074
0.3836115515470014,0.5163566554581323,0.04988793711460066,0.050143855880265736
0.2256541221807913,0.2204165970109775,0.29852131295397777,0.2554079678542533
0.2662029934676247,0.5190160989795874,0.10681970759207507,0.10796119996071281
0.0136644863851394,0.8859667501988324,0.038558354846916526,0.06181040856911174
0.1526227899128241,0.17676214930874626,0.4928908437026202,0.17772421707580957
0.5705321893541844,0.1689356177189765,0.18766041470007003,0.07287177822676906
0.017825443770326542,0.2076027610455947,0.5115010263764779,0.2630707688076009
0.1420923216517656,0.1821513575701534,0.5141605759681117,0.1615957448099693
0.33618616457686773,0.09370639774845155,0.4921694755639678,0.07793796211071276
0.3928336572900802,0.20857618447733794,0.26871880883432236,0.1298713493982595
0.5337224277528301,0.15353951849304706,0.16206740329100144,0.15067065046312117
0.04941842625751727,0.33580030261181676,0.10704494708100308,0.5077363240496628
0.23349718980190654,0.7036061484536406,0.03543700217141524,0.027459659573037788
0.22682980112446505,0.08349563575849832,0.006646993872312868,0.6830275692447236
0.3380533450249655,0.36415297081299164,0.15839687919569206,0.13939680496635087
0.3040165656712754,0.46248145560155934,0.18767704899520118,0.04582492973196401
0.39626355491546045,0.29462198718679183,0.29387804898552217,0.015236408912225781
0.3416010794349234,0.3515633387794809,0.29074945549024683,0.016086126295348654
0.29137507074855745,0.6404100305253663,0.047327072659681994,0.020887826066394347
0.6603918169317463,0.029266679343380723,0.17766770502208334,0.13267379870278953
0.2860717269598081,0.4067415763374875,0.2488981843376255,0.05828851236507897
0.09988612913592705,0.5382689524610527,0.14671236367561627,0.21513255472740395
0.1021163192182999,0.15277611843992728,0.1575796313619504,0.5875279309798223
0.12484139495958031,0.7756231939866026,0.09804742738816398,0.001487983665652987
0.36159341867634603,0.014154519311197081,0.030721521091959875,0.5935305409204971
0.11742559591824717,0.5688468526597984,0.12512210784860137,0.1886054435733532
0.12782603787964927,0.3125868108932428,0.369994062318837,0.1895930889082708
0.2863893675814967,0.4702961246605411,0.07022021724842221,0.17309429050953984
0.0036748775004117793,0.3735331871346912,0.21573272011015482,0.4070592152547421
0.02966192592328177,0.06008327124138691,0.16377129132323529,0.746483511512096
0.4448441711529025,0.1721362350344502,0.1964847565282729,0.18653483728437453
0.37306695744378443,0.2598986326623318,0.31418753694112245,0.05284687295276144
0.07604715043510742,0.056165235668825676,0.5724277728960494,0.29535984100001744
0.19880099667569298,0.08976070604768306,0.4917189535994427,0.21971934367718132
0.4740277314351937,0.09574569379687707,0.20092080206659993,0.22930577270132926
0.22155507883668243,0.06327549026185676,0.09019842373483743,0.6249710071666233
0.3662939029639106,0.45712636700044257,0.08741143761764911,0.08916829241799787
0.3036866606175261,0.1969031967578041,0.0037441977075339315,0.4956659449171359
0.051781941060329524,0.3501368056650422,0.2704678037205056,0.3276134495541225
0.0955385271529684,0.54655171318917,0.23326501219308182,0.12464474746477983
0.08009168059579544,0.0022413742423673874,0.4847356050711982,0.432931340090639
0.1555776589894132,0.2739803134402855,0.16801944648643558,0.4024225810838656
0.49476589774323454,0.14877079062062942,0.1915963119611425,0.16486699967499358
0.23191601414243163,0.2237371428323844,0.432701404523919,0.11164543850126508
0.2773195133452018,0.6447527234416787,0.06563877499615899,0.012288988216960539
0.3563624193873632,0.20539469249501782,0.1279934441199719,0.31024944399764687
0.0035330134440671223,0.8148708374702853,0.09660682752392986,0.08498932156171757
0.08205219699536845,0.3062542680305785,0.23418175216728737,0.3775117828067657
0.06377271173303346,0.18927353482780462,0.040567713770010366,0.7063860396691517
0.20809230278923252,0.2869053056990975,0.4347966924970584,0.07020569901461145
0.18909272964140206,0.22978273226408774,0.5730346282415602,0.008089909852950099
0.08262921172317579,0.2808910672742085,0.1897062181556003,0.44677350284701545
0.1826065324853078,0.3075799339652827,0.05271672490533613,0.45709680864407326
0.49106908431828755,0.3188076178308797,0.0015303200329389623,0.18859297781789383
0.015527973208462621,0.5918189108792511,0.11697853315473777,0.27567458275754847
0.5888386250116182,0.10700939988542743,0.041294505970499606,0.26285746913245456
0.2254972966085564,0.4539240599162872,0.15366317001907742,0.16691547345607885
0.5876371378534474,0.3291760317980061,0.025466524039780093,0.05772030630876623
0.05947690604954488,0.2906381511166837,0.4138089940937698,0.23607594874000162
0.2112474615618685,0.15129106612857512,0.4880608617902247,0.14940061051933168
0.28660591520146933,0.09087074261582065,0.5545267645771911,0.06799657760551898
0.637134832363065,0.17654318811849554,0.027929158256357466,0.15839282126208207
0.1757958752408611,0.3934798695184334,0.012052511754733498,0.4186717434859719
0.03476650380260546,0.14140193765628378,0.07463758632115339,0.7491939722199572
0.01916190443477863,0.03720576973461303,0.1540558457537488,0.7895764800768597
0.05731463559220371,0.2652583372349934,0.5220972391767552,0.15532978799604785
0.10092639017357567,0.012670289861567327,0.5006830228018487,0.3857202971630081
0.3019583082743696,0.508781469571538,0.006913294991399038,0.1823469271626932
0.0718165382283464,0.43160729387801994,0.03884470444667699,0.45773146344695675
0.5346124463988662,0.10968040432103007,0.18233899366404524,0.17336815561605853
0.4518475428588802,0.020071736691517208,0.1843755158774977,0.343705204572105
0.042059231379722645,0.18341003834106073,0.05178093797440761,0.7227497923048091
0.7980469667246008,0.10349377069411012,0.046899128733710424,0.05156013384757864
0.4496011464838831,0.07108194485241409,0.3560235418081116,0.12329336685559125
0.21943589519341664,0.2904035946268462,0.22873670711882044,0.2614238030609168
0.5849659818082681,0.2923712794548768,0.03470545625893142,0.08795728247792373
0.6173695173803675,0.13480175187793442,0.22429781145782654,0.02353091928387171
0.2921482578985474,0.39990826034633553,0.0043578426571254224,0.3035856390979917
0.08431051838531159,0.6276272607931211,0.012323107187148248,0.27573911363441894
0.2780169017182892,0.5715768796152184,0.11765918727066527,0.03274703139582716
0.3551078939912886,0.3196700486954651,0.09630272668400053,0.22891933062924558
0.46773885138530236,0.04779479675664424,0.11041371749087266,0.3740526343671809
0.541400104394165,0.36297751807667694,0.006445409192129019,0.08917696833702907
0.4158792974479053,0.05769205666640256,0.0685567101833325,0.4578719357023597
0.013039881390476,0.7923088744334484,0.05819226299553936,0.1364589811805363
0.548721733544449,0.05333072187966058,0.3852580320331014,0.01268951254278912
0.0925689766163385,0.1260464817678826,0.03711253584742693,0.7442720057683518
0.1462590869142004,0.3700005193594733,0.13908312908002796,0.3446572646462983
0.3584264857956569,0.11315986513512111,0.3693021322826967,0.15911151678652524
0.24424680633117224,0.2769194805816439,0.4469939212789606,0.03183979180822316
0.3139045274567049,0.25586256981243194,0.2605233749704793,0.1697095277603838
0.13070035237274402,0.036066618754651655,0.17020279128409135,0.663030237588513
0.18544840709346538,0.4262653841724832,0.36366200791406317,0.024624200819988236
0.12142493315340504,0.024081656433450192,0.051204766704164836,0.80328864370898
0.2652747806059079,0.4557644375167331,0.13781978319290505,0.14114099868445398
0.2134545298949988,0.066938587980821,0.6010528739255726,0.11855400819860751
0.3530918691934957,0.255005111460592,0.048882404454482574,0.3430206148914297
0.41664418526809643,0.44398295449260183,0.10484593267402265,0.03452692756527887
0.22100695246882676,0.17104424547096164,0.10109712790687087,0.5068516741533406
0.36164973165688924,0.18816457375568746,0.22100616227969608,0.22917953230772717
0.64002245769799,0.0884763887478379,0.22732780879752446,0.044173344756647526
0.13106650882853677,0.3596529594478102,0.4703127850471556,0.038967746676497356
0.03696631380462952,0.45810871061901154,0.20164114347495077,0.30328383210140814
0.36716149220803024,0.47588246602856304,0.01793656504128678,0.1390194767221201
0.14502811332036006,0.07681570112969227,0.189926588367906,0.5882295971820416
0.2417387026374778,0.2215018487717763,0.3741724992888242,0.16258694930192166
0.41263588705611226,0.1571437250094303,0.2962550248697168,0.1339653630647407
0.07146309503443173,0.3322715587323359,0.5511523621813366,0.045112984051895746
0.21561662393171468,0.11008947233028075,0.3896001107479605,0.28469379299004394
0.16080250498672205,0.22192306701777828,0.16092611344887545,0.4563483145466242
0.7332551622699878,0.1489230731564471,0.11440605818047334,0.003415706393091799
0.3545602952600463,0.15102951641886223,0.06792965510658881,0.42648053321450263
0.03467345547665066,0.10042382660788567,0.3270050831074766,0.537897634807987
0.015418170328427882,0.4215732639180023,0.2614321852242124,0.30157638052935754
0.3858178200780131,0.5533058958530774,0.02995134420487555,0.03092493986403417
0.4795980008954064,0.1460687960702931,0.2921726353547699,0.08216056767953052
0.34044577208816706,0.18114796624703977,0.11719584301661054,0.3612104186481826
0.5951000918504882,0.15020135777589075,0.025351066873461257,0.2293474835001599
0.5519576917843602,0.2580795175466512,0.05184749115554421,0.13811529951344448
0.03600118876722144,0.48779819530020174,0.3523309728253157,0.12386964310726117
0.3572698201007616,0.4449683105339851,0.04154334075389357,0.1562185286113597
0.1614655841329622,0.2590643534184642,0.021693371640573066,0.5577766908080005
0.2217384814303617,0.003274669553295317,0.5897127023005639,0.1852741467157792
0.0035321001531785946,0.36208406467480975,0.08206684320503994,0.5523169919669717
0.24487596370002906,0.10351276131353265,0.17343972754410097,0.4781715474423374
0.32380972509192796,0.2198734237670484,0.34751416580421557,0.108802685336808
0.07103966555156845,0.4625067207481157,0.4229553056663262,0.0434983080339895
0.06250999435985306,0.5808195795777872,0.3192786745934725,0.03739175146888726
0.2743001833295652,0.13937581153942305,0.3520624272598337,0.23426157787117793
0.28746098345948806,0.40040780748411237,0.04871823642705118,0.2634129726293483
0.2763748060892148,0.041327060888730255,0.5921681860066395,0.09012994701541556
0.29876541188798383,0.10125350586450753,0.40520864892414754,0.19477243332336097
0.49399082888333634,0.16694044833663876,0.12983303512437538,0.20923568765564937
0.60846071990888,0.1942145725772738,0.1773869076667484,0.0199377998470978
0.12697899560093528,0.6140371727375963,0.02329685193419187,0.23568697972727654
0.21458228818576572,0.10367239351141883,0.46993091855437075,0.21181439974844465
0.48681929506657645,0.07433359296243867,0.015797736697172243,0.42304937527381253
0.059903453856814406,0.3305355445153352,0.2055139796936993,0.4040470219341511
0.18836397168138536,0.05622272361655031,0.5328819488112345,0.22253135589082973
0.5853803488362347,0.05317356857491062,0.07956263583381194,0.28188344675504273
0.04186862378888949,0.8257414357776803,0.011496230038967723,0.12089371039446233
0.20809740868187018,0.3201912760471373,0.3593137559712128,0.11239755929977974
0.1649657582989615,0.25551042657866885,0.5050867820757209,0.07443703304664888
0.12449676918169371,0.3080503423890995,0.2560204013075439,0.31143248712166277
0.3325038749519828,0.41599468647806526,0.021967200108832234,0.22953423846111967
0.10569795272904545,0.47260154362892054,0.2800885735503261,0.14161193009170786
0.4784049785731221,0.31255014004347254,0.01708115929550237,0.191963722087903
0.5523165884750195,0.06779039488816374,0.20592481819667946,0.17396819844013725
0.6370149464462354,0.06741598927126802,0.08743339337491357,0.20813567090758295
0.22097785575080692,0.382551897450302,0.36068792717881953,0.03578231962007139
0.36923867054580267,0.18244774905715908,0.31894259761727334,0.12937098277976472
0.028202071317841693,0.03931590034611522,0.6909909903548345,0.24149103798120858
0.20259112617366856,0.32171108349478067,0.3673215186709493,0.10837627166060146
0.10271231807729986,0.5178491743093272,0.13225901603892842,0.24717949157444463
0.11973544236884595,0.4508179529276847,0.3223408268810784,0.1071057778223909
0.4390182675191756,0.38101579234142574,0.0536171631286183,0.12634877701078046
0.06877735057816543,0.24956680674886952,0.1628505295254654,0.5188053131474997
0.21189132557306609,0.3407171558853767,0.38571352055247465,0.06167799798908251
0.029762715410220294,0.7403531261745108,0.003954506468474477,0.22592965194679449
0.11985912966468842,0.27593882613909954,0.29283297049449086,0.3113690737017212
0.02000115921577155,0.3332107395628936,0.23398344944325358,0.41280465177808123
0.2300513580692006,0.4216932372195902,0.12431403242121353,0.22394137228999572
0.2713633404936953,0.2115502820449955,0.4441229028623506,0.07296347459895858
0.16366057707594742,0.29630894671645336,0.4260066434025615,0.11402383280503764
0.12604357388072573,0.24250105746526296,0.5111464493137795,0.12030891934023172
0.25437809154535157,0.3325192200190495,0.26054810298150155,0.1525545854540975
0.1364845064793625,0.1824924557558542,0.3520009714027379,0.32902206636204534
0.06929569211115823,0.48429190554033485,0.3682525206810644,0.07815988166744252
0.8082705833521988,0.06303566762969913,0.06019984606158489,0.06849390295651714
0.37020022209026193,0.47441271002856467,0.008072141242115862,0.14731492663905738
0.034104786613629604,0.10826464525245785,0.4883681564702818,0.3692624116636308
0.1678518740122513,0.39460565729301894,0.22269455709997815,0.2148479115947516
0.11630901221059413,0.39010554677456094,0.2397955409921403,0.2537899000227048
0.18527923131390986,0.26247317600133196,0.31428756989967893,0.23796002278507924
0.027355194981350934,0.7743713511867752,0.11687358458397429,0.08139986924789946
0.2992264820815872,0.5073913904406584,0.005188703146035854,0.18819342433171848
0.6066085164737907,0.052401359993837535,0.044556238120122896,0.2964338854122489
0.0866803149299757,0.006020367313394508,0.18497847232228615,0.7223208454343436
0.5434470402989842,0.06775618431612797,0.2014163082246312,0.18738046716025675
0.07544341115659615,0.1432051942054198,0.7200791503684716,0.061272244269512485
0.2567643638715905,0.014166593196524085,0.4573975790380102,0.27167146389387525
0.030308516045597606,0.10119318789648443,0.7506015614685312,0.11789673458938695
0.3854476864714472,0.3698988182766742,0.10297883517569176,0.14167466007618681
0.16327238311578127,0.18496701069566493,0.43063254236406023,0.22112806382449351
0.4096002209988381,0.10292320782151418,0.4137866995094786,0.07368987167016924
0.2813257361693101,0.09120495835159866,0.2274514721373928,0.4000178333416984
0.4472914818362136,0.18273363080283597,0.32428214812423367,0.04569273923671672
0.1978503698981403,0.31502445887559727,0.0272674762803635,0.45985769494589884
0.2682865586075146,0.2703799925646066,0.37713144529408943,0.08420200353378923
0.234716073739828,0.0429510432685809,0.47288481953263894,0.249448063458952
0.2133339859173731,0.5666534589138347,0.05193830438097025,0.16807425078782193
0.12955075605649607,0.06634511332295993,0.5016654074632546,0.30243872315728926
0.2660466253266369,0.4056009214436944,0.04138380300347168,0.2869686502261971
0.16324933215475274,0.09917150251099444,0.4490287537627914,0.28855041157146144
0.0481905254957467,0.35262703679597523,0.2971774580051527,0.3020049797031255
0.1394343357901624,0.18689711417071128,0.1902263461610056,0.4834422038781207
0.4134192681313777,0.004541769491554254,0.27591058022862275,0.3061283821484453
0.31939535598365776,0.026781141061672526,0.09294765078016722,0.5608758521745024
0.0921848026277018,0.4291840829342143,0.3123475219099113,0.16628359252817282
0.03327960581999166,0.0762809823200342,0.42049580167460227,0.46994361018537173
0.21408390462042193,0.16335881957016338,0.5657324325177027,0.0568248432917119
0.045112778312885814,0.7635204375138653,0.07613513981700609,0.11523164435624286
0.28934281144455504,0.16509078734341387,0.27976702043104534,0.26579938078098575
0.3071554570376314,0.25788510641223783,0.3968612565302724,0.03809818001985837
0.024624786382439246,0.5885212838135152,0.3068973016500579,0.07995662815398764
0.5029412918552623,0.0852933100640804,0.03411444432179168,0.37765095375886565
0.26485683361283013,0.010430198166353837,0.15859066018165488,0.5661223080391612
0.10708631414969406,0.5710056184073548,0.218310235762928,0.10359783168002296
0.3962425084421255,0.1498597153961023,0.10994153591308167,0.34395624024869054
0.32074455668764995,0.2556075123692508,0.4234944905234641,0.00015344041963520679
0.5309302836605264,0.10357112101674622,0.059194734853916874,0.30630386046881053
0.47477379110155576,0.14271932281958497,0.3781061384634074,0.0044007476154517685
0.13500638562204426,0.39939963383320437,0.44721645095285695,0.018377529591894138
0.0072436543183271385,0.5780514816454557,0.28235043506211815,0.13235442897409894
0.7391726076620951,0.12919524349483638,0.061514859861026096,0.07011728898204228
0.0013443440745751027,0.3286847760684723,0.10049142760272604,0.5694794522542266
0.29286112986987795,0.3244542409359512,0.15276342719566277,0.2299212019985081
0.11623228264911278,0.31329322645498303,0.04445791636419783,0.5260165745317065
0.0004317005742114536,0.4571798929996461,0.3725064769854486,0.16988192944069377
0.5880576782658921,0.25684567105492784,0.12122563046551847,0.033871020213661805
0.5792064626753913,0.025893380668917658,0.1477125562323298,0.24718760042336121
0.07978317219385973,0.32337571711690116,0.16402527096847971,0.43281583972075927
0.4502545787520435,0.2932978874067556,0.2219635398753133,0.034483993965887506
0.35066987828926344,0.013946125361235271,0.21857024712146325,0.41681374922803804
0.5231355410380873,0.06586604296562393,0.17255498057735677,0.23844343541893206
0.25723699940877004,0.22483675260525976,0.127138800033513,0.3907874479524573
0.1610180643571286,0.10048803193331317,0.5292243452871559,0.20926955842240252
0.08888174164484801,0.38704695822737256,0.20995738008579065,0.3141139200419888
0.05239870908682838,0.4886979034258685,0.10594224433019327,0.3529611431571098
0.46996625411881626,0.1588585301347357,0.08507459931972276,0.28610061642672535
0.5385032287916997,0.4296347104781135,0.0119308767478766,0.019931183982310238
0.24354660229479788,0.27757190506921137,0.4032867435316177,0.07559474910437312
0.06814791970420904,0.0961543700350023,0.3161138643932236,0.5195838458675651
0.19637325047351523,0.5687838862672434,0.22833157682288396,0.006511286436357395
0.02578636049822712,0.2506065374500485,0.190959062637156,0.5326480394145684
0.31444975963661564,0.6320277582215054,0.04806833968604589,0.00545414245583311
0.3284448931253065,0.5851953376196953,0.0002340407630089289,0.08612572849198934
0.1542060865064266,0.5322109521382729,0.18786845780966177,0.12571450354563865
0.06778250311319654,0.32587569713990433,0.12218508799263499,0.48415671175426417
0.09008532190032119,0.27922490382299997,0.2560085166064806,0.37468125767019816
0.2400605435338145,0.5302184668298037,0.03401766622199811,0.19570332341438385
0.1987827376209841,0.6447373398295689,0.09037142263221883,0.0661084999172281
0.06416846169720825,0.26291708975799427,0.13746946935529825,0.5354449791894991
0.24017469517181977,0.10389883470138131,0.5892582036534861,0.06666826647331264
0.48425403473008993,0.20144542116068268,0.04535507157177467,0.2689454725374528
0.22387643411870675,0.5854227744875683,0.0016487695371971824,0.1890520218565278
0.10495560284876061,0.06683998696729519,0.5203509693397733,0.30785344084417104
0.25608363813563245,0.13628877039511492,0.1517797324604189,0.45584785900883384
0.5051080089083557,0.2598706701394332,0.21169052130134397,0.023330799650866815
0.14274860890035967,0.08108797833567481,0.1744268884413076,0.6017365243226579
0.17919622811360408,0.49701425916734565,0.3163066835404995,0.007482829178550752
0.2241683929962301,0.04251958593587533,0.1915089600675658,0.5418030610003286
0.3151948423416384,0.0745512906413668,0.6013726348262786,0.008881232190716305
0.16125752395166687,0.28200721998569633,0.43392192154460185,0.12281333451803489
0.16881672599028413,0.20554532195921135,0.4830086075933594,0.14262934445714495
0.11557955860180696,0.2256043766292238,0.455098960372546,0.20371710439642313
0.11047888232781615,0.6352888031344628,0.23912760087226517,0.01510471366545577
0.27557049151191937,0.01583802405841262,0.0799903572604076,0.6286011271692604
0.2374550936253675,0.3266777415937465,0.16492950143667265,0.27093766334421326
0.033300124623451735,0.22868555867413976,0.394060515132199,0.3439538015702095
0.29557909519638303,0.22254358111104663,0.358071716413108,0.12380560727946233
0.2725881812854762,0.009976063372711598,0.30079975447119806,0.416636000870614
0.09938052330065694,0.09241703546600152,0.06617933956173026,0.7420231016716112
0.39286589977173947,0.21626742075097152,0.34043065520710153,0.05043602427018745
0.01987137686482897,0.5104940100983176,0.4622779132549341,0.007356699781919333
0.165190736371887,0.15824102086044448,0.07036873784941515,0.6061995049182535
0.25678532627302914,0.27470832050308225,0.22977214546632277,0.23873420775756593
0.39445099944609585,0.06469682026808656,0.1409882845864136,0.39986389569940406
0.38683222804320316,0.1358968364902881,0.13012375057589756,0.347147184890611
0.12310076472113209,0.2582919277380991,0.013237822962748023,0.6053694845780208
0.4109469645292829,0.028286790728009274,0.45781635766549655,0.10294988707721121
0.20192120964858806,0.39945912782780474,0.003169185883857462,0.39545047663974986
0.08360765574775478,0.5478834942792319,0.11834343408047089,0.25016541589254254
0.4116905337333388,0.37305278958607385,0.1002306379205291,0.11502603876005815
0.6939073474511785,0.11025397195987056,0.1642030996767521,0.031635580912198834
0.24492419632089835,0.0965661739294998,0.21199714768012698,0.44651248206947475
0.011465866643163375,0.8279678177561156,0.01206755040656172,0.14849876519415928
0.07612092621985347,0.1715425644341522,0.6579213887677564,0.09441512057823784
0.35036379449627764,0.24710394208340672,0.3323569910178528,0.07017527240246296
0.2193567175355781,0.3673252325340915,0.33826468356193773,0.0750533663683927
0.09253320598471185,0.014860955540264294,0.12179043349033795,0.7708154049846858
0.4068332623022279,0.07450498845602996,0.11126437557163611,0.4073973736701059
0.45154567604275286,0.11644852329684618,0.10094366041851334,0.3310621402418875
0.010654034209624496,0.6427776927133583,0.03559477202078983,0.31097350105622734
0.1775911102740447,0.09709954391472381,0.5302923440604098,0.19501700175082162
0.5128949169192172,0.09335768565336258,0.3096497533328668,0.08409764409455348
0.08805678068375922,0.3880988275442794,0.10842662719155509,0.41541776458040636
0.33244848591351606,0.3053933191613648,0.26871517813561113,0.09344301678950805
0.32507583471143137,0.20567870843097044,0.33160604543525224,0.13763941142234576
0.4039036995139866,0.3215611492303475,0.1827745233871704,0.09176062786849551
0.0382107770970779,0.44283182171896857,0.4954455851109733,0.02351181607298046
0.253701996884279,0.19153834909205625,0.011140065609966965,0.5436195884136977
0.13489081992634588,0.046834122917280105,0.1364932589720761,0.681781798184298
0.35128869889644254,0.026636501845560455,0.38934434607302587,0.23273045318497101
0.08672136630615518,0.24563834304395019,0.008581063380994907,0.6590592272688997
0.14986032231406798,0.12203051121195377,0.2830666248930401,0.4450425415809381
0.4638893378218378,0.08573309209125698,0.22509018233681435,0.2252873877500908
0.5036329198738534,0.29365616751845436,0.14164021471888757,0.061070697888804676
0.694273930112346,0.14739396621594716,0.05257893804768936,0.10575316562401749
0.06872269027726645,0.35563896253595667,0.4478373029508899,0.12780104423588687
0.21594177926512387,0.5553027620542454,0.13031959327450107,0.09843586540612961
0.15567741937513213,0.5532916891931641,0.020902086080617322,0.2701288053510864
0.24746632531216067,0.14870086629890927,0.37315864312881564,0.23067416526011453
0.7125612455240036,0.12580376647485347,0.03677249454319799,0.12486249345794492
0.49122635703840284,0.18054353112913396,0.0849724613494429,0.24325765048302014
0.11592414145254677,0.2899619321701378,0.5503055606390133,0.04380836573830212
0.441552773644863,0.07938599102055231,0.06131694790782187,0.41774428742676284
0.07216145177660807,0.22739159411634058,0.5984840320484324,0.10196292205861919
0.2252997581358689,0.35649284969028827,0.30777816143840536,0.11042923073543746
0.5994441561123921,0.16744285232743322,0.1647925136204399,0.06832047793973493
0.4722315017456803,0.3131442103068762,0.1980106606526252,0.016613627294818304
0.013831310561617266,0.7907969653008359,0.1894653374199688,0.005906386717577869
0.03454531153783258,0.1424828638454665,0.5150821944470343,0.30788963016966675
0.14741683515114487,0.10036915558592345,0.03768534138487246,0.7145286678780594
0.04016470233643219,0.6097889742247448,0.2745685218701181,0.07547780156870507
0.046269351051187214,0.7631755082165053,0.035230394028994,0.15532474670331356
0.6414575371631486,0.043315891822487386,0.17694507457778783,0.1382814964365761
0.008784055279736976,0.1292862997738312,0.20258939997692166,0.6593402449695103
0.08214001311780066,0.21910956674718587,0.4350978916909284,0.2636525284440852
0.33058449073574453,0.07152451036261466,0.5646585502907552,0.033232448610885666
0.0766874498929958,0.845211980269679,0.0032680713278724276,0.07483249850945269
0.1057342532664348,0.2665795363121643,0.05515964330197399,0.572526567119427
0.2558002797926087,0.411865116954741,0.057911701522349555,0.2744229017303007
0.3460759823095931,0.24679776933897743,0.34562010698852097,0.06150614136290847
0.004016379509365626,0.09844281540096715,0.4349689871957141,0.4625718178939531
0.7772386095186808,0.02404271388564921,0.054022972516618965,0.14469570407905097
0.20297319632768504,0.01971835584816079,0.2085201979142819,0.5687882499098722
0.1636089121996999,0.2051762513916865,0.45585601651457563,0.1753588198940381
0.04347282794257572,0.1983010523745986,0.3964865981214966,0.361739521561329
0.097740401695061,0.2929362080171993,0.28278859318996213,0.32653479709777766
0.4129658466489043,0.4545936290332838,0.0698366414820593,0.06260388283575251
0.06605913766504108,0.27707644623487176,0.06426800221069227,0.5925964138893949
0.19677606970817965,0.23620138653295625,0.35254802281500897,0.21447452094385522
0.29820834851950284,0.13876605208577625,0.24834797015210314,0.3146776292426178
0.009826210547162909,0.1293696416896763,0.5421990638393366,0.31860508392382414
0.284641822306292,0.3148661062284796,0.27197831755669816,0.12851375390853018
0.09365299085340076,0.5511174899996844,0.08223851099076497,0.27299100815614985
0.011666320865426547,0.2447219015934816,0.35768149477165984,0.3859302827694319
0.177611161809891,0.18819035820795274,0.594256244324114,0.03994223565804225
0.306031450903483,0.08483997365069901,0.2276160054269678,0.38151257001885036
0.11026215065465152,0.4351341043578176,0.33607793476556247,0.11852581022196838
0.4412749327821613,0.1590099127298056,0.29050950675510556,0.1092056477329276
0.3160577785385036,0.38050846221963974,0.21880751192928602,0.08462624731257054
0.13844308685457093,0.09728017620575918,0.7579961958852656,0.00628054105440423
0.4257380969894696,0.13351418316335548,0.11420203727136341,0.3265456825758114
0.21912200211079808,0.03378832800567965,0.2616977377440363,0.48539193213948606
0.1288382702615561,0.34259293825533005,0.13258571492690047,0.39598307655621345
0.30380380798998746,0.2952277312826263,0.30705127894770323,0.09391718177968307
0.29269650236911143,0.5588847040402155,0.025921932821982803,0.12249686076869021
0.15134161429866902,0.12128488937332123,0.5947805370417073,0.13259295928630238
0.14880251328950983,0.32753114967055336,0.3134792514565947,0.21018708558334215
0.24702273002618824,0.12843181737900142,0.26260316199565326,0.3619422905991571
0.08911998952318587,0.2512208244095847,0.192702388865031,0.46695679720219846
0.025446887026187293,0.055035643752726474,0.4291065452595423,0.49041092396154395
0.41510582887031183,0.14938038260303582,0.29839143996025447,0.13712234856639788
0.714536320393075,0.09684624250096051,0.11329206196302948,0.07532537514293502
0.26515895451294047,0.16046829715500824,0.28703134771973693,0.2873414006123144
0.07840497125497162,0.17330750489366883,0.1202525498378223,0.6280349740135373
0.22691644940703323,0.12725534935434832,0.2414007771463764,0.4044274240922419
0.3105971832532847,0.2104067929270687,0.3983655905773077,0.08063043324233882
0.5592944184886777,0.1380113859100965,0.2185908868580305,0.08410330874319531
0.16897618845499435,0.048829768773935356,0.24201279327597786,0.5401812494950924
0.06637413986402813,0.32696384495004993,0.11688213095754883,0.48977988422837315
0.3291856815118772,0.15970156439404598,0.2509696930606974,0.26014306103337964
0.18556355752703596,0.1643062196451276,0.5338159612045946,0.11631426162324184
0.20554123452271972,0.01565426464347828,0.6967000032890714,0.08210449754473065
0.35117539452151536,0.6065713031915798,0.025893416771873994,0.016359885515030793
0.5697106143230358,0.02682733428122875,0.14329365253839194,0.26016839885734355
0.029144040676590943,0.3293568215187187,0.056330040255880884,0.5851690975488095
0.5538030028574487,0.17587014270447232,0.05476641053895989,0.21556044389911913
0.8332139533931691,0.1364158696192067,0.005046139462834905,0.025324037524789473
0.0008435625785887175,0.7221543932055066,0.03737804330578876,0.23962400091011593
0.47555196305872366,0.42802233427690695,0.035190484150864454,0.061235218513505045
0.033363555364294924,0.07073643832488272,0.7711780900137523,0.12472191629707023
0.3061067860761347,0.19975026854176647,0.25421546323916144,0.23992748214293744
0.2461634164550069,0.11935924855912015,0.21295854496410768,0.4215187900217653
0.2160962196239583,0.49474997744902055,0.25785769558698085,0.03129610734004014
0.22261101512294604,0.1897488555912102,0.016033952826898252,0.5716061764589455
0.027734439416759966,0.13679872784893576,0.24065570013289317,0.5948111326014112
0.18364464608759737,0.14519827687251025,0.34512598041789144,0.326031096622001
0.3949694364023644,0.2223523010854717,0.044575257579787295,0.3381030049323767
0.501633943756002,0.30983963914220314,0.051654755141506206,0.13687166196028858
0.369645547934154,0.4519258045068789,0.01144301944201859,0.16698562811694845
0.3762461104417651,0.11252595814341432,0.07269681946495654,0.43853111194986416
0.17979377889190815,0.15805629491005033,0.32636924629480657,0.335780679903235
0.017207308699385155,0.4803857837664647,0.3346385154595959,0.16776839207455418
0.13386091824524537,0.24030912253498105,0.07086938368806453,0.5549605755317091
0.7158628294799043,0.085711378405273,0.14430524014629792,0.05412055196852492
0.5743937361357682,0.2970897717736829,0.013131538167760755,0.11538495392278822
0.16242390955869426,0.08312065997824558,0.033535778791986215,0.7209196516710739
0.09418778918641856,0.8022997667976115,0.0029582399419852746,0.10055420407398453
0.1362653510521618,0.16727784264312895,0.6861455866417497,0.010311219662959377
0.2942219738198597,0.004146128666277369,0.06683285040081749,0.6347990471130455
0.11250074540891056,0.39078347002057157,0.47843368805533504,0.018282096515182852
0.06567022365121898,0.07276896838100277,0.5600694881841038,0.3014913197836743
0.18380053223784143,0.07507572328964439,0.18259367025826312,0.558530074214251
0.5500982849855706,0.005024664524577017,0.29630289852824915,0.14857415196160323
0.3470096657222028,0.2245620560133535,0.39906929229946725,0.029358985964976395
0.3704701417910741,0.4882012113492796,0.03805975357223495,0.10326889328741132
0.00873445650694175,0.30129817154307276,0.2595643563496547,0.4304030156003309
0.22035062615150783,0.05131909353193415,0.7120017218331365,0.01632855848342148
0.5081641543339374,0.18012239298457122,0.14957689956164086,0.1621365531198507
0.264041650216785,0.11367560626197139,0.21805750944905117,0.40422523407219235
0.22026833748197505,0.34383597672825433,0.27238316520392425,0.16351252058584637
0.5043594841808627,0.1848280977498366,0.2720100124195902,0.038802405649710534
0.19281821797410287,0.2203421887954284,0.32249429544350644,0.26434529778696236
0.15482579075199798,0.48347705373915834,0.3125050939108861,0.049192061597957526
0.5867628921264133,0.08858827264821525,0.06328274971528502,0.26136608551008633
0.047413963991278466,0.1344059531933521,0.2393105891333422,0.5788694936820272
0.3321089249740494,0.19160069556544548,0.3558663563329834,0.12042402312752165
0.35345849781912386,0.18653626020829198,0.36779153167564765,0.09221371029693652
0.20650993550448835,0.035894847250320785,0.5059908490654401,0.25160436817975085
0.060218391994261634,0.12506966821091273,0.22400212352688492,0.5907098162679407
0.5145688493927175,0.0846036091438589,0.03337816617298715,0.3674493752904364
0.2115499539642639,0.08797867263094791,0.07956276236170694,0.6209086110430814
0.7732040789154192,0.12045943405550133,0.1034029136014809,0.0029335734275985005
0.2744964992940902,0.18205442565322721,0.23572694305316183,0.30772213199952075
0.14596768881370953,0.32142302688324614,0.29086725331796803,0.2417420309850764
0.17974447434300925,0.07202533839230091,0.35191244490494933,0.3963177423597405
0.29918873197194945,0.013971782533006724,0.6144087829660456,0.07243070252899833
0.07897189656722353,0.06819699184477847,0.2647200969957346,0.5881110145922634
0.4314908804353222,0.3204527273286131,0.05392740736039409,0.1941289848756707
0.06165926557140695,0.5158626213035061,0.1794595714838955,0.24301854164119144
0.3349257580662546,0.042379200810645744,0.18730961660689271,0.43538542451620676
0.01383529404582043,0.5442411728964989,0.25680124603684396,0.18512228702083686
0.3099189284094745,0.30364535947388116,0.12094388024636576,0.26549183187027864
0.04989379664770344,0.02106861899148651,0.1827898197940648,0.7462477645667451
0.08564400227742117,0.6473418791466573,0.18129455995415975,0.08571955862176164
0.2552856850490748,0.04754695769537034,0.0977478682930217,0.5994194889625333
0.022732364384967996,0.4911725080123241,0.15316774712474818,0.3329273804779596
0.5064164764105048,0.0827790757122647,0.2662682417347128,0.14453620614251764
0.29541758530308876,0.14182431997843542,0.39593965938077347,0.16681843533770224
0.26870597910284894,0.2900347444464217,0.043264433964718275,0.3979948424860109
0.44712749075452674,0.11968078861732094,0.34057480123742284,0.09261691939072944
0.13775186249848118,0.23843559880660783,0.2628109989775623,0.3610015397173486
0.20418370604605113,0.23078861785002724,0.3660623184656851,0.19896535763823658
0.009036101878044267,0.27142036132704167,0.17453085821328201,0.545012678581632
0.03494601998810941,0.12741009420267801,0.18831775451949906,0.6493261312897135
0.10335525054723786,0.4108924764341467,0.06188973087997225,0.4238625421386431
0.38932732685461174,0.37803202412743087,0.09173202775071938,0.14090862126723797
0.07888322919708728,0.5120297721278659,0.30307127809108986,0.10601572058395682
0.20158351842827454,0.6815036630193119,0.02836599487570845,0.08854682367670526
0.5220892624390332,0.06202060383323496,0.15746321279333242,0.2584269209343994
0.10171134222982818,0.4869485887308502,0.3982121469129211,0.013127922126400418
0.057338198352712394,0.2822060003589773,0.49679578979659444,0.1636600114917158
0.06933043140917738,0.2769835490532943,0.33812202919816514,0.3155639903393633
0.04609282875976958,0.4195036293466434,0.29585381665536725,0.23854972523821977
0.5742181446897919,0.03310516274269491,0.03180447674711842,0.3608722158203949
0.1880266354450098,0.026294262181461487,0.16634000149929287,0.6193391008742357
0.1349863127722217,0.2146106131742851,0.48428166897855,0.16612140507494327
0.0625090310906618,0.4462767521251144,0.0793016638795495,0.4119125529046743
0.33769351534564385,0.39944435847614107,0.1543337509010356,0.10852837527717968
0.2237056664739148,0.2528575050615388,0.0220537952769428,0.5013830331876038
0.3929429002221045,0.3299163828842545,0.13690149956466063,0.14023921732898043
0.1846942810479467,0.5213896987805879,0.2847007750877285,0.009215245083736973
0.1677199171161385,0.36197742142751305,0.1280417955181908,0.34226086593815763
0.420034904973332,0.1305347961035455,0.40329427539977103,0.04613602352335146
0.13575540336012154,0.21441887746508173,0.39771044401641426,0.2521152751583825
0.009376804486735706,0.3699522024608702,0.19196070856575975,0.42871028448663434
0.49704162869090385,0.060255964052709984,0.33952362075797127,0.10317878649841493
0.49547803171923194,0.21639644361966737,0.010480903529380482,0.2776446211317202
0.15376155703786226,0.2811846249605405,0.150413513831167,0.4146403041704302
0.013164532326291273,0.20374548470819556,0.7597506102089925,0.023339372756520843
0.006792743451628907,0.06357188430253632,0.1126787889555382,0.8169565832902965
0.341623581342279,0.3165464953378259,0.2807649471035066,0.06106497621638869
0.09662371907707999,0.5740466032301733,0.31771216909050953,0.011617508602237156
0.37286371461752243,0.2054972176191893,0.36763367767941796,0.054005390083870224
0.25802010544718984,0.23734485768822444,0.24190174890514066,0.26273328795944506
0.12582532310284594,0.22189119553979875,0.5650224735410553,0.08726100781630021
0.3227029291660533,0.009523937617841911,0.5716357267625048,0.09613740645359997
0.20291931562603988,0.6806818942043588,0.03788214560718111,0.07851664456242008
0.01655761083319858,0.13490888299389492,0.6821153968950439,0.16641810927786263
0.30332168163675755,0.080197268635726,0.5886962754172477,0.027784774310268646
0.23975817771666996,0.4527545609314954,0.024473886571106402,0.28301337478072824
0.35955964196858237,0.10579372007318542,0.1632656866837853,0.37138095127444687
0.16326391017518585,0.7732307714797524,0.03825357098166809,0.025251747363393612
0.0319747168393461,0.20355269368959714,0.5328459266417538,0.23162666282930297
0.2833952405927416,0.4307849030277964,0.0020036607110138524,0.2838161956684481
0.31966543053185464,0.06799340819869733,0.12328784514633079,0.4890533161231172
0.8816655709579327,0.08946465862057441,0.0029342257343242316,0.02593554468716883
0.07649984300969102,0.014760098174988452,0.06559830592557574,0.8431417528897447
0.6260480281600035,0.19688282313843045,0.12967633726179414,0.047392811439771906
0.18888082778859477,0.4141465328064639,0.051347587506581034,0.34562505189836046
0.3907491233585349,0.26950108207582146,0.09704315446080033,0.2427066401048432
0.1887656681587353,0.03622091168448594,0.6837917883647,0.09122163179207882
0.14826019879455946,0.45033268729606934,0.2765176348366885,0.12488947907268268
0.3886694891204902,0.028235168279239466,0.572492563519241,0.010602779081029141
0.07285539516687008,0.563295736465941,0.12101315614717423,0.24283571222001468
0.5826451219730059,0.09665273609511214,0.018452522882713814,0.3022496190491681
0.4030945536580131,0.2512864722105056,0.21646489036264746,0.12915408376883372
0.17935801267093077,0.2742128613919296,0.1440702626213828,0.4023588633157568
0.2826882430758129,0.2869396547324645,0.1750262036322823,0.2553458985594403
0.3652375629327625,0.08769185473716175,0.17864891041816794,0.3684216719119077
0.025922674943297898,0.10869468086846279,0.5900125947355869,0.27537004945265253
0.07101877815317889,0.15547414729481754,0.3247742270638766,0.4487328474881271
0.31189209243885313,0.44907825364838694,0.1540103539939244,0.08501929991883556
0.03151107029888887,0.013722298062655153,0.928903791360768,0.02586284027768802
0.14291321874920634,0.33069138579892726,0.3175402686863977,0.2088551267654686
0.055739768994759464,0.29046370808551725,0.07245751450157192,0.5813390084181514
0.10654615058907313,0.6259170828571414,0.21363119554182952,0.05390557101195586
0.15050923175893727,0.14681854529729174,0.2973797801368204,0.40529244280695037
0.21610657075142312,0.06205222712252294,0.03642137282686046,0.6854198292991935
0.2555981898413219,0.0020676858461629367,0.32168303857917346,0.42065108573334165
0.05080918748502022,0.08541525018291993,0.7256903889292486,0.13808517340281135
0.020936473919605195,0.3254994273900657,0.25414205100538323,0.39942204768494577
0.08784761891058457,0.2869997185048959,0.20821250486576934,0.41694015771875026
0.27836343389516416,0.017911540749586206,0.38244333863627306,0.32128168671897644
0.10897823361781438,0.32182615332245923,0.2642327024095262,0.30496291065020026
0.3434913905624365,0.37729533255385006,0.06164426236210566,0.2175690145216077
0.195704443641928,0.08089857379898685,0.37258750716880296,0.35080947539028223
0.4067586899972253,0.06792608079864126,0.3793738180517587,0.14594141115237483
0.6288161690125839,0.0039152169400027016,0.10817765186585118,0.2590909621815624
0.10827493850677691,0.12450972498247852,0.2838335718875556,0.48338176462318877
0.21097648118800352,0.4031505987354346,0.3023474788008786,0.08352544127568337
0.31358924772588725,0.4330259484153866,0.0434612013920544,0.20992360246667166
0.09711393317083901,0.4955211471258381,0.06171750859233608,0.34564741111098685
0.02341309143327206,0.7042819210370174,0.2645043681214026,0.0078006194083079855
0.6086916623564961,0.036946281565917234,0.31084015669074205,0.04352189938684435
0.17946992125697658,0.17302350038144823,0.473666237894496,0.1738403404670792
0.3994702582152459,0.09189021028058743,0.4748278829869362,0.03381164851723049
0.6850290971153126,0.2284848022319813,0.01994470581586103,0.06654139483684499
0.22605330302895707,0.4066078009013235,0.21170001569502625,0.1556388803746933
0.3528545565182122,0.2877514787292541,0.29533804763494353,0.06405591711759008
0.10392143805632267,0.05917279291141755,0.39820440191578815,0.43870136711647156
0.1768120939947838,0.06034810062878228,0.09404181772098551,0.6687979876554486
0.4293109792601293,0.08074123860302508,0.26570031387977455,0.22424746825707087
0.2964372202568454,0.5688673925835187,0.0842348991528671,0.050460488006768806
0.028566543111468196,0.4629488795584284,0.43605980082347545,0.0724247765066281
0.0215222621847373,0.2642540119020673,0.46146202664600455,0.2527616992671909
0.353413509240991,0.3126850351800959,0.060169612803627384,0.27373184277528556
0.1840945755701436,0.40807086888112554,0.3125581772733178,0.09527637827541312
0.23957551974562497,0.15839380001333658,0.47260448639686276,0.12942619384417575
0.025596773752402602,0.1620751661745842,0.10552431153966571,0.7068037485333474
0.2116078917702804,0.3576681846530555,0.11409487323141432,0.31662905034524985
0.046582246089494295,0.4242677006776633,0.21021025099171148,0.31893980224113105
0.32892236954914655,0.472924529043179,0.1427477563778446,0.05540534502982979
0.26746601018013483,0.24173837104467985,0.011876862000820495,0.47891875677436485
0.17607697553679974,0.39894212006068286,0.13546596888813314,0.28951493551438434
0.1416512492661796,0.5638494375873763,0.06376216861229292,0.23073714453415112
0.14768949464614806,0.29182946109165625,0.5173565886417691,0.04312445562042659
0.22472438073252007,0.17688070039804835,0.08269906896978511,0.5156958498996465
0.5868706351787765,0.30575487625165926,0.09393292440713182,0.013441564162432501
0.16982502283748202,0.32987103216395997,0.08156382527577417,0.41874011972278385
0.47427017269427224,0.010606451689755646,0.012599912198326485,0.5025234634176458
0.46174440207830364,0.4046833338130535,0.06432431918832675,0.06924794492031607
0.05166887601412222,0.12717628163690048,0.23354438827524107,0.5876104540737362
0.23227364838310455,0.17276154250875148,0.20947556458368335,0.38548924452446065
0.1910982827155011,0.317365321363586,0.07861411314386804,0.4129222827770449
0.08328519295414279,0.4688003317052134,0.27912395401310514,0.16879052132753866
0.6453016977416143,0.1868038928023633,0.13300506652859712,0.03488934292742538
0.35066847279550734,0.11571545001205305,0.283585020455971,0.2500310567364685
0.26348402460250564,0.37474154008308175,0.12569391629255225,0.23608051902186036
0.23482295744765397,0.43520714274745304,0.17016483986616945,0.15980505993872354
0.08274033085223945,0.8304801956001645,0.029826516948084865,0.05695295659951122
0.2615433883404711,0.36093564789256694,0.31305741373058776,0.06446355003637413
0.4637258104512153,0.1686612821443314,0.2898410943480306,0.0777718130564226
0.5005625950380069,0.44035230128038266,0.04760777123289151,0.011477332448718805
0.36779684400168566,0.002216552431282497,0.2564813667685211,0.37350523679851066
0.3936025240679229,0.28486366662562224,0.31965372383986307,0.0018800854665919308
0.23827148110499596,0.4343419145103052,0.15559076846919145,0.1717958359155074
0.07867629969965653,0.2482580973899121,0.042736214688076916,0.6303293882223546
0.35832946011904815,0.17279346608943635,0.33363250408733075,0.13524456970418466
0.47134540518506973,0.4505757128780534,0.01652935275724697,0.061549529179629886
0.46308553004016306,0.33102891361539305,0.19016781344235173,0.0157177429020922
0.26708587468398015,0.0030473592605073942,0.34977770586122225,0.3800890601942903
0.19739525869881935,0.21660212807289844,0.43263322264997395,0.1533693905783083
0.025360403471614203,0.19593936016747326,0.04389363007601456,0.7348066062848979
0.5131660717609071,0.31099473948422945,0.1278218153251546,0.04801737342970893
0.3740866233065318,0.03891160102114455,0.08009367597203151,0.506908099700292
0.045363015520780266,0.10852327152323638,0.38842454472979365,0.45768916822618977
0.20270042548635625,0.0026897948169407283,0.35526950101887167,0.4393402786778314
0.13172436144973335,0.17710902925506097,0.3843840975072601,0.3067825117879456
0.18440855385245986,0.019242638441164993,0.03290354910531799,0.763445258601057
0.2748691308306772,0.41971498851759415,0.18684859561788156,0.11856728503384727
0.4575931621372963,0.0869540136730342,0.23854304051878372,0.21690978367088581
0.22805926660677128,0.3913143464005958,0.0689215962973844,0.3117047906952486
0.06362839214655547,0.13927775404967024,0.0572698515913841,0.7398240022123902
0.03603557597841779,0.3543985253043296,0.13370172344071982,0.47586417527653285
0.03925089892309574,0.34247962526850784,0.2630954321085306,0.3551740436998657
0.25479688923380955,0.10632967112008979,0.346417989324138,0.29245545032196274
0.06157218013918653,0.023945431409966224,0.8267144765243767,0.08776791192647046
0.3151318847461063,0.0021417195652227174,0.4819729814435825,0.2007534142450883
0.17574288791174555,0.11294388828862943,0.017860394398232622,0.6934528294013924
0.254307387776641,0.05233375217519353,0.3826331129616397,0.3107257470865256
0.21905348272132902,0.37160920679449866,0.0910482784951246,0.31828903198904784
0.02212742228426424,0.03811473944236275,0.046377737756572134,0.8933801005168008
0.34261477022354847,0.35828314847713694,0.2822539262675971,0.016848155031717462
0.5566815265271527,0.24765268274706556,0.05103883388816996,0.14462695683761176
0.437608246926593,0.29529181219700784,0.20036329709233003,0.06673664378406911
0.09032732924298628,0.6520489765307778,0.0743823208763968,0.18324137334983903
0.07020811150957777,0.6066500611671842,0.1709787300242362,0.15216309729900185
0.222707019499955,0.26634326406063746,0.02301276854259332,0.4879369478968141
0.06330457536434982,0.11106596246692947,0.6796443372392692,0.1459851249294515
0.0024337731959421394,0.27391275252040487,0.3417306991473981,0.38192277513625494
0.002219687698140494,0.41448617161141976,0.10456657411113059,0.4787275665793092
0.3715755294508459,0.36555325018583096,0.23312132218592807,0.029749898177395127
0.5131023960501899,0.11817432021622981,0.006432747382427398,0.3622905363511528
0.07644357515222691,0.22043261840404765,0.13450180268298034,0.5686220037607449
0.25920214939506153,0.08825447705835804,0.01802251470434766,0.6345208588422329
0.2849196440199955,0.061630560228949374,0.3176872746629147,0.3357625210881404
0.04060277103569689,0.27054535167064697,0.031186719978582786,0.6576651573150734
0.012666840879808742,0.2731947809741192,0.5049850681105676,0.20915331003550436
0.16825765507342885,0.2647285520624874,0.5099751700301238,0.05703862283395987
0.4125689097101262,0.07383459807590582,0.03154240295201436,0.4820540892619536
0.15956748945575608,0.25555338806350625,0.26049635627135687,0.3243827662093807
0.02325908922940511,0.09981049203965646,0.19562554629611278,0.6813048724348256
0.1126236835180419,0.7158180397629058,0.14188443078306406,0.02967384593598827
0.03393474729807597,0.2107879248886677,0.7176630860498434,0.03761424176341299
0.5041143664625051,0.027626585720306882,0.45871790138744983,0.00954114642973824
0.01924651876156907,0.0646788542735209,0.40943120617803397,0.5066434207868761
0.32517347853398487,0.06639888564209519,0.3590511782528615,0.2493764575710584
0.39533723348633554,0.18402003599067115,0.29354921273144424,0.12709351779154918
0.7447749350495646,0.07382670419579335,0.1650444563443493,0.016353904410292785
0.17016634429592092,0.35979564636239475,0.29090064326436377,0.17913736607732078
0.2488046581919903,0.035230178653228694,0.6204437204663873,0.0955214426883937
0.03823811893599397,0.5692699479019662,0.135592731072003,0.25689920209003686
0.18367214905462534,0.6693069965200829,0.021386942348464378,0.12563391207682745
0.3803423241011378,0.036795205586525506,0.14678358920744214,0.43607888110489457
0.1909410487760632,0.21894091290152018,0.2054667671212165,0.38465127120120013
0.12617460805962402,0.2517474154797278,0.06369166317594294,0.5583863132847052
0.1361321775894535,0.1202871440273294,0.4689614066014946,0.27461927178172246
0.6108998318939931,0.3809789923227192,0.006910926501294218,0.0012102492819936117
0.035745147776505386,0.4049370532653774,0.132170566751016,0.4271472322071013
0.14950632724549764,0.1479136592498693,0.3507156109364451,0.35186440256818796
0.17206031061740867,0.5454797145127109,0.25534678509623815,0.027113189773642295
0.055673149154694804,0.4602962714685358,0.16745851995649108,0.3165720594202783
0.7216392116440241,0.1587273466845215,0.11298892773464952,0.006644513936804759
0.7259413449204786,0.24794123378115693,0.020185492590712464,0.0059319287076520025
0.145957272247493,0.028932540749685882,0.41519768107939076,0.4099125059234304
0.11198822697065178,0.5381622895312042,0.07248107894849551,0.2773684045496487
0.12252688977799714,0.29119226873711485,0.1626886556630434,0.4235921858218446
0.3243398529872236,0.35545365812215085,0.2884279655931872,0.031778523297438487
0.0580326127278463,0.17081083744129646,0.45404527684027784,0.31711127299057945
0.00962583396647019,0.0833902062862223,0.3675007854755052,0.5394831742718023
0.3028055538166621,0.15749476018584904,0.1285026483161721,0.4111970376813168
0.10848018899649747,0.20410483971109064,0.6513425653539793,0.036072405938432535
0.17668800527515816,0.5902632550046422,0.03619612520344219,0.19685261451675748
0.13384409669195146,0.4122264481017706,0.06019825794518089,0.39373119726109707
0.08578877718126295,0.15488201944456018,0.7195650994041594,0.039764103970017395
0.5674185810004929,0.29915058115218784,0.05672815402873255,0.07670268381858665
0.10314652935209785,0.10681465108169091,0.7711513883276628,0.01888743123854836
0.4691100194683025,0.20095833712309602,0.14308883446989287,0.1868428089387086
0.3271382446763639,0.12055305636277171,0.460335608561075,0.09197309039978961
0.04111882470316554,0.30207091111859613,0.5128998040206368,0.1439104601576015
0.3934790985375255,0.12710670914081673,0.34415398038939565,0.13526021193226198
0.5717654914770037,0.05176989240665519,0.18683659297398586,0.18962802314235513
0.02094135754463822,0.0772677658490684,0.632734811009357,0.2690560655969364
0.36761217747403135,0.38480923688188823,0.07105782318172207,0.17652076246235834
0.11329322018361732,0.7943225752155564,0.03692335258268095,0.055460852018145324
0.28081117824201407,0.04056081791880284,0.45753412285731626,0.22109388098186689
0.15699100242646696,0.6056553834770866,0.12045813805387168,0.11689547604257478
0.1985683959744365,0.16101211702137835,0.5040107893928133,0.13640869761137198
0.06621766863967807,0.20387703389420261,0.6046181000206887,0.1252871974454306
0.48736184096845697,0.03596834795795943,0.07374976816846564,0.402920042905118
0.33613398105324627,0.1612827940721239,0.1178931095341243,0.3846901153405055
0.33313393825840265,0.14866902826200892,0.34116724857461916,0.17702978490496932
0.10725046976137326,0.4309386652562069,0.38389064120027794,0.07792022378214188
0.14300501859460082,0.49928879871028964,0.3126302539843676,0.0450759287107419
0.45330419805421374,0.15677465794259046,0.11813218262155213,0.27178896138164377
0.6310634837504387,0.17777803231607536,0.1128471845985853,0.07831129933490068
0.09113981104143025,0.13631247272120212,0.3443084654843841,0.4282392507529836
0.5494689445669896,0.025947701200190697,0.3335681045844494,0.09101524964837039
0.5108534883604962,0.267818133925809,0.10416235246516006,0.11716602524853492
0.04235803826343387,0.030210098788236626,0.23523613065967905,0.6921957322886504
0.4876160275083299,0.04375332463606939,0.36633227548814346,0.10229837236745742
0.1380974761866788,0.06468523853691183,0.5847611848267822,0.2124561004496272
0.6381502796484194,0.10855203839896024,0.15746932837564967,0.09582835357697062
0.2677830825574178,0.18393398473878161,0.2579575434985062,0.29032538920529427
0.41347554233940037,0.029435265860299615,0.22002633430008195,0.33706285750021814
0.4880673595538417,0.04148345395055261,0.41992561526447886,0.05052357123112688
0.14842188805237855,0.46288835096809267,0.2527881468051038,0.13590161417442492
0.1196921251712174,0.6864235648364918,0.09431583421759747,0.09956847577469327
0.16154070714986096,0.40193983394924215,0.17178534228792655,0.2647341166129704
0.4757865049727976,0.19437753234639307,0.186452501990146,0.1433834606906633
0.06166088228757496,0.13708464425278052,0.20439249814977323,0.5968619753098713
0.3132843314214502,0.19269756693201834,0.07601568125341679,0.41800242039311464
0.40441258952599035,0.4328965445148465,0.005820478927273975,0.15687038703188913
0.06052159300747315,0.6315750255139568,0.1987314728432612,0.10917190863530866
0.5260428713179083,0.04516364096161869,0.3770886989218398,0.0517047887986332
0.09707212298997801,0.7627105614299777,0.07304260313402731,0.0671747124460171
0.2899466467434031,0.3667596902152314,0.10311554604576226,0.24017811699560324
0.1588668560355535,0.10482291556978912,0.486907036464661,0.2494031919299962
0.009044413380927593,0.6591067635086453,0.22368459503530508,0.10816422807512198
0.1409017726681149,0.30380902843462176,0.5416785681265917,0.013610630770671733
0.2638476856609643,0.3035533122355308,0.1164555219670338,0.31614348013647103
0.1071737880757036,0.5518403823067584,0.039847946010988185,0.3011378836065499
0.12478947195250628,0.46205653901164223,0.046225353070549646,0.36692863596530173
0.7404202034781757,0.05363988898380883,0.02613205372381806,0.1798078538141974
0.40137695175352045,0.3276532973195517,0.12783156527207723,0.14313818565485054
0.5231594794714532,0.16500546608004502,0.14503126325923715,0.1668037911892647
0.14474174070855153,0.4587023377983658,0.2362708003935833,0.16028512109949924
0.40426036981601254,0.09021826264491356,0.20050973158630292,0.30501163595277103
0.42311049328634825,0.2481072343816435,0.30880708420267877,0.01997518812932973
0.15130090072611677,0.37754788941776246,0.21417221658697586,0.25697899326914503
0.048843141200550715,0.16863256154668518,0.588275962371534,0.19424833488123006
0.6392500951461829,0.22793837012691734,0.024304522588410166,0.1085070121384895
0.384636680499805,0.04930529961847239,0.25385502836997087,0.31220299151175174
0.22966383525529097,0.009107313730634519,0.20650205338153135,0.5547267976325432
0.2594023141703587,0.4814704511668467,0.008012660639197427,0.2511145740235971
0.05831035142592517,0.4401696295194845,0.4048021068518872,0.09671791220270319
0.13594358875513268,0.29707706499168257,0.2989646133971445,0.2680147328560404
0.12902631606120515,0.26422821379170164,0.22932005042285725,0.3774254197242358
0.1596941828651976,0.06681575637349749,0.6231330905863799,0.15035697017492497
0.043081573348715894,0.32068931415334523,0.46845492102413044,0.16777419147380843
0.003391791940148361,0.6326835596882434,0.1668519254717162,0.19707272289989194
0.02044820527726751,0.7715077407082368,0.03707171869885205,0.17097233531564343
0.24394152924449689,0.38702367114268316,0.004643516799595255,0.3643912828132248
0.29600293066428357,0.10907924836145819,0.383750981134222,0.2111668398400364
0.24550520296700218,0.003053031031207731,0.6002235213889398,0.15121824461285016
0.17584078007883816,0.2865233432467679,0.3500169489116792,0.18761892776271466
0.3923688552001125,0.09395652438005384,0.32093534230392046,0.19273927811591318
0.12746402751368266,0.03999025969698787,0.31350541396929826,0.5190402988200312
0.30677232544937333,0.18977281190719184,0.4395766562125888,0.06387820643084609
0.4858067291944668,0.3130871115993689,0.16479482165903378,0.036311337547130396
0.06711492349237896,0.23598283922192811,0.11984872518706001,0.577053512098633
0.2649838791521445,0.1881375906475865,0.009448886627748867,0.5374296435725201
0.2202394127574389,0.029053450428907116,0.37330880183844833,0.37739833497520575
0.2469951775955721,0.21745005013945953,0.07283307787199837,0.46272169439297
0.03707323682616283,0.2165328157339429,0.5108012048049911,0.2355927426349032
0.0969356809000633,0.21109929597516,0.6417796131167199,0.05018541000805679
0.3016521867477632,0.4570461408456798,0.09228385415448333,0.1490178182520738
0.05113567973480795,0.1123363851744441,0.58046979199772,0.2560581430930279
0.23643323105109826,0.15103684017396132,0.593544096729497,0.01898583204544342
0.07945554236517886,0.14189316202381694,0.5960031244471827,0.18264817116382168
0.10435073139965768,0.372554795082077,0.3473258221356706,0.17576865138259454
0.038446766094351284,0.47384690733229284,0.4275701123358553,0.06013621423750074
0.32591657015842596,0.1452501215925217,0.43241227815175426,0.096421030097298
0.18977087531319461,0.21014562151320215,0.4200782788464777,0.18000522432712543
0.23774638022907635,0.13663255274065314,0.4031891037564982,0.22243196327377227
0.4201393111779113,0.5174978409578107,0.03145480694658467,0.03090804091769319
0.11399216374614851,0.19174761597432266,0.3523989389146529,0.3418612813648758
0.2845306179216755,0.2216465081773446,0.42177474682610544,0.07204812707487436
0.3555575931390656,0.0984909685496984,0.31979562264023875,0.2261558156709972
0.1590556852993269,0.2897207692825487,0.3681988419132619,0.18302470350486236
0.01860131369691803,0.12910961650758204,0.7503888236154632,0.10190024618003662
0.23970706125966146,0.03063233851790228,0.26221157513732923,0.4674490250851069
0.4316887269062566,0.4462461174396665,0.029878411105292584,0.0921867445487842
0.3192773153194715,0.2694900848796193,0.08327243477277353,0.32796016502813563
0.10546053682776986,0.3970934696610541,0.11242041708603936,0.3850255764251365
0.2874711410819786,0.5643313431207135,0.06354258091752155,0.08465493487978619
0.23677943895978487,0.11419812449372754,0.6209275112896067,0.028094925256880805
0.27824742538863095,0.6467520921750487,0.06268674235733547,0.01231374007898483
0.09148059168994638,0.3407049273986434,0.31307588376322054,0.25473859714818975
0.419936917234522,0.10312866571609434,0.2718079387569116,0.2051264782924721
0.06668974577818752,0.31504164760284115,0.21477854343096547,0.40349006318800573
0.11004914912197557,0.07153136851092928,0.4012559531470078,0.41716352922008726
0.8006103423914224,0.003064329581706418,0.1139602943064006,0.0823650337204705
0.21248117856773507,0.30973958822166875,0.11561673478703824,0.36216249842355797
0.6515391735709898,0.12045883468779252,0.0694049048955405,0.15859708684567733
0.3400613308167016,0.21281793552594458,0.06722873239234778,0.37989200126500594
0.08924397717243374,0.1265715070747099,0.5614174625300764,0.22276705322277998
0.1946221948489272,0.2634225565122038,0.05429901109003214,0.4876562375488369
0.1373746972698125,0.17149898999868238,0.4534870553710784,0.2376392573604268
0.17519173679848649,0.030780824273466324,0.4158378097994095,0.3781896291286376
0.013755910363761127,0.10241435675184345,0.21947291198662652,0.6643568208977689
0.28585505719615195,0.04295511131077653,0.24742524402953234,0.42376458746353907
0.038916766757564565,0.21567166916247837,0.483659808478687,0.26175175560127006
0.34589358931849695,0.3734955581336167,0.11544501596457088,0.1651658365833155
0.4694062641776434,0.17463262749920533,0.16664596176941715,0.18931514655373413
0.22226183289090648,0.06758942755115215,0.18829084686521452,0.5218578926927268
0.3438445135394523,0.40431885848847904,0.16881206741548987,0.08302456055657874
0.24647350040887117,0.17930467836305738,0.2919085730199156,0.28231324820815584
0.31841239646348507,0.07754536375049184,0.2037014619075833,0.40034077787843997
0.032643500568387565,0.7825171620666329,0.02784127813295353,0.15699805923202592
0.03181879604592841,0.06836075606635804,0.6046401895312044,0.29518025835650913
0.14869199128870603,0.40492934763963784,0.04383569068283992,0.4025429703888162
0.0746892821198895,0.39774130168507593,0.12094950024118425,0.40661991595385016
0.17016612015690866,0.3126327901225153,0.13190195175020689,0.38529913797036913
0.11483580185225511,0.5603749838250001,0.07842866129617689,0.24636055302656795
0.11360873305129406,0.4105885516770633,0.25490644795565875,0.22089626731598386
0.37794292044983574,0.015564911714084638,0.1565245494545471,0.44996761838153243
0.08838451211317654,0.5661155265112153,0.16062963654175488,0.18487032483385327
0.28004389267867447,0.6772101779523024,0.0009633926489177134,0.04178253672010539
0.3250709789923037,0.1448304740631657,0.06324238415067272,0.46685616279385794
0.47768621175306675,0.05850650813502534,0.12710206453883932,0.33670521557306854
0.40981663817509334,0.2508963865250839,0.14528114589859034,0.19400582940123243
0.1272123486781459,0.6879631869527602,0.042700718289237875,0.142123746079856
0.5587010554636573,0.004812323106581195,0.38811750739533557,0.0483691140344259
0.1922416843378935,0.602331031574615,0.14744466171927129,0.05798262236822025
0.4233078256731369,0.1753176813517549,0.2228949892739447,0.1784795037011633
0.15894632920171475,0.024187794535473102,0.00789055282464972,0.8089753234381624
0.12447140108344351,0.5385064243616675,0.3332264173847124,0.0037957571701765338
0.29825834948668684,0.3972746338760698,0.2214611890550442,0.0830058275821991
0.04375670583446762,0.7520902135307144,0.1914057925901237,0.01274728804469429
0.5088774000210391,0.08877713459368206,0.09749794782631327,0.3048475175589657
0.016727196088873502,0.7306886383766906,0.17815749345520918,0.07442667207922676
0.20785831787935324,0.286691485256179,0.1635975951181667,0.34185260174630105
0.03768181966348259,0.059661970210751085,0.49845392011471157,0.4042022900110547
0.06208918659084592,0.30967703192790963,0.19151952854025978,0.43671425294098476
0.23475730889971297,0.06624007036169334,0.6327114002473573,0.06629122049123654
0.030098821258971963,0.1341054719504556,0.030387697844070135,0.8054080089465023
0.2727962790799601,0.17116129700154273,0.002115814042782186,0.5539266098757151
0.2435040820580475,0.14141609960659796,0.1105252315837576,0.504554586751597
0.38405220269635015,0.4093631835094083,0.04937318843405446,0.157211425360187
0.06199354396515633,0.29302594114094527,0.3693844412533579,0.2755960736405405
0.24831149466501357,0.3958405641403959,0.25678748590212425,0.09906045529246625
0.173296654722278,0.11579761739776945,0.23624938581476213,0.4746563420651905
0.2424515230539097,0.02250657728360723,0.5722065737752943,0.16283532588718866
0.025297668997834945,0.7060999489288087,0.1873596529141382,0.08124272915921811
0.11692874911426061,0.32590778203811627,0.22036093401075835,0.33680253483686473
0.22493179766568275,0.33033609024879934,0.07728582521559779,0.3674462868699201
0.5245216907075347,0.04695306479757326,0.1788969128694146,0.24962833162547743
0.10594923605340349,0.055230694039969816,0.25833625087160716,0.5804838190350194
0.1996893842427986,0.3870484842621039,0.29059068482518186,0.12267144666991554
0.45095447950931655,0.05349206398339791,0.3050232699646626,0.19053018654262294
0.06334121444282297,0.026060022560927088,0.5047608456249931,0.40583791737125685
0.22474351991347916,0.47140788407361095,0.14510330919845574,0.15874528681445407
0.008751124080254554,0.13358351757081893,0.09391273430326237,0.7637526240456641
0.6790773001668757,0.20794046979407968,0.07332576176951844,0.039656468269526145
0.05979290193308594,0.01879294654355604,0.7507885507877015,0.1706256007356565
0.31129215134143073,0.04501617918686576,0.4832989539756619,0.1603927154960417
0.1797729496112313,0.20721698408373732,0.04426003972842151,0.5687500265766099
0.5594493594691555,0.2945663144851069,0.0845520891378752,0.0614322369078622
0.35865034288977576,0.3451274711988713,0.15658328846450634,0.13963889744684674
0.02010000182615819,0.17197085613480603,0.6745871242660246,0.13334201777301116
0.22518895409909828,0.015707051275480288,0.18235225676364883,0.5767517378617726
0.02124081131765333,0.18209488837535398,0.5076865507488384,0.2889777495581542
0.41511262507572133,0.13147014468742424,0.05402114767914834,0.3993960825577061
0.1251140988408421,0.09079864667261522,0.6804736429722645,0.10361361151427818
0.6906058596793305,0.014224530825096546,0.18395404756136044,0.1112155619342126
0.8984028104886812,0.03814182943443258,0.010511832618911513,0.05294352745797469
0.0655971535650945,0.07038014692394852,0.25381307048931073,0.6102096290216463
0.12962005107081626,0.1421670880513408,0.40092321690581734,0.3272896439720256
0.2444778420341622,0.34812099563065496,0.194541058082766,0.21286010425241672
0.6555247375458501,0.08599671840640859,0.006031932102287593,0.25244661194545387
0.4064816288022612,0.1098644211347632,0.0020338308231978284,0.4816201192397779
0.11628196724345677,0.15199023530448041,0.21161300417603712,0.5201147932760257
0.12236437762012603,0.020960759950493017,0.43333204041260154,0.4233428220167795
0.431469627578664,0.35494108609752095,0.17327831125893198,0.040310975064883174
0.7313114409869196,0.04032213047240396,0.09797077858731229,0.1303956499533643
0.5568643612665892,0.19572189777169985,0.07674757664703184,0.1706661643146793
0.40576286960189545,0.18713144736679133,0.3302733847604472,0.07683229827086606
0.0011227852178975811,0.027701314634186642,0.7145860396767553,0.25658986047116045
0.3140063335139788,0.4294299825507688,0.0566200158899185,0.19994366804533387
0.1056637374316697,0.042768970913666195,0.6266618142484137,0.2249054774062504
0.09444281206311568,0.5344294813473297,0.05064147597677109,0.3204862306127834
0.11939825138405201,0.5491163798967751,0.10893345296671118,0.22255191575246172
0.03428104780192808,0.13877135006236332,0.7275058913272676,0.09944171080844096
0.036527704494929085,0.5570726700849465,0.1188706614972288,0.2875289639228956
0.17498711654965327,0.391494165100296,0.37982999123637945,0.053688727113671356
0.12304430243132855,0.16395825319768978,0.03977248574250957,0.6732249586284721
0.5273415515779762,0.23368692479977607,0.05060154807798125,0.18836997554426654
0.6106126715200786,0.04507422675511246,0.21718578568348945,0.12712731604131935
0.30324748693505477,0.05554313912634889,0.1594630114160061,0.4817463625225903
0.6397006984388204,0.18433412419308437,0.015421005065865816,0.16054417230222945
0.24429696395765868,0.4992682295618152,0.15119351364032063,0.10524129284020559
0.24285681800502165,0.4610422368051929,0.05426852115474538,0.2418324240350402
0.06820765814835128,0.03837306192890069,0.7361610967141944,0.15725818320855367
0.41275391086846913,0.0898127697324443,0.37676253074475424,0.12067078865433226
0.19308265690179593,0.01249660040505937,0.2008288906514339,0.5935918520417109
0.10408414605393604,0.5145389099919753,0.031306754996461884,0.35007018895762665
0.22970977735685139,0.2996548814938869,0.307372076513411,0.16326326463585072
0.032485135891906394,0.19646699406148666,0.4748120320708948,0.2962358379757121
0.1025032407892028,0.6670602530045062,0.11368388610535404,0.1167526201009369
0.23999593036619865,0.4018775021282237,0.22597271192338056,0.13215385558219703
0.18378069572811412,0.10752948193507257,0.6429880768226277,0.06570174551418573
0.010652082814201788,0.2047733965280151,0.30693110497596027,0.4776434156818229
0.6496713032539656,0.19236775057478459,0.1577326582489068,0.0002282879223428821
0.30104007357887896,0.5892149303296171,0.0021740798294290907,0.10757091626207477
0.04142181850130236,0.25858852982453895,0.36143282420646144,0.3385568274676972
0.6544640071070739,0.0037477464792983876,0.030079922060147063,0.3117083243534806
0.08133587035484705,0.3612943599136757,0.5336611851151082,0.023708584616369027
0.17919829269896714,0.5012359018429126,0.24417634065895993,0.07538946479916048
0.3737155558650653,0.13310724258652123,0.1365955602378539,0.35658164131055964
0.6793400848543931,0.007918234772122881,0.16820393389009575,0.14453774648338835
0.46457115606144733,0.31519434322223944,0.15148547265083162,0.06874902806548162
0.21470658777033086,0.07069149294487845,0.533938772720702,0.18066314656408858
0.07019191540575742,0.09080811109979417,0.08954830732632177,0.7494516661681266
0.3578235132377265,0.00028538196969577504,0.24609045188500506,0.39580065290757255
0.3697188878280086,0.26481393827910327,0.024164831852399433,0.34130234204048887
0.4622094764599718,0.1856881802437688,0.12685541921155113,0.22524692408470834
0.03745209181025789,0.36600878565437184,0.044740292719384775,0.5517988298159856
0.18249719177520526,0.2582132979596176,0.4817166017242491,0.07757290854092808
0.461292692945855,0.07455545609631202,0.03130946770919054,0.4328423832486424
0.41312688445284035,0.20370236602162037,0.27228153699279095,0.11088921253274828
0.41656358839678126,0.11585412733241662,0.2757446537114025,0.1918376305593998
0.12183445935211817,0.36322357708844866,0.34291833066870125,0.172023632890732
0.16625632420415384,0.4055072664498846,0.14378542206466305,0.2844509872812985
0.6827198287396914,0.001707095081657211,0.24980885598960845,0.06576422018904293
0.029001528720757213,0.05365124229680182,0.38063329952499464,0.5367139294574462
0.035429781715656826,0.5720948166669182,0.10365023425168024,0.28882516736574476
0.28136208907764415,0.07935471554683964,0.5221201849395122,0.1171630104360041
0.010980277593294218,0.35261073262111803,0.4183627759234967,0.21804621386209116
0.1273519524208638,0.2033327423429078,0.5810298391673971,0.08828546606883121
0.12315250827782054,0.29610717320613267,0.21665269358514938,0.36408762493089747
0.35335459961817667,0.161048557222193,0.37805036350092674,0.10754647965870366
0.025977575308799832,0.05051046623148134,0.5474061608121261,0.37610579764759283
0.05039027574931989,0.09703652525064826,0.4819277323962216,0.37064546660381026
0.08388844415698249,0.8111939349100282,0.01434640508408397,0.09057121584890541
0.09507073399751076,0.0012354572357865536,0.259505622812396,0.6441881859543067
0.043142183309136564,0.110241291636179,0.8057592237633474,0.04085730129133706
0.33809018137881036,0.4648473459748675,0.1654962669831737,0.03156620566314838
0.05610552127490555,0.0393690828306096,0.49808269165675495,0.4064427042377299
0.6574329213355146,0.015581730540955324,0.23635609220604195,0.0906292559174882
0.34284934630025893,0.11965320609864397,0.377252294860463,0.1602451527406341
0.16847511121790554,0.3307585357616768,0.16703357635884541,0.33373277666157225
0.35923682331346773,0.12395127675671513,0.2191616297143549,0.2976502702154623
0.10062908945136631,0.07653493117575842,0.27782946678304127,0.545006512589834
0.44035515071523174,0.36024560249988846,0.11728667999709753,0.08211256678778214
0.21701588253980106,0.17135253304249634,0.5677756611971821,0.043855923220520364
0.08434371330328502,0.5536836496548484,0.3534262837170399,0.00854635332482687
0.6555809073789447,0.09327674833156324,0.1373223990504007,0.11381994523909145
0.5005515213023778,0.1338335557366742,0.2759029331453893,0.08971198981555874
0.35285180096103136,0.4187158848871648,0.004305741615236758,0.22412657253656715
0.2700945086796386,0.05313114767171912,0.47746030843892595,0.19931403520971627
0.633855048038789,0.280417260242725,0.065727559478758,0.020000132239728255
0.16303149336081135,0.5821565861257592,0.1787970540976385,0.07601486641579104
0.10971421141342869,0.062169730850577094,0.09965935254181185,0.7284567051941825
0.3213926153509539,0.2339580703402774,0.029590241494064983,0.41505907281470356
0.09041922290364784,0.12243070554050527,0.3130157927407523,0.47413427881509446
0.0822775420051332,0.12703969002263676,0.5925095291506621,0.19817323882156787
0.26173625980231446,0.08739251874982024,0.6125375402435213,0.03833368120434406
0.08982521413501117,0.6209669094512041,0.09692592010940829,0.1922819563043764
0.27792501551013954,0.46633297730881235,0.25197220873797377,0.003769798443074355
0.0694611401392023,0.19019087969433104,0.3083642988472324,0.4319836813192341
0.3849701411171404,0.2846530892427816,0.3195002800406001,0.010876489599477991
0.14753343506422378,0.736798931392727,0.06484336991381313,0.05082426362923614
0.06728123775089107,0.8057970677498977,0.121258519919149,0.005663174580062116
0.2821869653541135,0.0004174014379565885,0.403747706288038,0.31364792691989196
0.18161948921412419,0.0599477180055363,0.015544745436845728,0.7428880473434938
0.4712707599186685,0.03498249098612493,0.281061169167142,0.21268557992806458
0.4420761493131013,0.0374869469863775,0.5191722249497712,0.0012646787507498776
0.48874581552126306,0.03714760620977787,0.37054716576006363,0.10355941250889553
0.02050973390440868,0.42383007932682804,0.45069713620424423,0.10496305056451899
0.15188622402848836,0.5400568562533171,0.13947432480223412,0.16858259491596037
0.5596594273950348,0.15795845120763197,0.020350938352123742,0.2620311830452094
0.6211536628820795,0.29334593959646077,0.01566757764106063,0.06983281988039913
0.4642330847990806,0.35893108914404187,0.14447607179869904,0.03235975425817859
0.26794637736842525,0.20036200963620016,0.3480628759087364,0.1836287370866382
0.4805348535666612,0.28912003149917176,0.17459682594399537,0.05574828899017168
0.1274342475555018,0.11334565264324432,0.7572778149231039,0.0019422848781499482
0.384985406301682,0.07616102684034935,0.5230893916078485,0.01576417525012028
0.031582229321841716,0.12190368680122193,0.6759868414246822,0.17052724245225406
0.12404858244557744,0.2504057981331745,0.10230129543644322,0.523244323984805
0.03974747746870262,0.6718414413506668,0.06362091087969024,0.22479017030094037
0.14842793844996174,0.1495972302974161,0.08462795825304574,0.6173468729995766
0.34286093476353535,0.04048968305065884,0.5541689798982665,0.06248040228753927
0.19026800803274638,0.27118742391736506,0.400108495504887,0.13843607254500145
0.2934402614752812,0.05941584051331676,0.08964620170616543,0.5574976963052367
0.22325131381569646,0.09190528852444164,0.42263465585774607,0.2622087418021159
0.5708036843542349,0.25041756827544437,0.08284986385372525,0.09592888351659548
0.18265034815441125,0.030086656141543693,0.007626945347121082,0.7796360503569241
0.12073161684215507,0.03922017284307294,0.47094936802305315,0.36909884229171896
0.03683186855645097,0.06388270628521225,0.6350371757441713,0.26424824941416547
0.5386736038047651,0.2735322797921143,0.06358978060033608,0.12420433580278435
0.1946223041840092,0.21622902002468194,0.05537297169318699,0.5337757040981218
0.04469833891684021,0.25066179355608603,0.2563960187939116,0.44824384873316214
0.4067488727098348,0.1576878187145571,0.36615086269896574,0.06941244587664239
0.01901399242138365,0.2472957878698469,0.6811198431766358,0.05257037653213373
0.0757266648798422,0.07280133812738734,0.1733767122935187,0.6780952846992517
0.1052953898433803,0.0282467065378075,0.0760854004121261,0.7903725032066861
0.09008122971461759,0.3344613970642449,0.4115271637838562,0.16393020943728123
0.08682867271324485,0.2151663372370282,0.2166969646188019,0.4813080254309251
0.4552164916528559,0.19811839842311446,0.15376336378433975,0.19290174613968997
0.6700602660734771,0.20956038134779145,0.0015645903289316905,0.11881476224979984
0.25743213017722244,0.01918948514421861,0.43140076252135606,0.2919776221572028
0.0454177550290544,0.3961688451566476,0.43005407612540825,0.12835932368888991
0.3956065951245524,0.12995834908237858,0.4318053527141832,0.04262970307888595
0.0752841808875955,0.7109237171791779,0.20349778863646,0.010294313296766538
0.07263469859545114,0.29862904799231066,0.016888913624445726,0.6118473397877925
0.2185403040490155,0.06623078049890886,0.5610556332132375,0.15417328223883817
0.24217305554737226,0.282893513102258,0.0796845242135498,0.39524890713681987
0.11583177289942836,0.0692012747700905,0.7577188728019594,0.05724807952852172
0.3330538542203083,0.07996928527992454,0.34182533303517365,0.24515152746459337
0.37006622710894965,0.01271604049114134,0.5701803704306864,0.04703736196922261
0.1133382185766353,0.22990478111913296,0.31406011725604316,0.34269688304818874
0.3614795724392856,0.28816357174997265,0.2324658933714754,0.11789096243926643
0.45048701783255984,0.11252381331497593,0.22844241943629787,0.20854674941616635
0.7014355666555508,0.19536080818370125,0.08977546858065585,0.01342815658009208
0.0007057993756245497,0.6870702442234031,0.10805741298467375,0.20416654341629872
0.06399456427958145,0.26976379481969776,0.5182215600757052,0.14802008082501553
0.04333174605136078,0.3449524210333655,0.10248053827436177,0.5092352946409118
0.13722575247740737,0.5355821652574824,0.25167781020097435,0.07551427206413601
0.0186995198347283,0.20551795065874523,0.10386708811294604,0.6719154413935804
0.16238967330448537,0.015858301738052766,0.48062830798549416,0.3411237169719677
0.09187845797158332,0.25351673555854054,0.24964942951040298,0.404955376959473
0.21767517131877065,0.012392536086071899,0.6827472204675656,0.08718507212759163
0.22731505038209368,0.4330178122399492,0.2693140609812181,0.07035307639673909
0.32785786916776655,0.09031347124576973,0.4685242515288614,0.11330440805760238
0.28097723417803194,0.06934652810150085,0.1819041829772863,0.4677720547431809
0.39303880444645073,0.054805067577314875,0.4613811102833971,0.09077501769283723
0.48786074185326594,0.19224641216942256,0.07225099624931751,0.2476418497279939
0.5598368366047317,0.19225237524894784,0.05877035017049027,0.18914043797583005
0.387885582172678,0.21268062829992201,0.16976805116749652,0.2296657383599034
0.27237264375711273,0.10308970375466417,0.49106103583807853,0.13347661665014438
0.4132457641437186,0.1666343303195056,0.10807724677180351,0.31204265876497234
0.4999129258891569,0.2556806808962384,0.09946170189646764,0.14494469131813717
0.07598145136222001,0.19453695143830188,0.33608125978742115,0.39340033741205704
0.0006478875551740865,0.63005273598204,0.2053987691838296,0.16390060727895628
0.5954944701260702,0.01328275074377037,0.2124116853894473,0.17881109374071205
0.3680242786132891,0.26900451723163626,0.3033920677220081,0.059579136433066435
0.03204164165242618,0.03158526748101731,0.03813905630818701,0.8982340345583695
0.4118871962866874,0.06937702854024949,0.43459451297384605,0.08414126219921707
0.3046976672733306,0.49390028988336854,0.055350655065114066,0.1460513877781868
0.4670299763644377,0.07292818711243862,0.10735490280616795,0.3526869337169556
0.030221669663610076,0.4566631290419953,0.24273451838574897,0.2703806829086457
0.36945273052289307,0.3470270017051034,0.26149575018985477,0.022024517582148573
0.34916397753174255,0.12593491535520052,0.24991519449807306,0.27498591261498395
0.37697511948302015,0.14495969043950788,0.26894101178098073,0.20912417829649113
0.2884123717691159,0.09488163810998305,0.08931657858925458,0.5273894115316464
0.04465799465182943,0.5053674344852671,0.026042449903796026,0.4239321209591074
0.23075995796335297,0.06085750790003062,0.13325821396951706,0.5751243201670995
0.08844641218786951,0.18896273416527962,0.67186669135966,0.050724162287190816
0.14292235611426912,0.14710259699421485,0.2644985681853686,0.44547647870614737
0.44016331070441894,0.12234317986330333,0.1725218944572355,0.2649716149750424
0.20615796123461122,0.44580317427249044,0.18173998579523662,0.16629887869766166
0.028971083057528896,0.6864696383522224,0.19716203550522318,0.0873972430850254
0.04708346351718091,0.18976783897349853,0.23880487810377912,0.5243438194055412
0.05491221214470483,0.4604736516811616,0.12169289797548088,0.3629212381986527
0.02692207631985967,0.6210987396522616,0.12751800920060463,0.2244611748272742
0.3881955084444078,0.41147711179366603,0.11097618604287035,0.08935119371905581
0.27826640601712144,0.12103829198952434,0.36860205188382456,0.23209325010952986
0.10927271691146097,0.10912620343236952,0.02810856975638994,0.7534925098997797
0.36533754231478305,0.07372417985360054,0.468175486936296,0.09276279089532039
0.40428864961441685,0.2850305170670077,0.2696287126905688,0.041052120628006644
0.4919155103383721,0.08688203907203731,0.3917368864325989,0.02946556415699167
0.05564313092775557,0.5132470599495864,0.3238088443654554,0.1073009647572027
0.38941583879849606,0.03679949634131038,0.22300416371688933,0.3507805011433041
0.5081835549894425,0.25168190929759476,0.20701261520633665,0.03312192050662603
0.03719754207617364,0.6934229792265929,0.04422612171468321,0.22515335698255035
0.2162251262877627,0.5690040594589769,0.13754699131920137,0.07722382293405895
0.11247290862950941,0.13904300523772367,0.5978889658478441,0.15059512028492272
0.2773915309060941,0.08051778311913933,0.49692012741233327,0.1451705585624334
0.0989509644440122,0.4763577473794881,0.004742100310142105,0.4199491878663577
0.5816091802142832,0.36291835668856537,0.03767458626856263,0.01779787682858887
0.483603295688795,0.13261106713847282,0.06282333037870898,0.3209623067940233
0.14774712699839646,0.5367712424717547,0.06314044915564064,0.25234118137420825
0.3130135588818786,0.09393722938051696,0.01295884162888867,0.5800903701087158
0.19429602807558996,0.2646761454799487,0.19648074602749363,0.3445470804169676
0.11027891238553407,0.22139068167593462,0.13646453847770768,0.5318658674608235
0.25159547618068656,0.13554054102393728,0.5056480953962069,0.10721588739916943
0.0036372576195019997,0.37876059538860235,0.2926804334109514,0.32492171358094424
0.10302363428690664,0.058797785504530076,0.38444735923245255,0.4537312209761109
0.009360976513593747,0.21518281652796392,0.47418550665097603,0.3012707003074662
0.33991430618905966,0.5044635282907346,0.1352097422531976,0.020412423267008182
0.2139029242188118,0.31430648172934894,0.2422007418102519,0.22958985224158743
0.10814005398030659,0.3147165195754322,0.28652832559023295,0.2906151008540282
0.03426901870198311,0.03428203893066025,0.43327525370002573,0.49817368866733097
0.011857523295209506,0.4797251758736174,0.24241918377485314,0.2659981170563199
0.1461352318024322,0.24056234572170107,0.18275402448451822,0.43054839799134853
0.43930786369766395,0.32615935762036924,0.13783898316050983,0.09669379552145689
0.5817634103077454,0.2878508354004131,0.01418556393921221,0.11620019035262952
0.15901189791810727,0.022347594946444924,0.250592158101337,0.5680483490341107
0.7323746614135078,0.09721946117629794,0.12868761142879356,0.04171826598140081
0.5483644106912349,0.33459849829677213,0.09528834690645313,0.0217487441055398
0.5396366027591829,0.040214966302794614,0.2911091688095877,0.1290392621284347
0.026280919016255996,0.6447536715756194,0.13936608492418007,0.18959932448394462
0.3244646129993426,0.4476445408373867,0.1484194213410863,0.07947142482218439
0.7873199912514687,0.11511503811289475,0.037853905879502964,0.05971106475613364
0.09020454591660404,0.7477849896942376,0.10627388244389072,0.05573658194526766
0.16695968666409888,0.39686318710065777,0.16417652244381514,0.27200060379142826
0.01328654881559352,0.38626389936386074,0.5739400037385627,0.026509548081983015
0.7595966260744021,0.07168844353681689,0.013543012033425984,0.15517191835535488
0.14601509566891238,0.1897918404352268,0.24492127478142672,0.4192717891144341
0.03109695552207946,0.1280307364954224,0.07519465487623012,0.7656776531062681
0.5408004001733792,0.07867883264993068,0.24298253663066563,0.13753823054602446
0.1537065424137397,0.14387801859366245,0.1602314605651824,0.5421839784274155
0.29375419909793216,0.40592135237857374,0.2809719742794522,0.01935247424404201
0.09682612146159061,0.11652036017942348,0.5701878696534813,0.21646564870550467
0.13554188005750148,0.6501029360359525,0.11391725061722985,0.10043793328931604
0.19244948079677668,0.011518686472615438,0.4374988276130136,0.3585330051175942
0.32239397045048673,0.5120232508241761,0.15732411066482355,0.00825866806051367
0.11277523907546032,0.22258478013379288,0.11707167345120392,0.5475683073395429
0.6060870297995908,0.25513161455529565,0.0899178227578767,0.04886353288723669
0.11356103448906188,0.552669898681632,0.1446918502170676,0.18907721661223845
0.26640791104659084,0.22355985427248642,0.036152143079866035,0.4738800916010568
0.22452497207359842,0.18326432817928337,0.02564637644000665,0.5665643233071117
0.28153997469986675,0.32843138916909304,0.3521803046168682,0.03784833151417204
0.04939693193493565,0.07777835664377244,0.2361848392253941,0.6366398721958979
0.2787570496285008,0.08056648923857555,0.31322856459731185,0.32744789653561196
0.434760687924521,0.06541743035056558,0.18474940499715425,0.31507247672775923
0.6293653415048096,0.0020348629633182673,0.21660107507900725,0.15199872045286478
0.1845683003030681,0.1018341664078664,0.27183036199239186,0.4417671712966735
0.42424976616586396,0.016319739726223085,0.4535911416593238,0.10583935244858918
0.3274180297809309,0.16952686889230734,0.4804099273293692,0.022645173997392642
0.03253034636610378,0.4786451453769418,0.23573401356484167,0.2530904946921127
0.1982968454686829,0.3893089597430726,0.34136065998246495,0.07103353480577951
0.11800780807342397,0.0072018915194425725,0.3604441164214785,0.5143461839856548
0.1679881745688184,0.08283699902122718,0.41475078261428927,0.33442404379566515
0.3767081275900341,0.595246887253037,0.0183767514700651,0.009668233686863962
0.12221634732371864,0.4388956218370561,0.002234808127905088,0.4366532227113202
0.06549184646763985,0.6474815310605234,0.11748185671750332,0.16954476575433333
0.021306765493212455,0.12048657721691017,0.5438312078025382,0.3143754494873391
0.13135263638208644,0.19801298139323775,0.49576323958747714,0.17487114263719863
0.25046237520562614,0.21825594630594902,0.355525051905238,0.17575662658318694
0.2867074703750457,0.3013447739516907,0.33858423398480036,0.07336352168846323
0.013806901923568071,0.033951841218306876,0.712955711857914,0.23928554500021107
0.41982356248072594,0.11148337587563154,0.041808771266717185,0.4268842903769254
0.16960238763380378,0.16748774739072114,0.15336279391670685,0.5095470710587683
0.1852418983352127,0.5349701165793938,0.03202520556003471,0.24776277952535877
0.02510831497032804,0.2807480098522963,0.13886411364130116,0.5552795615360745
3.9434226698612555e-05,0.44240033109809784,0.2661838058895976,0.29137642878560605
0.14174630693155352,0.15846996273647931,0.6920305857909075,0.007753144541059713
0.2795396723607987,0.3750144417640788,0.25054015697434573,0.09490572890077686
0.07004846056717368,0.18792608525048615,0.715492166819738,0.026533287362601996
0.11220864644575547,0.43862506292246595,0.09038255683540636,0.35878373379637224
0.4746167384021489,0.11687236982384376,0.22778065438274936,0.180730237391258
0.1747439577860736,0.09080108111498274,0.2140191036751459,0.5204358574237978
0.37432716431981183,0.04871012879628456,0.016851405414445738,0.5601113014694579
0.10113641961721379,0.18562839993592364,0.5832293358012798,0.13000584464558285
0.27301223793160717,0.16286380450771515,0.450543770915649,0.11358018664502874
0.05315376177900353,0.12966405724083946,0.10558846053572815,0.7115937204444288
0.18918662795159308,0.20580654719782138,0.20129341967079822,0.4037134051797872
0.6055627240538118,0.11423170349986844,0.25938131097164235,0.020824261474677586
0.20169363875754526,0.27309786113757206,0.012564462517373783,0.5126440375875089
0.24771458497845356,0.13490200048520973,0.5232618941351271,0.09412152040120943
0.0017790593111588035,0.15464723630689697,0.5741699205820809,0.26940378379986313
0.3737990050254991,0.31229738150785785,0.2880131653660676,0.025890448100575555
0.12833901596516856,0.31660982502072715,0.45077793621318174,0.10427322280092251
0.06330384132783094,0.24692125587117858,0.19076932475016933,0.499005578050821
0.18629081956338012,0.6232030224058772,0.18296328457310418,0.007542873457638508
0.34923452037087094,0.12758605055979483,0.4585498071349822,0.06462962193435208
0.5296210577265105,0.1496601449001283,0.1219439180738797,0.19877487929948154
0.043159308997445966,0.06192283284223197,0.5517791169191455,0.34313874124117644
0.5195818168362094,0.033454798865411514,0.4099656304908521,0.03699775380752681
0.04220474867426396,0.26485081674672906,0.5380210330213573,0.15492340155764955
0.5142118912886013,0.3676421480115795,0.05286340881743123,0.06528255188238795
0.42789666399326604,0.11650414334277871,0.24103869172487688,0.21456050093907833
0.1007503440313727,0.4005624728798955,0.07043280732007996,0.42825437576865183
0.27318996084728625,0.5299012005384348,0.02833337866250946,0.16857545995176956
0.039652764933355296,0.1594934784939967,0.5735242697850157,0.22732948678763237
0.19589004582817485,0.052040780883804434,0.08547032582082106,0.6665988474671997
0.08582784062708712,0.07921871877988655,0.02474025312496923,0.8102131874680571
0.6705316909880682,0.29276765747695827,0.035141906654083274,0.0015587448808902762
0.025396520825067888,0.008590540591510718,0.29234555470034185,0.6736673838830796
0.33850779181585006,0.14657635387786727,0.10424441045561707,0.4106714438506657
0.39412201243052514,0.3195368637102025,0.1308739566590784,0.15546716720019388
0.14079819439893826,0.07092465143913408,0.14760912621495803,0.6406680279469696
0.1679723499075728,0.5008498465514125,0.1509431129921754,0.18023469054883928
0.06299796206093419,0.0009304681344118876,0.23656660970900165,0.6995049600956521
0.040940296561823415,0.6926324375957067,0.03402297989421882,0.23240428594825108
0.004092305075504342,0.6419609633122659,0.20945342413475002,0.1444933074774796
0.11198387755789442,0.22351688853153184,0.0814113235386224,0.5830879103719512
0.01726752067694811,0.10583025912310047,0.6763749791410263,0.20052724105892505
0.333674846814552,0.36046997437012457,0.25093337836001206,0.054921800455311386
0.2522422433196432,0.20599661352239512,0.33332055495422724,0.2084405882037344
0.34563669126466584,0.09040174164108583,0.31084702349240073,0.2531145436018474
0.19143944414702144,0.033781279506939786,0.5413820249640202,0.23339725138201842
0.1509507261322351,0.3699585477973836,0.2373682585108787,0.24172246755950252
0.009162583079262179,0.07496443459077075,0.5965459960216999,0.3193269863082671
0.5185217655106397,0.38273697546044844,0.06637389313014924,0.0323673658987626
0.05167255835216109,0.3582774743595351,0.10455197954478299,0.485497987743521
0.3131013400832096,0.5127495458134692,0.08314054531846511,0.09100856878485616
0.19497633774551615,0.4961812118655503,0.1503812669313957,0.15846118345753799
0.20779508325787893,0.32680105401340026,0.09076533674683934,0.3746385259818816
0.06628936451858068,0.6626926988488551,0.2627693634529328,0.008248573179631482
0.007877371553901596,0.5636269647896356,0.34636331814876936,0.0821323455076935
0.20423449324976203,0.353349880456082,0.2447348794792879,0.19768074681486808
0.2001742356292591,0.17748150284933062,0.26005462522143263,0.36228963629997774
0.4465488399896228,0.16515674005195785,0.36990875274121043,0.01838566721720903
0.5737795518500887,0.2567946245865723,0.05152709608673531,0.11789872747660371
0.3532649889362518,0.23964149636505402,0.3449161835815097,0.06217733111718444
0.11608004869057548,0.00523386320784386,0.5131320484246062,0.3655540396769745
0.3084330232520943,0.25822696883560053,0.16733046362646234,0.2660095442858428
0.37465409306006575,0.10575516284874413,0.2656715356780519,0.25391920841313814
0.5826856233016245,0.23227211241555684,0.14039068068800473,0.04465158359481389
0.2832235459487574,0.09722766166511375,0.5629672682422061,0.05658152414392271
0.09812242444820142,0.4265454330949786,0.3338499379643755,0.14148220449244445
0.1225921375291409,0.2145880677310967,0.4484971238813896,0.2143226708583726
0.09937894328894434,0.1612699524919724,0.6174326525281254,0.12191845169095801
0.16661579952227384,0.002193824728657063,0.050531609309751625,0.7806587664393174
0.042401595112676604,0.09392610762917383,0.7144898170577015,0.14918248020044808
0.44406167153337167,0.07844184938388278,0.28626520799947475,0.19123127108327076
0.029062403925428214,0.20659522243109688,0.02943667235277706,0.7349057012906979
0.0590166161462039,0.49802273896751603,0.09215400724124065,0.3508066376450395
0.008992229834994573,0.5017543575877813,0.18494368077405648,0.3043097318031677
0.2483766815914705,0.37096762812909767,0.22096351866815148,0.15969217161128027
0.733667721753192,0.15432652492340426,0.09391639168378613,0.018089361639617597
0.22062432746069885,0.6959584924685838,0.03873778450537021,0.04467939556534719
0.3215503637077872,0.3624358724265916,0.24349998752567983,0.07251377633994122
0.17544309474775707,0.4001531784834924,0.22885040848231944,0.1955533182864311
0.23657481865299246,0.3680909756202265,0.3301717571136274,0.06516244861315372
0.03142133535972245,0.13833520572019464,0.3177724680230971,0.5124709908969858
0.07306777215497766,0.034225087178791115,0.31057641987066137,0.5821307207955698
0.14646625181406464,0.5737537701279335,0.22779629239985,0.051983685658151875
0.04726617108880326,0.058096152341936054,0.7745167507349688,0.12012092583429194
0.6609953835136991,0.226403444674359,0.06788647448782865,0.04471469732411319
0.4432155899235346,0.4744145148875688,0.006506479911191879,0.07586341527770453
0.31377705741448464,0.26274889976559673,0.12811934864868732,0.29535469417123145
0.30612039044261086,0.16218932399316888,0.38704073771519215,0.14464954784902803
0.1026667922615339,0.024672791448748125,0.278126626396893,0.594533789892825
0.2907573991440468,0.39349154721353113,0.11668915368197333,0.19906189996044876
0.29022802325985125,0.5066746576675227,0.030440248563172085,0.17265707050945397
0.030696121859404405,0.557815404948081,0.027460678468365723,0.38402779472414894
0.42298682306574575,0.48474534181725226,0.06364486923189303,0.028622965885109115
0.4179951712940436,0.18601064940809595,0.272270933646709,0.12372324565115117
0.18225993164461743,0.04312207234448055,0.6975737122982735,0.07704428371262868
0.4393169986829741,0.08257450723466023,0.2590100848974999,0.21909840918486578
0.08310609649243964,0.18565392771308695,0.601221680351553,0.1300182954429204
0.029666337618969748,0.6511379538524251,0.05105008898901653,0.2681456195395886
0.22994227716971155,0.0017712413578403786,0.6608555023158265,0.10743097915662142
0.19247652837801205,0.49649333140397944,0.05194973586053677,0.2590804043574718
0.30675978570147616,0.48878258301030925,0.195816128596938,0.008641502691276389
0.025352231102515957,0.31156797645335665,0.5781493679831794,0.08493042446094805
0.2940077909477777,0.49332425073534253,0.04047641053419229,0.17219154778268753
0.19954883400871698,0.6236347247268595,0.039069085204098374,0.13774735606032495
0.23941298800894018,0.16035472803918424,0.3635078759219137,0.23672440802996184
0.3386712848779509,0.26835456923186135,0.18831815933914378,0.20465598655104383
0.3348800606157306,0.12434495123418045,0.3850985969368745,0.15567639121321455
0.04805882765274223,0.5774877383986451,0.21697308652800498,0.15748034742060768
0.08310832985677918,0.1607520742854407,0.1648803628154446,0.5912592330423355
0.030642415791156435,0.10732019480967765,0.21195941143333139,0.6500779779658344
0.49902928011162434,0.14728363188475574,0.3271900445202854,0.02649704348333441
0.2510896298988326,0.29968013989405734,0.4461786856116025,0.003051544595507432
0.4851519756273748,0.37127049046941774,0.06943830301377454,0.07413923088943297
0.1928236605336094,0.19189809031853297,0.35267858724219964,0.26259966190565787
0.5031076181378066,0.3251775295590391,0.03644391188598802,0.1352709404171662
0.02876579970908539,0.25940949505074606,0.3068887272212107,0.4049359780189579
0.19302526762214872,0.0178624114146191,0.4650792555391877,0.3240330654240444
0.12554808938381928,0.12094369693880828,0.2669585588743955,0.4865496548029769
0.507414616912329,0.12036827170856476,0.3079141023555121,0.06430300902359418
0.30007898448117254,0.19927661154734208,0.474858740590735,0.025785663380750414
0.23314197296588016,0.2121635866024652,0.20905137812751928,0.34564306230413555
0.013795780924786718,0.41626124589310215,0.5185708191084505,0.05137215407366086
0.8131930071802072,0.1267966131854436,0.055108250854301766,0.004902128780047501
0.15400226940127612,0.10612444232677526,0.1731611153674958,0.5667121729044527
0.05595021145396593,0.06994909182931797,0.28537055385969234,0.5887301428570236
0.1879598978748277,0.049646767464613904,0.23190406151356924,0.5304892731469891
0.1063840884627687,0.17830323818644697,0.6552737774610624,0.0600388958897219
0.052825895951257,0.29283577335433564,0.3244487216884366,0.32988960900597075
0.3320626724969152,0.20352559464183895,0.1055683111323565,0.3588434217288894
0.2761976508033695,0.3922394613342047,0.20130459459216626,0.13025829327025962
0.06011271551745644,0.05615012102492096,0.7969369767485536,0.08680018670906887
0.11036404546389146,0.2145211338990229,0.3389660253709379,0.33614879526614777
0.6467802000058271,0.058830903919436156,0.07811819440325254,0.21627070167148404
0.5415608453199037,0.2873133067936613,0.10721604019751113,0.063909807688924
0.5391546306210532,0.22584409255645108,0.07653313852908053,0.15846813829341516
0.193979196804369,0.31875377272963534,0.16010497907145613,0.32716205139453947
0.0630056670861337,0.44447618452667886,0.29312626335947234,0.19939188502771518
0.35701251979884374,0.2840410431641021,0.12996575864990903,0.2289806783871451
0.12044826179416472,0.12603171857592443,0.6044806032063959,0.14903941642351493
0.12011146562873579,0.04601907932219446,0.282368666878552,0.5515007881705178
0.5622042469325562,0.053459177489096385,0.1167013502077158,0.2676352253706315
0.2744459820463581,0.4008694565910922,0.1845282694526473,0.14015629190990253
0.5143056702900889,0.24900490441448858,0.10024888423837108,0.13644054105705133
0.5498725801516579,0.005696027965399971,0.11421302408266533,0.33021836780027686
0.2871238273110517,0.19195599765065788,0.005105804717046325,0.515814370321244
0.41628793247633056,0.088074922638357,0.38957450081916634,0.10606264406614599
0.10593402412396291,0.03455298042301289,0.3898067672164323,0.46970622823659175
0.08554323764494565,0.5514466688264014,0.06205966432079625,0.3009504292078567
0.44455802242695636,0.253187156784064,0.07365596645078575,0.22859885433819394
0.16607122703870503,0.31685061732058745,0.17537850770827962,0.34169964793242796
0.2739888576885759,0.4962455865793396,0.006070518244040123,0.22369503748804445
0.08002187022173442,0.416662605675229,0.04229101817445725,0.4610245059285792
0.48424751587729553,0.3075367697763413,0.12920704692436932,0.07900866742199382
0.18393795869815394,0.3891718947691737,0.1425914312015528,0.28429871533111956
0.47295716838033647,0.056073432763595395,0.38242700505267624,0.08854239380339196
0.5757432116438322,0.1486084806256424,0.1993587942417375,0.07628951348878796
0.002368006586061414,0.4719891915432998,0.40017526738798553,0.12546753448265333
0.12875304480427124,0.10967246676354767,0.5322779644124342,0.22929652401974673
0.167293933005236,0.45619955847837385,0.022634236479301163,0.353872272037089
0.464928403859611,0.15319418606744592,0.06636139247939411,0.31551601759354897
0.031915866885937914,0.7486168466538057,0.16975691566297713,0.04971037079727938
0.7883106194941544,0.057063611009198836,0.06627646747341741,0.08834930202322923
0.08486814660102306,0.3411986761425016,0.42719671887609045,0.14673645838038496
0.021984882440011302,0.829716474772998,0.11541820583534215,0.032880436951648544
0.10051299958809848,0.2854542160025097,0.1565683956476822,0.45746438876170964
0.49021652338898225,0.29432657294445447,0.07138502372175504,0.14407187994480813
0.16582404644433757,0.010442548988987915,0.03635162878821223,0.7873817757784622
0.2635542973023354,0.40587554311029983,0.028988632698279268,0.3015815268890853
0.31700844817127605,0.3134815103794861,0.21601698488886845,0.15349305656036943
0.04555337490750175,0.1208905644833992,0.5229210836732295,0.3106349769358695
0.16808341874191862,0.4375674836253339,0.2879043375247818,0.10644476010796565
0.5134980311906513,0.11916756077684629,0.21334707983260295,0.1539873281998993
0.005822175472159844,0.8602804153386711,0.11403692425549666,0.019860484933672536
0.01332588509567292,0.49785386542788373,0.1616254767921221,0.32719477268432134
0.45536017818223135,0.30877041528963217,0.13668761863415121,0.0991817878939852
0.14358401790674055,0.3027988418370077,0.4021327019583063,0.15148443829794536
0.0033797057303560037,0.46604785112288954,0.2603747399636924,0.2701977031830619
0.10512991326450863,0.39702403128759717,0.32735492137170547,0.1704911340761889
0.2893729325469169,0.4153329073203367,0.2825539336570177,0.012740226475728731
0.06739138820606128,0.10250123359526203,0.19093817515298706,0.6391692030456898
0.08397790468442434,0.5806906895370909,0.15194928238562752,0.18338212339285725
0.32614336916728964,0.3089896069684398,0.28850539497285305,0.0763616288914174
0.2713398804386292,0.22864577755471166,0.3682722403519459,0.1317421016547131
0.21562717997132294,0.017157928105414506,0.5932599684600993,0.17395492346316319
0.39446379442438523,0.01106334190089438,0.4055024389998462,0.1889704246748741
0.2260848745542992,0.7635415564199146,0.003302787931585772,0.007070781094200356
0.3095478847666903,0.4765779339504742,0.04570778736622114,0.1681663939166143
0.33089141831256913,0.3438524085800155,0.12229962904445832,0.20295654406295716
0.3050751510166226,0.39522548017428116,0.27629626863322676,0.02340310017586968
0.07827096026670344,0.3146687024251007,0.5248028055935646,0.0822575317146312
0.038141572244935834,0.48471306837290473,0.3732272203997633,0.10391813898239614
0.07021685883069023,0.3485611418826585,0.3698706197618695,0.21135137952478172
0.3510151745079069,0.23848333949195444,0.06846728407325715,0.3420342019268815
0.21664670655579626,0.12351022283287012,0.63501091554601,0.02483215506532367
0.03836972379927784,0.3413529573492771,0.5083310514615074,0.11194626738993785
0.2700983086426396,0.2198504775323257,0.2706359637587566,0.2394152500662782
0.2901558829862662,0.08828079606964333,0.45638859305588864,0.16517472788820184
0.2858485492953409,0.23322957910650588,0.06475583681138163,0.41616603478677144
0.4805641596250732,0.30827860929086426,0.08401590708572201,0.1271413239983406
0.6638501609282504,0.12454533029504024,0.10334275496734893,0.10826175380936041
0.34735197162638737,0.007212259219888393,0.4750180176742389,0.17041775147948546
0.08306151729334657,0.19418692066862614,0.24664657272782278,0.47610498931020445
0.1834820178671962,0.10209961833481188,0.2050868368118445,0.5093315269861475
0.11566603932034357,0.2971684454710316,0.414252680086209,0.1729128351224158
0.09447463148248818,0.015510488253898174,0.226724978432899,0.6632899018307146
0.3085451384488872,0.12232652772576036,0.4337290011575305,0.1353993326678221
0.2293812164657072,0.2040176797858154,0.3688207149069016,0.19778038884157575
0.014646477030568336,0.08486122994537022,0.6927700996948567,0.2077221933292047
0.2831030279426842,0.002570640950803726,0.5711918203288395,0.1431345107776725
0.32370543960398024,0.16861112351438817,0.4228273265951545,0.0848561102864771
0.11807784752787119,0.7125775937019568,0.05812289975024883,0.11122165901992329
0.16235846601233966,0.31356800833567555,0.004747503316395858,0.5193260223355889
0.654729334819288,0.043994063215886094,0.1793495860591856,0.12192701590564027
0.09178957395199694,0.0614692206263563,0.6776219368392574,0.16911926858238915
0.2428798447325249,0.1666658712054851,0.20699506465347378,0.3834592194085162
0.3141306852333393,0.3878898807320517,0.29646928820007734,0.0015101458345316758
0.30824918322957656,0.3275582817855867,0.3288776887954997,0.035314846189336946
0.03180189456809173,0.2561433133300889,0.501789100092344,0.21026569200947537
0.10579593010327364,0.021026268639361047,0.6668768640995736,0.20630093715779166
0.008434236726525136,0.06525292340095404,0.16110749945716904,0.7652053404153518
0.34487454723857286,0.04014585893838096,0.16276573535861252,0.4522138584644338
0.28781387338908254,0.47181818257307934,0.1205584032175366,0.11980954082030157
0.45823255648102806,0.10617765007796148,0.17822248640812635,0.2573673070328842
0.6806041151963418,0.23181071718544663,0.040117783578338145,0.04746738403987342
0.25930745544939826,0.5139490790094455,0.22063861743537608,0.006104848105779923
0.050494448487502466,0.2787965492200039,0.554828727998705,0.11588027429378862
0.6441973522471571,0.08986201154224169,0.12512014631957505,0.140820489891026
0.031067114476355726,0.3052440322038192,0.5578651225460757,0.10582373077374932
0.23891321040141655,0.0036660904649108237,0.1207829083334108,0.6366377908002618
0.13723166877943524,0.0027371807853069346,0.5589419474532521,0.30108920298200564
0.6054422902476825,0.12832719598714418,0.0073651425518922045,0.25886537121328124
0.3280766040278391,0.08162569978994429,0.29787791186379864,0.292419784318418
0.2402733243060696,0.5988397723972606,0.08875840260146113,0.07212850069520878
0.1887153066850332,0.0004235597580304067,0.7705331440575681,0.040327989499368215
0.12259634953439782,0.5118261106194115,0.27671035595165966,0.08886718389453097
0.3430174564240919,0.16845163449031236,0.03658587607119501,0.45194503301440064
0.07549738428221976,0.011506540165270838,0.5799775801258341,0.33301849542667544
0.022356858272831893,0.23199894988511077,0.6864725235786702,0.05917166826338719
0.34330165480046954,0.1517961711157629,0.034635884849938264,0.4702662892338294
0.02687476054337036,0.8130583861573033,0.07040719907141987,0.08965965422790637
0.015367494784590263,0.10210284207413939,0.3985352959220629,0.48399436721920736
0.21943747590035556,0.023073505765936943,0.12578219909083288,0.6317068192428746
0.05400815722159946,0.6407556298338369,0.029842309118035693,0.2753939038265279
0.05981485991396972,0.04406235651274973,0.4287072760866767,0.46741550748660404
0.4893093976451999,0.12831306521380703,0.050267664808805304,0.3321098723321877
0.236507028237532,0.6454530186970578,0.017734386752280694,0.10030556631312941
0.16891416163372736,0.6280938654338948,0.10573150718442782,0.0972604657479498
0.058012566524962755,0.028305187601825547,0.3224831222532068,0.5911991236200049
0.1610500662245896,0.12869624219847559,0.24383288002427445,0.4664208115526603
0.25839568938484175,0.030596848788741342,0.22716694195912224,0.48384051986729454
0.1742669200223638,0.02826421563616729,0.5208411672995303,0.27662769704193857
0.38796110579573573,0.0396321490197911,0.42743214957331593,0.14497459561115716
0.8825305977382107,0.10399494318895983,0.00628526587225691,0.007189193200572657
0.6061363250948701,0.05453774629866168,0.2692102826326573,0.07011564597381091
0.4284462184055146,0.3231843040309063,0.1276427115611069,0.12072676600247213
0.40401230371687513,0.15531078266635803,0.36852286504167764,0.07215404857508913
0.44846801502849654,0.35217808433044817,0.018230695876919802,0.18112320476413546
0.1877550506536262,0.39663704464244665,0.3804483744285731,0.03515953027535404
0.2516066518863253,0.5730315662478777,0.09682627498244188,0.07853550688335514
0.09277323350784294,0.19371034182545793,0.5378935533630129,0.17562287130368628
0.16054656341827825,0.5267713193974257,0.21608829404152627,0.09659382314276964
0.279827658275919,0.3679784266919713,0.1738789381429731,0.17831497688913675
0.27200331772987485,0.02459741519440601,0.698129887008,0.005269380067719083
0.21846368760220397,0.166274750250475,0.5891110241545027,0.026150537992818346
0.40398547979476024,0.03335023897357949,0.1325392156321078,0.43012506559955255
0.12414101362628438,0.18463924192359335,0.22782879154688848,0.4633909529032339
0.12987894072765152,0.20301807632839525,0.4487095353298669,0.21839344761408633
0.10418205078745901,0.2785854133771423,0.2355739057513232,0.38165863008407547
0.05216117320550726,0.23729355217380887,0.31078519193217224,0.39976008268851165
0.09896253429006469,0.02607561507408473,0.3447328511857018,0.5302289994501487
0.17580113125878702,0.6156623243374104,0.07107384967724763,0.13746269472655492
0.0012811413794073965,0.3615700269682176,0.5101905806226474,0.1269582510297275
0.024840993867308217,0.356253161908652,0.10897380664811608,0.5099320375759236
0.4138350017180306,0.4480186831069441,0.0032409624457374695,0.13490535272928772
0.371353815368998,0.10020787924398629,0.285831177133513,0.24260712825350286
0.20085263850346724,0.11998369807983329,0.5589006913905129,0.12026297202618652
0.4931335590852987,0.1825036957218263,0.13901940621246925,0.18534333898040553
0.11773349137768499,0.1092983411706189,0.3873182218015007,0.3856499456501954
0.079137520085836,0.14745377991831657,0.5959193481051188,0.17748935189072862
0.17386463119017842,0.03588955932870269,0.2983536900157241,0.4918921194653948
0.5103037510141142,0.2961311686675124,0.06342534633373648,0.13013973398463702
0.36771405738067503,0.3738679411596304,0.06365582840981777,0.19476217304987675
0.38092058119763483,0.14100243173788096,0.4274979690817996,0.05057901798268463
0.7297567432653201,0.08877260647869183,0.15192100640735312,0.029549643848635013
0.6202927023025473,0.1302715666062526,0.22717490928149692,0.022260821809703308
0.0762950693586951,0.03309275388359764,0.6145961575125446,0.2760160192451627
0.276041527481275,0.4985800606634982,0.11302047339682665,0.11235793845840014
0.08948901235589386,0.30016804704628824,0.35933830154119595,0.25100463905662196
0.3775281770465285,0.009552925606763345,0.6118706342488373,0.0010482630978708076
0.07202074648802784,0.5217764880012468,0.08248946808470896,0.3237132974260163
0.5295619538321454,0.29066572601276147,0.12921667446778806,0.05055564568730513
0.01288302436324643,0.006305006454456599,0.15066646544754808,0.8301455037347489
0.1461484959583683,0.35670728584213773,0.09533628953785758,0.4018079286616365
0.2683540241380013,0.15169161016649388,0.012376594177931455,0.5675777715175735
0.2900084289230401,0.46050483074409704,0.20844249878161616,0.0410442415512467
0.38854441097231895,0.08999411624529456,0.023375277187734342,0.49808619559465217
0.17197659917215588,0.06887191429705501,0.09017556644725273,0.6689759200835365
0.2678966819718608,0.4904303583169995,0.11509685611551977,0.12657610359561988
0.18343709823688734,0.43495349781354586,0.35685843783411375,0.024750966115453056
0.32172273706347804,0.1590409145991574,0.4805873691267573,0.038648979210607226
0.2442961064314678,0.4667262316377759,0.2128342608905384,0.076143401040218
0.8461160333035347,0.06033054283789944,0.0339235427643326,0.05962988109423322
0.03933228613468146,0.4326807750230812,0.47688464988744417,0.051102288954793094
0.060228093828205743,0.018512328377885395,0.8114271883992442,0.10983238939466462
0.028449401101084692,0.710946829409174,0.13538603592785245,0.1252177335618889
0.30981951553178533,0.36661732545554465,0.06463791951222032,0.25892523950044966
0.6610054806972706,0.2105647736142721,0.055608250222790166,0.07282149546566712
0.3148410485031872,0.3236417843789955,0.16708511206730517,0.19443205505051203
0.20473870449179268,0.5035201298461686,0.2069305579958959,0.08481060766614282
0.10383612110292446,0.1639470824757022,0.5707065433638395,0.1615102530575338
0.10270419374122088,0.4124790464117471,0.11206493054264789,0.37275182930438405
0.1944481149094126,0.08298411011063526,0.6145266832712841,0.10804109170866791
0.6947584388913164,0.027288126862519142,0.2752516364611225,0.002701797785041967
0.38814859281520697,0.059379121681802115,0.07885742231421912,0.47361486318877183
0.5724941627929925,0.028777624670884922,0.38789779172768274,0.010830420808439857
0.5038038190293149,0.1269367412367152,0.3130851750307023,0.05617426470326754
0.04638453071051939,0.3984295321727054,0.054000806937472494,0.5011851301793028
0.7744383048362439,0.15122482734796908,0.05335522634046427,0.020981641475322683
0.21539282919029248,0.21439553988696822,0.35523078597104707,0.21498084495169217
0.5092815667875906,0.07700998021386281,0.2706448144723208,0.14306363852622578
0.41257483697216096,0.1935865828962766,0.3423986486600301,0.051439931471532356
0.2537767077685264,0.3047404042996345,0.3948099732665503,0.04667291466528871
0.3345815012504597,0.25973233127932877,0.3168114828674971,0.08887468460271436
0.15689833851608978,0.22463236002507875,0.09227639978072767,0.5261929016781038
0.5127734294037519,0.3299488801147188,0.023643729676187924,0.13363396080534143
0.08431294300537868,0.1525212255065569,0.4522852151151081,0.3108806163729563
0.6179567834100105,0.24029322824166893,0.12537207238177264,0.016377915966548022
0.41684030049285065,0.05840792168821458,0.34555275176575145,0.17919902605318344
0.12131554894258573,0.177019683864842,0.14104840804762636,0.560616359144946
0.10515227629047022,0.6514878927868659,0.15298883681920994,0.09037099410345391
0.37927928231081376,0.18541355453892888,0.019521976104492383,0.41578518704576506
0.42250204433954824,0.18030457560372815,0.19862822660526303,0.19856515345146047
0.462314289565705,0.29893670506985826,0.040224963521943984,0.19852404184249275
0.02592501616068577,0.21157225347835992,0.34084677860318086,0.4216559517577735
0.25595877457561855,0.3957214120554711,0.27100310986061066,0.07731670350829971
0.1870847186187541,0.6224419453751187,0.10597585089707208,0.08449748510905518
0.14014945388902947,0.07894608132107674,0.7509777377253934,0.02992672706450049
0.8560173778573767,0.013112086702120647,0.028525150127427505,0.10234538531307508
0.04715052461054008,0.16828300053406306,0.18088334254953475,0.6036831323058619
0.03713883273517055,0.45765560143089884,0.3751868790529584,0.1300186867809723
0.3059697526277002,0.2066865398186173,0.440997574840458,0.0463461327132244
0.09101768275681892,0.4362756510354799,0.16462021633415927,0.30808644987354206
0.06823039583506528,0.25018861092921796,0.6400542948276512,0.04152669840806555
0.15171117391665725,0.30549076691993216,0.23969484804329977,0.3031032111201109
0.1073201429771045,0.3432680721705115,0.14231317637280516,0.4070986084795789
0.2018690814982257,0.1796104048671075,0.44632507160472656,0.1721954420299403
0.005227952286895067,0.7827759742705233,0.1702740778387058,0.04172199560387585
0.7604436286396349,0.11153503971678759,0.007771897666955899,0.12024943397662163
0.19489346161022783,0.32371713817104164,0.28109081887302095,0.20029858134570952
0.02720019868010235,0.3557929610227262,0.5842241846291825,0.03278265566798895
0.18052885836775892,0.30102930292983865,0.49118124415550235,0.02726059454689999
0.5598783922673997,0.06465650411635919,0.0584032727141804,0.3170618309020607
0.1290665708351103,0.30381853333168013,0.09595904968512287,0.4711558461480868
0.1225591772847647,0.16825881824183458,0.04090066764598175,0.6682813368274191
0.021421349132906366,0.05263630098376614,0.6605368202288046,0.2654055296545229
0.17382979273082966,0.37827220388036137,0.16684360819778382,0.2810543951910252
0.39772913398594256,0.02987780615970398,0.3918700959997186,0.1805229638546349
0.08670258217046331,0.4703440835879015,0.18856635182781337,0.25438698241382174
0.6547710266227723,0.12286500458514432,0.2122235101847873,0.010140458607296074
0.6429235293013781,0.28383429186975473,0.014066220447626596,0.0591759583812405
0.2693183934683204,0.3381448830480748,0.3826503434068159,0.009886380076789016
0.2324570703133596,0.3805740497764646,0.07065662493955784,0.3163122549706179
0.11457550033851778,0.24042253088738594,0.31553875264654224,0.3294632161275538
0.1668253989085463,0.24624912967106485,0.2562959919589281,0.33062947946146054
0.029747569874081753,0.322502030554562,0.22230015355652888,0.4254502460148275
0.741073300377575,0.028844965416499425,0.2204015446534487,0.009680189552476721
0.012223838413278256,0.2166768087217704,0.1395665063474049,0.6315328465175465
0.1561559047797543,0.7067375285387051,0.023916612445598173,0.11318995423594262
0.8704082090043355,0.004271301388629338,0.10686873765249279,0.01845175195454235
0.7818042206557141,0.02149530587589375,0.017453442401202467,0.17924703106718967
0.1434214662827048,0.4827588356945277,0.022538504388173935,0.3512811936345936
0.6324482273613887,0.22340145685392326,0.050600460878618574,0.09354985490606929
0.21681714209200884,0.1776045634249499,0.3449614202421134,0.2606168742409277
0.7489521915428545,0.14241864917621405,0.09889233968470663,0.009736819596224728
0.05548007333475647,0.15106165279293352,0.22085394336073796,0.5726043305115721
0.4769842415477656,0.04966015874732055,0.4165943602203272,0.05676123948458663
0.16914820722541976,0.2032132124953327,0.4445789791079285,0.1830596011713192
0.09064616862710453,0.26681759002676636,0.29648025335517825,0.34605598799095083
0.24070174403078506,0.4093893313431479,0.2652977788627739,0.08461114576329318
0.5373897094313029,0.06067886818832798,0.3727912432108821,0.02914017916948704
0.38699110373509793,0.08961632907347562,0.37738713984819555,0.14600542734323094
0.11195046684252949,0.652215517485759,0.19828133884314172,0.03755267682856982
0.04367452950923849,0.7248056139103873,0.11067695998907101,0.12084289659130328
0.46233542787968546,0.09934625024371252,0.21610953297182367,0.2222087889047785
0.04485350244949981,0.37024792753171964,0.18010123455174498,0.4047973354670356
0.1791337028407524,0.5152215289329862,0.21869878948310814,0.08694597874315307
0.2026233243449393,0.3393675175900046,0.29011789138677035,0.16789126667828563
0.4738789753247722,0.07238713955174818,0.17116018995017984,0.2825736951732997
0.3277153398417803,0.06016305825844228,0.3360358409594945,0.2760857609402828
0.7146312127908284,0.004651156958113207,0.02095592050025189,0.25976170975080654
0.369667799781715,0.11454352638013178,0.3623713811382516,0.15341729269990148
0.1182014893198949,0.38514654714577057,0.1569191646827054,0.33973279885162927
0.37253288317675787,0.240463953050031,0.28548856895612973,0.10151459481708153
0.00987654854381853,0.018621268540166276,0.7236940688875668,0.24780811402844843
0.20874671152774893,0.18579075385950203,0.10580476257901278,0.4996577720337361
0.3762598684391521,0.5208098184873716,0.07587899429455928,0.027051318778917036
0.021407155948550725,0.19362398120421892,0.3167369575727001,0.4682319052745301
0.10517242232284234,0.23027396809788164,0.05291107381065397,0.611642535768622
0.35072263569065776,0.045958516632810684,0.011358582797131245,0.5919602648794002
0.3982014351353759,0.04746055835621703,0.4172929971602379,0.13704500934816918
0.037009043321774626,0.6988707309052214,0.023929238303314358,0.24019098746968973
0.35689892805283613,0.12747709203876498,0.2076481370856298,0.30797584282276913
0.27047229451512056,0.19810434933257284,0.3228958930194477,0.20852746313285886
0.2840253843685163,0.17530638848039454,0.283638174485428,0.2570300526656611
0.023805221951565276,0.4235057393890618,0.04427712832102451,0.5084119103383484
0.13546696134499403,0.05339200886986644,0.799877360167177,0.011263669617962487
0.7228823906678642,0.023233611843934226,0.24424505781134126,0.009638939676860301
0.20783753157175774,0.2232639301858604,0.23895208564451093,0.3299464525978711
0.028033804048377582,0.45785738103253193,0.5000029152709936,0.014105899648096935
0.3637484632119063,0.1265889524961808,0.21500294487347069,0.2946596394184422
0.30538967035068043,0.065719777330909,0.15638710154982766,0.47250345076858286
0.17972301592441267,0.08421212070023648,0.3896349720114519,0.346429891363899
0.5196362312289838,0.004512829372195908,0.4325853552075655,0.043265584191254675
0.5640759360374047,0.10346756901007725,0.31339469798232217,0.01906179697019575
0.5799836335818794,0.04777284268423356,0.10284516239694065,0.26939836133694645
0.2927356969512691,0.06029696986263781,0.04663787396172981,0.6003294592243632
0.19164782459317983,0.2582053392766438,0.1838883214017447,0.3662585147284317
0.22340559082613276,0.11510354185256319,0.14404814710325733,0.5174427202180466
0.08396060739627047,0.006319720057748184,0.2823794791469605,0.6273401933990208
0.7310945012252934,0.23645883050273903,0.003139146490501282,0.029307521781466433
0.10601529493061945,0.176208731259556,0.3517697067747249,0.36600626703509953
0.2672564242361525,0.08778335971938944,0.5549511923343738,0.09000902371008439
0.2566985087230954,0.19753349675984458,0.4149230676645814,0.13084492685247862
0.02767187241024698,0.31350302644197353,0.3799369959223165,0.278888105225463
0.5971769545285177,0.033226766426452864,0.22103102341892686,0.14856525562610265
0.05455982360702752,0.05342880605863443,0.654786597953204,0.23722477238113404
0.16082035142622372,0.2122075280231696,0.3992093745439056,0.2277627460067009
0.10773183395462331,0.6811060037819529,0.02049105981054748,0.19067110245287622
0.06824961178714094,0.4202216262611694,0.03428255387211744,0.47724620807957224
0.01954046216169939,0.7650315282363255,0.1972066677564984,0.018221341845476767
0.4077661255513328,0.17822086911290155,0.38315077676181086,0.030862228573954764
0.3065022058490406,0.6251721460285904,0.05609557492126035,0.012230073201108633
0.0740590943891329,0.5562434244913881,0.03193532261987385,0.337762158499605
0.2734161419331423,0.03633245962318169,0.05040513917769382,0.6398462592659822
0.04782992773465353,0.39889535967777934,0.3319912546893928,0.22128345789817438
0.284280284147382,0.04421303249876122,0.3771930964843497,0.294313586869507
0.22911513586247298,0.08642270975021682,0.5649846431367079,0.1194775112506022
0.49007910412129524,0.0039932796832466335,0.0427386793393897,0.4631889368560684
0.6878763507100376,0.020625651469344638,0.07685608012161808,0.2146419176989998
0.14771085644925958,0.45014318079399784,0.24998212836295564,0.15216383439378672
0.04334713365879779,0.7315492070659966,0.013744636576839808,0.21135902269836584
0.08921734288662532,0.48149267953041947,0.29619903238263595,0.1330909452003194
0.20557493173806968,0.03322095998524373,0.7606816799314423,0.0005224283452441251
0.5732428467066425,0.037315001384826976,0.24477576457633918,0.14466638733219137
0.6166884985292191,0.0026439417620430466,0.12234522697456439,0.2583223327341735
0.43519927504924616,0.007074975853315707,0.44018754113189523,0.11753820796554292
0.46902536648775495,0.012309758578998515,0.24477457355397647,0.27389030137926995
0.4354743634817303,0.03714429048361481,0.4496218927724232,0.07775945326223178
0.36208734655836117,0.1174918171878405,0.35651637278537995,0.16390446346841842
0.07651037778081597,0.525005101934705,0.3136579936671298,0.08482652661734928
0.13722125473969674,0.06126743275283025,0.48441121932668874,0.3171000931807843
0.0004237366222236631,0.23697428362051765,0.4278253608825663,0.33477661887469257
0.46380801479850836,0.08292095369948448,0.056547740086327375,0.3967232914156799
0.047878359996309225,0.36485511603797594,0.35858533585833474,0.22868118810738006
0.4594520148671614,0.08471619030116267,0.14141961508884585,0.31441217974283003
0.06639902358254673,0.590002945847449,0.28748443144517877,0.05611359912482559
0.03821442827115858,0.3700216363028336,0.23386047750253128,0.35790345792347666
0.004617281336895428,0.45293298797395176,0.22653800121719286,0.31591172947196
0.3460440547392911,0.278396279018613,0.18327770968262105,0.19228195655947491
0.42995064408506445,0.09357910758125444,0.30154944444863147,0.17492080388504969
0.25129418748461574,0.15234934648841045,0.334521741329008,0.26183472469796587
0.1564072224816077,0.5876807370892397,0.20573518427152035,0.05017685615763226
0.8328217965784143,0.043931682305757856,0.08772268410752682,0.035523837008300974
0.4084622981878011,0.1945458989937415,0.27415037333757747,0.12284142948087982
0.15379491584946564,0.4260587277573405,0.31133746430128273,0.10880889209191133
0.38548457236870587,0.36671193600404756,0.1273687554095964,0.12043473621765016
0.44827713287289717,0.40539825691121034,0.07980495389919061,0.06651965631670191
0.2245259657322786,0.20872977206713436,0.10840925999324644,0.45833500220734075
0.2620623597768605,0.6247157081212518,0.05565839668232651,0.057563535419561294
0.31504398703385134,0.47729817242475375,0.03599457955762174,0.1716632609837732
0.5413885963533591,0.266974726300366,0.16600231439362495,0.025634362952649967
0.0663319455034722,0.032361647764269676,0.20140739175601396,0.6998990149762441
0.25592321883369246,0.12587983941835423,0.5108081283844882,0.10738881336346508
0.2773076286414021,0.009552175593578889,0.33824175583962823,0.37489843992539074
0.2035255603885195,0.38836973913246814,0.07700188453146217,0.3311028159475503
0.4133934616193502,0.11771557073035482,0.19002141012855708,0.2788695575217379
0.557894784454355,0.1201369080614085,0.19408796620048738,0.12788034128374906
0.06316234719912084,0.39368289542819956,0.5427744124414827,0.00038034493119698206
0.03166192268619404,0.01597556650329762,0.5038366053965936,0.44852590541391485
0.16679730532705447,0.35683162422988085,0.40744737815524185,0.06892369228782276
0.8573488167694607,0.028296473327375494,0.07038934452308224,0.04396536538008156
0.15653534289077284,0.03487466830866142,0.5639878820981821,0.24460210670238353
0.7240329154279422,0.052128395567603125,0.09049492805418607,0.13334376095026845
0.09186199567705122,0.10517650739500937,0.8000490319313341,0.00291246499660526
0.6413127742048177,0.10665589426978825,0.11026340877950959,0.1417679227458846
0.3641799091241471,0.09798401790618587,0.04144919769241495,0.4963868752772522
0.21064582806247759,0.47099901446477155,0.10483012028397919,0.21352503718877172
0.07475593141040857,0.40206822922114865,0.4889527505473966,0.03422308882104626
0.5465386908469577,0.3229367067083461,0.06575299297675538,0.06477160946794087
0.04034573414518965,0.23156387851840302,0.1872072204532763,0.540883166883131
0.17072404469654479,0.30375650724352826,0.20599519802491142,0.3195242500350156
0.2914943956203029,0.1516441059556149,0.12966726613586138,0.4271942322882208
0.7474412650504895,0.2220858555924843,0.02922195876453142,0.0012509205924948208
0.3653891222286764,0.34870271569897066,0.1967784764196475,0.08912968565270557
0.4882736662485882,0.09571742480266467,0.07225436018768822,0.34375454876105893
0.0707569529532519,0.06989391248688386,0.2759946192384784,0.5833545153213858
0.12582959557105852,0.1336967641119229,0.15639214782295177,0.5840814924940667
0.3382833323326296,0.09221178857211239,0.07140712466676283,0.4980977544284953
0.0451922693559349,0.12191307788035534,0.42102244495799124,0.4118722078057185
0.28727520699084425,0.587016661331475,0.059605233490587745,0.066102898187093
0.4854571755848338,0.06542120776820368,0.201221390413239,0.24790022623372357
0.3774454420054851,0.25282887754976097,0.12602771556007714,0.24369796488467688
0.03122495336838957,0.5255832442789212,0.1749568410925614,0.2682349612601278
0.07689724269361436,0.02264039727221021,0.6973155240319527,0.20314683600222264
0.09611203013916307,0.2161457882779484,0.17962458833378228,0.5081175932491064
0.20750835444149923,0.25599513645897903,0.3149550299522315,0.2215414791472901
0.5062177189113751,0.004943754914051747,0.24407581070309978,0.2447627154714734
0.16620756506334397,0.4034617262395543,0.10115362265704478,0.32917708604005713
0.3054408446737718,0.15783668416744825,0.19150694133669424,0.34521552982208575
0.3064565684067589,0.4099070531681947,0.05841452213264429,0.2252218562924022
0.2640124045598874,0.07032020271808842,0.5802257099525299,0.0854416827694942
0.1989949814934347,0.2275274769674871,0.1389581668554978,0.4345193746835804
0.44565952266751807,0.26104378785939725,0.007847511731728068,0.28544917774135675
0.2313096859858797,0.5321988020557278,0.042153090990397026,0.19433842096799547
0.32510702191892066,0.579403037225037,0.09367586743238365,0.0018140734236587208
0.022307191894762216,0.05529161572819602,0.609440048891812,0.31296114348522974
0.1548733075361801,0.0873955074436003,0.6570029209977241,0.10072826402249564
0.19969192907845282,0.4499691093189904,0.10516294686934549,0.2451760147332112
0.11955669953150255,0.589737899027696,0.23886669137339786,0.05183871006740347
0.2298551047633193,0.21639176731125592,0.4697773354607229,0.08397579246470191
0.6136872012035133,0.23767660415775482,0.02369346936367526,0.12494272527505648
0.11661735509717676,0.26752076285755155,0.5736462667885699,0.042215615256701866
0.1983915947975246,0.5518261897745768,0.009964867980697484,0.23981734744720104
0.4990836686811034,0.03379143053713706,0.4173568354940178,0.0497680652877417
0.5110670847733405,0.40802784412306486,0.055007473110384654,0.025897597993209887
0.15717081662300675,0.3771703343323761,0.12134412605554479,0.3443147229890724
0.36802036304895025,0.11011849830469807,0.20526163053653482,0.3165995081098168
0.18719146895424907,0.2972928425381749,0.34863640818447383,0.16687928032310206
0.2479349940200029,0.4089316481050628,0.3230682218631947,0.020065136011739683
0.14635021278367574,0.04214399548576308,0.8025344952715938,0.008971296458967333
0.1184047900112538,0.23846841318065104,0.3486434481139939,0.2944833486941012
0.09878266620748341,0.7540241861902847,0.06999844375323742,0.07719470384899457
0.24549940134336104,0.10132792765158329,0.5180986587500405,0.13507401225501528
0.12115316223853903,0.06565667008686385,0.09304473700171056,0.7201454306728865
0.5363005270416509,0.22603381809536446,0.0037168428166126175,0.2339488120463721
0.19632067481445908,0.1089445945307066,0.5524329676028359,0.14230176305199843
0.0065165461568444955,0.8454971897528638,0.1407952563568812,0.00719100773341043
0.03646296346096768,0.061368690094117474,0.7379599950906462,0.16420835135426864
0.3061965504673318,0.31966385529900565,0.007526898418186731,0.366612695815476
0.5078785792031246,0.019374898780876497,0.01656277674964801,0.456183745266351
0.4609941672821013,0.22283963491039632,0.31466539444031616,0.0015008033671863594
0.33154771628253565,0.1006226689808048,0.08104010339382314,0.48678951134283655
0.1832252773142013,0.4366906967486063,0.18747059230518753,0.1926134336320049
0.3912236003060464,0.1062321029249507,0.38719446366210986,0.11534983310689309
0.07111892332876542,0.11951977321353481,0.25878780020932124,0.5505735032483784
0.4034038536866576,0.11382954860776823,0.36630824686249797,0.11645835084307628
0.5166533803816528,0.035885018918635686,0.14222600736942942,0.30523559333028205
0.03321431315605386,0.24970797404767628,0.38603558263546406,0.3310421301608057
0.05337788590668709,0.5307134068987713,0.26101506721920364,0.15489363997533784
0.3787306740852805,0.25836155366457997,0.09011693866451491,0.27279083358562445
0.6808110262829603,0.21360980181106484,0.09780717199599606,0.00777199990997887
0.2821840892928694,0.25203622022143435,0.35983893158565367,0.10594075890004248
0.08458910026237605,0.5491366286044218,0.15041490518444645,0.2158593659487556
0.5614275588919561,0.3288947006802422,0.05176774868437678,0.05790999174342484
0.32474608923294396,0.48849595101423127,0.016771208136462965,0.16998675161636168
0.08210719108169283,0.18116546607831296,0.015237063347273946,0.7214902794927202
0.25123714956727156,0.14149006288232696,0.11161440442623344,0.49565838312416804
0.04529312064348079,0.4211128047702183,0.42211135041494857,0.11148272417135247
0.038110402563887896,0.5554031522173982,0.26986938016096373,0.13661706505775018
0.07567604715898746,0.07654451567580162,0.38479825879427043,0.46298117837094044
0.47234684423516937,0.4474499816248299,0.025651681526829503,0.054551492613171326
0.12922258743094303,0.1053714663776475,0.6346821848597873,0.13072376133162208
0.1230316796602452,0.6469163575884148,0.004057971397305376,0.22599399135403458
0.3386332469582693,0.13102994236975918,0.004287182208859102,0.5260496284631124
0.26162820948484145,0.2732800631611564,0.33909888715430064,0.12599284019970147
0.19089540441890562,0.18892809664072543,0.2343146633201141,0.3858618356202548
0.41585814789250225,0.3199981320688529,0.13339942179087755,0.1307442982477673
0.7311745718694319,0.19236442708933307,0.023431325422166867,0.05302967561906817
0.20468577591409623,0.08851103520104676,0.6993381678703576,0.007465021014499401
0.32298642566026553,0.12092684480801004,0.5142805962518225,0.04180613327990181
0.012434335984138236,0.09686653419656648,0.4169351864641444,0.4737639433551509
0.03636851464815025,0.7281462197521438,0.22691361628041662,0.008571649319289358
0.2073420031641639,0.28583300177509685,0.03072939835797358,0.4760955967027657
0.007363077394506522,0.17345379817777742,0.7251276002958046,0.09405552413191137
0.04699344967909714,0.32482668393978126,0.026791279685922684,0.6013885866951989
0.24782240906503952,0.19631287870133932,0.01612103270567236,0.5397436795279488
0.1912062805669025,0.18541551934670586,0.3663944077687983,0.25698379231759333
0.17458010560108184,0.18672267896478398,0.2602041895774233,0.3784930258567111
0.045168686539634635,0.34660893119456965,0.34199092923333263,0.2662314530324632
0.7042759639944609,0.051835750035224476,0.13045454385020888,0.11343374212010573
0.314944797245384,0.4020877628568274,0.030759236453667453,0.25220820344412115
0.2135906207165631,0.26859344856004647,0.3544467935021614,0.1633691372212289
0.4378802626636138,0.18687458312749544,0.05862037800771886,0.3166247762011719
0.09465394558940915,0.6242088018855512,0.22784016680427766,0.053297085720761965
0.20908369308673241,0.05942036279059268,0.2828357265643971,0.4486602175582777
0.04390383857870141,0.11418614033744276,0.49940409261969804,0.34250592846415784
0.24830021183698942,0.39983887316507033,0.09676137320585017,0.25509954179209016
0.19733757873691415,0.30242974781366183,0.26499925879773656,0.23523341465168757
0.4333960277548998,0.2046380972014201,0.30732493013360046,0.05464094491007969
0.2756304612043471,0.3233572024630246,0.18772665330422786,0.21328568302840054
0.04539349519489841,0.2776782852040082,0.5884567493808697,0.08847147022022372
0.0629890035545726,0.06345294223416031,0.7246725218547821,0.14888553235648502
0.5811107063047053,0.2811286241079067,0.002382095926711007,0.13537857366067702
0.10304418234255598,0.716883606073906,0.08081521886119075,0.09925699272234731
0.2950789894673443,0.020003839407143578,0.5809868201953882,0.10393035093012391
0.36300355081111774,0.2386488125387562,0.2749452749985035,0.12340236165162241
0.06675804295535939,0.211442215363268,0.34083180203303326,0.3809679396483392
0.5511977732655711,0.07365514149908463,0.2348034371798078,0.14034364805553648
0.29189312063261624,0.4524614062378157,0.14214539313489247,0.1135000799946755
0.15192622959625665,0.2714451851486613,0.4273913470180783,0.14923723823700372
0.005609462554967828,0.42712438243173173,0.49908050551129146,0.06818564950200919
0.056269590723218355,0.06329287155356603,0.58500884757241,0.2954286901508056
0.18471092291851288,0.11702835100224651,0.4331392819328846,0.2651214441463559
0.07858737218533234,0.242790822395071,0.6741119387843192,0.004509866635277464
0.41649041835573525,0.1575722467985408,0.21097301281111797,0.21496432203460608
0.4874026183674554,0.10195398876884872,0.07339512199061003,0.3372482708730859
0.6324292316836597,0.07228713795472064,0.06809068945248499,0.2271929409091346
0.294655960949305,0.4695719828254772,0.1783109543679944,0.05746110185722338
0.2635046064554056,0.11833508436777108,0.3809015490950922,0.23725876008173113
0.6714944441150531,0.0971142064181948,0.20918508309621925,0.02220626637053277
0.05969899468173296,0.1992532359799086,0.11972138020282574,0.6213263891355327
0.07037020175199629,0.3357857494594248,0.04075940904211301,0.5530846397464659
0.027808580049422372,0.8205434670476287,0.11319811185843695,0.03844984104451186
0.4336598206089652,0.21294006527540163,0.027980702625619237,0.32541941149001413
0.25997963623886094,0.15399663739563801,0.17935699582400033,0.40666673054150065
0.2690305704541905,0.36947977299706886,0.22971155192804574,0.1317781046206949
0.6542688054123443,0.027234926493983624,0.18125434918750016,0.13724191890617177
0.3875331457603003,0.08057696276710437,0.40669407638008986,0.12519581509250557
0.3220865232454969,0.10986187475692025,0.3905436193194139,0.1775079826781687
0.19176294542642738,0.7292517816457661,0.02437737600577971,0.05460789692202662
0.09297240351265508,0.07882159333752257,0.05118709686760964,0.7770189062822128
0.07146273532015571,0.4121699639402628,0.15104508799560393,0.36532221274397747
0.5656980239526784,0.32645929379871397,0.06127359097540668,0.04656909127320086
0.18593163477813815,0.06023954515097076,0.08197522892182865,0.6718535911490625
0.010320315778438907,0.4595963509677379,0.30208286841859244,0.2280004648352307
0.27133730765536157,0.1204353745658307,0.17027807468475079,0.43794924309405686
0.13964406978872715,0.5365723571156166,0.049945378611955304,0.27383819448370095
0.013260048475241098,0.4172693558338687,0.36250045342753096,0.20697014226335905
0.15672435349118097,0.4512790195640828,0.21869616173626097,0.1733004652084754
0.29719540828714347,0.11163812082450275,0.49930717085706944,0.09185930003128422
0.016570459893749213,0.34098367158111864,0.20581431739052372,0.4366315511346085
0.07581806551389438,0.7715769468378851,0.09319079363599955,0.05941419401222102
0.2095324696140257,0.141373202806876,0.48916259098035564,0.15993173659874274
0.3156567490076295,0.11954472284943563,0.10607473424211931,0.45872379390081564
0.0435716198066822,0.061356108034498875,0.08852670134508742,0.8065455708137316
0.15352156746300613,0.5297213753441579,0.2347655761933422,0.08199148099949378
0.033327974031300826,0.19088851227257478,0.27524007348771135,0.5005434402084129
0.08518229747702398,0.25140638405092575,0.4672198564681389,0.19619146200391133
0.20057692258383528,0.12400822036327987,0.5798386056431758,0.09557625140970903
0.10979260930736764,0.21229017951362128,0.058290854286492465,0.6196263568925185
0.08564715781304566,0.16911309583081915,0.657725908847103,0.08751383750903215
0.3432482251997495,0.24063387995830357,0.15114644261232915,0.2649714522296177
0.07642151680125596,0.6364691787053304,0.17732925998015342,0.10978004451326043
0.267935184661906,0.23112653658045157,0.35280925449249856,0.14812902426514374
0.2182958493038962,0.36036929566417314,0.3273388160050635,0.09399603902686705
0.11922181094425777,0.2176703833523232,0.40629322908914034,0.2568145766142787
0.05412489749463087,0.020181546643080594,0.23883302036721288,0.6868605354950756
0.22790149843091992,0.4123881218188453,0.26411290709131485,0.09559747265891999
0.6945262026957805,0.062405868287060934,0.03614573741196872,0.2069221916051899
0.21653521930741215,0.05299794421051416,0.42761799342196133,0.30284884306011234
0.1312700177223773,0.011085618268660648,0.4991955564064335,0.35844880760252845
0.04243487558311692,0.21241583226128657,0.3532526688027947,0.39189662335280184
0.3829808908545941,0.12853374060604772,0.1267301245987571,0.36175524394060116
0.10459440970782725,0.20074656208893168,0.3575559735001407,0.33710305470310037
0.6237925105523675,0.25847741429041177,0.008396055318806814,0.1093340198384139
0.13950923660539777,0.21007687324609467,0.21568799492825425,0.43472589522025334
0.008908568979504592,0.303036864868716,0.5729389707731547,0.1151155953786247
0.2582443055380377,0.47906851742420703,0.02031347648575346,0.24237370055200166
0.01056941970208534,0.11749495053865143,0.17162880655071946,0.7003068232085438
0.18023566684743172,0.15066689558285076,0.4205290469040571,0.24856839066566053
0.2499098011506663,0.02888073686117613,0.5251737577156887,0.19603570427246894
0.13995534991165112,0.20049500156694144,0.3665886254939822,0.2929610230274252
0.005134355062416023,0.36174996679921667,0.004892004012879089,0.6282236741254881
0.43992103624775286,0.03817131549822138,0.017704475496815256,0.5042031727572106
0.3148469925353265,0.027983681235862097,0.6466192797942308,0.010550046434580518
0.293090294992224,0.0010927715731915571,0.33573951843320277,0.37007741500138164
0.22787725150590882,0.608349002050767,0.028909490166922885,0.13486425627640122
0.07327232502220844,0.25217963829500023,0.28991701717720236,0.3846310195055891
0.39573468440071624,0.053315763583558676,0.3487602778000852,0.20218927421563984
0.05271741131017462,0.09994475528696455,0.053891460534509494,0.7934463728683513
0.2401031039538492,0.07930923317398096,0.44761340475057415,0.2329742581215957
0.11958005767931579,0.001278221180077296,0.2389354937262654,0.6402062274143414
0.21309441809103916,0.3811330714351214,0.10312831561961096,0.3026441948542286
0.1788625603893756,0.11832644553784476,0.029949899999183315,0.6728610940735963
0.33340919571477956,0.37642559039329926,0.13584190313824457,0.1543233107536765
0.43542715445605334,0.06761402871699729,0.40079183465831125,0.09616698216863813
0.671625150733445,0.153695820947839,0.016981434745255666,0.1576975935734603
0.11444252770389057,0.34899948644779283,0.16372074065361267,0.3728372451947038
0.32693519710758207,0.15884659465081416,0.43691346191241043,0.07730474632919337
0.2576314312781727,0.4160692012138187,0.15413306008845826,0.17216630741955047
0.25799613709368313,0.38870805166370775,0.22258527364370326,0.13071053759890588
0.21468983506521608,0.2534207547468084,0.07321713264901245,0.45867227753896306
0.26547052580867925,0.27642816133845505,0.03944794460404876,0.41865336824881694
0.42885886282305646,0.14481818205272726,0.12091592137668454,0.3054070337475317
0.08742253011810583,0.5561941892917506,0.10348621160509244,0.2528970689850512
0.2805628741311153,0.05621343471377506,0.38740329450956895,0.2758203966455407
0.20382914992254694,0.2514880305646294,0.5082818026759229,0.036401016836900744
0.6072556436553386,0.04919852986776444,0.33503004813645765,0.008515778340439192
0.046962431260631286,0.19234922626376302,0.217942860404834,0.5427454820707718
0.37953760723717384,0.050531094829113124,0.4052240360608789,0.16470726187283408
0.28583165578849595,0.013395945231872708,0.6658732837777362,0.03489911520189518
0.27249026546919863,0.3518705246502456,0.026413069293824303,0.3492261405867315
0.2121435658787966,0.6684793861954825,0.0425884160979822,0.07678863182773865
0.036056037886759054,0.1906421297223756,0.608474323778417,0.16482750861244821
0.4158257323955942,0.05630736312504676,0.09209875463049515,0.4357681498488639
0.6226895809520439,0.07838736232128707,0.0038722886565641236,0.29505076807010483
0.1908727815024795,0.47900808334252104,0.09523067664762518,0.23488845850737428
0.13216628071264516,0.4970321805014439,0.010642350258011886,0.36015918852789924
0.013900901932261978,0.5367565248891721,0.0999837528813343,0.34935882029723164
0.027222756013748965,0.10112076549973201,0.11740192533579139,0.7542545531507278
0.047835280414589246,0.720578245123359,0.030786979131519666,0.200799495330532
0.12145338463988381,0.057575983882412876,0.468211425376587,0.3527592061011162
0.48062432698344215,0.14069186562418196,0.290532505251375,0.08815130214100082
0.45730421073200056,0.11400942531508386,0.07247185476963677,0.3562145091832787
0.26075265200297315,0.0485099253072983,0.32193564946083975,0.3688017732288889
0.3070686130963639,0.13456393664586117,0.40190966764637226,0.1564577826114027
0.22991972870539837,0.4955585583004304,0.13562852112238738,0.13889319187178376
0.06930580094370514,0.09868221409863193,0.683268779415644,0.14874320554201886
0.23165294762547053,0.537733609486599,0.05780341543505089,0.17281002745287968
0.3017830167910596,0.26947563237517436,0.20038680400869988,0.22835454682506615
0.04823147956858933,0.027023814614238716,0.27083448529727067,0.6539102205199012
0.17529444010402992,0.053388449610060194,0.43607723756127953,0.33523987272463035
0.07982503597902857,0.3888444056328809,0.2179081674076751,0.3134223909804155
0.21519331477469444,0.020023213068453064,0.573209170463118,0.19157430169373432
0.36535881513080076,0.11257084011047615,0.1797145292882281,0.342355815470495
0.2994798214330689,0.16832267321451178,0.3253462681737236,0.2068512371786958
0.6245833173280732,0.08387494235306259,0.025744627617721644,0.2657971127011427
0.4614218647989253,0.10645953039541899,0.33922472171299184,0.09289388309266389
0.060774319807847636,0.32068315888883525,0.4829894316025553,0.13555308970076185
0.7370756095010244,0.027445690036986898,0.0760782979242414,0.1594004025377474
0.007743239566663109,0.6068369097863877,0.09878052244121258,0.28663932820573673
0.015727928528071162,0.39887358283957747,0.16483861769598399,0.4205598709363674
0.5691470394323638,0.36010789298282725,0.02770899978073517,0.04303606780407368
0.13445155223584734,0.10053915053894663,0.3791360299475527,0.38587326727765325
0.6171356379239116,0.008263416445619634,0.3713164817552473,0.0032844638752214665
0.3282919404178531,0.33819876587505154,0.09524826262777986,0.23826103107931546
0.4727649364564562,0.23164274535343507,0.0023600993653642424,0.2932322188247444
0.05890771435328356,0.17615911560078965,0.713934413942542,0.05099875610338494
0.06853418424950221,0.5731896362509709,0.1295499286104067,0.22872625088912021
0.41624568617509006,0.24850371028625862,0.23943447607715274,0.09581612746149853
0.49708520799635,0.17315954179505888,0.1279624339622541,0.20179281624633702
0.3522559163149167,0.19118149158161468,0.41551940656714564,0.04104318553632304
0.11303868867928585,0.198112553001471,0.252164593859213,0.4366841644600302
0.22222483139255952,0.28312855744628884,0.40810858154533913,0.08653802961581254
0.022326301633187256,0.7469805452772261,0.20183672937596103,0.02885642371362567
0.02042541712688659,0.34503746040323063,0.12279297878793957,0.5117441436819433
0.19570973681115164,0.6708443715211446,0.0700183511683979,0.06342754049930582
0.5082036991716985,0.10360994834243908,0.02626877748684533,0.3619175749990171
0.33797178826806556,0.12810330551406676,0.426163061327263,0.10776184489060467
0.6076241422269695,0.13801637576952683,0.10901954574841945,0.1453399362550843
0.22253270222686633,0.21144335242802068,0.5632476868325041,0.0027762585126086866
0.41414928940841195,0.05409654322555064,0.3354640819784133,0.1962900853876241
0.06303551931925487,0.019490740234379935,0.20212025549335638,0.7153534849530089
0.0513050985400934,0.10962002485550176,0.6541333875166179,0.1849414890877869
0.3790124859699983,0.03848912055410408,0.3434985794927762,0.23899981398312156
0.5803831956558598,0.09608374549432384,0.044384993341931335,0.2791480655078852
0.214993954796838,0.10913524774046242,0.28412545319715815,0.39174534426554153
0.42403932606101225,0.09132863575556631,0.3199118316568381,0.16472020652658345
0.010877529899542734,0.06472844858411708,0.8435242470109001,0.08086977450544
0.2921871709711956,0.04879394022687626,0.4790124987101124,0.18000639009181585
0.35033055788452205,0.3598288912526233,0.2571913342767873,0.03264921658606732
0.5316320524562758,0.1121365928507383,0.25927890963487377,0.09695244505811217
0.0010002828324503783,0.5718710361385159,0.253711752098965,0.17341692893006866
0.19385137186911214,0.5682698849145263,0.0742210785934115,0.1636576646229498
0.5967331459695548,0.24801810821571463,0.013876022655031425,0.141372723159699
0.27244430051034396,0.16880804257194815,0.265558710103757,0.29318894681395086
0.3680889839697157,0.2527451754592999,0.2224731236297674,0.15669271694121703
0.13745711351790182,0.6753486327491964,0.023101797386418817,0.1640924563464829
0.7490509147610441,0.016500908203932376,0.10213075799346198,0.13231741904156163
0.3317455283254594,0.04331292943248164,0.38079219192032643,0.24414935032173252
0.4213796058687718,0.2735366799357502,0.16566164461047572,0.1394220695850022
0.15058349914893712,0.03844556618840424,0.013844559411898907,0.7971263752507596
0.006065902566706023,0.029951611730625938,0.3806294887709774,0.5833529969316906
0.6043116397681597,0.14823045083870223,0.11531448449221149,0.1321434249009266
0.008212992542431607,0.10043699466609905,0.7680854945133193,0.12326451827814996
0.19889400576876434,0.3079882518417839,0.32713120267738527,0.1659865397120665
0.17152278962060186,0.09077446877539025,0.5507805290797115,0.18692221252429633
0.1559538799186685,0.10912543992959009,0.21633687812894306,0.5185838020227984
0.16459468815269152,0.5120668771182456,0.18246807985049668,0.14087035487856608
0.4757985599492334,0.13669919044869733,0.2112472866407333,0.176254962961336
0.1961972823386736,0.6630028363104771,0.004463124550170157,0.1363367568006792
0.32727097169185093,0.21893600892153814,0.4534626372011887,0.00033038218542224944
0.017523860498699285,0.5232282551981102,0.41065996922787196,0.048587915075318504
0.46762484470987237,0.40657763159400057,0.09628678062548117,0.029510743070646175
0.44879082676430126,0.3162455743233434,0.13062734067596554,0.10433625823638988
0.08936569486203935,0.2008677362140058,0.3929241368808698,0.31684243204308493
0.10407439417006299,0.5781307695422668,0.14502704676113506,0.17276778952653501
0.0017056786049669337,0.27551763232628845,0.4128680880062599,0.30990860106248475
0.0572637631863551,0.38801488741094214,0.20836286546913957,0.3463584839335633
0.02524694222537917,0.9215892797916965,0.029231598007559072,0.0239321799753654
0.48106186298162884,0.17347916992122028,0.2726135044516357,0.07284546264551507
0.2402462567416373,0.18148075474500958,0.10506445489641655,0.4732085336169364
0.10137145677313247,0.41071688349340085,0.3732618018900046,0.11464985784346207
0.4894006632557659,0.20291720022661322,0.08449796344155121,0.2231841730760696
0.2825967839018809,0.3620553397779566,0.20645258564177033,0.14889529067839213
0.5351356398614335,0.11938492197725448,0.15855046805056483,0.18692897011074733
0.1834459695049438,0.3439039882588607,0.26569489539580327,0.20695514684039223
0.4619127145983443,0.03280866461851673,0.029811621001051624,0.47546699978208734
0.20731385894750917,0.007986608809120032,0.44346277795687816,0.3412367542864926
0.2369900916825282,0.21689919582158085,0.16595486393622635,0.38015584855966456
0.061967527034685485,0.24159241298503795,0.3613492604461301,0.33509079953414656
0.06927248116366735,0.4083487604540812,0.26594704011546405,0.2564317182667874
0.5323851716066944,0.40920198381280354,0.007422833245603492,0.05099001133489851
0.7175030610589784,0.005351794125624326,0.2594919829292799,0.0176531618861173
0.20813597781148374,0.16557597957008183,0.06788477218004602,0.5584032704383886
0.11137706799010907,0.01766528645038429,0.3184976742981123,0.5524599712613943
0.3352125911197742,0.248233558348671,0.22327854017132084,0.19327531036023393
0.18017844291200796,0.43620284565238104,0.19177857414011368,0.19184013729549731
0.0037531656594668437,0.20692936106266613,0.6193664044155198,0.1699510688623473
0.4602875789568694,0.07601389905645874,0.03806516570823798,0.42563335627843396
0.7369607542621841,0.1983669299097757,0.02428885823936581,0.040383457588674364
0.1664299958151518,0.4241584399627734,0.3966517857285304,0.012759778493544434
0.32814443594078646,0.1493698352685231,0.4328713118643223,0.08961441692636805
0.7337973333618201,0.01484776248827462,0.2319211222507061,0.019433781899199098
0.1369127732800273,0.26166817507522744,0.13668078845463652,0.4647382631901088
0.07620916312430258,0.39673201839112193,0.3259038528477994,0.20115496563677607
0.0706289308768727,0.726575248012957,0.19523549626869802,0.0075603248414721005
0.175889028440561,0.589806604311262,0.18337397217867205,0.050930395069505044
0.07593485038858101,0.056207065786359915,0.21868737691631793,0.6491707069087412
0.03234594466342502,0.7307247812600317,0.17042526950762998,0.06650400456891316
0.005849534429080139,0.05021921702479439,0.06608811396892474,0.8778431345772009
0.06840863374523225,0.32553775136975427,0.40791714646484245,0.19813646842017124
0.3651333203397016,0.09820675910989224,0.38559806054163304,0.15106186000877309
0.4107421720750034,0.01567097796034103,0.1714643583482548,0.4021224916164008
0.1812239599171223,0.5024375406443822,0.14119198814029255,0.17514651129820302
0.3950005292008933,0.07385365721728297,0.053180108295555466,0.47796570528626825
0.16291282278127464,0.21078383618950677,0.27188585768761053,0.35441748334160816
0.06467320109438622,0.6912418983347902,0.1742945201236352,0.06979038044718838
0.14446606949138252,0.6950876937801239,0.11224127034963818,0.04820496637885543
0.11262682728953255,0.35343707797899837,0.4121570340676292,0.12177906066383982
0.4837910426531947,0.15954718400954115,0.3344277249250087,0.022234048412255233
0.02289373073944785,0.12237151012392915,0.33884441243054997,0.515890346706073
0.42751710928362546,0.5360951034962247,0.029795413013342327,0.0065923742068075795
0.3807931155424385,0.32230770165741873,0.11371232982877703,0.18318685297136572
0.07652932548675069,0.4439624426871767,0.28218234814870197,0.19732588367737064
0.16076756341846782,0.0848595716264558,0.7142285327681751,0.040144332186901235
0.5724883413439517,0.05670075592679534,0.317482342280209,0.053328560449043876
0.21045755352050705,0.1360803733534314,0.16345825695337723,0.4900038161726844
0.481573069769758,0.35514874824766857,0.07146864872272184,0.09180953325985154
0.05567640510234056,0.21498851271937774,0.7233335527132151,0.006001529465066739
0.07104338638355213,0.5236557653700283,0.034950663996990906,0.3703501842494285
0.4960847222424544,0.26212307046221994,0.15512333423829827,0.0866688730570272
0.06028070454745124,0.6258413482435817,0.05634516133270669,0.25753278587626033
0.5178569271119894,0.015316531400903274,0.2608765481563492,0.20594999333075809
0.00692710389679422,0.12412313999372508,0.20000472074433892,0.6689450353651417
0.36580946344550835,0.43209098513270816,0.10868547130959084,0.09341408011219289
0.3885607807654249,0.015942891116415298,0.04728875677709981,0.54820757134106
0.3966694452302169,0.276679862547823,0.21666137731982552,0.10998931490213468
0.1975229461923148,0.6255270358265752,0.036902164819903854,0.1400478531612061
0.22915866744561048,0.16974749180602866,0.10453554490786485,0.496558295840496
0.13883896550425867,0.3745065997132725,0.3075239895136868,0.17913044526878208
0.24529991894176287,0.214948192471486,0.4440787949141358,0.09567309367261508
0.043200381568454634,0.17116454768973702,0.4377960426373734,0.347839028104435
0.40553191317729737,0.45395167772195627,0.08458000957061249,0.05593639953013405
0.4474131792913493,0.3029291677902021,0.05882466979205419,0.19083298312639427
0.2934698889054175,0.1851946479362232,0.45433115110717864,0.0670043120511806
0.26428592039786475,0.25982836854955554,0.06353133026896195,0.4123543807836178
0.5057723010203794,0.10464601686964504,0.2814021458220715,0.10817953628790407
0.0898270628850304,0.17239971060888187,0.7198190284127678,0.017954198093319874
0.0458394921712802,0.38932638937502395,0.06223590085006337,0.5025982176036325
0.21446336007287456,0.15513946700529632,0.012077042148852078,0.6183201307729772
0.3998990094118134,0.09745202276377002,0.10231485469890093,0.40033411312551564
0.04168763530934515,0.21678670458017496,0.27952286298101114,0.46200279712946896
0.24745167074818056,0.4950713756233569,0.024457059697624066,0.2330198939308385
0.6975914110121141,0.07993405399181572,0.22132640081473817,0.0011481341813318995
0.27539605505846243,0.1892330518786533,0.23717505936955097,0.2981958336933333
0.1106807551435919,0.24643460305570833,0.2893780184850672,0.3535066233156326
0.12064713932488483,0.42516131718745653,0.28245689909498845,0.1717346443926704
0.15119820267711073,0.40193063560173425,0.374440126453954,0.07243103526720095
0.03999451153594204,0.5234846246053899,0.03315046964113355,0.40337039421753446
0.27782032040084714,0.28478256192080253,0.13703956294428477,0.30035755473406545
0.2382057526518528,0.49704102146885,0.06854125978701406,0.1962119660922832
0.4008688953691717,0.5354915440470789,0.0014129753930445983,0.06222658519070484
0.35851895450837806,0.012856764571258856,0.3865985261684684,0.24202575475189472
0.09401262402094995,0.12495222339232132,0.15962223659633332,0.6214129159903955
9.896327207184663e-05,0.057331007000656874,0.17559591934835395,0.7669741103789173
0.10525099937695202,0.2372839175682773,0.21216312664521111,0.4453019564095594
0.7920043604839575,0.07561574692638466,0.005003274792332943,0.12737661779732498
0.010517231168558322,0.41918965369560907,0.40148599438307764,0.16880712075275503
0.30121139857887114,0.2966620202223515,0.1888338636030227,0.21329271759575455
0.34556760799022623,0.41530579973018455,0.08694624491288798,0.15218034736670125
0.4712511525995721,0.2001280049112076,0.00018514188780152148,0.3284357006014186
0.09722437058133669,0.0019293825888745892,0.15905758360682376,0.7417886632229649
0.11918781788541521,0.4568339782046608,0.0689662835488263,0.3550119203610976
0.3283486937112006,0.09876823459488242,0.13162355994886957,0.44125951174504735
0.6794706942537831,0.07239220820688062,0.08111340827979716,0.16702368925953892
0.23645382818014518,0.2712111458960244,0.050795686096481,0.44153933982734933
0.7278492444192086,0.15129189188157566,0.07534040092749057,0.04551846277172513
0.31600620596579904,0.5047665679241526,0.037293827480021684,0.14193339863002655
0.12654263066664695,0.08815194614505646,0.5613009549977479,0.22400446819054873
0.15217167770650974,0.13609547925975338,0.39294835596748,0.31878448706625684
0.12148383061041028,0.5674791037671517,0.11928175135764954,0.19175531426478848
0.2389153515090396,0.16141474911004736,0.32644124814679676,0.27322865123411644
0.42760890459401446,0.17093007913065741,0.3256789193537589,0.07578209692156923
0.015818334916883125,0.2239074513854332,0.7241019543803802,0.036172259317303494
0.11046075063979421,0.4253333417200844,0.2709388101817823,0.19326709745833903
0.18088788474210482,0.1891628949688384,0.5352609542252299,0.09468826606382695
0.02135886441335126,0.7117500521107089,0.198193914515251,0.068697168960689
0.178967950443185,0.10511280490633058,0.4026512583457659,0.3132679863047184
0.5660695699485798,0.12238070598350179,0.0683490469394324,0.243200677128486
0.1939316037834203,0.27803449298728017,0.3309608248261548,0.1970730784031447
0.3930326976295923,0.12290854718070451,0.4681264028728357,0.015932352316867713
0.6500608822848554,0.11760089374760875,0.07127980587725276,0.161058418090283
0.4062564098712269,0.18776511075278857,0.3977939110792448,0.008184568296739778
0.48495812039922487,0.13083055612842862,0.2852714571814841,0.09893986629086227
0.17256196991529782,0.038386809112326475,0.4459879371611651,0.34306328381121065
0.17851756398801824,0.3906683059299828,0.007144999826181478,0.4236691302558176
0.08740895434106556,0.34043631712228895,0.3037313771626199,0.26842335137402556
0.4517811498100609,0.10570620853415043,0.15548070096879335,0.2870319406869952
0.05652242506712374,0.6640183167104571,0.10358394652079005,0.17587531170162904
0.21958960837487107,0.32044846064409854,0.3288595200826078,0.13110241089842267
0.14489637482035123,0.18627127420891054,0.552976501563223,0.11585584940751523
0.8620396719799853,0.011203228746588497,0.10922483476942714,0.017532264503999053
0.5348428056136729,0.06300639772182823,0.0012477027082557172,0.40090309395624313
0.3380491303214806,0.4556436984515012,0.1848397812656744,0.021467389961343973
0.7442080758222002,0.012605444245162589,0.17156287583706784,0.07162360409556937
0.012320654498644789,0.44176647398660185,0.18022894276902146,0.36568392874573213
0.04596682570990047,0.5270234784673044,0.2813024327398149,0.1457072630829801
0.27198678361547646,0.6384036136663217,0.04583312676020151,0.04377647595800037
0.3593523963214856,0.07170394755024384,0.34576625448955106,0.22317740163871952
0.0889918191008565,0.05083528218026665,0.3005901021432988,0.5595827965755781
0.07968589453413047,0.2036638276447469,0.3605707593817054,0.35607951843941726
0.14409938544116344,0.16226646020468055,0.659691605885195,0.033942548468961074
0.02033851140999498,0.007160721535547362,0.1411729737274855,0.831327793326972
0.2811448270518178,0.19650701331688136,0.024156828670095484,0.4981913309612053
0.06603181044073864,0.3430377970334597,0.2746437485516181,0.31628664397418377
0.11876149743411356,0.06551597135672207,0.5436710420485209,0.2720514891606435
0.14533275285437638,0.21262760457782373,0.5524056306746649,0.08963401189313501
0.01749845713735254,0.33060521995436337,0.5252961197478562,0.12660020316042797
0.04047204605860697,0.13271488453904437,0.5164911561372154,0.31032191326513314
0.4398400485315284,0.0014635070355431211,0.188330996130386,0.3703654483025425
0.4620874893537753,0.20359660129216556,0.17852778045096457,0.15578812890309474
0.16299394747579163,0.22664289924011943,0.46094033462403294,0.14942281866005597
0.10059071275054365,0.35797429248551493,0.036467148623209975,0.5049678461407315
0.36739123394111634,0.01153506498211458,0.4151330752313299,0.205940625845439
0.037066941591633665,0.17386992174743326,0.5311469416955444,0.25791619496538853
0.5381188566578102,0.25820360115917484,0.12463926703483227,0.07903827514818274
0.5258770810936881,0.2333595638585925,0.0920614251109004,0.14870192993681905
0.43147885885977766,0.1709032984657193,0.05680595960101649,0.34081188307348653
0.47624473317094856,0.07921606039001221,0.09208968346429722,0.35244952297474197
0.20778004397490768,0.6442158483082371,0.03425064361705647,0.11375346409979867
0.23392206224614379,0.22553808311804174,0.22879280985986483,0.3117470447759497
0.13693526342622722,0.36720025483714075,0.23771058784534008,0.2581538938912919
0.6289068545614491,0.08438977647320312,0.11196349697045628,0.17473987199489163
0.44017279718159474,0.4423085103819223,0.017767992767483236,0.09975069966899963
0.10433598608075045,0.18666174740390692,0.42061184457261347,0.2883904219427291
0.26298358785390724,0.04864767573171815,0.0055393188574692975,0.6828294175569053
0.10984249544441024,0.6698364780459009,0.19998540193991085,0.020335624569778124
0.2031261050616606,0.1056029336352248,0.20613129017269374,0.4851396711304209
0.4350777649089391,0.023446439231912457,0.2066667551564688,0.33480904070267975
0.20168901913565654,0.45274054843580896,0.1750031685584718,0.1705672638700625
0.028718066341059507,0.6495667499931547,0.23970040417502572,0.08201477949076008
0.2008325662898997,0.4524633493189499,0.08540136701049128,0.26130271738065897
0.5731535247587924,0.2180754685405365,0.05579712047140594,0.15297388622926525
0.3153482738463067,0.040443956522938064,0.14118683431384735,0.503020935316908
0.17614481263701584,0.08221055541161537,0.22557224336045928,0.5160723885909094
0.3222103162182852,0.1406857928340305,0.21022421635851202,0.3268796745891723
0.4906145320167945,0.27887070610326,0.02068548255381005,0.2098292793261354
0.22661428144426424,0.13579615098474082,0.03902211873206471,0.5985674488389302
0.23398641979018164,0.03020407732461758,0.009508713938066887,0.7263007889471339
0.05164377514442424,0.3141982694980271,0.5287012357573645,0.10545671960018416
0.2011343950365126,0.0032557983670682177,0.5967561310460828,0.19885367555033645
0.16365014919495718,0.19525471135313907,0.6337947897550694,0.007300349696834517
0.20801256164976034,0.14558684494977017,0.5330918818507614,0.11330871154970816
0.22331451303647473,0.022604060983936632,0.20944979854494603,0.5446316274346424
0.47028943640473364,0.07961740868184972,0.06987893760213974,0.38021421731127697
0.009684238710181982,0.24937815348640324,0.6607535364898085,0.08018407131360634
0.06063277194644601,0.021792327192288994,0.2666569462832323,0.6509179545780327
0.04101174892987101,0.7558922611315109,0.07515423068382306,0.12794175925479495
0.11888161218214498,0.24731208214198108,0.3166027639532285,0.3172035417226456
0.07460961799330486,0.33331774099735156,0.11394069621156616,0.4781319447977773
0.14269613898650932,0.2646830769331397,0.213479498003315,0.379141286077036
0.04041261927135958,0.4163670075889841,0.3488818662925308,0.19433850684712548
0.17654209507199298,0.6785929613809107,0.03763498787184495,0.10722995567525129
0.20888525341914224,0.5257773307333462,0.0969831788723089,0.16835423697520283
0.6302850905756329,0.21422313403120888,0.009339245275641575,0.14615253011751664
0.15403009267513604,0.26051049640945945,0.4987021851977481,0.0867572257176565
0.3147318921683025,0.18559395782227459,0.09350084976349216,0.4061733002459309
0.5368688632155012,0.1466265207335207,0.29199074699001143,0.024513869060966652
0.17612235639654306,0.26393523558237886,0.5155408708122581,0.04440153720881999
0.053940777245734255,0.05737851894092363,0.5955804504373087,0.2931002533760334
0.11587264951991193,0.5600403335751912,0.05394803509019058,0.2701389818147062
0.21804853607119085,0.34252679716971574,0.4024792340009204,0.036945432758172976
0.11930787443779596,0.6586363266779787,0.18561044277021635,0.0364453561140089
0.12618706722365056,0.10487367533015532,0.2814641118148828,0.4874751456313114
0.1913953908808546,0.5216152145215291,0.1984649361221737,0.08852445847544256
0.3108608017683148,0.3865493554718873,0.17394966731416053,0.1286401754456375
0.5002476335200577,0.07537301561588469,0.30993971773131657,0.1144396331327409
0.46699804322875765,0.05022530771928644,0.19668562332682782,0.2860910257251282
0.49065493353801504,0.11720271334647538,0.12269620251402602,0.2694461506014836
0.33860994386212606,0.5158109162810846,0.05818480913530101,0.08739433072148832
0.3555443796283335,0.33117302865406767,0.14950001714110486,0.16378257457649392
0.17826167280493918,0.15148332137593234,0.43995067252932896,0.23030433328979968
0.3554576904911776,0.1478957250400701,0.2744720390116546,0.22217454545709772
0.034336165108433535,0.31759135409118994,0.07986199796914889,0.5682104828312275
0.42222346568672475,0.033643945711175856,0.47678357775376223,0.0673490108483372
0.16971377623026085,0.6795522832056129,0.10442081218882275,0.04631312837530342
0.6678018241349928,0.08571672448221208,0.20350850912322715,0.04297294225956789
0.3333951825470649,0.24629965626896924,0.02977122068115453,0.3905339405028114
0.5978040226827475,0.1284720921813319,0.05413626967901314,0.2195876154569076
0.007803456022493517,0.03598983816301538,0.3420435146189517,0.6141631911955392
0.12887519657536053,0.6248261161806611,0.15373511547208818,0.09256357177189015
0.48346153869965164,0.013499158368812289,0.035754308728844275,0.4672849942026919
0.1277696669752813,0.3207745952108194,0.26217814861936173,0.28927758919453767
0.03553088774364789,0.4470293357770133,0.09533456752314555,0.4221052089561933
0.4104549065912256,0.0864335295350026,0.24111152997125218,0.2620000339025196
0.14842244134028526,0.14286971699755188,0.24890258877863825,0.45980525288352453
0.3206324567610907,0.2570721387642151,0.19167766161883612,0.2306177428558581
0.05023032140132565,0.5708988236277575,0.23632811277414761,0.14254274219676927
0.020692490315004003,0.6659897468326522,0.216681880250323,0.09663588260202083
0.03768072047482463,0.40807415370021294,0.44767133889174654,0.10657378693321583
0.2680482507424819,0.2774754938971349,0.123775086305965,0.33070116905441815
0.45775034876925647,0.02266264707067584,0.42374987982739504,0.09583712433267268
0.5628621906612691,0.11107158447099537,0.28412208563513586,0.041944139232599514
0.3048219021282699,0.47098220381440026,0.09598412621595065,0.1282117678413791
0.16515418670384008,0.02103557056827544,0.7209367689644596,0.09287347376342503
0.011783415665946734,0.4079969619651055,0.0802322247631108,0.499987397605837
0.10936936210980075,0.18578486291692267,0.5665809874227254,0.13826478755055113
0.7729890822656702,0.07278009203118221,0.14039093662157365,0.013839889081574023
0.10303944821878663,0.49136782892968356,0.22270304655962728,0.18288967629190248
0.17855134585334317,0.06544495472181859,0.3092147599138341,0.44678893951100423
0.5172000153001526,0.0203951822103954,0.352190448336735,0.11021435415271696
0.07522233602238568,0.2724227859179522,0.39849200011896924,0.25386287794069295
0.270107651100035,0.1788587264678312,0.5124968421829267,0.03853678024920709
0.18906835974271055,0.2178069899468801,0.03957760263810016,0.5535470476723091
0.4343255958863124,0.3134808579063291,0.21025525894076313,0.04193828726659533
0.17583761947071447,0.4528040157956171,0.17436835463069197,0.19699001010297645
0.5303431269272905,0.21961459491103655,0.15537994918313894,0.09466232897853409
0.07809306650695888,0.48425218238523315,0.17962034570721708,0.25803440540059086
0.005500759434128458,0.7404041304578585,0.02578390753041805,0.22831120257759496
0.3241134236660215,0.26977744530788417,0.12537005562480413,0.2807390754012903
0.021646351628524838,0.4485227087493112,0.29481622605727964,0.23501471356488435
0.08234181468509759,0.2350625034690514,0.5634679525346845,0.11912772931116664
0.5877946487526233,0.3267420228043006,0.049537690344978444,0.03592563809809769
0.04062168786583452,0.20651530205274132,0.6624335743121808,0.09042943576924328
0.29744736769152963,0.20853922764607788,0.16535047516896084,0.3286629294934317
0.624644369170301,0.035225639679393385,0.28117335851948994,0.05895663263081552
0.11897402994231876,0.6989405226947646,0.039143394879720184,0.14294205248319652
0.6490386545065033,0.21719619930805875,0.06809330417286633,0.06567184201257151
0.22453898508050732,0.21184458167287154,0.36775445801132445,0.19586197523529675
0.3474671282481726,0.1773938541725097,0.06435093075645,0.41078808682286766
0.2998687482236947,0.1508700700791197,0.12988804426654346,0.4193731374306421
0.03126882870852081,0.11058960517683201,0.6053091044341432,0.252832461680504
0.3561067759744715,0.2324528843215587,0.35820625791242566,0.05323408179154429
0.12178579839125747,0.4443110669563368,0.016017597076833496,0.4178855375755722
0.059439283708339806,0.35734544331042173,0.43654194393590035,0.14667332904533792
0.12895828524825714,0.45024178930438175,0.3005668576202089,0.12023306782715217
0.33787948278758256,0.19462762459460836,0.29354486716152084,0.1739480254562882
0.17434392736946758,0.6311132358607521,0.152311796253772,0.04223104051600826
0.6108949983317533,0.0943742509488892,0.20501783116143685,0.08971291955792052
0.5079682882045236,0.15979272960305752,0.1283064990416905,0.20393248315072834
0.15406652019382786,0.03943993971863888,0.45202598769410385,0.3544675523934295
0.26437932049219015,0.1747704437629097,0.1280314346431553,0.43281880110174487
0.33970075552860324,0.14037523896332574,0.4818296480693291,0.038094357438741816
0.06428287896479537,0.6800896240161455,0.18420404132048618,0.07142345569857275
0.2830564336997273,0.15854461286168067,0.3395977706016754,0.2188011828369167
0.507198545082811,0.018002543918132004,0.38299030700449826,0.09180860399455865
0.2607450005057871,0.5798547304610159,0.018986327525987483,0.14041394150720962
0.23494393945176578,0.19554955334867477,0.22098994716839807,0.3485165600311613
0.09655209622334576,0.14406314330696524,0.037455014569621276,0.7219297459000678
0.866274850377198,0.024777123144418794,0.0833974131629469,0.025550613315436274
0.1530896469555123,0.5728895697429841,0.03549232695416012,0.23852845634734332
0.300404063354332,0.07551697431766848,0.45370346372810205,0.17037549859989745
0.5060758956286612,0.36521329242427975,0.11390890149147109,0.014801910455588093
0.2732356558840783,0.26728183018933344,0.3523659601606423,0.10711655376594607
0.18901505761684614,0.3949670559551945,0.09576389633094326,0.32025399009701605
0.44830522916556403,0.03248007593653254,0.4240726205721333,0.09514207432577013
0.18521206382523484,0.35811643209120564,0.12755496712364336,0.32911653695991616
0.5686785758453292,0.0018248297076490555,0.34402315014523005,0.08547344430179181
0.1069050869795246,0.26937418738693,0.20051683864657247,0.42320388698697287
0.06600167435553973,0.48390711405304665,0.05922589466619751,0.3908653169252161
0.08104331737046379,0.3755687854802256,0.15143571835285455,0.39195217879645605
0.12973074174709678,0.07984935478857476,0.11878012324376447,0.6716397802205639
0.25269794032742854,0.19301652749931142,0.0347411737548086,0.5195443584184515
0.005762178269288772,0.0694094203817883,0.6606327378660304,0.26419566348289264
0.18795630230263244,0.14183689519135972,0.24158633238991858,0.4286204701160892
0.47679812299345525,0.207295410375349,0.02240845333879705,0.2934980132923988
0.2881291638242697,0.3722288699424596,0.19845232430767676,0.14118964192559402
0.5327993076744796,0.19947885360024026,0.12744133868569602,0.14028050003958414
0.4662109446007202,0.1270752933604454,0.07116269742925452,0.33555106460957995
0.3466661393293707,0.17525295639006463,0.4560439594017905,0.022036944878774282
0.3674505604737504,0.4937072887138414,0.11926105365314296,0.01958109715926504
0.5566243261472443,0.2773034253526769,0.1408913535895589,0.025180894910519912
0.37399284123491233,0.1569035286878592,0.3189421809020921,0.15016144917513638
0.09271438000020141,0.37668067754841356,0.008822164138777849,0.5217827783126071
0.11203695492556613,0.5854748517612884,0.14282230503475354,0.15966588827839187
0.07189535709353684,0.4091859920086371,0.10955365030595555,0.40936500059187053
0.18068992347626472,0.08297283617541923,0.2588657438253753,0.4774714965229408
0.2796453746995503,0.2106375912254502,0.44393056452836177,0.06578646954663765
0.11975153106433853,0.32587439335059887,0.4963529750693089,0.05802110051575373
0.3234461221911429,0.22855327626167649,0.291647048290946,0.15635355325623446
0.17212126667345462,0.19058779470813247,0.029241561959135073,0.6080493766592779
0.45921879462787757,0.08208023786560736,0.083197968116123,0.3755029993903921
0.04319300032049834,0.047108620771302595,0.018266122360128544,0.8914322565480706
0.038556197571304886,0.07879053131379024,0.5196413784988793,0.36301189261602557
0.5282300979890806,0.1610669343940587,0.12235362337246125,0.1883493442443994
0.04625915012786536,0.32147633972327005,0.42318971441052194,0.20907479573834264
0.21576271597960628,0.48042547727643314,0.26641886771114764,0.037392939032812954
0.5118674019035744,0.3137471355541034,0.12302536386753855,0.051360098674783666
0.7280808843995432,0.1406347080393814,0.0942097827715867,0.037074624789488794
0.49484877476749245,0.1801343055919111,0.2031540458539745,0.1218628737866218
0.057277430960597134,0.2195228173440844,0.195794100570938,0.5274056511243805
0.30943853193378745,0.09931016144870695,0.4929055668469974,0.09834573977050824
0.10760398477495693,0.36111157843528346,0.4486215766809226,0.08266286010883707
0.19735641236288046,0.05558155915147105,0.5316669948220438,0.2153950336636047
0.2905079012816911,0.466583663222905,0.23575992740307755,0.0071485080923262305
0.4999183501103288,0.2607734755385908,0.22352196653191186,0.015786207819168438
0.48772289964202914,0.05292353019291733,0.29019608573937145,0.16915748442568215
0.01900828314380606,0.5893522691137338,0.28472578846074753,0.10691365928171263
0.01160324950484081,0.28275118801683813,0.6085195414919982,0.09712602098632275
0.019949912732729863,0.029107893772720925,0.4367000787435232,0.5142421147510262
0.6361808400937234,0.0014063222056487042,0.24914508064450192,0.11326775705612602
0.12904184168401966,0.03459174240736258,0.7195865403788573,0.11677987552976048
0.5930757985232802,0.05749502635779478,0.3189872308630234,0.030441944255901618
0.3695357827936971,0.30861183787625435,0.08175754454226614,0.24009483478778232
0.16414144866152194,0.3391427641916492,0.38038802361148377,0.11632776353534505
0.20036277486563003,0.19832603650079703,0.042657429786277935,0.558653758847295
0.3253615930303605,0.1879712807638382,0.2546149423470771,0.23205218385872411
0.2399654213897404,0.07058299522578142,0.24556348778558934,0.4438880955988888
0.11758561175429841,0.604900845699495,0.06476492275057717,0.21274861979562948
0.2679551670201813,0.1341575452871634,0.22404952181329196,0.37383776587936346
0.18983969317908947,0.028854700309810806,0.36052614595839416,0.42077946055270554
0.07859922945589262,0.10295974359142121,0.4559084790566122,0.3625325478960738
0.06800738119372059,0.16607797334225635,0.16220954094912754,0.6037051045148956
0.18773076991920465,0.4226379744598459,0.16525695310196983,0.22437430251897958
0.019137446938316635,0.04304297573098571,0.4185215396191095,0.5192980377115881
0.3849946600998237,0.025692644857682242,0.24738059435776857,0.34193210068472557
0.04799294141519062,0.6165694107354637,0.002644854112255785,0.3327927937370898
0.35993186906725155,0.18662020186035277,0.3560155769468887,0.09743235212550685
0.2290081992810688,0.1250445362924341,0.4444519627570931,0.20149530166940408
0.4691978684445068,0.26419257055280476,0.22130536736082568,0.04530419364186272
0.10455213329937847,0.05439934205434128,0.1755444227768211,0.6655041018694591
0.08297367525006595,0.11058279872987567,0.3531548486404398,0.45328867737961864
0.02525900816645818,0.17810504653031486,0.6799812898047155,0.11665465549851153
0.5917087769475765,0.06256325385569746,0.28715108225208175,0.05857688694464426
0.8056114152764178,0.008648169517728333,0.12185044054620423,0.0638899746596496
0.1466091551267826,0.04161887407311808,0.6563828538457721,0.15538911695432703
0.11338222276019214,0.12955372524190759,0.6804513924377097,0.07661265956019064
0.19040307578501378,0.4945970323265446,0.17177792608770864,0.14322196580073293
0.10640842124048572,0.20112351209876028,0.4207090581659151,0.27175900849483897
0.3555539337643574,0.4345098703548184,0.11376241914002401,0.09617377674080017
0.3335890596583616,0.1817451450148425,0.2034012746181387,0.28126452070865726
0.39238585308810864,0.32037670837581667,0.2322284369984156,0.055009001537659134
0.322528452531851,0.06305407123860575,0.5621051537462024,0.05231232248334075
0.11977002230100528,0.2005749036430989,0.2890900303933145,0.3905650436625813
0.049903471600686714,0.514029037755452,0.0009441472232931884,0.435123343420568
0.6179319720132256,0.03136875057728754,0.17161309436435965,0.17908618304512727
0.07708801091647682,0.3249373487743377,0.10213771224575628,0.49583692806342905
0.5197390345673504,0.23271637681581,0.22369672022663895,0.023847868390200727
0.5808141554973669,0.07366460671660045,0.3346193404351358,0.010901897350896875
0.03830285940894489,0.8912641907595917,0.05183317957529012,0.018599770256173338
0.05160610571416522,0.09196520575467315,0.1231544191290635,0.7332742694020983
0.4702097500790827,0.1753278362733261,0.35172527290609235,0.002737140741498908
0.25923040709461936,0.046214081936944894,0.1764081256718051,0.5181473852966305
0.07629161125331418,0.44473289087230994,0.2880376209565922,0.1909378769177837
0.465947602869798,0.18945431621452655,0.06917168363060645,0.27542639728506885
0.13660960767020003,0.1650213290401396,0.15799250236481857,0.5403765609248418
0.5092451078732849,0.06598730516482952,0.1597327442744142,0.26503484268747146
0.5978304400331106,0.0174643507065246,0.2596358392322989,0.12506937002806595
0.2074031401019366,0.2545109225277133,0.0397283098468408,0.4983576275235094
0.26232707743683914,0.20360587152291412,0.10328181395215343,0.43078523708809335
0.25090385335423754,0.14900984899198694,0.033382061596531905,0.5667042360572436
0.1412201454193806,0.7109919135246057,0.12842177733031002,0.019366163725703663
0.4072439089111915,0.5320507390322952,0.03491392145768323,0.025791430598830028
0.3549725934346116,0.15651279460393547,0.08754431378617243,0.4009702981752804
0.02813297921131365,0.06458544098798864,0.47371098947135226,0.43357059032934536
0.4222669195407798,0.24466123260980435,0.32037921975722355,0.012692628092192237
0.035083571608768974,0.16049242041865874,0.12134241500258984,0.6830815929699824
0.5160813630766635,0.024568215712278033,0.28274408174902604,0.17660633946203244
0.12322212325727185,0.09764713003392209,0.3000595730028815,0.47907117370592445
0.05826430587058125,0.557597341857805,0.1493027100306539,0.2348356422409598
0.10145249568047872,0.09142748798874732,0.34063228405949597,0.466487732271278
0.0481078064169327,0.2903568201720361,0.6472642899436215,0.014271083467409787
0.11138877801833759,0.7218404502504362,0.1145243453685971,0.052246426362629175
0.37435739084269604,0.0023924972518462573,0.5359868829711403,0.08726322893431734
0.05538226019693564,0.8598493682379102,0.009260103310389449,0.0755082682547647
0.1298730876555556,0.0373148006318302,0.6066216617092064,0.22619045000340784
0.10131013995900298,0.21273617302904874,0.5543900970401375,0.13156358997181067
0.11663824858077063,0.16744455025250957,0.3821854699092745,0.3337317312574453
0.12954279095682283,0.18741662064948097,0.5418401178784334,0.14120047051526263
0.31759955613439855,0.3066827406515225,0.3413110484308632,0.0344066547832158
0.045155080913626806,0.1991518391051175,0.3350562292026141,0.42063685077864155
0.578702671798037,0.210229579147702,0.1271226400321961,0.0839451090220649
0.3745256709469088,0.42990861531315994,0.11783980623441198,0.07772590750551917
0.23371418863028068,0.25516744032265964,0.18356523124938656,0.32755313979767314
0.4063412994454573,0.12965563988165368,0.13188392882815095,0.33211913184473807
0.6785145405565698,0.0022545857137484635,0.08664585470896019,0.23258501902072137
0.14679249809370667,0.4645368487538801,0.36738445024406363,0.021286202908349632
0.27419748339648187,0.2967804197503668,0.09442235130638768,0.33459974554676375
0.42750007714865984,0.1896767347523124,0.06778393500443096,0.3150392530945967
0.12025654779539573,0.2804897655154508,0.352608463954436,0.24664522273471737
0.11857819259917353,0.20405860305238502,0.2920587520088651,0.38530445233957616
0.008695583786125382,0.033251265071068146,0.5108958913300309,0.4471572598127756
0.3033770052035556,0.15888918165138252,0.3505066270190999,0.18722718612596181
0.1913227637292071,0.2710420303382305,0.11995873274841072,0.4176764731841516
0.12490952997248649,0.1369106804182119,0.16520269112551492,0.5729770984837866
0.6936275327019925,0.05927457620704895,0.06232943278002971,0.18476845831092895
0.23228367697292884,0.5162769380587177,0.13276520561839752,0.11867417934995601
0.0010934031870641768,0.22954547479547074,0.48908955575559404,0.280271566261871
0.20829843469290338,0.1351659778021964,0.12206264936755158,0.5344729381373488
0.4019885368599827,0.010578357128693976,0.38246969560037475,0.20496341041094854
0.07388317788689905,0.16595254351157854,0.4161090461570014,0.3440552324445211
0.012620467919110718,0.2288644900218055,0.4907908024609499,0.2677242395981339
0.14662611662130787,0.16132989382469567,0.35952921692208123,0.33251477263191537
0.18840549501979606,0.17769571358572855,0.4376664568332866,0.19623233456118883
0.13000811961002062,0.43547259534492705,0.4192448397354197,0.01527444530963258
0.07352735516904814,0.5778728985932733,0.33669190886952344,0.011907837368155325
0.06563599690415482,0.7163849442057578,0.05823062133462317,0.15974843755546417
0.043581641859453735,0.3335226357599226,0.6177803247486883,0.005115397631935329
0.08698683946287462,0.16142838101696344,0.1570416833375606,0.5945430961826015
0.4485566882517384,0.17954695803162563,0.18922005906576342,0.18267629465087254
0.1222483986755283,0.10623170838324902,0.21788481851184438,0.5536350744293783
0.4831957046844994,0.2646592252031938,0.15349472918642026,0.09865034092588663
0.4687481033153035,0.08488567854793336,0.4028657771616632,0.043500440975099884
0.06807900116490477,0.12170197525982522,0.5646321334076293,0.24558689016764065
0.1121794841065085,0.16233949641617368,0.6383039622530028,0.08717705722431505
0.22522164707409623,0.18076061582007352,0.10897525827759373,0.4850424788282367
0.2564208622013366,0.3523804395137612,0.3615180892628502,0.02968060902205211
0.18263557295912983,0.2244645452241826,0.01949278950828113,0.5734070923084064
0.1303301167712086,0.07902831230673268,0.5753678316083733,0.21527373931368549
0.20276674545639667,0.2778008898206343,0.2961741351126394,0.2232582296103297
0.25335195858217724,0.07363804736106973,0.6036007678854692,0.06940922617128369
0.135278493264089,0.2556035497615731,0.2070704110699953,0.4020475459043426
0.4094832826383958,0.09025624091204054,0.10674434359459015,0.39351613285497355
0.2364667398324446,0.3112024792687142,0.3325924198651905,0.11973836103365085
0.3813042205247872,0.08804459694394974,0.0447110539637893,0.4859401285674739
0.5178523536111874,0.15525597877666536,0.1098825393121319,0.21700912830001534
0.22157977129458614,0.2902079373969385,0.016013882265111534,0.4721984090433637
0.0021609791292706835,0.48026043035137056,0.5060084861477098,0.011570104371649036
0.48840263368621145,0.015197548923224677,0.16330214856356004,0.3330976688270038
0.11686961340498184,0.15696511360811852,0.606266538196479,0.11989873479042065
0.8511508407640217,0.03114775125712877,0.04030679439867301,0.07739461358017653
0.29517701208261893,0.20566583733508306,0.2087669579206485,0.29039019266164945
0.04668169212438953,0.42631171083302843,0.10790095113692319,0.419105645905659
0.08710935873627892,0.06510669183589918,0.3374310976952284,0.5103528517325936
0.3804124414640379,0.5352503399968515,0.07024182964311525,0.01409538889599549
0.05054261272222197,0.3545878519170183,0.5423403371620353,0.052529198198724564
0.14709808964356894,0.2769774056252983,0.3703101169597115,0.20561438777142127
0.16921222738133831,0.2524770926291399,0.4971264627835352,0.08118421720598679
0.2265317406511383,0.2599146376687909,0.22757311714675404,0.28598050453331675
0.05948632900806582,0.03072648177178044,0.8823506895072266,0.027436499712927147
0.06208263824545233,0.604472299087007,0.25329439815874166,0.08015066450879896
0.007209675694424989,0.15070030940665602,0.341255811699858,0.5008342031990609
0.22248659304302634,0.3346484097120858,0.29328487401551995,0.14958012322936784
0.5577808192672952,0.16246740825516462,0.20512822916687726,0.07462354331066302
0.20203602517420446,0.18600974704124956,0.4674473063213635,0.14450692146318253
0.4623038699144315,0.06730991453272438,0.01675295778712814,0.45363325776571595
0.6274726053711253,0.1013021420068943,0.23354102146791197,0.03768423115406834
0.3599392431379574,0.5345753606644351,0.027799823027236287,0.07768557317037103
0.11287051718848476,0.26568914609919736,0.36641452789686224,0.25502580881545567
0.01551841191985855,0.5455812075455452,0.193619800447495,0.24528058008710116
0.19160982740875707,0.15058153701340649,0.13699773526444267,0.5208109003133939
0.3224170703911751,0.2761977214373345,0.20002240810025873,0.20136280007123164
0.022979198762282584,0.31817190147392915,0.5113778954846435,0.1474710042791448
0.1808234473119819,0.14704476734062819,0.5051986838371254,0.16693310151026444
0.19343240421491556,0.013119072700101066,0.005572323314463474,0.7878761997705199
0.15401747922612352,0.14703964168629635,0.6507412278611672,0.048201651226412824
0.349106970024229,0.14599438831316952,0.16216717706478082,0.3427314645978205
0.6207943672803007,0.2568341410536334,0.0381103153916018,0.08426117627446413
0.04742640459204027,0.2543708629312181,0.5237164934658803,0.17448623901086127
0.057177635002366445,0.6504265799774872,0.15544161672841783,0.13695416829172852
0.40475261160312986,0.344657312775897,0.10748467418758023,0.14310540143339298
0.3927426807370453,0.14942599763875394,0.142402258053775,0.3154290635704257
0.5549138764416478,0.18581437782994328,0.01687175872006679,0.242399987008342
0.09067109345855409,0.4713653552227457,0.14467066933294154,0.29329288198575876
0.7788860537743013,0.07138456813956724,0.0010661790199550428,0.14866319906617656
0.4429097081634356,0.4649951986567892,0.0820882697942914,0.01000682338548376
0.19608484540211507,0.592238198489904,0.19319785723610822,0.018479098871872778
0.4052536667462637,0.30800998860832185,0.07358954727423725,0.21314679737117714
0.49185070659434965,0.06042467743748087,0.08976721623367168,0.3579573997344977
0.2068799151786789,0.13333834742820172,0.2237146587847776,0.436067078608342
0.30673715294281867,0.02021487704364818,0.04059463308338116,0.632453336930152
0.6263762119344667,0.04345014140491421,0.029119066687415505,0.30105457997320356
0.29487197848630436,0.4445024427167315,0.03991106258243728,0.2207145162145269
0.028350434873890544,0.21014419771947493,0.760971512754353,0.0005338546522815778
0.7411178131578378,0.12269761866369563,0.06576873672633982,0.07041583145212676
0.5131423341095833,0.03433278133800518,0.32593936026196246,0.1265855242904491
0.25216579185688337,0.4902039182261874,0.07115210903854559,0.18647818087838353
0.037184103984993014,0.1403209404278825,0.5266577570993066,0.2958371984878179
0.43092810821031197,0.46249387456792057,0.0038796942154003485,0.10269832300636701
0.5729144681638845,0.22377120278376225,0.08122814551272182,0.12208618353963138
0.22091964038124715,0.0869011177865889,0.4801112603374238,0.21206798149474018
0.7820456260686478,0.027824750595404995,0.06770789934561369,0.1224217239903335
0.17835835704757458,0.14194784178172154,0.36532841442789643,0.3143653867428075
0.008809761009089803,0.40706559785175717,0.4487137179371023,0.13541092320205084
0.0951448087246342,0.20128003454361973,0.6992513372872198,0.0043238194445264205
0.40765349922816896,0.33344245452460936,0.07989753267063641,0.1790065135765853
0.18404695833550563,0.630544187198459,0.005693213571912867,0.17971564089412248
0.04355519854613419,0.43761370939621813,0.36963605973991515,0.1491950323177325
0.010744726988375293,0.33718278919123135,0.5005375189274727,0.15153496489292062
0.015588059689581844,0.28159412987172266,0.03739192534727096,0.6654258850914244
0.031160943859670595,0.5169408478852926,0.025831028870397732,0.426067179384639
0.08607058816195073,0.3439170776424569,0.29331620059963903,0.27669613359595335
0.49605693202765705,0.30600034340562754,0.13804833037368672,0.05989439419302866
0.25388985092622285,0.002545914865683001,0.5066695156787959,0.23689471852929814
0.035877723014983535,0.09038029848657235,0.5415895074535639,0.3321524710448802
0.11675651686385083,0.08487687531593738,0.4673567519834453,0.3310098558367665
0.2691130626494427,0.16984286501963305,0.15665856009595258,0.40438551223497166
0.29512527871978333,0.021022596584644775,0.6074350220139759,0.076417102681596
0.26066426629276485,0.43532541048944545,0.26894684280670306,0.03506348041108656
0.6332403979230835,0.12347711675709103,0.23981545657965958,0.0034670287401658063
0.5452196112612481,0.03334161382116274,0.23366789909386027,0.1877708758237289
0.21023124481881172,0.28636637121887903,0.180305282907462,0.3230971010548471
0.2309600892929744,0.20122321021965678,0.3852513088593029,0.18256539162806582
0.13395212964396458,0.13332680984230336,0.6057550457332946,0.1269660147804376
0.29587942999259315,0.3190772939165061,0.12774367297991165,0.25729960311098915
0.023202042534893476,0.43717231135499246,0.23907318600638794,0.3005524601037261
0.4176053945842739,0.28115558397694074,0.16546908013448278,0.13576994130430256
0.24413254991497044,0.38352212062195074,0.10123794433129625,0.27110738513178256
0.3610682525650109,0.4003613102262692,0.23116929827507265,0.007401138933647258
0.47222345365587587,0.23799498221244192,0.1373581704072964,0.15242339372438576
0.11618389385828716,0.13603627976417035,0.24265458548789443,0.505125240889648
0.6528601240538566,0.15626968892780524,0.05161213210933493,0.13925805490900317
0.11707402834725573,0.43902006415631506,0.12137606089810606,0.3225298465983232
0.019291232750862326,0.05330239646258521,0.5571188249013727,0.3702875458851798
0.2788327536824883,0.16811402519939225,0.3314646013473867,0.22158861977073271
0.5475955423217116,0.13950743854277106,0.11721725177065372,0.1956797673648637
0.8048370655154565,0.046379300017545366,0.044452973031804136,0.10433066143519391
0.014780876886697523,0.01794552992721312,0.09851196338611629,0.8687616297999732
0.06953553018061373,0.16821165889739467,0.3728834821777008,0.3893693287442908
0.15747582670882126,0.1391597008521971,0.5390964307037894,0.16426804173519227
0.5061243279102773,0.024258769834270198,0.14326065576588953,0.3263562464895629
0.12272323168184791,0.25832516252422183,0.48723975620421583,0.13171184958971446
0.5967555445924497,0.29957850679207354,0.08341193278352993,0.020254015831946876
0.30653589435549855,0.15162053866580194,0.11212950738254672,0.42971405959615283
0.07065220299677229,0.18210562582451456,0.2979777835716492,0.449264387607064
0.06359454631719703,0.5088912925176372,0.2226414146857637,0.20487274647940215
0.5269263522624463,0.01060960988735314,0.2782905901579807,0.18417344769221974
0.12332437285704936,0.4523922582146015,0.2786985555975249,0.14558481333082432
0.14813505324594603,0.29050130516435024,0.5465320906350988,0.01483155095460488
0.342578410037684,0.11666518246456405,0.15306966316202067,0.38768674433573125
0.031666924881101066,0.455907955732218,0.2359130338706721,0.2765120855160088
0.32363047823345786,0.17840998699226385,0.09325351348513503,0.4047060212891433
0.06327957311368389,0.11885170060480119,0.02220407138958671,0.7956646548919282
0.2982974980967806,0.013502855336434187,0.6865853799010906,0.0016142666656945805
0.49475945691635664,0.05844076776338943,0.4209456067506867,0.025854168569567272
0.5793058083038918,0.09964805629590863,0.1456840192281663,0.17536211617203326
0.16781587386123642,0.11492277641928436,0.22041495839142844,0.49684639132805075
0.09804973680600997,0.5030684509151949,0.07665379486668464,0.3222280174121105
0.015965536775045686,0.000956148222853591,0.9725012233778836,0.01057709162421711
0.002020468053148883,0.5691022685010367,0.14704693064267582,0.2818303328031384
0.12823369847232716,0.39398567045341976,0.04010344470241149,0.43767718637184155
0.02236881363258917,0.2324286100085021,0.3594735726558695,0.3857290037030392
0.2993626768122783,0.4949630041574197,0.18431565865705696,0.021358660373244916
0.12522528862394405,0.584538968495537,0.07587393698220427,0.2143618058983148
0.16460899507765922,0.4991571190857252,0.058248535201985065,0.27798535063463053
0.0784171085625422,0.37752337850512097,0.40041006349690045,0.14364944943543645
0.09696223249625949,0.31779397378590013,0.5178243944497485,0.06741939926809191
0.1309041826732285,0.5063418528308222,0.09412457102213893,0.26862939347381043
0.4758546428835074,0.11526139644551886,0.3739843001887995,0.03489966048217429
0.5573430305006788,0.10576608197293538,0.06544351618716811,0.27144737133921776
0.4292337190560743,0.01682608092609123,0.48745525361138486,0.06648494640644971
0.565429732008455,0.02595215507073445,0.3467986412499316,0.06181947167087886
0.03329932527312636,0.5340405547486387,0.15487409456333706,0.27778602541489783
0.4589770840157294,0.04120364190630691,0.06140139385747497,0.4384178802204887
0.032556768394346035,0.11390436060681931,0.46985356100648107,0.3836853099923537
0.06593939905315102,0.23408897037754736,0.35639403389306246,0.3435775966762392
0.3993322131884059,0.3089105603445042,0.18708778743474655,0.1046694390323432
0.21483135819728302,0.1368159660254769,0.22737121108477432,0.42098146469246567
0.34406846099294075,0.19615845172395646,0.12015886002540646,0.33961422725769647
0.3339846642884385,0.09169270607950503,0.01806757115708326,0.5562550584749731
0.2191085078096663,0.23920957375778404,0.26265622881749395,0.2790256896150558
0.8441859156742098,0.056461418221529516,0.07405744115731176,0.025295224946948927
0.1562712632641452,0.831437411613459,0.007701903023074291,0.004589422099321594
0.14808412230313048,0.2595800689152394,0.44682348841627484,0.14551232036535527
0.14018267585060187,0.1687031017615081,0.24774283555466883,0.44337138683322125
0.028709780554400908,0.5585759368603922,0.3447326061494736,0.06798167643573333
0.3883890542562646,0.3400150776833872,0.03321102969873044,0.23838483836161778
0.23071439212912373,0.10524189027838027,0.5337550819326691,0.13028863565982687
0.13960847998802975,0.14028421975418293,0.6610488192874107,0.05905848097037668
0.57581231664422,0.1332168676874294,0.023107220292929314,0.2678635953754215
0.36487477583275424,0.3047269138001627,0.25302065231469417,0.07737765805238896
0.17304935101539987,0.24300679700668393,0.2529797608913245,0.33096409108659175
0.31359932312493355,0.32468622501130023,0.19771325614414081,0.16400119571962535
0.18263377301514297,0.23029057903476344,0.5260733480098648,0.06100229994022868
0.08088101591653032,0.8062594193637737,0.008905919630612125,0.1039536450890839
0.5702628719757828,0.3031719598975098,0.0790990487241301,0.04746611940257737
0.29971904418922934,0.3698861986991906,0.0003747295689434467,0.33002002754263665
0.12809934868243303,0.25443474937806887,0.5434998065130796,0.0739660954264185
0.49269594198721645,0.04248471552213114,0.04656926582332116,0.4182500766673312
0.47492704246952394,0.1312478716551598,0.28949027649787695,0.10433480937743944
0.010290442994137049,0.04609915725436289,0.7601098499090377,0.1835005498424622
0.1741899637613101,0.1655336407908548,0.07754869832401229,0.5827276971238227
0.2319105442846224,0.4783113895315218,0.04187813711874413,0.24789992906511168
0.054258311141140936,0.17810750472355347,0.010014779857389718,0.7576194042779159
0.06691626561982428,0.5250461372488551,0.19358814626651316,0.2144494508648075
0.475031645247836,0.1632893655509896,0.26671046284156336,0.09496852635961117
0.38630975428561387,0.05683521384787169,0.5091979692704388,0.04765706259607559
0.18937372564672802,0.09911862166057692,0.5569737871266964,0.15453386556599866
0.34239368368437395,0.4433129972051214,0.1393237706781162,0.07496954843238843
0.05196965808529169,0.2909746067520257,0.3964678927566404,0.2605878424060421
0.3800788539648123,0.5601276784880245,0.048633158558893136,0.01116030898826997
0.42833274805464017,0.18937262310951916,0.13458130202352378,0.2477133268123169
0.4526063493243779,0.031777141496069916,0.10684425078206913,0.4087722583974833
0.0728352684839009,0.3613248297826425,0.11556285354286551,0.4502770481905911
0.04059065057041548,0.03622106339408914,0.4383133532635998,0.48487493277189553
0.04196565039980386,0.9050971956259308,0.04968986079219759,0.003247293182067643
0.034272927235723116,0.17110282400750826,0.21253269637117117,0.5820915523855975
0.6178408448257228,0.07017955714030223,0.023857430641473443,0.2881221673925015
0.4516926748442501,0.268519953847621,0.057693667334002,0.22209370397412695
0.6412882615963491,0.11842548757051861,0.058857700774122196,0.18142855005901015
0.023241724495928515,0.6032040327535513,0.059377299653782196,0.3141769430967381
0.24598339913993858,0.7267075947674055,0.019759018979987504,0.007549987112668361
0.44320455999267666,0.0902404215325065,0.27545794651502153,0.19109707195979522
0.2711979945583207,0.11502024733353627,0.362322701998416,0.251459056109727
0.16879480143897932,0.024854047810156158,0.020561681362845675,0.7857894693880187
0.0019457361248578161,0.49141197334945536,0.13993051292729783,0.366711777598389
0.023121769490529638,0.5052222811545464,0.22669052402643317,0.2449654253284909
0.016433273454700147,0.3838476149764537,0.49861588215706104,0.10110322941178518
0.01702646316456901,0.43191114515094015,0.5275699592562586,0.023492432428232294
0.429160232365545,0.12523808080898252,0.21670631038496077,0.22889537644051172
0.09943106334783218,0.5544712524495594,0.2753379876070223,0.07075969659558619
0.006765488445861333,0.3522285107414632,0.42097571384554616,0.22003028696712923
0.3207031784542196,0.4707720318274104,0.2016295762654994,0.006895213452870548
0.2981716902103473,0.23000397981980977,0.43232159640698986,0.039502733562853165
0.07095662060115315,0.4074704376374588,0.3732365587458224,0.14833638301556554
0.11867713499992712,0.4938328912419594,0.3597142774340768,0.02777569632403676
0.062152604543945056,0.06893181069270918,0.8574527665216644,0.01146281824168135
0.25601864724571294,0.08504836042112754,0.4947159192005056,0.16421707313265385
0.2062873420148371,0.14136492548591895,0.21137422715246354,0.4409735053467803
0.39601065366926697,0.080834893865221,0.30716510870705427,0.21598934375845788
0.36164104514667295,0.11240610186486376,0.2092034417918234,0.3167494111966399
0.07896177912244394,0.47814560822344876,0.26865115271051665,0.1742414599435905
0.19200319778364508,0.07150258094723251,0.18157154872275436,0.5549226725463681
0.26371385650156576,0.5622737962366671,0.1050853368582913,0.0689270104034759
0.11471876749179015,0.06951564825052471,0.3423540274370447,0.47341155682064046
0.24946389216475712,0.01829448845061969,0.5807870699909542,0.1514545493936691
0.16749160873662375,0.27269900256645097,0.531375416313439,0.028433972383486206
0.03493701247892172,0.2978742774858183,0.24368393697481144,0.42350477306044854
0.1086062427129709,0.11405472280378162,0.37240792789922933,0.4049311065840182
0.4362188893633511,0.24485388675808276,0.2566219878930022,0.06230523598556385
0.39608924132488743,0.10484455612483172,0.10190439394293088,0.3971618086073501
0.3290403437935653,0.5465785960387315,0.006040678699893817,0.1183403814678094
0.609061153976056,0.21176095670122738,0.11262506031091857,0.06655282901179797
0.13565599921595442,0.021428693565104732,0.0647187174610729,0.7781965897578681
0.46154852534225754,0.017850210166789806,0.2201412703758901,0.30045999411506263
0.1426546611565618,0.02515446892158892,0.7458766157468916,0.0863142541749578
0.5541251239243729,0.22769605367979162,0.1887449841643649,0.0294338382314706
0.1023308142692086,0.254153892099101,0.3325649803887495,0.3109503132429408
0.1825093199252296,0.27142148917023573,0.0680422065883158,0.47802698431621893
0.3122417747105114,0.3325319015040342,0.24608460114864275,0.10914172263681166
0.4371545302948109,0.19122042092280053,0.33650006452290526,0.035124984259483356
0.46887562928944027,0.2129324774620989,0.19521209705112533,0.12297979619733554
0.18118418698374114,0.08082053736842838,0.7355729634911589,0.002422312156671627
0.2746244507044347,0.4025881382083781,0.10176898570208184,0.2210184253851052
0.24779767850886122,0.04753273156348643,0.4192610544322076,0.2854085354954448
0.06479564222345625,0.08648357886582834,0.7178880720447901,0.1308327068659253
0.41803654463725703,0.012495973469877377,0.5390809419694585,0.030386539923406966
0.3506392988732096,0.38767694955994886,0.19560206486205844,0.06608168670478318
0.14634560014328551,0.557821995765613,0.017409988955546577,0.27842241513555493
0.022382655331547742,0.700116009867253,0.1921636486229798,0.08533768617821944
0.3458755556902339,0.3482372028304283,0.11527760618171211,0.1906096352976258
0.14259459747541645,0.2910601013752367,0.2368237198619737,0.3295215812873731
0.04152296551973004,0.1568026747198601,0.48601480662143903,0.3156595531389708
0.09341815521182593,0.6631522074686065,0.23714838675789934,0.006281250561668417
0.2395220071995207,0.09344362737186669,0.5539551069758313,0.11307925845278127
0.3151688127251145,0.3985686484131616,0.1722766981798811,0.11398584068184288
0.4614681360526565,0.4313383194174405,0.04109507520733455,0.06609846932256837
0.14546404447956088,0.45854837208522015,0.043446524020511745,0.35254105941470726
0.2819969170493888,0.43839521387376096,0.10782587559683113,0.17178199348001913
0.06200523445431599,0.37205488671808734,0.42690037719791585,0.13903950162968087
0.13473741933871983,0.6201337330061802,0.011407623382651331,0.23372122427244868
0.09429869187282165,0.3328409461401969,0.5463427123948871,0.02651764959209428
0.011797493212646733,0.3522523542059237,0.6024781618411851,0.03347199074024453
0.5899126225163756,0.07161807031679775,0.3341798652546583,0.004289441912168323
0.10002597271036096,0.5471933584589463,0.06814327777850876,0.2846373910521838
0.0007196646824879139,0.36991926948536336,0.36334241130527734,0.26601865452687135
0.5352850318019264,0.02085456120957776,0.21019513127718092,0.23366527571131476
0.24759617361026276,0.24856647345988275,0.0914309298645577,0.41240642306529673
0.2837785369160416,0.1374332569804745,0.3611861753892509,0.21760203071423317
0.14619039257498584,0.062391483191671725,0.47490412755519984,0.3165139966781426
0.2760336638375142,0.40043048152375965,0.13146274215784903,0.1920731124808771
0.0077310726456474976,0.07810997329435855,0.5321848644775011,0.38197408958249274
0.07824589203944556,0.3573272056032161,0.3908820636664104,0.17354483869092782
0.13528732201991645,0.27513120069581354,0.12258081697470745,0.46700066030956255
0.2715751674247212,0.6102002482687996,0.01878079654221498,0.09944378776426421
0.43217539540062,0.12866109842658247,0.3596842140055458,0.07947929216725186
0.49672729506450597,0.05916840957969157,0.07390757277891419,0.3701967225768883
0.11114777080535333,0.09048944829452464,0.32033239706101424,0.47803038383910773
0.5226086501714157,0.005058868116019904,0.0573277400840723,0.4150047416284922
0.34872018143282174,0.5744144457014105,0.04821297810968959,0.02865239475607834
0.06812777531492024,0.22125676330083005,0.6093865561770745,0.10122890520717509
0.5788058226727633,0.03869277282250002,0.03508388605079256,0.3474175184539439
0.04548158564350504,0.6690667421373521,0.23911193568585595,0.04633973653328692
0.30803442370422557,0.3339861502821709,0.07928720590320958,0.278692220110394
0.40976488571800196,0.3479840842935485,0.07530715307433103,0.16694387691411847
0.1882920483801862,0.5517611140114865,0.1290386506073009,0.13090818700102633
0.4379675839421339,0.002472198906058004,0.00933202585177017,0.550228191300038
0.2234678654593893,0.5867555685207163,0.09076606111911596,0.0990105049007786
0.47113524596232564,0.005901618863434474,0.14597918710040836,0.3769839480738316
0.2799376687303813,0.1593591491901511,0.4393932928072868,0.12130988927218073
0.015626734504108165,0.29910960178966534,0.6239819423427836,0.061281721363442995
0.7505052755456755,0.10737465845944076,0.0014247638641588845,0.14069530213072498
0.6031339168145476,0.22877759623495705,0.02609518838599483,0.14199329856450055
0.22233227388081164,0.26008505044834546,0.3033859756814601,0.21419669998938287
0.046101477930165745,0.5038060173201844,0.44044813130633054,0.009644373443319218
0.16064534030873237,0.0271724539538377,0.4107756131049769,0.40140659263245293
0.028248140995649085,0.0344686453920452,0.8527292992702745,0.08455391434203116
0.0289538753252607,0.103758223348588,0.19927341405408075,0.6680144872720705
0.06815364215399226,0.17865724246886433,0.7312486058171715,0.021940509559971844
0.17821733152381924,0.07397541941687359,0.33115409513979305,0.4166531539195141
0.11884104185846493,0.041636299832331976,0.05250997752727847,0.7870126807819245
0.4357725895707407,0.2723306863333957,0.062185182992744385,0.22971154110311917
0.09467466143926981,0.4112050903662104,0.07250095788328685,0.42161929031123313
0.31024503371488343,0.07949497774313062,0.3559310318173531,0.2543289567246329
0.12218362951899212,0.05138671884123996,0.8076181615028426,0.018811490136925384
0.3471975851960475,0.021443839945504462,0.24657146945029842,0.3847871054081496
0.06317955825279674,0.6224874171011209,0.21226004609907437,0.1020729785470081
0.06270180387915172,0.5110092716611913,0.18130595200471902,0.244982972454938
0.11089334028769669,0.04839957308299284,0.6326747717059683,0.20803231492334232
0.12329418063910559,0.09792910163084553,0.6423923238263788,0.13638439390366996
0.15912020215833414,0.009218528685248202,0.356661103190507,0.47500016596591066
0.02361387932748595,0.42372445999740543,0.37192497194983204,0.18073668872527654
0.2935693131177273,0.26526447861517016,0.3182242920234757,0.12294191624362685
0.25978124256070745,0.21560101354683478,0.16082529880810723,0.36379244508435055
0.26188254634548924,0.028802813580940754,0.24982360041826832,0.4594910396553018
0.06521526462436442,0.006985371893773578,0.6851144260932336,0.2426849373886284
0.1271854547529736,0.020205120469195457,0.6322074076823427,0.22040201709548818
0.34980779964863795,0.4320942479689988,0.072305604279405,0.1457923481029582
0.015519672650685408,0.25785342146177276,0.6005458596262647,0.12608104626127722
0.18262778258853107,0.4172777730783052,0.35164774660144005,0.04844669773172366
0.21047983265979736,0.03367785373349367,0.44456801743961516,0.31127429616709396
0.17882816948897223,0.13709971166955767,0.59575864332945,0.08831347551201998
0.10938961090974361,0.3227348024050087,0.3707722932117776,0.19710329347347005
0.4085367731930939,0.12781764630512105,0.4365705432194389,0.027075037282346115
0.06075762824827098,0.3954649126962068,0.25544674693493724,0.288330712120585
0.20560622112877414,0.39181314805003753,0.16455666608391742,0.23802396473727086
0.05425739450268006,0.21838891153389267,0.09514208794683258,0.6322116060165948
0.23876523811576475,0.6551506243930926,0.0787726209026338,0.027311516588509
0.04277939310791832,0.29285722180349755,0.4427274461411885,0.2216359389473958
0.11769929147241541,0.15519233840612195,0.7161956704084578,0.010912699713004898
0.4368231179861734,0.013795117869338118,0.3212847835590139,0.22809698058547476
0.4571988579952949,0.2235754589688471,0.2807114558531108,0.03851422718274717
0.398019818990975,0.18815239818115057,0.4035019222214008,0.010325860606473718
0.268417799794532,0.047835629195821947,0.4748369312412372,0.20890963976840873
0.4099880924289879,0.03799225008281417,0.21769752350763058,0.33432213398056726
0.19564906982438607,0.35887391625273474,0.17710377605923439,0.2683732378636447
0.21025723456885448,0.6604392820353271,0.10171177065180632,0.027591712744012165
0.3279338094816733,0.06820777604673603,0.005738306944093995,0.5981201075274966
0.196148673588487,0.3986127285123181,0.06232808914284352,0.3429105087563513
0.3209162725357055,0.05060038124074648,0.046562105960092734,0.5819212402634553
0.4124466951711466,0.09077624115266483,0.3182628242133452,0.17851423946284353
0.3126363271224623,0.3296774961772881,0.11272970258741556,0.24495647411283406
0.2683591072494472,0.2778752752846546,0.3675926679015593,0.08617294956433887
0.1822834801123764,0.1787436238705235,0.43375620251593194,0.20521669350116825
0.3277625315722131,0.01602506800592418,0.6066352902600516,0.04957711016181113
0.6776519141759831,0.06644252644513823,0.20302835593394764,0.05287720344493093
0.4935051353115913,0.3338442641356759,0.04609266043434753,0.12655794011838523
0.11272275831053467,0.4429159913298257,0.3900842831994878,0.05427696716015191
0.6355230670796931,0.03923286200397465,0.16197569753109087,0.16326837338524153
0.4503630397848519,0.48633271325298794,0.060388565489776724,0.002915681472383383
0.2906420717406868,0.15724860177345476,0.1865528112579604,0.3655565152278981
0.12752504253836128,0.36064072693779287,0.46753350298631163,0.044300727537534224
0.09142199104828377,0.09947006416017873,0.008922763134992056,0.8001851816565455
0.2068009041305391,0.23002488960574802,0.17152497482939832,0.3916492314343144
0.5751146679287745,0.21199680014813482,0.13558871702419306,0.07729981489889756
0.03476225301907636,0.4434228777278957,0.5058340757404514,0.015980793512576617
0.56141928613147,0.314162185773186,0.09111981121691524,0.03329871687842886
0.25860935259038176,0.2160735801611742,0.10539429257559296,0.4199227746728511
0.4701641739985535,0.3819601061008854,0.09874412062894009,0.04913159927162109
0.07329599988126616,0.34875682477956177,0.05051397637521189,0.52743319896396
0.5676356947044986,0.028399451600928098,0.13564360472113152,0.26832124897344173
0.6436760926240065,0.04464063461859042,0.2499381289664921,0.06174514379091092
0.0016687916473737527,0.021905751487183173,0.07699547000127789,0.8994299868641653
0.22576308530451508,0.3828865191408687,0.10440977499233953,0.28694062056227665
0.0005158010984749204,0.12483494246273401,0.4699089481148349,0.4047403083239562
0.2776484797558999,0.06953332785616183,0.3346739715664043,0.31814422082153404
0.047887570355049,0.4832597909281058,0.3525275413778801,0.11632509733896504
0.16938196320740015,0.1312796286162489,0.3585234337987957,0.34081497437755526
0.25892161379453943,0.25111251298260545,0.02526147878059491,0.4647043944422602
0.604684097658046,0.21707258722943368,0.1381484789503045,0.0400948361622158
0.10846892538521258,0.1813246808495657,0.5512732220791267,0.15893317168609494
0.5097262574820652,0.27463762635097216,0.0661217718027629,0.1495143443641997
0.515288732571482,0.12803116658275468,0.24638690262712004,0.11029319821864308
0.27645039566017815,0.10023530425076276,0.2582479049618441,0.36506639512721506
0.18503330198764784,0.12567007717389714,0.39633993623769126,0.29295668460076374
0.12985988966905385,0.004543662930918191,0.02597073069754204,0.839625716702486
0.0499652771853854,0.26453832406931405,0.4684636905400332,0.21703270820526746
0.05549094976944089,0.07660649227618303,0.32098750645004,0.5469150515043361
0.013113094622798728,0.20079522185814466,0.2333856753470994,0.5527060081719573
0.5057463090131278,0.027594358568712563,0.18287972644382539,0.2837796059743341
0.08109531397594645,0.0540060948011405,0.5507503833015266,0.3141482079213863
0.06910045767768852,0.4017805891309115,0.4063840879800451,0.12273486521135488
0.24134964867553407,0.5033667790181605,0.16308215900396952,0.09220141330233596
0.43935386338700755,0.0646118429752193,0.39147836722927976,0.10455592640849345
0.10881422334444005,0.41863814285200024,0.4592421050994181,0.013305528704141655
0.38558636299482546,0.09022560407309892,0.29667921580071405,0.22750881713136167
0.4477230227316021,0.34590096905553297,0.15694328364198207,0.04943272457088305
0.21274564823428946,0.5745424031842559,0.16610171977633859,0.04661022880511602
0.27563795472517466,0.40920772040988707,0.24056825576235027,0.07458606910258786
0.5240516945285395,0.2847823000237497,0.12565392696453506,0.06551207848317585
0.20662041368348147,0.12641730335037626,0.6374180411872404,0.029544241778901772
0.20617346384638494,0.06856940886986886,0.6955364121665046,0.029720715117241742
0.0013642095706986393,0.5603574760733753,0.020629015854452173,0.4176492985014739
0.3913252067520384,0.1380169506928371,0.007606603670936553,0.463051238884188
0.03626299210650861,0.6275166958513527,0.21870748014263272,0.11751283189950591
0.3467606574261723,0.13321735471382612,0.15219643353638748,0.36782555432361425
0.2723371902253193,0.23200323469054537,0.15394883988630143,0.3417107351978339
0.2572981884830144,0.22254579396100369,0.1252619229408484,0.3948940946151337
0.3869373802807812,0.26214939113465213,0.17793651788739331,0.17297671069717346
0.047038351993708295,0.1860905727520274,0.45932745524766405,0.3075436200066002
0.4253499172648298,0.4368682560434906,0.07238502438949661,0.06539680230218313
0.2940640716947801,0.49145239645814104,0.04169349437557179,0.17279003747150712
0.44242255459512764,0.004629395748306167,0.3821895715586784,0.1707584780978879
0.18630336371492548,0.676915936058535,0.07359129220463813,0.0631894080219015
0.10525218388105324,0.194438066128222,0.016658579830828975,0.6836511701598958
0.05203611453209774,0.35013902129595664,0.5050777910813864,0.09274707309055932
0.05721308105084638,0.0749052776970681,0.7700221553775484,0.09785948587453705
0.44031547983499947,0.09031691131115001,0.3192759844771235,0.15009162437672693
0.2686370926708407,0.05852383348327513,0.2157762035566626,0.4570628702892216
0.11360651250004541,0.5286472183982883,0.15398721338832919,0.20375905571333702
0.0015854056559050336,0.013996474823782475,0.8173969173729326,0.1670212021473799
0.14913214743695694,0.20351418224234014,0.19039599248089012,0.45695767783981284
0.09798995208790968,0.44674022865943325,0.38431080051374733,0.07095901873890967
0.17644244633058334,0.28161726625293343,0.028530857701158804,0.5134094297153244
0.23936190714499933,0.057656387125257794,0.12532656597813635,0.5776551397516063
0.13050696557812536,0.4891375115888394,0.2118450221307962,0.16851050070223916
0.29121825163085435,0.16182433374933974,0.11575164265818673,0.4312057719616192
0.14434834589835557,0.13364932022480316,0.40136807924282064,0.3206342546340205
0.15087166445308495,0.18213039672464554,0.09070757483148771,0.5762903639907818
0.1476735659114725,0.15858699796618755,0.4189594444445858,0.274779991677754
0.13632906649615428,0.6238130194634262,0.0921435699890938,0.14771434405132575
0.3260689081913518,0.21329460205609083,0.24250678183065025,0.21812970792190714
0.36450428891003644,0.256433991004558,0.13611449651434807,0.2429472235710574
0.24484141049479652,0.2533902037418254,0.19117281281766818,0.31059557294571
0.258108510386751,0.2835259750189652,0.1420338258937577,0.31633168870052614
0.32232264222443296,0.06901853987131626,0.08747696228294374,0.521181855621307
0.6627756502818538,0.04524085907431064,0.2520854168766654,0.039898073767170195
0.18106759395642097,0.03575624071861682,0.28168977419702995,0.5014863911279321
0.35155292122289056,0.3213725139635379,0.055638768361218796,0.2714357964523527
0.5764524313616276,0.1252867392406852,0.16037744404804305,0.1378833853496441
0.3438638254695034,0.07662457416240726,0.475409202468518,0.1041023978995713
0.2125211221720292,0.2886361312273052,0.43018731169458874,0.06865543490607705
0.15390520376619257,0.08677297994060576,0.36120122308384156,0.39812059320935994
0.4360980596876255,0.07643036522323488,0.2010140335410227,0.2864575415481171
0.17394756104488018,0.13129608729853423,0.6668359463255197,0.02792040533106593
0.40275335872852425,0.19625686611031612,0.20288644261482797,0.1981033325463316
0.01699198136120926,0.07878899757265839,0.7870049828517258,0.11721403821440661
0.47727552441017546,0.2734203450687425,0.18271124799751787,0.06659288252356416
0.1828241107585883,0.23964279559345697,0.5509925667899734,0.02654052685798145
0.23132138110325856,0.41000733468140677,0.004525902179474163,0.35414538203586055
0.2558482922242682,0.08431989381930453,0.1764266273796547,0.4834051865767726
0.4850086824044702,0.21576347811960248,0.07329976955403582,0.22592806992189146
0.6213315048374372,0.07914682840088554,0.18131678137288723,0.11820488538878991
0.29821824898403687,0.25865029573900505,0.12348582807824103,0.31964562719871703
0.7366713542114633,0.017227557602316857,0.1488564470706963,0.0972446411155234
0.0873633012386128,0.10170876905461719,0.054821235017966985,0.7561066946888031
0.3746747630739409,0.44790759779149036,0.1224268007775175,0.05499083835705138
0.08258248424204764,0.15461899868315987,0.5612681914334161,0.20153032564137627
0.17791697715654967,0.7329033461406245,0.036996660533533454,0.05218301616929233
0.053424024178896155,0.11687613613530337,0.39548289205413206,0.4342169476316685
0.1747021375727477,0.2727371704071098,0.2034515914603991,0.3491091005597433
0.1849082747958035,0.35109601868599727,0.23304346522593167,0.23095224129226763
0.24422170969283,0.08927133026374705,0.14960810242259492,0.516898857620828
0.16314452336635588,0.3747442797127983,0.45694220853023565,0.005168988390610036
0.8160379964049306,0.07892284985028869,0.09270205079993861,0.012337102944842035
0.2136224492027954,0.34147784877569437,0.09662081416012915,0.3482788878613811
0.1438778011760418,0.6861498050724265,0.12362954806992368,0.046342845681607875
0.1464593889594311,0.029863342726800426,0.7978467496988111,0.025830518614957422
0.2128978665315808,0.4664143220852307,0.11460220119913855,0.20608561018404992
0.11282274837126731,0.27307550128032704,0.4964609165999658,0.1176408337484399
0.01257604503954567,0.5817679380200474,0.06876633359027651,0.3368896833501303
0.20029329496967294,0.3121764666545564,0.42275269256088926,0.06477754581488127
0.31085831222055105,0.0849037199316268,0.15196054015040197,0.4522774276974201
0.3020023410800794,0.4969425468504181,0.04827394626469737,0.152781165804805
0.1266892243366679,0.13107141869475142,0.45481867439559714,0.2874206825729834
0.06216920467872588,0.45421620050271416,0.35693370564204363,0.12668088917651624
0.4121497137560932,0.19523513234842405,0.023479085846324143,0.36913606804915844
0.001750658141583891,0.41405777369285224,0.2516780375217543,0.3325135306438097
0.34628284734678305,0.27991940144412614,0.019104295396521535,0.35469345581256934
0.12245043332940436,0.215128627946292,0.16129549740625063,0.5011254413180529
0.2688286342273289,0.3392376386625078,0.21605710068384743,0.17587662642631594
0.7146357339343694,0.19980398088692786,0.058405501567686764,0.02715478361101597
0.45231461045508614,0.043506970344173036,0.17727763542869443,0.32690078377204634
0.159798856684589,0.010565936529256085,0.20220335481170867,0.6274318519744462
0.319637660282097,0.0911477405602803,0.1635581492682425,0.4256564498893803
0.15768828922756903,0.18191574243826103,0.14017088614187884,0.520225082192291
0.5702436406961809,0.2715866060209531,0.06826982265242934,0.0898999306304367
0.3982671478051431,0.21817281646359285,0.22888929818213466,0.15467073754912936
0.14615655489361473,0.17116544253486635,0.03480714350774526,0.6478708590637737
0.1309382255684211,0.28966041434151346,0.3253139960251125,0.25408736406495297
0.021680007427699155,0.12473369536449924,0.002980317176765165,0.8506059800310364
0.20805706475471342,0.20480606797698958,0.13509186996240136,0.4520449973058957
0.4241608232226506,0.3563754659743578,0.038335629744274985,0.18112808105871647
0.7045065021043491,0.06093561076454084,0.0764677522900652,0.15809013484104487
0.17609982900597893,0.6963969468502589,0.08444507013223465,0.043058154011527565
0.08522641947795367,0.43705449664699053,0.0053390258594661925,0.47238005801558963
0.07425052022326217,0.04897779244918067,0.5373790308321524,0.3393926564954046
0.41754757038220136,0.0461121326778098,0.012191087301406202,0.5241492096385827
0.03946177313746396,0.8274695264302654,0.056544825673518775,0.076523874758752
0.08503329393532066,0.127253707232468,0.19225898120774768,0.5954540176244637
0.49215492690551277,0.27994598997047887,0.139343667422668,0.08855541570134035
0.08258325472914045,0.3830622384458372,0.09949404494709818,0.43486046187792415
0.4851542970514287,0.04667893179549733,0.15751913428332642,0.31064763686974756
0.22433894306507712,0.06788796140091787,0.05544906861408545,0.6523240269199196
0.48911628146434294,0.3124077087759681,0.0626753435350532,0.13580066622463582
0.15570301791350138,0.1395748514003847,0.615139432387983,0.08958269829813074
0.1169210509562327,0.05743996469937503,0.2962845459698991,0.5293544383744931
0.19521399761805885,0.05241761657704338,0.6733629678708831,0.07900541793401455
0.15346490636279164,0.4068257790931629,0.2706869299155472,0.1690223846284982
0.07396209803124547,0.7494204529369202,0.08035088425868266,0.09626656477315174
0.31466386441181027,0.098298733353768,0.0807268202957112,0.5063105819387106
0.008499343905532036,0.4288186940758951,0.07852155209398892,0.484160409924584
0.44829149639746163,0.05963350247477102,0.4754440305986946,0.016630970529072683
0.1803074824475831,0.01389515291302705,0.08790561692297477,0.7178917477164151
0.29167277371695494,0.20248655687524683,0.2080161716708377,0.29782449773696057
0.031048355795051403,0.11413316814578192,0.3465858030033492,0.5082326730558175
0.07393037198479252,0.6238670027550242,0.09136264844772021,0.21083997681246314
0.7010495849656927,0.021722123822759808,0.23223361352336103,0.04499467768818642
0.38628264432630993,0.16731799663492494,0.07645993238756191,0.3699394266512032
0.09645745098407857,0.3221876120430098,0.42381174815090794,0.15754318882200372
0.002350766638231748,0.049613693398080375,0.11613522028475953,0.8319003196789283
0.42541771463883377,0.028018236498579093,0.2517414349069106,0.2948226139556765
0.5091042921687031,0.12231611030980344,0.15816042050430731,0.2104191770171863
0.022534530211551777,0.23544969539778288,0.2559601084681957,0.48605566592246957
0.4057707894391538,0.47242946530372887,0.054529906063266374,0.06726983919385109
0.5267178232416097,0.3537658560751958,0.01869631291167145,0.10082000777152318
0.5187557379911817,0.011189893574600073,0.2837310362136309,0.1863233322205874
0.31237311119482253,0.4359723911250143,0.23657566041373587,0.015078837266427161
0.12007300639775827,0.4854062974792861,0.34554171310774495,0.0489789830152108
0.0304513662041308,0.09811855335602351,0.6607862828838221,0.21064379755602358
0.5707384852156584,0.1633492582942874,0.044363615307454356,0.2215486411825998
0.19356488479311945,0.6049431720147466,0.07961088432342171,0.12188105886871232
0.2260769851186661,0.2537979390252478,0.37558695092845945,0.1445381249276266
0.34876489970632935,0.4380966170973415,0.16862573154256172,0.0445127516537675
0.3972878089538683,0.5427132757521839,0.04518807592964671,0.014810839364301252
0.007128976996360852,0.19332357851887022,0.10817662478320801,0.6913708197015609
0.1469532833727101,0.24417992251393253,0.06321211061194137,0.545654683501416
0.25852234890809606,0.11354799289693068,0.2297957517133904,0.39813390648158303
0.04813098988336965,0.2229658532185673,0.590512718899076,0.13839043799898706
0.24997667402031637,0.4801773555267985,0.10032635588417785,0.1695196145687072
0.03559390055558177,0.4075072725430321,0.33905778571072526,0.21784104119066078
0.2573268743404653,0.07946830011070015,0.4616860621743309,0.20151876337450372
0.1803520184306494,0.05795916840001165,0.18847255939880278,0.5732162537705362
0.10707878446692462,0.21844881464616922,0.26884236733339084,0.4056300335535151
0.0022756583864644454,0.8018011717024487,0.03033864846643156,0.16558452144465527
0.23280854702405024,0.19162665122019043,0.24360130961333862,0.3319634921424209
0.41201935094385855,0.07251321421780409,0.07030543968547004,0.44516199515286753
0.24800705157326972,0.15976189219198664,0.04846473114570491,0.5437663250890388
0.21832187208043777,0.11142492759873701,0.23934747856038202,0.4309057217604431
0.03120838073049682,0.13791058890475927,0.2424630341879552,0.5884179961767886
0.16471065635192006,0.045473530703686565,0.328301496625615,0.46151431631877843
0.40884507734697384,0.08355330086109347,0.08632743099653291,0.4212741907953998
0.14890322690174165,0.038512529283289,0.5569886767026473,0.25559556711232195
0.46432060142190656,0.13592964174409874,0.37821552725713814,0.021534229576856502
0.6384900570183102,0.021556873040629736,0.0627726582139266,0.2771804117271335
0.16651520040865347,0.08962138406216381,0.17310917162997716,0.5707542438992056
0.7912420118485056,0.07812671299358635,0.07532749627943597,0.055303778878472175
0.4130342467147292,0.09049348701524133,0.4427898933795766,0.053682372890452815
0.24749257413410317,0.19412299882832681,0.5355798537471055,0.02280457329046452
0.2285579252224048,0.22458392540309965,0.2352054547573137,0.3116526946171818
0.16089752850431951,0.11676844717025309,0.036201658784872026,0.6861323655405555
0.1884465634115201,0.40823607877035334,0.12408797491633683,0.2792293829017897
0.19487859774875244,0.01594284813455932,0.5242079062759308,0.2649706478407574
0.14165442933685687,0.058737272049432555,0.6964663262088779,0.1031419724048325
0.05664308669836409,0.45557660413376794,0.0020678303079259084,0.485712478859942
0.17196620997829787,0.1606388292235556,0.40383527035045086,0.2635596904476957
0.5919059988165134,0.22260065530530113,0.1418832468726591,0.04361009900552636
0.3261558567872398,0.43989341971514867,0.1794538031656642,0.05449692033194737
0.001050025160914584,0.21958903465633114,0.45655830825839266,0.3228026319243616
0.3438869063802637,0.05178220035285876,0.5884889475727808,0.015841945694096624
0.18799103331981118,0.1726253461538446,0.6209327328464034,0.01845088767994076
0.10144267510403891,0.2164991756200569,0.09315549140993869,0.5889026578659654
0.045859604918173244,0.3229460653150481,0.21993221796403212,0.41126211180274647
0.13208318303344224,0.31943883735895684,0.4388234455937088,0.10965453401389215
0.07176195518644457,0.1801199893352262,0.06983146884309452,0.6782865866352348
0.5484552153678238,0.01335470825525348,0.0461650142798695,0.3920250620970533
0.07274185025365744,0.5101433333581186,0.28727954902595937,0.12983526736226458
0.33627036594183995,0.01640554674909303,0.13430725203206423,0.5130168352770029
0.36205135478778594,0.1491742938628874,0.4350386010630541,0.053735750286272525
0.09306623440547646,0.517580752832573,0.31079696910403204,0.07855604365791848
0.311506655744942,0.3725597025510018,0.21403401666760832,0.10189962503644769
0.2514589110291294,0.09714492237377595,0.027120095790469163,0.6242760708066256
0.16146438099309532,0.1581102657483814,0.0650358554544614,0.6153894978040617
0.2770405733490696,0.1936987457300073,0.5287145180846,0.0005461628363228854
0.4765430885406916,0.06861023046802205,0.010191539155331945,0.4446551418359545
0.06006852657153408,0.6341062114196662,0.22139342349054222,0.08443183851825749
0.07124599717570375,0.05165885375523515,0.6319962310214552,0.24509891804760592
0.28809873015157195,0.12262757894936854,0.372478312242003,0.21679537865705661
0.05892674965497462,0.6292266864898394,0.29600771181356017,0.01583885204162593
0.027077498520702657,0.23717325578679907,0.5922428708255514,0.14350637486694673
0.4300282097080476,0.04448375566900454,0.4065837931541982,0.11890424146874981
0.23656314541613818,0.047589158112629364,0.5172146446099614,0.19863305186127103
0.07664147472564825,0.007990773929337008,0.5056018852063365,0.4097658661386784
0.2077063540256905,0.17790426813476146,0.3633362408582984,0.25105313698124965
0.1417278040923491,0.18548456316767728,0.18077063558265213,0.4920169971573214
0.17312319177605096,0.16830926320646414,0.2832351248353395,0.37533242018214535
0.2827072879016621,0.35744628540581885,0.21306350362662307,0.1467829230658959
0.08639923427051628,0.0007826149743661544,0.6205599672942319,0.2922581834608856
0.5578883290182828,0.04808436164253952,0.09133984564943005,0.30268746368974786
0.4312784352438083,0.004786728268240299,0.003274115971953075,0.5606607205159984
0.41612798046846355,0.11205554044617806,0.10859796615851736,0.36321851292684115
0.6457408097434773,0.047237960185875894,0.044608123239945355,0.26241310683070146
0.6028365108913493,0.32615123476272206,0.03513482699254422,0.03587742735338448
0.02415009957398756,0.49474327539441115,0.040722271946552174,0.44038435308504925
0.07910162802686282,0.5509211420951728,0.2784044009161455,0.09157282896181898
0.38108111989126753,0.3666988963827242,0.0800550818450128,0.1721649018809955
0.2991615075742761,0.5217031526608805,0.14672355889607552,0.03241178086876785
0.25618264285410486,0.5808785636535079,0.05181185103214315,0.11112694246024411
0.6075503144534619,0.2845789546935723,0.09069684419946601,0.01717388665349982
0.2346067049959174,0.46898707372401194,0.14725671953153135,0.1491495017485392
0.7552092006208053,0.16797117184264462,0.013405241949545335,0.06341438558700481
0.014148138954006363,0.2700828851977602,0.607683527210067,0.10808544863816641
0.5899817846930939,0.16270557691200435,0.15425121923460683,0.09306141916029499
0.20133673830021068,0.12470223228208574,0.058924603107670094,0.6150364263100334
0.18460150785476667,0.5319732351213354,0.09971860326478495,0.18370665375911296
0.19828575964535947,0.1482897974090299,0.6006282023050147,0.05279624064059593
0.20934068277647672,0.29760586931995775,0.44395425285285545,0.049099195050710115
0.22758874980500501,0.2410137003814341,0.025888000780984306,0.5055095490325766
0.7907994692557876,0.07150332657557544,0.07403090651092122,0.06366629765771581
0.016936451902948933,0.14524778305745295,0.3085519935682948,0.5292637714713033
0.16050447066233983,0.15424356428735583,0.09602920511904559,0.5892227599312587
0.05676032223418155,0.03941741731748953,0.18311768521387298,0.720704575234456
0.7761914084807036,0.09457746985949884,0.04829571482488025,0.0809354068349173
0.17231885263604643,0.025023616217678037,0.5499082741930168,0.25274925695325856
0.23597407584905145,0.14200972607646056,0.32522769596722473,0.2967885021072634
0.4024465327800836,0.3200044108373318,0.07386684262768366,0.20368221375490106
0.7474767488828986,0.09272086469610098,0.10301444283870137,0.05678794358229897
0.4831957632556557,0.19998868273838163,0.009840941574517691,0.306974612431445
0.018375466480239078,0.43870096960617083,0.3056065137535334,0.23731705016005672
0.143816972836095,0.046441610612587836,0.27786962140149846,0.5318717951498186
0.0813308450721472,0.24376042206344303,0.036149211539587264,0.6387595213248226
0.6291570462489924,0.06273074756283571,0.22897882244524348,0.07913338374292841
0.10869286612375322,0.42600745351651426,0.25625183422980957,0.2090478461299231
0.31044676051396003,0.35973484787982724,0.2518128985162547,0.07800549308995802
0.07008448277220393,0.08142615700286564,0.6019044301876625,0.2465849300372679
0.11338688615374183,0.6722089640510475,0.19417991665977705,0.02022423313543356
0.07004788101982956,0.31730679882123025,0.3255883462930437,0.28705697386589657
0.11434761252741753,0.08729766664986671,0.6623229784525919,0.13603174237012364
0.0806165084540126,0.5237132056653756,0.016196128890173963,0.3794741569904376
0.15186712022139603,0.5594362103616523,0.2484544330914235,0.04024223632552829
0.06561127687067721,0.04013785568077831,0.4695070067666331,0.42474386068191144
0.08843014686870708,0.14177184752535915,0.7347272856471442,0.03507071995878961
0.08252791555363732,0.07613496583516992,0.08902464858838963,0.7523124700228031
0.025629520643306966,0.32834238642293856,0.6282668508310493,0.01776124210270528
0.3038077216450514,0.22170304919016467,0.2570863675741901,0.21740286159059383
0.06957695256576825,0.1420278063074009,0.08824164045048202,0.7001536006763489
0.23055249384567217,0.5893305562533971,0.06110734336443304,0.11900960653649763
0.35786855858876565,0.43602189178582584,0.13781460374761378,0.0682949458777946
0.012368049397786216,0.474525785061996,0.47705924105263686,0.03604692448758096
0.16961827328588067,0.14681122504832347,0.14750832196637953,0.5360621796994164
0.3328944700793326,0.13220320343814668,0.5101210465346268,0.024781279947894006
0.1612707150375391,0.15146626159401128,0.08852922925746688,0.5987337941109827
0.17925822550251824,0.3147973432712463,0.10380620488649066,0.4021382263397449
0.38284564593006903,0.15162533780543141,0.07131352796711975,0.39421548829738
0.6433542842423181,0.04291659621719362,0.12641929150768197,0.18730982803280632
0.19706227414966984,0.3024922206474769,0.3152375910552715,0.1852079141475818
0.24756965285092591,0.227933848552054,0.1590250420130148,0.3654714565840054
0.22137595566749893,0.004147536057422662,0.17212623346271097,0.6023502748123674
0.2505022889864565,0.20320494860224636,0.005179324657161802,0.5411134377541353
0.4711341046421577,0.1979731173262057,0.033288842367559315,0.2976039356640773
0.023227234369654206,0.09312480761127624,0.19963437088040048,0.684013587138669
0.5756652470263081,0.12178610069851895,0.22545462232467023,0.0770940299505028
0.1752746369611826,0.11444135160143457,0.07127554569080949,0.6390084657465733
0.4252721208934321,0.3374580446309397,0.11061323007426768,0.12665660440136053
0.019684163330288582,0.11753522284607137,0.5647463669037868,0.2980342469198534
0.5624175420016505,0.2052106041517681,0.050388358391078775,0.18198349545550266
0.03865066196152899,0.33405895847756356,0.4611010357102129,0.16618934385069467
0.5251721372046759,0.043894164842732224,0.14705666960269545,0.28387702834989637
0.014797744506668365,0.13481514813369505,0.5541238556650455,0.296263251694591
0.20156120668810618,0.024225774861968013,0.19876040343823714,0.5754526150116888
0.05291479245368302,0.6207375464655986,0.22790826362609004,0.09843939745462832
0.48213937240633653,0.15595189307073054,0.044561343936075214,0.31734739058685774
0.12301169076452263,0.2639434961504068,0.5203062201145963,0.09273859297047414
0.6406356442183888,0.14102607649334561,0.10602675959314037,0.11231151969512525
0.22435460329107573,0.34241080336446694,0.33823425411614083,0.09500033922831654
0.07074166326677934,0.7133642753401066,0.1730096487086433,0.042884412684470616
0.7766936011988401,0.10723251785354329,0.06682217241205572,0.04925170853556083
0.0391296409212262,0.42417230922565435,0.33050325547613907,0.20619479437698024
0.18343994390675394,0.014611022654325031,0.6464826898730532,0.15546634356586775
0.3234266043620103,0.03780548813755273,0.06777646583454315,0.5709914416658938
0.44698492938214185,0.08340264977304654,0.017359502174279933,0.45225291867053186
0.15701702877911367,0.3646447693204212,0.272522367811212,0.20581583408925314
0.12293678883770462,0.46886401648333303,0.06318077561739747,0.345018419061565
0.026607584231568265,0.20046610061936382,0.336131372540961,0.4367949426081071
0.4324215549450298,0.24530538250680817,0.23541663314495756,0.08685642940320443
0.06501563056095447,0.2651792677605996,0.5497309674754418,0.12007413420300408
0.12931850364956582,0.18772887908254207,0.07959668471286913,0.603355932555023
0.28233606406073003,0.18037122833445215,0.020797436375101456,0.5164952712297164
0.010378793637934817,0.298578256813364,0.29958982949446866,0.3914531200542326
0.7223729291539783,0.01966845503275806,0.24669855236128668,0.011260063451976974
0.18521523199813728,0.0412278815660498,0.10197512851945266,0.6715817579163603
0.3546205636758248,0.25313197191935816,0.13967162258933832,0.2525758418154787
0.4426830009730157,0.016903937887263094,0.5368452668333215,0.0035677943063997116
0.09420818670841224,0.7337024004769318,0.12338685385045974,0.04870255896419616
0.6050002236265445,0.045165659013776546,0.2706467050468673,0.07918741231281158
0.6278932897854597,0.0977530789231135,0.030590606898241224,0.24376302439318576
0.28943609454316865,0.4878194287804034,0.07232903745312765,0.1504154392233004
0.31232187487380986,0.25707807562504764,0.3733682903872278,0.05723175911391471
0.27325729611323213,0.20087459771761346,0.0034013077542072003,0.5224667984149473
0.46942580653724386,0.10451378162278806,0.019205427462853718,0.40685498437711426
0.17988398366714056,0.06950056204187877,0.2770078548693068,0.4736075994216739
0.5987465878847368,0.1628644105270739,0.024558720707459847,0.21383028088072958
0.4636569740860532,0.31218800294580645,0.16483646325613213,0.05931855971200816
0.2157167170775693,0.6940337230497043,0.025851015806115433,0.06439854406661077
0.15700507017063922,0.46260782744972256,0.19099771933694062,0.18938938304269762
0.006242712241691385,0.013517946168601727,0.72558110635375,0.254658235235957
0.4902403466059786,0.08813596207647335,0.22194924797903606,0.199674443338512
0.3234807122962627,0.08915715273328219,0.18247998077705258,0.4048821541934026
0.15246569207606028,0.7587324658861665,0.051245205477389505,0.03755663656038374
0.09608663900182242,0.22653969928171833,0.346809129927215,0.3305645317892443
0.08448023628220824,0.26443882703497384,0.2854575437868996,0.36562339289591855
0.06432962794762859,0.18849838182688136,0.49723698625066454,0.24993500397482546
0.18824734799202655,0.31473745052491064,0.2175579008192153,0.2794573006638475
0.02245468054914299,0.47269449914045947,0.22364782567240374,0.2812029946379938
0.15295253831469866,0.6759189731618939,0.05972121384590822,0.11140727467749915
0.13928828925234,0.6184695920226814,0.1751094209817901,0.0671326977431887
0.08641695150641326,0.4760302077169781,0.07416230402902853,0.36339053674758
0.029292605597208386,0.4670618307620628,0.024917707845752753,0.47872785579497595
0.1472033815918276,0.3192253894057799,0.08249102390707568,0.45108020509531693
0.35346302916623795,0.2767896531161982,0.23249866882948247,0.13724864888808155
0.39867271262842047,0.010612199392044065,0.08297835922645451,0.507736728753081
0.2241216292296105,0.034733455834117265,0.3189903257804387,0.4221545891558337
0.19256972993087307,0.057094024996483236,0.0939882228207971,0.6563480222518466
0.048699478043140614,0.45729549249479895,0.4828903404472764,0.011114689014783958
0.3768632032650944,0.24896769128435214,0.20515062073668164,0.16901848471387182
0.07556255752239575,0.01838270751914892,0.47595887308454826,0.430095861873907
0.5541612771986352,0.18152872505777015,0.09116189542922888,0.17314810231436584
0.07155500753973101,0.4456800052724787,0.4211366023161402,0.061628384871650045
0.20219616685341843,0.4172098260835888,0.35803298588365146,0.022561021179341192
0.009285963531754888,0.017743956346174126,0.05953329552834483,0.9134367845937261
0.03817767897822908,0.5466485118246083,0.128199228411083,0.2869745807860798
0.28400516724596175,0.17204937668123182,0.15725746926628756,0.3866879868065187
0.09491839301065443,0.42579942522404574,0.38082160071156596,0.09846058105373386
0.04852456796081459,0.381010198429522,0.16547417533952571,0.4049910582701377
0.30674200885286995,0.05289436006035308,0.6384740576714086,0.0018895734153683038
0.167052456013135,0.5262670072722418,0.1272830907125947,0.17939744600202845
0.14861234892641684,0.4428360053562184,0.01192608196862636,0.3966255637487384
0.3230384231786634,0.04043393882692975,0.10281018306962308,0.5337174549247838
0.041255594131942915,0.5333325301617333,0.25113176344791854,0.17428011225840523
0.10817769402480006,0.21925127144863205,0.6478849531406436,0.02468608138592441
0.27418526643336266,0.10034643639515167,0.5236620445697441,0.10180625260174159
0.147174042770377,0.4638187480200938,0.3130938169892432,0.07591339222028609
0.14369333833281103,0.6144184132762839,0.22743119369617712,0.014457054694728163
0.3484291345378649,0.5392023369228303,0.0013266789986611002,0.11104184954064378
0.00840245747001085,0.6425156158961761,0.07659067106049712,0.2724912555733159
0.12673451286964874,0.09095658117442051,0.4579613257104033,0.3243475802455275
0.46441746406187134,0.04977009635047908,0.40543688356109747,0.08037555602655204
0.41051913554524855,0.02349059156411244,0.256433616120217,0.30955665677042193
0.026299851409858792,0.5037816066033672,0.20138438575092332,0.26853415623585064
0.2843113399223347,0.1941303858251905,0.1189441050715064,0.4026141691809683
0.12212145264941644,0.3278408684808599,0.3168227121401964,0.23321496672952718
0.47371289819324347,0.13679668538132136,0.29620753056827925,0.09328288585715587
0.3494942126441513,0.06482236201053537,0.23817848806901706,0.3475049372762963
0.06496197705322411,0.26106962925914434,0.05081649137654775,0.6231519023110837
0.10426738938860969,0.11528415728074902,0.2505253398126906,0.5299231135179506
0.015325933863919205,0.5279559584776388,0.09867279150365324,0.35804531615478885
0.18451224082188425,0.272519248744598,0.17094113424006138,0.3720273761934564
0.510336898043475,0.1384197432058706,0.020659119702556877,0.3305842390480974
0.023294021151271004,0.8295005654179143,0.07743000100474634,0.06977541242606831
0.2320730256358243,0.31481366720325143,0.07222216988224817,0.38089113727867624
0.38905360273967576,0.17824622964236442,0.04941010718424524,0.3832900604337145
0.34814830169903854,0.1658772291496749,0.2332903065975432,0.25268416255374315
0.347789716757701,0.10024632320146783,0.1769322626120887,0.37503169742874254
0.0143172658021847,0.05106859326233305,0.5085647311850471,0.4260494097504353
0.006837104520913641,0.3628722851801698,0.07755986125362904,0.5527307490452874
0.12274226021938729,0.062334136750250825,0.08083492458794872,0.7340886784424131
0.07565758834154508,0.4873004802298626,0.36285384961815,0.0741880818104423
0.14463614486223358,0.04911104687667354,0.3920304245689787,0.41422238369211417
0.405691488229435,0.06294734695396031,0.25784213701952247,0.2735190277970822
0.13090016513901392,0.4778419760027819,0.13321089457748167,0.2580469642807226
0.7253067543777348,0.1362556410635266,0.0793592584489689,0.05907834610976959
0.04928746345416149,0.2594717436009609,0.5401281582502719,0.1511126346946057
0.4541423076190746,0.23716339543683132,0.21648169814162826,0.09221259880246588
0.16667140894372365,0.11599872481550547,0.6666151204215968,0.05071474581917401
0.6440638078844366,0.2994388485083849,0.05068679360656395,0.005810550000614636
0.06084089894245509,0.71363027483681,0.1684887331117251,0.057040093109009725
0.032944737185460746,0.3669371692442754,0.04925954054971015,0.5508585530205536
0.2933489134172518,0.4276341110314853,0.06813488472361934,0.21088209082764373
0.7377697788840587,0.134415710170551,0.08591577252983013,0.04189873841556024
0.30255764428975473,0.01885836706943237,0.27490763224939596,0.40367635639141697
0.19047552021487008,0.5558533581483217,0.09891158772366347,0.1547595339131448
0.0587680064411843,0.4681379942294447,0.3319575661169678,0.14113643321240316
0.24651913770525505,0.2557165171609202,0.2182835517525217,0.27948079338130305
0.07232646983247763,0.7208336163872265,0.059569729009721795,0.14727018477057402
0.059809022149707236,0.17473629698624418,0.1930035536329263,0.5724511272311223
0.8842781347285443,0.010600683432667075,0.10378267808047566,0.0013385037583128164
0.19350012882010134,0.5532282272734487,0.24190022674952943,0.011371417156920416
0.2813799585249707,0.24173384141926427,0.43485567965722777,0.042030520398537365
0.01975370549141828,0.24781190061543534,0.6026588966045715,0.12977549728857501
0.0864061572791322,0.8345200941617701,0.005447665938905491,0.0736260826201923
0.26360109678580684,0.04416969724695378,0.6005316681325958,0.09169753783464357
0.18726801827417575,0.368854688711281,0.11839136353649393,0.32548592947804916
0.24554758273254676,0.0745441220845043,0.6315740714672832,0.04833422371566573
0.18487348413946975,0.4799215037952577,0.1904349734510624,0.14477003861421028
0.6524406805699797,0.11351041160416235,0.1819201476804954,0.052128760145362635
0.17136796138293825,0.36154494649199065,0.15002958607899605,0.3170575060460751
0.01821272069825452,0.14182425776590435,0.46540173498041587,0.3745612865554253
0.2681154654752483,0.6322445627138452,0.06529180179319799,0.0343481700177086
0.3683824106170303,0.08163703241814714,0.10299909021303143,0.44698146675179096
0.24160874279727793,0.23323413513989463,0.33869521531164554,0.18646190675118193
0.07922811901504158,0.058808559237778446,0.00741605030075641,0.8545472714464234
0.33382932045658015,0.14624802092100322,0.5015093493722392,0.018413309250177336
0.03366700344979174,0.07546398663490961,0.6950423548980695,0.19582665501722898
0.049335449314081806,0.09606972996373013,0.1878730696628224,0.6667217510593656
0.09928147539758193,0.3436942333915163,0.32117349254785077,0.23585079866305106
0.20420217870315743,0.44588391006452466,0.20660084738083567,0.14331306385148215
0.1345332451125024,0.14812339161429858,0.4860562160409762,0.23128714723222285
0.09643970208040475,0.5969622206988863,0.17761719861687744,0.12898087860383164
0.0881721969029211,0.08712420159903038,0.38165015661745794,0.4430534448805906
0.007431157119090109,0.8513030684089048,0.04006018095230119,0.10120559351970392
0.215841821007694,0.5533734664786742,0.10907249919377279,0.12171221331985896
0.4119945233780707,0.06133419237652826,0.2729643346744133,0.2537069495709877
0.22068145630932345,0.5808005370100762,0.1281358200140809,0.07038218666651945
0.2159306662228216,0.24781200823354788,0.38580783340747804,0.15044949213615244
0.1281315085085456,0.7026680212051801,0.023994792181456046,0.1452056781048182
0.056082169304062394,0.5707448063492742,0.07704612030380256,0.29612690404286096
0.09677624895618371,0.375923188172147,0.03612227182766928,0.4911782910440001
0.6546301319709948,0.15899479407629402,0.03572125817525657,0.15065381577745468
0.23635010190705497,0.2054884852974329,0.15168567670214653,0.40647573609336557
0.2757458175871706,0.423332457539974,0.15738911926310534,0.14353260560975015
0.6563725078962224,0.22017701270407927,0.08742335714710554,0.03602712225259269
0.04991921152999263,0.2805004439661792,0.6603491276848531,0.009231216818975008
0.4678144372541119,0.18571554348447789,0.17740241069508403,0.16906760856632602
0.2520010263546162,0.20624708015950302,0.3179064029289839,0.22384549055689687
0.319454742299836,0.029375063493715044,0.3406517354148309,0.3105184587916181
0.5035361186794393,0.15852232806246674,0.08225598313054153,0.25568557012755244
0.07802071074295427,0.04611231984294941,0.6212835561979416,0.25458341321615474
0.1129282846241417,0.2299286396213482,0.305066523002052,0.3520765527524581
0.14435557929035722,0.1393116542727554,0.07852004334144184,0.6378127230954455
0.2047054147353354,0.15945328277048654,0.3581827087650857,0.27765859372909224
0.6276156632949018,0.1344403721332947,0.20989800901756128,0.028045955554242226
0.2981929481163918,0.26570578352256985,0.38761023335027806,0.04849103501076031
0.10523180059444083,0.04224187655095846,0.7813039069105762,0.07122241594402477
0.28520126331775886,0.5240249775714761,0.1049035223420991,0.08587023676866584
0.3249594811619374,0.46497244657818454,0.1624812974501361,0.047586774809741994
0.01985730682931377,0.06737014364621774,0.6172163554816621,0.29555619404280653
0.46424988669050793,0.17476019827192493,0.03539052080979505,0.3255993942277722
0.2409946280562837,0.5309509949062825,0.21984721817263297,0.008207158864800777
0.40464768258935657,0.09083274562366817,0.09912376568641491,0.4053958061005604
0.28710038439423613,0.016806291601072384,0.16353183589450027,0.5325614881101913
0.06513938565130205,0.26400694721721957,0.36204323663780164,0.3088104304936768
0.055972441482592054,0.24261982956406605,0.4504939430535147,0.2509137858998272
0.25746999825674977,0.5516300161452986,0.11672985604399343,0.0741701295539583
0.10813001475180198,0.033077182383444516,0.014293813712085324,0.8444989891526681
0.07007470014861751,0.1292915801012798,0.5359298161739701,0.26470390357613255
0.15152574188918233,0.33202594541326685,0.28716595470886114,0.22928235798868965
0.27845674025057526,0.06179935737482729,0.0519413887335623,0.6078025136410353
0.40932912855151593,0.09842283356389028,0.1650593708422041,0.32718866704238975
0.5150601209900657,0.15683792291121715,0.22508549713207723,0.10301645896663977
0.19844855040368617,0.32252357746870974,0.3748765296920136,0.10415134243559046
0.2938687788878715,0.2954889301125263,0.02003000677929249,0.39061228422030975
0.7747956439844588,0.12223805476620728,0.006319209541726264,0.0966470917076077
0.48035331303984263,0.12705032429461782,0.20072673586815803,0.19186962679738148
0.32921753343450205,0.1751678401412487,0.28019601495479357,0.2154186114694557
0.16059239781200926,0.31324620125564184,0.16544249356816004,0.3607189073641888
0.26218201029694815,0.2550910768363463,0.2842315109086099,0.19849540195809562
0.3216039383112808,0.19952989292073053,0.3715842212937187,0.10728194747426995
0.04108879126533184,0.6032275003544064,0.22883823622980376,0.12684547215045788
0.09570584890126244,0.005677438489017468,0.07066684021466459,0.8279498723950556
0.0016043886216616447,0.06983286557442682,0.1961656652871205,0.732397080516791
0.17798792061403632,0.20138687291886886,0.5068239321998439,0.1138012742672508
0.6282122099288934,0.06306380323858533,0.11750854946023065,0.19121543737229085
0.20314748079539718,0.2340003503523299,0.06409214265752118,0.49876002619475185
0.21282491490116368,0.4874319863212344,0.09676715835923469,0.20297594041836733
0.09083540362941442,0.2608989876058031,0.6004406628392495,0.047824945925533
0.06876308556923204,0.32880503142043627,0.10803332913207024,0.4943985538782615
0.426014676922394,0.2402082624134773,0.0570883574794392,0.27668870318468963
0.23297368796018986,0.24613475555694186,0.24428639240810632,0.276605164074762
0.02684553280546858,0.6553590782062203,0.31698877273698656,0.0008066162513243264
0.7221397388605314,0.1368874005992407,0.017011984868200145,0.12396087567202785
0.10013141167173854,0.259474075530638,0.3168511854856381,0.3235433273119855
0.12943586333029267,0.6728706370666018,0.15577975429723728,0.04191374530586823
0.3471841611511768,0.021217733918272887,0.5605723537457098,0.07102575118484052
0.24688389248406953,0.0642668012453734,0.6496812793755956,0.03916802689496138
0.3578774457239406,0.2077864642087033,0.321295400707945,0.11304068935941117
0.24784683656710035,0.4469475715675331,0.18954173140822497,0.11566386045714147
0.6666223620809898,0.015456806180390454,0.1471054376570458,0.1708153940815741
0.06363865371855552,0.4140008520001762,0.09939057423002151,0.42296992005124673
0.06414784459609031,0.6632908273289356,0.19742931182906437,0.07513201624590972
0.20769110951166284,0.11235061114023047,0.008399965216635923,0.6715583141314707
0.19761389931110937,0.41993079723910975,0.27109114845280097,0.11136415499697996
0.08532204449914255,0.2390085195295096,0.4391072530632674,0.23656218290808048
0.22739736331438104,0.06187044684753974,0.4748220635224527,0.23591012631562647
0.21737260405627534,0.5019604259949894,0.24360744160628772,0.03705952834244759
0.224703841905052,0.07821884304998399,0.2056645766372178,0.49141273840774613
0.5859013793107308,0.1527086646786994,0.1220377177245085,0.1393522382860613
0.04623404179006164,0.5909537216574521,0.2688038590400634,0.094008377512423
0.3981517465964326,0.10465001254614668,0.34284485857101077,0.15435338228641016
0.01938412164174099,0.07473415113718376,0.3212052362908777,0.5846764909301976
0.21615298209495815,0.32832183601979953,0.21760386446796753,0.23792131741727482
0.07971845056636552,0.15588097812052273,0.5106478811583494,0.25375269015476243
0.05797955985960592,0.08196818353780222,0.7928793878105147,0.06717286879207704
0.26023816563531216,0.49019210088106163,0.18363303463641245,0.06593669884721365
0.10729534392294857,0.3046009620969505,0.37310206291235554,0.21500163106774556
0.03507830175899328,0.11894112147026,0.8113025987845068,0.034677977986239915
0.32966670272955784,0.25304583855942847,0.15602795611210085,0.2612595025989129
0.20757412990111124,0.34492382545131534,0.1367011683567741,0.3108008762907992
0.10730987937112632,0.3873675802702188,0.42258074595718964,0.08274179440146522
0.5047535023709774,0.1494072106823972,0.17771187919875617,0.16812740774786925
0.7759958871790255,0.1435544989088236,0.07145767509229503,0.008991938819855948
0.07926111515158073,0.6648547387287544,0.25194214430990186,0.003942001809762855
0.0798690913099732,0.12136002271608225,0.31805597553700277,0.4807149104369417
0.03215959078117115,0.6020015598633873,0.24075050862946087,0.12508834072598066
0.3443419932406546,0.02057828741436606,0.3983450281498652,0.2367346911951141
0.18826084402400814,0.19925030149070833,0.5375009735418854,0.07498788094339805
0.9470190631569819,0.0026447275028246035,0.015114492781244163,0.0352217165589494
0.45215783506584173,0.23659762597175932,0.28269129187564707,0.0285532470867519
0.07192761920450493,0.028844545110141596,0.3581575467771735,0.5410702889081799
0.5162283248490873,0.3193829571632929,0.11011423463806277,0.05427448334955698
0.27505663118631696,0.10315309625002946,0.2530364497463077,0.3687538228173459
0.515378703513384,0.10157264741511217,0.3518930236038754,0.03115562546762835
0.47251495681350125,0.026105941142202986,0.10000526343408499,0.40137383861021064
0.5436118306936001,0.2368759988384276,0.07365392881388068,0.14585824165409159
0.20239951937827164,0.6112353530585867,0.0680883031950701,0.1182768243680716
0.040683310303453714,0.315120252915221,0.17733733322616763,0.4668591035551577
0.028897555598939556,0.1564307699018172,0.3766689522440085,0.4380027222552349
0.472253776624562,0.3816182523768493,0.12598717527482664,0.020140795723762105
0.019373999908328183,0.12267843487171524,0.6919689295157017,0.1659786357042549
0.1681439596546554,0.1211821684000647,0.0930818244918853,0.6175920474533946
0.029613244216300443,0.3016765689262857,0.5706160263748458,0.09809416048256799
0.14887083523080108,0.3662803575835368,0.306922474715838,0.17792633246982417
0.1912209360201211,0.6683267086120361,0.01815084101346937,0.12230151435437327
0.6243916633466993,0.1565414318392506,0.2123510123185438,0.006715892495506413
0.007229035320458332,0.30284002707512486,0.540211254890299,0.14971968271411787
0.2701048443742487,0.13386789116244177,0.11059783014090545,0.485429434322404
0.0679233995994848,0.5382582329550317,0.2879571904441805,0.1058611770013029
0.477997137294321,0.28846723498499294,0.211197398543954,0.022338229176731835
0.03956649552098667,0.4115578751628119,0.14424377940937502,0.4046318499068265
0.17507170354354457,0.15680923685405815,0.15099042657501408,0.5171286330273831
0.21112717423153488,0.1456522938290776,0.09087310610189382,0.5523474258374935
0.2769825477398638,0.1290697013644297,0.1940857466665143,0.3998620042291922
0.3349928435454575,0.30705642746781564,0.15958787013565667,0.19836285885107016
0.15923891618079639,0.09251548609868697,0.3413351302965527,0.406910467423964
0.1381101250300214,0.3391680051317694,0.022739729051954084,0.49998214078625514
0.15846532595336799,0.024382102478893,0.17890191557892646,0.6382506559888126
0.13388518140098268,0.10390835575377257,0.2130735554122615,0.5491329074329833
0.09177327394462036,0.18802369630658233,0.41960901979844667,0.30059400995035074
0.09429942199110798,0.2753077876596749,0.5703220274262981,0.060070762922918915
0.1901978323372654,0.406902256406798,0.3187990557852101,0.08410085547072653
0.24285604869148772,0.5164858734384344,0.2135889955222317,0.02706908234784594
0.31367578739566987,0.0072711033094380395,0.12536253436613912,0.5536905749287531
0.15581587199694968,0.3813949933089563,0.13288684265622588,0.32990229203786803
0.05245716627886675,0.3587619040967429,0.25092148396295755,0.33785944566143283
0.10891300753601127,0.43165730692238136,0.03094500359027832,0.42848468195132916
0.05923656951671744,0.8719933416846475,0.06708290487752817,0.0016871839211069543
0.49925722468800404,0.11067070098735675,0.12622927611467288,0.26384279820996637
0.6163195373193002,0.21168405919786454,0.16662428237193833,0.005372121110896605
0.003643233563803317,0.3518507816726092,0.6342577548183127,0.010248229945274752
0.0008654837847745685,0.22243305323375256,0.7503701949165877,0.026331268064885144
0.2194789298753816,0.3265916171233432,0.294781384584701,0.15914806841657433
0.44618993740128543,0.01794555580143483,0.16932086520579104,0.3665436415914887
0.05109760746624584,0.08276655107730332,0.7966966771309486,0.0694391643255024
0.238359017199085,0.3730568854829433,0.07069943887567784,0.3178846584422938
0.30172611734994936,0.2409147656358686,0.1718057163250178,0.28555340068916407
0.39127298160540414,0.21813752138209497,0.38151693062470954,0.009072566387791374
0.008545204132392044,0.46200737022330884,0.046581010993914575,0.4828664146503845
0.6913093607908635,0.11657480649988942,0.05310895141050812,0.139006881298739
0.4119217209631628,0.08535509930851902,0.35235745298776683,0.1503657267405515
0.0020227315213994274,0.3455131222617889,0.2614003529415446,0.39106379327526714
0.1584529326567034,0.0812989492804002,0.4624196714643482,0.297828446598548
0.5365339556675693,0.24479865534620607,0.07157935038560195,0.14708803860062278
0.05280384527303616,0.4227311782502198,0.2099949956349654,0.3144699808417787
0.38412429315550817,0.09239138827779997,0.26215588178340365,0.2613284367832883
0.40858583353672556,0.06955869649199464,0.4523160348113737,0.06953943515990602
0.32688994100329105,0.14766490857973394,0.3629560730593529,0.16248907735762227
0.2025012644438222,0.032085955317934685,0.29906656749958493,0.4663462127386582
0.14766677685155932,0.3356771892374943,0.34407212794347797,0.17258390596746845
0.017200101066317666,0.16885036544448562,0.1905419123469944,0.6234076211422023
0.2670140847721312,0.047029434191412804,0.6064089281987457,0.07954755283771024
0.051156480346172865,0.4734370735357676,0.4373004128537411,0.038106033264318495
0.21086044059320952,0.17978411735300187,0.00976685928359377,0.5995885827701948
0.07352074414081246,0.19206331802893745,0.17481256961681618,0.559603368213434
0.18162011371607442,0.28737145483688825,0.23902241900621107,0.2919860124408264
0.4695814639691403,0.41920369670597263,0.08231933911700183,0.02889550020788525
0.11988701597845908,0.18789176683509132,0.2627524327026118,0.4294687844838378
0.4314988230625589,0.3738193696147512,0.123396197126402,0.07128561019628768
0.270873540407991,0.22652295559612184,0.30661627926657165,0.19598722472931546
0.4946447004467044,0.13708523324349783,0.11350377236644033,0.25476629394335765
0.3959947192506177,0.465496791586718,0.13004991865240825,0.008458570510256036
0.596427380363163,0.16966132693122035,0.004886447462808304,0.22902484524280817
0.04517272548713471,0.33731044895315915,0.12888105510115147,0.4886357704585548
0.17909600396681968,0.016768626074242208,0.17004035337696427,0.6340950165819738
0.15100079711681982,0.4677519250715027,0.14701213233341917,0.23423514547825827
0.13207170007628002,0.25990233707076593,0.469573234183076,0.13845272866987804
0.34135112356928266,0.28477741607649054,0.21063998472234463,0.16323147563188214
0.2055423710111348,0.48142327905368404,0.2957398112611992,0.017294538673981893
0.12429815149563833,0.013080656188939126,0.38095379010520203,0.4816674022102205
0.11978367467253398,0.004449857952828013,0.47816171290208187,0.3976047544725562
0.3074423951303953,0.10340700214905073,0.5615913099328006,0.027559292787753296
0.23647777267117068,0.045627266595093904,0.5255151769374194,0.19237978379631598
0.6309812488314157,0.19154576973611806,0.057862688788741165,0.11961029264372497
0.25395191767298403,0.2483730178576013,0.3931819904669497,0.10449307400246485
0.003387219582036155,0.3604837957593749,0.010351635338175005,0.6257773493204141
0.3117229150695161,0.5072962013745358,0.12485461322100239,0.0561262703349457
0.2672474114826707,0.1743886233003866,0.4124570500836348,0.14590691513330786
0.029942317975040298,0.042633333134638074,0.6794355702831012,0.2479887786072205
0.6501575123687553,0.2205957741825167,0.06880772644688463,0.060438987001843344
0.21299209277876707,0.3243474447436866,0.24660753484670983,0.21605292763083644
0.18480699128096695,0.22260679460527505,0.08821750025764066,0.5043687138561174
0.237943048809145,0.26982429051094375,0.059957448087153586,0.43227521259275775
0.16244031837673598,0.2749404278330546,0.0864244347515803,0.4761948190386291
0.1912236237113914,0.3875558560060918,0.3272501596436038,0.09397036063891283
0.1924485367291554,0.09991419956290727,0.5045426192547303,0.20309464445320705
0.10326513697142795,0.6314462124495057,0.070319202843719,0.19496944773534744
0.788532903394759,0.04755548188016133,0.07902724562370861,0.08488436910137108
0.061271146230271384,0.3884851595242722,0.27050492816857685,0.27973876607687964
0.09558511928278608,0.3971431520884206,0.19259967261803418,0.31467205601075915
0.7757593138652615,0.03254644020150132,0.05451954139938444,0.1371747045338528
0.5608091211521191,0.17703843715441234,0.09007041157586332,0.17208203011760526
0.06844547747320742,0.1446292660786935,0.2278587592068615,0.5590664972412378
0.42822135707278874,0.11420873052353266,0.35330754843903084,0.10426236396464784
0.03542394737020256,0.04681336804473179,0.6654872011087387,0.25227548347632694
0.26896257186740435,0.07515854377907653,0.11184923612409572,0.5440296482294233
0.4450651342523221,0.21119809943615425,0.27153571637480983,0.07220104993671383
0.1322467008477239,0.034932309026140154,0.4008142706102739,0.4320067195158621
0.38243450214895164,0.11658235083802308,0.32860710916519076,0.17237603784783445
0.11369039603134601,0.23326189144282025,0.3443302418261346,0.30871747069969924
0.09023873537549561,0.88051381293443,0.021481574814622574,0.007765876875451778
0.16110240760850114,0.2389593761634865,0.21508349848313593,0.3848547177448764
0.3139941046424672,0.3271106780298572,0.30816121585860184,0.05073400146907365
0.12717159946209247,0.3876363224658824,0.42926595390617767,0.05592612416584751
0.050670193966568564,0.6912212697931135,0.08118568446273194,0.17692285177758593
0.3259128250281293,0.025928854525782863,0.2294781052504662,0.4186802151956216
0.06242466399607586,0.3935405279982139,0.22020955075551293,0.3238252572501973
0.40792935897440885,0.06339573653362572,0.007887466863194841,0.5207874376287706
0.639768711271827,0.2512324954454097,0.05361213159405563,0.05538666168870758
0.20911496031732923,0.4362525668256092,0.040921087000644986,0.3137113858564166
0.050501631635039256,0.11607351255581845,0.2609902824991003,0.572434573310042
0.4083139970941248,0.040646935842459896,0.060156733041095915,0.49088233402231934
0.07208239579134071,0.27585457345683345,0.623599280970289,0.028463749781536853
0.18020681491803908,0.6853666933497794,0.024178320703309372,0.11024817102887204
0.09569377819944419,0.12386498125376544,0.32633953173653074,0.4541017088102595
0.09202002645356461,0.20008055216177967,0.6938044813694022,0.01409494001525345
0.27738586190681963,0.31488326278598955,0.12070190182800636,0.28702897347918443
0.025063240472581242,0.5863370599546488,0.28357900317524976,0.1050206963975203
0.19834562695164307,0.5328729653811478,0.04212260761078261,0.2266588000564263
0.2876962699261762,0.2002419047037071,0.20604553354941488,0.30601629182070184
0.059536606236376265,0.11106006727453505,0.5523927940210117,0.27701053246807705
0.033923546943098196,0.7315290859608259,0.09824885155959878,0.13629851553647715
0.5978955616783553,0.06934715836764618,0.03621757821210968,0.2965397017418889
0.7173782384051036,0.1662335080785383,0.004917453935844932,0.11147079958051297
0.2015944213276406,0.4268698943392728,0.1255450386355665,0.24599064569752005
0.9286355007727107,0.06283114139043694,0.0027300150883532892,0.005803342748499073
0.2060071795137703,0.10009697635241466,0.16127499760139993,0.5326208465324153
0.009974482300370475,0.45301354655105713,0.2430774624103869,0.29393450873818544
0.11773881575482226,0.45746516497665046,0.14842128794133225,0.27637473132719514
0.19217105568235418,0.21599609096429073,0.23879514610037217,0.35303770725298284
0.12108467234399468,0.5471187992516031,0.10132966444401205,0.23046686396039012
0.2997560086095388,0.05019614132684764,0.4706570004171748,0.17939084964643862
0.5073607286610928,0.1771786292102496,0.15502498220837288,0.16043565992028472
0.1478592416554382,0.008566827647649437,0.4065419110418572,0.4370320196550551
0.27723332836604414,0.15494900362395153,0.06060209474753289,0.5072155732624716
0.058148702044313334,0.6753328354339593,0.23267406190909187,0.03384440061263552
0.14652498365582073,0.40346817936839907,0.3497205755949299,0.1002862613808503
0.044115334235042616,0.7746306892769191,0.07331361040018561,0.10794036608785273
0.021610510473524046,0.3205038643469731,0.0319318041445943,0.6259538210349085
0.136450463790719,0.4268030330088302,0.007508461108095233,0.42923804209235555
0.21528883289755257,0.15304652246811468,0.445393871016324,0.18627077361800884
0.2733234574036163,0.3727248482148167,0.2833154956927679,0.07063619868879911
0.45124105405026393,0.044451351647800924,0.4415298156841966,0.06277777861773856
0.5815300696626081,0.14401639242659325,0.08209205344506669,0.19236148446573195
0.03500947023302912,0.03516663387764655,0.6137796858651439,0.31604421002418054
0.3999092831825139,0.12712132514835658,0.2509165133322965,0.22205287833683318
0.6568576522205358,0.0716675866540279,0.026115789045693494,0.24535897207974267
0.027356434715070686,0.958845847746566,0.003608238592816064,0.010189478945547182
0.05568370405644887,0.1278809097114536,0.0406023892752584,0.775832996956839
0.7273112565625862,0.15454892702809025,0.03175453646426647,0.086385279945057
0.20035493681367156,0.07846280428491238,0.3019875256894815,0.4191947332119344
0.0164305355368308,0.3377104733842054,0.6426416229136998,0.003217368165263932
0.05392924961602417,0.4136322854344957,0.08080019750704791,0.4516382674424321
0.18670989637799185,0.3302202914216771,0.19880021786467952,0.2842695943356515
0.04498117449760019,0.7288768445539263,0.057687281835186593,0.16845469911328687
0.046512107986526614,0.11733342300415567,0.23127648470796303,0.6048779843013546
0.044470241701633016,0.2441844703504125,0.2340744818680271,0.4772708060799275
0.6115519597607401,0.03425713878694903,0.2961238116705545,0.05806708978175637
0.5533734918466593,0.24839825098990526,0.15849119725943903,0.03973705990399645
0.5040296260917291,0.2050327369384746,0.2185011812619979,0.07243645570779836
0.3817728199513298,0.24482619387430446,0.06467461308585239,0.3087263730885134
0.213603134635994,0.262057909961032,0.17223358000087302,0.35210537540210085
0.11689760133554446,0.0007382285044364913,0.5949774001338071,0.28738677002621194
0.2664189794223842,0.3664928522781629,0.019809178807249923,0.3472789894922029
0.07991169713544484,0.2985379745710983,0.14494758787963855,0.4766027404138183
0.09795850046820577,0.3536777890776711,0.3768623487484434,0.1715013617056799
0.07350227780021432,0.027826516395778454,0.6623738160971675,0.2362973897068396
0.721027716684737,0.09667530040086375,0.018391919117656263,0.16390506379674302
0.38390691018290585,0.023040090182079514,0.05111324295587364,0.541939756679141
0.010160892098209499,0.13138842444845886,0.3234382850343679,0.5350123984189638
0.18655724668189108,0.33591582328146957,0.09091658094434404,0.3866103490922952
0.5197055980091576,0.22615505973417593,0.15581887603367864,0.09832046622298778
0.2063524853414036,0.11048679430642688,0.24588660947354987,0.43727411087861967
0.3373176685239468,0.02982609667616816,0.09334308921107551,0.5395131455888095
0.06287500508205825,0.35437101920240044,0.5305917272658243,0.052162248449716946
0.011563457088481981,0.13165132658915393,0.48796985024932293,0.36881536607304116
0.0625261233031457,0.489843111771693,0.0437356308031077,0.40389513412205363
0.07416892029084704,0.4528405290425544,0.2182534741358205,0.254737076530778
0.11144766967206887,0.11467903651954409,0.5813342357292515,0.1925390580791354
0.6810072677088715,0.015854431979373557,0.16653299936826468,0.13660530094349024
0.020006335164235448,0.9073779488482981,0.07261005257035323,5.6634171129864115e-06
0.1949516715472192,0.07428800898354097,0.4627048726344646,0.26805544683477517
0.3037477183793526,0.07575217451466909,0.016212664230356767,0.6042874428756215
0.02133755451303679,0.3153519198325245,0.30782226723038764,0.3554882584240511
0.5490118951422158,0.02461881261392958,0.3384919915865714,0.08787730065728314
0.3527178010127778,0.40095948942129545,0.09534847783284829,0.1509742317330786
0.37981712395065526,0.0060278824886430445,0.09853679446159855,0.515618199099103
0.08525137749583812,0.5791856540135758,0.2518756294930733,0.08368733899751268
0.05215292104934857,0.8677322397114196,0.06003112335852258,0.020083715880709296
0.1729339740059995,0.4042650067225587,0.2049828014421706,0.21781821782927122
0.11848415795641959,0.363360281172932,0.07772275542310315,0.44043280544754515
0.0786286017940905,0.44708655250228074,0.3275765799846381,0.14670826571899073
0.22576159392197034,0.03578686657567722,0.5266300986245681,0.21182144087778423
0.10615782263525578,0.05121501838066541,0.33480948279984474,0.507817676184234
0.16711123999544533,0.16825531965570506,0.4996878662741712,0.16494557407467836
0.21534735796432944,0.33882903538827,0.001442710938118077,0.4443808957092826
0.293757767478574,0.42672573611693265,0.08301445508838434,0.19650204131610885
0.07978708999522065,0.00013101768961413615,0.5378811447930272,0.382200747522138
0.04369179206867209,0.33944597372299623,0.4090135414784099,0.20784869272992162
0.1645656860564134,0.06797094757501711,0.05555526244185461,0.7119081039267148
0.07690470648705343,0.5028074510608749,0.3197203993480201,0.1005674431040515
0.024208650947814696,0.016447440976915716,0.5315770342065166,0.42776687386875306
0.12417723824434805,0.2554318153047382,0.5780812532026433,0.04230969324827059
0.22309463000400626,0.30142199372318895,0.005993840587723199,0.4694895356850816
0.510735780329076,0.1272754203616452,0.06426198339876905,0.29772681591050976
0.2378272167483785,0.5388478852765802,0.09700449209371044,0.1263204058813307
0.14470639478751718,0.39709177829804926,0.19418416555101328,0.26401766136342025
0.2438831493483931,0.5757366247609742,0.16901659138097289,0.011363634509659869
0.218774811402468,0.07472645936719022,0.291374952100352,0.4151237771299898
0.5376305991653086,0.27208262000777395,0.14136529909842252,0.048921481728494795
0.20486745486593536,0.5652133507960931,0.13570394889866932,0.09421524543930225
0.034109656607919696,0.03150832070448042,0.09998340931467624,0.8343986133729238
0.3093386870709565,0.16204068138056757,0.38368227964134705,0.14493835190712892
0.028444938214078484,0.36951569297738635,0.41318996341975095,0.18884940538878406
0.6196964420009832,0.2064933524893781,0.14771223805573613,0.026097967453902682
0.26618916355342015,0.23810473734634613,0.42750073128585736,0.06820536781437625
0.11580813447078256,0.13328916212889313,0.3841810250110531,0.3667216783892712
0.11888387505846239,0.26596539717461304,0.3060336226706819,0.30911710509624263
0.26679822278738236,0.6236389971546425,0.008573622035701745,0.10098915802227341
0.2230876913644988,0.24316071365312528,0.5066789991423131,0.027072595840062743
0.4517557872834264,0.12261678244604175,0.35922793527150043,0.0663994949990315
0.17926520962585443,0.0009778162638825762,0.7622014795913192,0.05755549451894362
0.7481175552951194,0.0832174174315724,0.0926534655559593,0.07601156171734885
0.7213583598115292,0.06940746463653621,0.09836552832738295,0.11086864722455168
0.23700159705962898,0.12133812436035608,0.5843338439850824,0.05732643459493255
0.15170013003376243,0.3377137949928985,0.39973566547080125,0.11085040950253794
0.15305601958297815,0.40382754018621947,0.021459778434089714,0.4216566617967125
0.1612809304989706,0.5893921051811782,0.04652011910472423,0.20280684521512693
0.4720333409779846,0.20097965449264152,0.30639991247495474,0.02058709205441912
0.1456913605763253,0.5932544776350378,0.04764430019790367,0.21340986159073308
0.3792127316961002,0.32047977899133934,0.06594163011142337,0.2343658592011371
0.1717544235725108,0.41890290534377017,0.23130916674384253,0.17803350433987655
0.01914945638055533,0.14994067511128234,0.1139462595215403,0.7169636089866221
0.07795804648182596,0.5376359707133169,0.3050870222493381,0.07931896055551906
0.09289276084744773,0.7322576516026456,0.012225716092639893,0.16262387145726676
0.02977738431221599,0.06394926810001357,0.8076905691039237,0.09858277848384679
0.42646009493348386,0.08556977970836172,0.3921724458918572,0.09579767946629725
0.34776858595562105,0.21561902409441777,0.09441701218583111,0.3421953777641301
0.1410853052784785,0.039480691334977475,0.11177015903387111,0.7076638443526728
0.45169620776740693,0.01297165307177245,0.1547817811622917,0.380550357998529
0.03555252555157922,0.5603693227217984,0.13397584354965336,0.27010230817696906
0.6657252142629788,0.06945275874445234,0.07094855064575747,0.19387347634681143
0.19618870046059347,0.6907987729009705,0.034398831369611124,0.07861369526882502
0.3799772372033355,0.11213578728787021,0.2686557715979851,0.23923120391080918
0.039369982788899395,0.845722173235863,0.0823909233891496,0.03251692058608825
0.7455443623560586,0.09128772334092491,0.15975531341325291,0.003412600889763685
0.12398126946491404,0.30350308591627617,0.14665172173911384,0.4258639228796959
0.08268721261766869,0.22517825815167136,0.5153215728322504,0.1768129563984095
0.6423833792651145,0.22605395661115485,0.0066119420785562,0.1249507220451746
0.4745559202553892,0.2839564461880343,0.19731335992263765,0.04417427363393873
0.12372284059279265,0.5736428913483618,0.19093271047383922,0.11170155758500638
0.003030651450803522,0.05764661648427735,0.4326523819305026,0.5066703501344165
0.25104202348325716,0.49225018193618775,0.04975770510847534,0.20695008947207974
0.533977524812511,0.027518610480979814,0.10251861871462291,0.33598524599188634
0.15731380643748566,0.3789350894099253,0.03327873098892095,0.43047237316366804
0.03219100403933939,0.2274723341925795,0.09848633340401639,0.6418503283640647
0.1157776043354799,0.17328604106141188,0.4695185247636906,0.24141782983941762
0.19140307615631533,0.1293104346773925,0.1324551417943146,0.5468313473719775
0.14193138339550393,0.7297383173267069,0.0976188051646313,0.03071149411315792
0.03408388963736741,0.15694281283500236,0.6799059967018435,0.12906730082578666
0.4087537671719985,0.39377498643189696,0.013810500218595098,0.18366074617750952
0.17554039835177493,0.6091148531189652,0.12458391911033027,0.09076082941892968
0.12869461748865385,0.8001754791146866,0.04785495328879705,0.023274950107862652
0.2199037042067848,0.10562618676083839,0.09938092444990655,0.5750891845824704
0.09996613833001566,0.34594373147673974,0.4635368557977553,0.09055327439548927
0.46280594741033815,0.06347909196456313,0.16709529746875051,0.3066196631563482
0.03845923021838643,0.11500573243466967,0.08430810111120977,0.7622269362357342
0.2913741515892637,0.3473514143389152,0.16728809838327924,0.19398633568854198
0.0658020289022834,0.02409635023034606,0.5093281165289072,0.4007735043384632
0.2992309651857695,0.2973024842979385,0.24645519717847575,0.1570113533378161
0.4442302361163977,0.09039712236083668,0.3240990485768082,0.14127359294595734
0.45279727617976095,0.27512638072227,0.12933201631414346,0.1427443267838256
0.11838093225922013,0.27807691668348655,0.2847984391251939,0.31874371193209927
0.46068795196522233,0.4124315702871639,0.12235670435459635,0.0045237733930175335
0.38096927202474407,0.08599995412427576,0.18404715627171028,0.3489836175792698
0.15840075620366245,0.3517556212192138,0.31713214537080603,0.1727114772063178
0.8039249218848695,0.11471683052521675,0.07936947533218768,0.001988772257726005
0.218535497256932,0.2857726820087403,0.252960313522831,0.2427315072114969
0.3995297605578777,0.30535482044267853,0.24372380009127903,0.051391618908164814
0.0689275953042906,0.7528802723768121,0.0479094541100542,0.1302826782088432
0.2955084222460125,0.011065333105270848,0.24970704072177663,0.44371920392694003
0.5490031188601637,0.10689253668660811,0.1552124775343999,0.18889186691882834
0.34788727954367393,0.01937077071074001,0.42103665230415005,0.21170529744143599
0.09207441153241143,0.02254659312325,0.21349328434542406,0.6718857109989146
0.22139537012874402,0.2602736379105695,0.1327584008237918,0.3855725911368944
0.04599227135959599,0.8446669777722703,0.04243532152507416,0.06690542934305958
0.05420932619849839,0.3123050299766689,0.44122309683533717,0.19226254698949552
0.21017136156279573,0.14705508874617543,0.32691342329501144,0.31586012639601746
0.5802496649496149,0.29898757892328864,0.0368392220438263,0.08392353408327011
0.18184129591395384,0.345757884019356,0.07311297753976745,0.3992878425269227
0.23857632805905477,0.5554907765371563,0.06511901324736583,0.1408138821564231
0.13174992474252237,0.32899360052245397,0.03870254410114039,0.5005539306338832
0.6152749113781102,0.05887611594731666,0.06809008057242834,0.2577588921021448
0.46599103950685256,0.19974761398910057,0.2681351019383598,0.06612624456568704
0.2911004308095702,0.19905324409964498,0.25275046386802164,0.2570958612227632
0.2702143970406416,0.27259891382125045,0.40594228284548506,0.051244406292622946
0.5052240947471186,0.2174317381492602,0.10143003213023183,0.1759141349733895
0.28881094116128736,0.13199030673559004,0.12171151732399593,0.4574872347791266
0.29872863916631737,0.2502248591848126,0.14830791969418006,0.30273858195468994
0.49562823145828205,0.2786239534964472,0.0916266443833147,0.13412117066195584
0.04249925636417683,0.4196480859616772,0.4978790485815202,0.03997360909262573
0.7402644726301107,0.10582310372698807,0.12006967645808643,0.0338427471848147
0.19228581175815138,0.16349184629965802,0.2954794904282009,0.34874285151398976
0.1039873608928078,0.04199493167535348,0.37543087676488995,0.4785868306669488
0.6820009957844799,0.028435977571560887,0.11571058514799186,0.1738524414959674
0.20762800189804365,0.25325234113616724,0.3274087123820445,0.21171094458374473
0.44185511610241374,0.27353617953068904,0.20791906249998918,0.07668964186690792
0.22484387486192484,0.547356465211614,0.17573008853853542,0.05206957138792576
0.007857066091042468,0.7162322595734233,0.19393512533800025,0.08197554899753401
0.21432233066102355,0.6443446419684284,0.10123394589139749,0.04009908147915048
0.6470775571206577,0.14204705305140392,0.12697585352063762,0.08389953630730088
0.1691551203870056,0.6712118969407578,0.1368146635078534,0.022818319164383226
0.05449757965265502,0.09230396714745537,0.6217091232969774,0.23148932990291235
0.14945648645344664,0.014863807687154366,0.28808075478241363,0.5475989510769853
0.1624840405593734,0.429135289898382,0.12072880126322198,0.28765186827902267
0.011506583458397886,0.0916527264677105,0.7824159108837582,0.11442477919013339
0.03841303219662795,0.10132110675781701,0.016710011418593237,0.8435558496269618
0.13402953216137883,0.25818170897290027,0.6066997623111992,0.0010889965545217472
0.41709353967344015,0.07723478851678799,0.13803658046370273,0.36763509134606914
0.0424281569686136,0.7162615620861795,0.1461888478704778,0.09512143307472896
0.19073580977354052,0.03364785340371977,0.3887137685274667,0.38690256829527303
0.3938827071566754,0.4474349375122301,0.10690254859104506,0.051779806740049415
0.005822945229964451,0.03390996891521394,0.5334730255687329,0.42679406028608874
0.09667765651046727,0.5059726099560186,0.3625972637679159,0.03475246976559838
0.045487413714570143,0.25373834612172286,0.6640516564829665,0.03672258368074041
0.2210945894929156,0.0873557871152669,0.06048832277258249,0.6310613006192352
0.5318352805308721,0.1370007309456625,0.14856321976544137,0.182600768758024
0.026190687659053545,0.38699732663223096,0.07683559867575797,0.5099763870329578
0.12130924640744517,0.45930990826733153,0.2741931906670104,0.14518765465821282
0.09014009152560859,0.0006827095093500721,0.6527042021742985,0.2564729967907428
0.34104257829512274,0.2690670262583243,0.12015587326337279,0.26973452218318017
0.5773036563568955,0.08662262272247975,0.1347450624430024,0.20132865847762235
0.010481819527611316,0.6465067983688492,0.2041518306148295,0.13885955148870993
0.10151325157465393,0.6523901281803122,0.20926918747709708,0.03682743276793697
0.19860098451736438,0.27417415462475064,0.2575027367985243,0.26972212405936064
0.08287465047262492,0.04830059163272135,0.7500821135450034,0.1187426443496503
0.6453740282518494,0.12675665202711547,0.16589976400538642,0.061969555715648626
0.4496252652007107,0.022293234714412472,0.4211982359665219,0.10688326411835491
0.03544828647456982,0.00226551561838486,0.062054189825523055,0.9002320080815223
0.1039260577352342,0.2253309001702888,0.5572589837188288,0.11348405837564829
0.06444681128725835,0.8617183073323164,0.0614227586702807,0.012412122710144644
0.04542625797515766,0.1889451408738013,0.0929772530280638,0.6726513481229771
0.37856679765571266,0.27108743617668246,0.05525175299675702,0.29509401317084794
0.07377603999714594,0.1487349264778133,0.5237466086508996,0.2537424248741411
0.19063320894234045,0.19505466812764624,0.4909929645428406,0.12331915838717267
0.15774423095305146,0.014816188135476745,0.8256535110146661,0.0017860698968057314
0.25486886910625134,0.28069792568161717,0.34273790896037337,0.12169529625175804
0.31924365531579996,0.4186899126447073,0.259593705019246,0.0024727270202467527
0.042664306272245524,0.06244415452719549,0.11000460545712044,0.7848869337434384
0.11801450714218949,0.20174631093976658,0.14001143787563933,0.5402277440424046
0.27538767004778686,0.14369112002210915,0.485230674798173,0.095690535131931
0.13410206958228837,0.7877380376803573,0.055596892059425744,0.02256300067792845
0.07454273713494343,0.13967145914390114,0.23909788230675097,0.5466879214144044
0.4973461732689766,0.06730850009582784,0.13331897753525723,0.3020263490999382
0.3789773181947124,0.5356543449157134,0.066003464294805,0.019364872594769468
0.6204505298312339,0.22563617963289762,0.10345117536822007,0.05046211516764844
0.24707946692560892,0.5743270893450841,0.16308475855785684,0.015508685171450296
0.028123485288042243,0.007912944144748172,0.902207542539374,0.061756028027835634
0.23677968750645265,0.008342044559227168,0.017776010351381717,0.7371022575829383
0.11639021103456369,0.33265289552843097,0.20321806363036837,0.34773882980663723
0.03520263568880876,0.31458860080676376,0.6216474064578497,0.028561357046577876
0.43057804171586045,0.21850534038739824,0.013553082130295152,0.3373635357664463
0.1741610969619688,0.1746563474574733,0.47371529195550705,0.17746726362505091
0.31847734478997913,0.3343563794805404,0.1018323926832282,0.2453338830462522
0.05066282536764722,0.1980558653931353,0.35373308079661864,0.3975482284425988
0.20365587431855922,0.03367346178833407,0.38932355067048335,0.37334711322262326
0.0893776397792513,0.6346134653190943,0.007257372571818672,0.2687515223298357
0.002209011518976526,0.5076828635671536,0.10936049577722894,0.38074762913664084
0.03855149434966586,0.2697151670982644,0.421664428628529,0.2700689099235409
0.21426540358631405,0.1697158174918669,0.08539501416979026,0.5306237647520287
0.116478242436624,0.6214740757487927,0.016767258428737435,0.245280423385846
0.2633924081537414,0.43414424205316204,0.26771680105128015,0.03474654874181637
0.18020407180752965,0.7097454066284583,0.0005341085308887516,0.10951641303312327
0.4720602621971166,0.10995479767178928,0.17408035195960214,0.24390458817149194
0.12616172696546088,0.09935281709672783,0.09909588331581518,0.6753895726219963
0.14580206810013727,0.28137877275087164,0.3009339861407828,0.27188517300820847
0.04852946856227528,0.11378830337136271,0.5405014321303157,0.29718079593604635
0.44368927569403227,0.2998468111766727,0.022346245703664523,0.23411766742563037
0.42163433211173285,0.31233491688791465,0.03374777737085567,0.2322829736294968
0.2074135775342323,0.11465698224348785,0.5806857819954853,0.09724365822679472
0.3277029696269952,0.07620929212923233,0.0022110693173970665,0.5938766689263755
0.23725126054815943,0.06801274826517299,0.6865169313578353,0.008219059828832352
0.024537207139266035,0.20527205699384543,0.5784382875513692,0.1917524483155194
0.12821373487707996,0.03310492936672649,0.2558194671623815,0.5828618685938121
0.008395605316968516,0.2493106241567106,0.09576449657572157,0.6465292739505993
0.40596346246787623,0.011436181448429956,0.20657558252883923,0.3760247735548546
0.7306242390838532,0.03764595113069045,0.08361943874748201,0.14811037103797423
0.2610323719960589,0.29207378979326565,0.2741852738868763,0.1727085643237992
0.048747197728219976,0.1880032825996534,0.02743995318180033,0.7358095664903264
0.2424540447666877,0.5025639112014264,0.007663454156791776,0.24731858987509406
0.09881092594627368,0.534650886128765,0.2581377707571934,0.10840041716776799
0.0676961426909951,0.10606945703524079,0.648648837764912,0.17758556250885216
0.0003333436964637061,0.08094067132455542,0.12389693198133486,0.794829052997646
0.0801911177298568,0.14489145315557717,0.7571601775423347,0.017757251572231278
0.07457687766433546,0.28654507247108213,0.5782898720902284,0.06058817777435396
0.14418520315272204,0.3466584633780527,0.37619047899489266,0.13296585447433257
0.21754344166602227,0.04821912794703476,0.541342415586518,0.19289501480042495
0.05069318011421133,0.15803882886357354,0.23521676947706593,0.5560512215451491
0.0022765400999705506,0.14891353733497276,0.2001664224543999,0.6486435001106567
0.14294807466935186,0.0637465270122197,0.25279591141033936,0.5405094869080891
0.58030577674034,0.34404113240036166,0.012459032610490747,0.06319405824880751
0.02956061330906628,0.07245852497985963,0.5409235797106645,0.35705728200040965
0.07900839277955259,0.4419709600782637,0.30592934656124265,0.17309130058094122
0.05579505939970536,0.3365242541383594,0.44807335930051556,0.15960732716141976
0.1326176569178945,0.3103877449849554,0.4888033101559009,0.06819128794124937
0.4563875434990575,0.0726315831122765,0.3239812717227688,0.1469996016658972
0.2485752779010283,0.06757000480545844,0.3759788603959788,0.3078758568975345
0.2756246963709953,0.40177224280803187,0.06965154397023943,0.25295151685073336
0.03856861997248782,0.6029909273155792,0.10724676151334585,0.2511936911985872
0.1989824349691769,0.034595129637525174,0.21513178225961652,0.5512906531336814
0.47274194653414153,0.0027667542380207777,0.3849100073886758,0.13958129183916201
0.0643897071492468,0.7237199371264726,0.12363395157670432,0.08825640414757616
0.03980939891030284,0.29461572635810973,0.5799878179770869,0.08558705675450032
0.06980361734765596,0.8184508917919036,0.026949667419072412,0.08479582344136812
0.26552321876493806,0.448632677350227,0.14564278020303634,0.14020132368179852
0.5259943565138386,0.0816197852223243,0.2779169873970655,0.11446887086677143
0.5901402677563456,0.14789297050826422,0.005897877153841821,0.2560688845815484
0.03689913606559432,0.784691831734024,0.004478407707850943,0.17393062449253058
0.061778478156674525,0.04818509740644194,0.3282843577033276,0.5617520667335559
0.3452060921393052,0.09340522141149256,0.04144556087389532,0.5199431255753069
0.06158829563933814,0.5538531032777853,0.008936469210672444,0.375622131872204
0.7473844999230426,0.04311370314551271,0.20020125813269402,0.00930053879875068
0.05758669392118811,0.0326066476013796,0.3939161601532631,0.5158904983241692
0.38630656159285204,0.01760123858954557,0.5172149553958763,0.0788772444217262
0.32054543911694033,0.16523079514580666,0.5023724115528497,0.01185135418440308
0.018340343328852312,0.7107770063361286,0.20218566408114397,0.068696986253875
0.0515604863479396,0.57351527357324,0.34839018105251335,0.026534059026307014
0.12740368468758392,0.025886563892690242,0.22092928795858363,0.6257804634611422
0.1441469096608936,0.1493178475310457,0.700437253880182,0.006097988927878769
0.09152213769116432,0.08930876779461323,0.8120043278761,0.007164766638122615
0.041187511693478215,0.08088941769267798,0.3863769918524896,0.49154607876135425
0.18477617996428394,0.6747381841901865,0.03899197231174706,0.10149366353378243
0.5110050644336613,0.39813688450600754,0.07749706757196247,0.013360983488368712
0.03991042955970069,0.19788088886329655,0.1959969563086524,0.5662117252683504
0.6010983690064835,0.08803046165118494,0.038044025542047666,0.27282714380028394
0.0673584952774917,0.4342620838790142,0.07224285769013697,0.4261365631533571
0.07957298865652683,0.4584256673856039,0.34083047509400693,0.12117086886386223
0.011924586142702098,0.3899647861209862,0.05349316292980075,0.5446174648065111
0.07333395375977092,0.392216645538445,0.3530436501721134,0.18140575052967062
0.30406305954804436,0.09201081969035052,0.4154772389659511,0.1884488817956541
0.32441970307745155,0.034831263241004065,0.21701200773091395,0.42373702595063045
0.2755747986139161,0.3999325215433027,0.1671115978463028,0.1573810819964785
0.08517565804106578,0.4664763585836942,0.3985312910767936,0.04981669229844642
0.04992606698661493,0.1760332782733533,0.7359980977536713,0.0380425569863605
0.14218307240331965,0.2701229743337732,0.05132194298986928,0.5363720102730377
0.6052107087186359,0.28601485835538193,0.040433455877346244,0.06834097704863587
0.01755804557140476,0.24420110069847975,0.7212095281995726,0.01703132553054292
0.24036659179080447,0.6147124404349184,0.0062122218657601185,0.1387087459085172
0.11912161841966645,0.0229625765163741,0.7527935873351546,0.10512221772880477
0.5645773151424148,0.1873375499035193,0.16963956713134573,0.07844556782272015
0.24193007865966157,0.055668021102864125,0.3938539949300056,0.3085479053074687
0.05147351691098261,0.6383088939121625,0.16409768838828898,0.14611990078856585
0.04101400254613844,0.40827262579427503,0.3184881641042765,0.23222520755531012
0.07186208505402832,0.19380092150762002,0.031393069628353,0.7029439238099986
0.24806636117603173,0.1017421075552451,0.08703140777031206,0.5631601234984112
0.1327418964623428,0.27929671005809253,0.36112601162534846,0.22683538185421628
0.34170169231314723,0.29231028931954606,0.14837490990045113,0.2176131084668557
0.22780932103047602,0.03251402960877891,0.627045438486688,0.11263121087405707
0.02225775816302816,0.1380664699761664,0.696632314161534,0.14304345769927146
0.059071243093748976,0.024836941477590888,0.7951626556684923,0.12092915976016762
0.2090244433013767,0.28381167755646364,0.05349271615248381,0.4536711629896758
0.12144842032670239,0.29330373247090297,0.2428381507911779,0.34240969641121677
0.00041441870640975605,0.5684638631250366,0.18884297475332248,0.24227874341523115
0.015384857231011361,0.5078513585831972,0.4255011540458288,0.05126263013996282
0.00851190103788046,0.13485941918013583,0.019230239105345784,0.837398440676638
0.12375383115754987,0.01228521918824701,0.5335504146282561,0.3304105350259471
0.07448028373223006,0.19975049385060895,0.5652490537957291,0.16052016862143184
0.4297991725040398,0.07313771408336397,0.4092016186461544,0.08786149476644185
0.1497329403058526,0.4211500973363155,0.37805740186783005,0.051059560490001904
0.05760533125574207,0.5283644882695172,0.2331152154702344,0.18091496500450632
0.23304885357307212,0.32341087204462776,0.046490201303496036,0.39705007307880413
0.1393204264384666,0.1815359852108135,0.16012553832104337,0.5190180500296765
0.0780616623586323,0.6676983364241084,0.048182148376017,0.2060578528412422
0.08816310691585438,0.1413703326239146,0.025587434751921573,0.7448791257083095
0.39149699944156496,0.282205927763517,0.23556580966708152,0.09073126312783655
0.15089275709322275,0.4548879863073511,0.04421571020492514,0.35000354639450104
0.11101860075541647,0.05602847970741809,0.3897010269046276,0.44325189263253795
0.06423018818046068,0.08470469753992275,0.7576194301091074,0.09344568417050905
0.5962998334141699,0.19360961947963728,0.18408518520306816,0.02600536190312468
0.32192909952246024,0.04138943837768188,0.4424381026827558,0.19424335941710205
0.409331203613689,0.07193716925637102,0.4669327365331908,0.05179889059674914
0.34446956851630905,0.0014805450098952203,0.3223907351232211,0.33165915135057455
0.5736280747687602,0.06365574952886287,0.24054082357334716,0.12217535212902979
0.4410225605655168,0.09711904258572714,0.4493648543742219,0.012493542474534169
0.23513018990979032,0.3989049375884992,0.33434319481475927,0.031621677686951205
0.25570649539835877,0.21832390852728034,0.07937366551044513,0.44659593056391556
0.014145366718437451,0.5112949675081291,0.4047071796700658,0.0698524861033676
0.10248258439687465,0.5984795106191937,0.10089986521273123,0.1981380397712004
0.41377437889656266,0.5481938115407172,0.029986004137451342,0.00804580542526874
0.2803263093164512,0.47111292236185054,0.23779951348532896,0.01076125483636927
0.033632942290702496,0.45961109728643973,0.32095951692949704,0.18579644349336066
0.02401793372085648,0.12921447546241274,0.4825240055215567,0.3642435852951741
0.41933697679326803,0.004507735152740425,0.11977262078965868,0.45638266726433296
0.045234782796073986,0.08339822321713711,0.6566148575957685,0.21475213639102042
0.613012314424986,0.10299114835206122,0.07277839268926449,0.21121814453368823
0.050265800747361485,0.19372655631324553,0.36696356948817416,0.38904407345121894
0.06900029682224361,0.7303963376504626,0.15481993241876926,0.04578343310852454
0.18849372608123588,0.08368335376469821,0.44990293464351827,0.27791998551054764
0.32148242025369267,0.10952310943708554,0.11220222515195158,0.45679224515727024
0.4500705049204733,0.032778732110980126,0.2662865245153286,0.2508642384532179
0.497621874719319,0.027124776224590995,0.06755268118810981,0.4077006678679802
0.3468622755750333,0.2897398198336511,0.0697552467957313,0.2936426577955842
0.025836784252722754,0.7465200636686119,0.10458384201188338,0.1230593100667819
0.19290690301992683,0.012888834245103219,0.4003273514428157,0.39387691129215413
0.18129770447955093,0.06667888358684851,0.4503838811900065,0.30163953074359406
0.20038182513566122,0.18284306614181017,0.05227784028512184,0.5644972684374069
0.7231029566889783,0.2340425915228969,0.04180157922599478,0.001052872562129923
0.21597986379317025,0.15879902481206457,0.03710529001487707,0.588115821379888
0.06550632194605764,0.1191217835475584,0.694393422199141,0.12097847230724298
0.41556112734161815,0.09385322649547041,0.27181614659144215,0.21876949957146927
0.02967933007665513,0.8072541377661779,0.01468200247098767,0.14838452968617927
0.2316841372329643,0.3118870777657594,0.19805690435908205,0.258371880642194
0.07120927303264232,0.3079749801838447,0.3812669292190409,0.239548817564472
0.28503767153815784,0.6041805022884538,0.055587070142951944,0.055194756030436436
0.2546880696500966,0.0011468758629461448,0.18634732105024837,0.557817733436709
0.24819607094289875,0.07255285031908891,0.39411182245237547,0.2851392562856369
0.2313499087418449,0.33065688945247274,0.3963726640487774,0.04162053775690505
0.3709282257549024,0.10324133192977027,0.39720626420929617,0.12862417810603113
0.10812124633278689,0.6758047865164527,0.20337221667131525,0.01270175047944515
0.08202401872815174,0.45259355479911795,0.19997124850003237,0.26541117797269786
0.48438270017925067,0.29570337898201016,0.18670103754791986,0.033212883290819305
0.33416405423291756,0.15719076224517348,0.1242362414208005,0.38440894210110843
0.03307908130013722,0.7618234952319497,0.06075436149481826,0.14434306197309485
0.33071534115421497,0.2085298401169072,0.44442301397833334,0.016331804750544396
0.2544829815722801,0.05747275215933297,0.5607172473839295,0.12732701888445747
0.2654595997013315,0.1399086347817543,0.06601848399235007,0.5286132815245643
0.38916195185260366,0.0649861744309868,0.07744880807569068,0.46840306564071893
0.26742338140073063,0.15816886936652788,0.4517859562721919,0.12262179296054967
0.10086384590634395,0.6942718553315752,0.03642777629321778,0.16843652246886304
0.12163830952211417,0.33884509391705586,0.172982057633363,0.3665345389274671
0.15543088999773536,0.12423918005850858,0.7033937676376857,0.016936162306070483
0.35883078154469006,0.18678915538103003,0.3551914970824427,0.09918856599183729
0.25077372126251735,0.10046417128080465,0.6315414290473638,0.017220678409314134
0.30353112161725554,0.14817579105510822,0.12221053670011978,0.42608255062751643
0.07776759659251549,0.3399821169572901,0.47913302984952505,0.10311725660066944
0.19391710882616106,0.30708983972093934,0.23235693403367141,0.26663611741922827
0.13017625684392461,0.6419187569357474,0.21694194157547791,0.010963044644850137
0.028351699972780885,0.43784168559659464,0.051899258207594556,0.4819073562230299
0.17075611370907315,0.2223625114199924,0.3854603844453968,0.2214209904255376
0.06715333246621309,0.019672261793395,0.8857334916117844,0.027440914128607417
0.008575655790538346,0.3193000530416581,0.0334753876016548,0.6386489035661488
0.6380740429933061,0.03555337797312227,0.13191926118144964,0.19445331785212205
0.28757825184373,0.25968435386625965,0.14054822355545485,0.31218917073455554
0.14728516957698,0.21769479886736826,0.19960177751122113,0.43541825404443063
0.2655730046855363,0.24739884408435078,0.42281307351961006,0.06421507771050282
0.09573205741316107,0.23259672651389618,0.6003196968238237,0.07135151924911892
0.5787010670516292,0.06499172262739152,0.2728077816898126,0.08349942863116676
0.04868399705526275,0.051077087224209686,0.07274589024040175,0.8274930254801258
0.5983517328893533,0.028803430950699472,0.17672656455371358,0.19611827160623352
0.00870990903835168,0.5176246357745614,0.04795603248122327,0.4257094227058637
0.11124777280966068,0.6343996085130933,0.018127647252851736,0.23622497142439414
0.3123951808032418,0.03991192380592207,0.10634426218720185,0.5413486332036342
0.13982060700111487,0.0942915277949181,0.4574469485461229,0.3084409166578442
0.5694358726582621,0.08722151642372479,0.09191086165835118,0.251431749259662
0.0007034187704553322,0.2973033147150662,0.07168990313510468,0.6303033633793739
0.069533291646027,0.08589051777619591,0.7588041632295303,0.0857720273482468
0.22581335088563242,0.5892850015558103,0.16760206578865236,0.01729958176990481
0.25290764328265536,0.41908037011061017,0.28879897040850455,0.03921301619822987
0.035439643468619136,0.17902060629961847,0.27922628236734703,0.5063134678644153
0.21383858414001905,0.2179522809126642,0.07811392212190638,0.4900952128254104
0.17024314127597417,0.1856510187544961,0.3152080044699119,0.3288978354996179
0.0313479619561383,0.6123147083096201,0.2566664511412198,0.09967087859302176
0.17608719070777076,0.35500062431842894,0.3582524852254402,0.11065969974836008
0.008291369055167612,0.2896204305013142,0.4670057403687223,0.23508246007479594
0.141812871487267,0.35418035675664455,0.2713957524535726,0.23261101930251576
0.1013156203752539,0.016910548202805662,0.1736710931639007,0.7081027382580398
0.5902460906488047,0.06063254828939363,0.111913555773296,0.23720780528850563
0.29333718958868665,0.05696178464790242,0.32485934171163683,0.324841684051774
0.0052206963352830526,0.015459930990576373,0.5746776353956125,0.40464173727852804
0.22402735154340003,0.3028342465292157,0.357607951598193,0.11553045032919121
0.1798641142149697,0.5379668034558773,0.19398940898304273,0.08817967334611036
0.5565504291367326,0.06023033580957957,0.18401890480034264,0.19920033025334524
0.08257967655253366,0.5577019639818901,0.10795057325911316,0.25176778620646306
0.11377749308657352,0.20664725619650298,0.6536136041585836,0.025961646558339917
0.12572691641673958,0.04382911005358373,0.055231484861156775,0.7752124886685198
0.45962991454149105,0.05891527618007625,0.3267216012112601,0.15473320806717256
0.02862113289277256,0.41646320742590925,0.36165203235046417,0.193263627330854
0.20851284438956266,0.17336180674598198,0.3350736304723158,0.28305171839213955
0.27137863542974033,0.2120722650958023,0.4777252787290208,0.03882382074543664
0.4276467355760279,0.04062566115272206,0.5029577614649817,0.028769841806268494
0.23204511739968037,0.10287396717244567,0.658705650760385,0.006375264667488935
0.0315163521273077,0.31483402121352455,0.11527340966150257,0.5383762169976651
0.06420325417392467,0.08453806232206369,0.3933201419469841,0.4579385415570276
0.32890381560942045,0.33950438065138183,0.2586762958729333,0.0729155078662645
0.5390137993219039,0.11631874060073238,0.24676418491306676,0.09790327516429703
0.29186920982771647,0.10992666897803278,0.04682475572688787,0.551379365467363
0.1542237166066118,0.25191014350419144,0.5791436636549585,0.014722476234238311
0.1552022023946943,0.17326507217569834,0.03723381893524233,0.634298906494365
0.2505208418097045,0.054774503830817514,0.4518704743593813,0.24283418000009674
0.045017589804888056,0.3111853769935845,0.3358019007065471,0.3079951324949805
0.7711634949310852,0.07621290256348454,0.14292912510546674,0.009694477399963502
0.5332988865114172,0.31086700211381607,0.1433856523325501,0.012448459042216644
0.01546092575467198,0.26664352766589916,0.22214181723547652,0.4957537293439525
0.46697213479702876,0.32587885899318714,0.13525090794417183,0.07189809826561233
0.049924820628351144,0.14629008635606805,0.7676831914171617,0.03610190159841924
0.1560465621181767,0.004269398379687623,0.7694846866049135,0.0701993528972221
0.08876167315327246,0.027920470258706764,0.11747824024098985,0.7658396163470309
0.7062443338201808,0.1891710360448483,0.007090812990256145,0.0974938171447148
0.5859180200010602,0.14297639153869054,0.007997649961578384,0.26310793849867065
0.08756663296316623,0.47144029977654384,0.16773125620609663,0.2732618110541932
0.20694647415677941,0.08918741206680642,0.651030619189367,0.05283549458704721
0.26403354909962773,0.5184151944782105,0.015142028832777033,0.2024092275893848
0.24305821724094698,0.0858926223311918,0.41391422056974136,0.25713493985811975
0.27554581521373384,0.39472719122330174,0.2120848185202582,0.1176421750427062
0.1229323942862877,0.10776091871480566,0.12902268362173927,0.6402840033771674
0.5784738934969316,0.04360164390522101,0.22164051412717803,0.15628394847066945
0.6484112174881781,0.08795221085827422,0.16066882097084445,0.10296775068270345
0.5519555007733672,0.29451844115397385,0.13269539814021203,0.02083065993244699
0.014238945876175219,0.3055014651879597,0.13166807415046922,0.5485915147853959
0.2357719874064395,0.02245185962035218,0.4874551572507428,0.25432099572246564
0.053603637169484276,0.3020479502966131,0.48342018428825617,0.16092822824564643
0.37470138397494973,0.14176664605012407,0.15499624338618634,0.32853572658873986
0.44115547509400527,0.1498820707145863,0.0509639111685202,0.35799854302288825
0.35405614021209403,0.015859440597280124,0.588911166421987,0.041173252768638785
0.4517874398419992,0.08163686323793524,0.29686536366256217,0.1697103332575033
0.47152706048213466,0.08002690098958297,0.4370214469475716,0.011424591580710866
0.42522079684954944,0.2660503716399213,0.02281941767198056,0.28590941383854873
0.015619005468445076,0.13494926600305984,0.5526647608680114,0.2967669676604836
0.008372504937901083,0.5358949328874776,0.010258275117474274,0.4454742870571469
0.0596191185744795,0.29030516699986175,0.09081477691059697,0.5592609375150619
0.310890532280298,0.3734454146179716,0.05749172739807755,0.2581723257036529
0.35088258702250075,0.2071003849467163,0.015078501890987193,0.4269385261397959
0.5675356322465623,0.08352459822057773,0.18500410119278365,0.16393566834007633
0.18229018750814951,0.021524988578241297,0.4053464196882652,0.39083840422534394
0.4359288839951137,0.33835619990693466,0.1900983802900305,0.03561653580792099
0.5076367780721549,0.017280533387705896,0.03452574558082946,0.4405569429593098
0.08400824115449042,0.4610751101119045,0.44376316500118795,0.01115348373241707
0.10212638440702465,0.3395350194574996,0.3283437764399586,0.22999481969551716
0.1435131161223787,0.1026712838008805,0.08284760015690532,0.6709679999198355
0.11714846244167282,0.31293028464500483,0.5306187219935212,0.03930253091980101
0.6235935941661152,0.015437399532936779,0.12593914473931686,0.23502986156163105
0.660289855392192,0.0950685020488452,0.07365700452589173,0.17098463803307107
0.5080088471603612,0.4074140375388986,0.07693824259491823,0.007638872705822055
0.29357876067771715,0.09929543485190968,0.02327733244679991,0.5838484720235733
0.15707082941472916,0.20253823539143032,0.19858872728039237,0.44180220791344826
0.1184470093083544,0.44095703872093117,0.41299461030572276,0.027601341664991813
0.12638604556779723,0.11438176354224479,0.4617344751431324,0.2974977157468257
0.15211662158965672,0.08623471776616193,0.06609195077939224,0.695556709864789
0.561457630997446,0.08443064851488949,0.12610570508851518,0.22800601539914928
0.14786404791420307,0.08456947751629673,0.21141424582870638,0.5561522287407938
0.24220408796509213,0.002502062279272217,0.38592253140330524,0.3693713183523305
0.1516302194388167,0.22589974830033688,0.05842996823320194,0.5640400640276445
0.45825970572191443,0.1774982414342605,0.12805212998332563,0.23618992286049936
0.7641581711368051,0.07392137002609231,0.09761592588295281,0.06430453295414974
0.11564085041306044,0.18638873926912958,0.02593772272274799,0.6720326875950621
0.0009121959921581666,0.11333252999259572,0.3520297333439471,0.533725540671299
0.8520651659714181,0.023883767179713158,0.09716944754917438,0.026881619299694546
0.5937201013651141,0.16673722626598933,0.12090382365907566,0.11863884870982086
0.19555453639351533,0.009854243894935293,0.14156992458363998,0.6530212951279093
0.03559264310850646,0.00900508998561514,0.9511971869874999,0.00420507991837847
0.1906576901706303,0.2464194307544527,0.35710590973036815,0.2058169693445488
0.39529524621889406,0.18044009744664813,0.4056409817954299,0.018623674539027947
0.47199579003517295,0.2793827427195901,0.031158120911479705,0.2174633463337572
0.1811624870929956,0.22166901371535988,0.5846860323083596,0.012482466883284951
0.46519176106665167,0.20172696447282293,0.3148871313897023,0.018194143070823184
0.3891910520020631,0.41272682067292876,0.039986121064564804,0.15809600626044337
0.5428440525207725,0.2238560157695937,0.05190691011164927,0.18139302159798448
0.2158470227044269,0.26931734193691326,0.24141172154383786,0.2734239138148219
0.04921475972330616,0.8097820152599557,0.06384063608456539,0.0771625889321729
0.01823892704877213,0.5316726917983782,0.1263615136215151,0.3237268675313346
0.3153756775160882,0.33763556125413213,0.1360264887906574,0.2109622724391224
0.3656957323798438,0.027627652296831312,0.47791089815721677,0.12876571716610813
0.047786281632233606,0.21950745612758552,0.6219108680352052,0.11079539420497575
0.3725460136806095,0.5193774962255346,0.0101877849980344,0.0978887050958215
0.0028191624437487587,0.1620821101814404,0.6018623445796926,0.23323638279511832
0.4808892198524184,0.3726196117017509,0.03355392974740306,0.11293723869842767
0.08216543387767998,0.048109415629480165,0.09837586244908911,0.7713492880437508
0.2469933542581725,0.6240099960211417,0.10547455577904746,0.02352209394163847
0.10955225893258033,0.28176621465841767,0.3155565547006104,0.29312497170839175
0.45921962990945864,0.2579456654685447,0.07494665385323888,0.20788805076875785
0.08458062358113168,0.7225050883501606,0.10350593640153877,0.08940835166716891
0.3123774438039525,0.4597624343469735,0.13338153550508827,0.09447858634398566
0.11676527913078995,0.32527642123502143,0.48517348567061824,0.07278481396357037
0.23942970729672652,0.21529809663129154,0.25691998837537716,0.28835220769660475
0.07369537645899914,0.5172762391349168,0.15463734722518696,0.25439103718089706
0.3445478397646592,0.4976734922352439,0.11054241504972641,0.04723625295037067
0.09932219867049359,0.7733601327448619,0.07586209719354825,0.051455571391096334
0.09143908460317383,0.03331318307792594,0.008576769034172595,0.8666709632847277
0.07738532229772642,0.5450468487866109,0.085777546458875,0.29179028245678756
0.01574728245539832,0.7388331951434783,0.08456149942062031,0.16085802298050306
0.6828376993870735,0.04442081937396026,0.09719131688626878,0.17555016435269766
0.3132056697833216,0.4549931330940871,0.16563841551460548,0.06616278160798589
0.2876390500467885,0.11621601214574402,0.3592252100215574,0.23691972778591006
0.1735011861737151,0.23854479412274862,0.3815620776880404,0.20639194201549574
0.06990215660873811,0.5963576795563748,0.17993115450495847,0.15380900932992883
0.0702685270699842,0.4532414756870118,0.3836803096198136,0.09280968762319028
0.011050345196411387,0.7088775980325845,0.027852546767778916,0.252219510003225
0.0838147726757689,0.4224852411687199,0.25130479875535633,0.24239518740015478
0.8385905057073963,0.07037663492222579,0.0006069497821289278,0.0904259095882489
0.5109444539136438,0.29062373522063945,0.06512283736905305,0.13330897349666362
0.732175898976859,0.00020831453279763758,0.12064179039362548,0.14697399609671805
0.11393032677038209,0.0588244003231681,0.4285448422711558,0.3987004306352939
0.1422342358899241,0.33914501523209906,0.10799898053062257,0.41062176834735425
0.6845254835091954,0.034084857808137504,0.17299195836525288,0.10839770031741422
0.49700246240013696,0.3156735881713933,0.14393900914316848,0.043384940285301245
0.04123139768798564,0.014248234473692084,0.6298651047359768,0.31465526310234543
0.1808657517307501,0.04642067278055833,0.5195185577360781,0.2531950177526134
0.405472248512092,0.3138678457895056,0.2510841359384907,0.029575769759911576
0.17442600583551685,0.3517955083148482,0.25706135688726356,0.2167171289623713
0.33780322125721696,0.03946168396812436,0.5716369402697177,0.05109815450494115
0.08895245823494846,0.4164387297659716,0.35947528457405525,0.13513352742502469
0.25163746026341527,0.0494013453621502,0.39311927886760645,0.3058419155068282
0.1282748217201085,0.13554746020063121,0.5211138378822606,0.21506388019699968
0.10340374526040064,0.0015700832023358075,0.8372882814573765,0.05773789007988692
0.29722570257322883,0.22051063406703184,0.051403869069341794,0.4308597942903976
0.09819398943195752,0.03801347474762662,0.7516658566289265,0.11212667919148948
0.22428993415563736,0.21964757304319799,0.3980644480173322,0.15799804478383253
0.11611913106184316,0.3394255599175862,0.04135980745184325,0.5030955015687273
0.32126556552402485,0.19870317655070158,0.045086922992551376,0.43494433493272217
0.2565990696205598,0.0360832832590824,0.6356512640168036,0.0716663831035543
0.06235000169040738,0.28439105786988583,0.11678706826416575,0.5364718721755412
0.07094926197345934,0.5508007674466309,0.36860022246722174,0.009649748112688133
0.026346277849804,0.6438471239601136,0.2576871355916529,0.07211946259842969
0.05463178096234553,0.6148025246699039,0.23695997399310795,0.09360572037464261
0.3879185820255307,0.010119263571535558,0.4764109349084446,0.1255512194944891
0.2224301205461645,0.6386492138160084,0.024865393170105766,0.11405527246772144
0.26924382183374995,0.15839493578241523,0.14581378363916261,0.4265474587446723
0.3703251229399979,0.5428581267054008,0.016959489132153116,0.06985726122244804
0.30705559023532636,0.3673497570207066,0.21794668602580844,0.10764796671815874
0.2772682638583866,0.5169937693972289,0.04161950994082782,0.16411845680355677
0.03030211779667128,0.11099846157438331,0.8088187614938174,0.04988065913512798
0.42311623335350046,0.2679901501873056,0.21127388367511768,0.09761973278407618
0.011796537650696529,0.3770163259441487,0.16957882769651159,0.4416083087086432
0.2405463367839173,0.22957316801206343,0.3592539033716448,0.1706265918323744
0.0971582996138355,0.6675261655229308,0.11899377918668667,0.116321755676547
0.35939848916401335,0.3880318718102048,0.11711054051711182,0.13545909850867005
0.06506781805853856,0.6656591221518684,0.17024588677466326,0.09902717301492979
0.7501946932369346,0.2220526613511859,0.015025304576171935,0.012727340835707618
0.06568319922810656,0.0015943862176269062,0.6152906645423113,0.31743175001195517
0.0848461460445843,0.13920139501675452,0.4031080998337507,0.37284435910491043
0.6382491785870801,0.13790927144309287,0.20043290381965947,0.0234086461501675
0.29091780227138275,0.2335556896740892,0.37603539167115696,0.09949111638337108
0.5387622104396459,0.3563970353180954,0.06663588889859938,0.038204865343659265
0.5375047522561258,0.05846282876647559,0.20418123585838438,0.19985118311901412
0.3868693773089068,0.011244108555362557,0.45315994189247305,0.1487265722432575
0.14390039560389062,0.27391809070165823,0.486522147937911,0.09565936575654022
0.0006471517475975891,0.38547963798332585,0.3201869312791385,0.29368627898993815
0.09035807595724867,0.3576566634950374,0.5160846279390385,0.03590063260867521
0.3830179856595109,0.1085900575202541,0.5013946219072071,0.006997334913028087
0.10011097166316944,0.2351519722800317,0.38167988714525375,0.2830571689115451
0.007747842493652636,0.868631695935547,0.09891953373358792,0.024700927837212634
0.3309532453760103,0.44156480056529435,0.04913842808038927,0.17834352597830622
0.036193426719377496,0.23950994536221604,0.37573433382378,0.34856229409462636
0.7262279789626578,0.22398984940061056,0.008948929587434,0.04083324204929757
0.2819739880798868,0.3525696499934648,0.16399238540723932,0.2014639765194092
0.33025319729389185,0.32089178356722614,0.17959271137537774,0.1692623077635043
0.0013184857433312439,0.7040306904719134,0.19984494067788736,0.09480588310686809
0.20621840599659141,0.5418765192003854,0.0891956589979062,0.16270941580511694
0.4102393292978579,0.3201264033595008,0.07474372167456396,0.19489054566807731
0.6012878349081582,0.3636128976331611,0.026672226453017228,0.008427041005663471
0.5528560591336994,0.16548780756196316,0.22923697722792866,0.05241915607640881
0.2210897225664301,0.15995302103032236,0.1663634328765405,0.45259382352670696
0.02937555611051331,0.13777994411423022,0.7556946690534001,0.07714983072185624
0.20120577737850845,0.21908100431483776,0.474964738146802,0.10474848015985185
0.09827254095868626,0.323383735155528,0.4080423111447633,0.17030141274102248
0.03135190063987475,0.19238230426749273,0.11282609486519325,0.6634397002274394
0.15304298580470665,0.4271246064040903,0.38931772651243507,0.030514681278767976
0.29097487291104474,0.15583817378818937,0.13432684931458874,0.418860103986177
0.20934024160358972,0.25218780228080745,0.0960950837885908,0.44237687232701217
0.11271219146159721,0.3524143285365914,0.5119118371370064,0.0229616428648049
0.02059928090792692,0.4296665577543406,0.12389470833752624,0.42583945300020637
0.1411744087263411,0.15111674287571714,0.2699220910631765,0.4377867573347654
0.17316708525475671,0.34278933680398066,0.026597973230383147,0.45744560471087936
0.3859579398622398,0.006134350232149072,0.10967034372436134,0.49823736618124986
0.4983190724314757,0.057950258454548986,0.43811706537056055,0.0056136037434147985
0.06085935187005347,0.0493993038186654,0.2881764029259194,0.6015649413853618
0.09616022363040964,0.4624569745667163,0.12571778269007228,0.31566501911280187
0.412116328004573,0.12183280903301619,0.25922007518641393,0.20683078777599706
0.33526969607948703,0.31116618555285463,0.17209936048209476,0.18146475788556368
0.3286507606446456,0.6505553665323307,0.002141759569847464,0.018652113253176242
0.2866250538864998,0.2958200073001927,0.37094164988984135,0.04661328892346634
0.010299231570379746,0.18161271560765582,0.18023274326577654,0.6278553095561877
0.18942002202612876,0.37610197886330765,0.43009636423451864,0.00438163487604517
0.22631841767526523,0.5470655984549821,0.15620817523478092,0.07040780863497176
0.7235769290859433,0.19980143383258478,0.04075034763748302,0.03587128944398917
0.38516869306382445,0.018738574871622275,0.12429673766081156,0.47179599440374176
0.0856950427373264,0.04082970963262066,0.37248791932360725,0.5009873283064458
0.1826477064933471,0.7202730064986602,0.09081135740684936,0.0062679296011434
0.2842376989233789,0.3563913753159931,0.10803085797691683,0.2513400677837114
0.0689326018073946,0.3316222829384054,0.2673918423623286,0.33205327289187153
0.02534324529496381,0.24363441575794545,0.5186358700770906,0.21238646887000026
0.03870885936883881,0.1110454235399607,0.6920480171961494,0.1581976998950511
0.35828640906167275,0.15656352845432386,0.01648610417416197,0.4686639583098413
0.04907388365212495,0.031198243420433255,0.6651159070349255,0.25461196589251633
0.5248957061624557,0.13971100713301057,0.06983143647820868,0.26556185022632495
0.14523067281111227,0.3515753620509901,0.41900884199427074,0.08418512314362685
0.09740218790494633,0.07260367775945352,0.6392119331198128,0.19078220121578734
0.006237806245289092,0.199236362309078,0.3313048433095466,0.46322098813608625
0.06876711800386004,0.36892774624914193,0.46539811011124993,0.0969070256357481
0.3692520896202971,0.158621132553379,0.23390336059741457,0.2382234172289094
0.2946536470706715,0.05488002940611725,0.2624604389618241,0.3880058845613872
0.30128212150419387,0.029209487828901832,0.09951320780425175,0.5699951828626525
0.22170038676130566,0.07246303340303077,0.3770894551952776,0.32874712464038613
0.7744885967874059,0.028744581713726007,0.06438501027175038,0.13238181122711773
0.2940343795416212,0.41004641213563653,0.1776247472023853,0.11829446112035703
0.368217922465486,0.2723465388352405,0.35663688014636064,0.0027986585529127406
0.4223275069412125,0.07114476062766553,0.02925024962880172,0.47727748280232013
0.41120898123528693,0.5482406409699815,0.036720941921743105,0.0038294358729884874
0.2651291237634628,0.12230911331656347,0.3970845470795209,0.21547721584045293
0.31881321799743373,0.4151565438543493,0.07789864138045414,0.1881315967677628
0.0812388700957824,0.6260146441459096,0.1418794501843247,0.15086703557398326
0.6793068448021058,0.2571413559720141,0.014673191243526637,0.04887860798235326
0.28031417603013226,0.13974930209349415,0.0628779960028404,0.5170585258735332
0.10653171562028795,0.40208849353185183,0.17104713274943464,0.3203326580984256
0.32102726025710326,0.014246643570669905,0.35908887285630364,0.3056372233159233
0.2060745196002365,0.6182337032154206,0.14733818410279514,0.028353593081547807
0.1830641977395103,0.673737164631746,0.1398272542395581,0.0033713833891856415
0.19944160702756894,0.09401478491004021,0.36679306440166826,0.33975054366072266
0.2423217143823901,0.16856753106307792,0.4182955991915894,0.17081515536294267
0.20654221783119434,0.09587995164855871,0.4171830852099706,0.2803947453102762
0.28349187173353835,0.36716360663051417,0.18008171833420875,0.1692628033017387
0.10465540412591667,0.12637431184051806,0.3610996334375993,0.4078706505959661
0.25944177219913345,0.5005830768884698,0.08420174360661431,0.15577340730578243
0.2158998039334202,0.06891351519991229,0.3860379450925015,0.32914873577416603
0.08640988888670341,0.39907879316707473,0.1196966035045385,0.39481471444168337
0.030463769492649936,0.2406989400489745,0.1609316039091903,0.5679056865491852
0.44606345888654264,0.19472013706909866,0.20055401722983696,0.15866238681452172
0.5105257514546743,0.17250325369405778,0.25061213489762224,0.06635885995364574
0.19617247467137439,0.25974560861962687,0.4376788431580338,0.10640307355096491
0.30322117746594046,0.09616136850304537,0.49119593115263027,0.10942152287838397
0.4091303134624208,0.09306415025771288,0.1848587508358343,0.3129467854440319
0.05968757186920502,0.1139525483533488,0.7702357601739903,0.056124119603455896
0.10041611446580896,0.16665896247645795,0.01299758289449955,0.7199273401632336
0.0004120037177561109,0.49011855951803085,0.33903462021770997,0.17043481654650292
0.1834423028196402,0.1913466406251137,0.5439533193426858,0.08125773721256029
0.24929671938652923,0.2243487365531616,0.4734724213511839,0.05288212270912535
0.1489232364603378,0.11716909320622793,0.40593036531988924,0.32797730501354505
0.3561385391128692,0.30085005596728376,0.10499148253942418,0.23801992238042285
0.11838235464145395,0.02099091536469038,0.7802225812200085,0.08040414877384718
0.5015424859183466,0.005052653562217487,0.3400656452728094,0.15333921524662653
0.2181194433612394,0.014766805532828565,0.37637632831108686,0.390737422794845
0.33675682189702605,0.03195812425953673,0.5465805923353967,0.08470446150804048
0.25175584337425605,0.06857974807068264,0.2673487270995018,0.41231568145555947
0.228273329518874,0.3792443424171663,0.08645464071181916,0.30602768735214053
0.15052564218035497,0.4476976172718495,0.008425574498922558,0.39335116604887305
0.15273771996509625,0.2952270764836627,0.5001899288692222,0.051845274682019
0.7182005200289229,0.14215369456911917,0.08281685861383101,0.05682892678812705
0.29963426508192104,0.030904263076166245,0.12433555299560241,0.5451259188463103
0.44377697645466924,0.27190183834674825,0.13135948115421414,0.1529617040443684
0.004957916389798319,0.41386524663830265,0.11034985977920386,0.47082697719269506
0.317691159939585,0.10771008740891952,0.12644933635503236,0.448149416296463
0.0375380224417122,0.1314554170229441,0.6513742922534592,0.17963226828188464
0.01078268988153986,0.5199757753228603,0.16423731749488843,0.30500421730071126
0.3934410918913611,0.10298850610220779,0.2826969228482396,0.22087347915819147
0.15448298303838506,0.04898760929699548,0.5489444281502828,0.24758497951433667
0.10567110791857283,0.08676952322638122,0.2284550434827752,0.5791043253722709
0.03937458030914397,0.16610694048758784,0.39840907724552155,0.39610940195774663
0.19970098426161048,0.5095633358172683,0.07566135900582556,0.21507432091529557
0.10687012184544054,0.17616301481320343,0.17968816200210738,0.5372787013392487
0.0337470714701983,0.054302013346372656,0.5378941105092804,0.3740568046741488
0.2848886894231137,0.5936607801665708,0.04650602430202022,0.07494450610829533
0.2773567428327948,0.0015828257338860033,0.35525665203208406,0.3658037794012354
0.3786915316509374,0.2082602251773578,0.2007771221590357,0.21227112101266907
0.22354686774814247,0.47820429829399896,0.14855841565547623,0.14969041830238222
0.38608422503802253,0.18628555955322437,0.3534297753241976,0.0742004400845554
0.10239556447766826,0.38268078755096435,0.25029299166715646,0.2646306563042109
0.5747567572081457,0.14802429908158857,0.09829651319687023,0.17892243051339568
0.18304895740367605,0.2959629319161692,0.2515960103486236,0.2693921003315311
0.012377057459457119,0.6007082595089214,0.31470076641754907,0.07221391661407259
0.16659000395076645,0.5434065074859366,0.22123215377624209,0.06877133478705502
0.13428616452083786,0.4109968403055723,0.18950652496846557,0.2652104702051243
0.1334544142981566,0.041683626119179654,0.7354419521620682,0.08942000742059548
0.130881870626682,0.28873241065583954,0.5170752053097084,0.06331051340777001
0.050527446897438356,0.3959009064667425,0.15592638499389117,0.3976452616419279
0.40015204676430277,0.01945068537389971,0.36347565121163034,0.2169216166501673
0.23717684567365377,0.4151829195066387,0.15637484474886337,0.1912653900708441
0.24498823946523104,0.19739850613077561,0.11790996727539765,0.4397032871285957
0.34608792397410487,0.49667863399804396,0.014216572043017609,0.14301686998483362
0.07361927960603372,0.23863921368840837,0.6013086394825088,0.0864328672230491
0.11861801679097404,0.16993240538140333,0.3458386053226082,0.3656109725050144
0.4547956373701504,0.07400529754407806,0.1715892843758823,0.29960978070988914
0.5846263442965963,0.0020647032453734895,0.299848802637054,0.11346014982097635
0.35107504112795307,0.015760072358863054,0.3466962146028113,0.28646867191037256
0.4622582525432162,0.11939711690857831,0.003017159036116936,0.41532747151208854
0.6246935670878575,0.07661661372281951,0.032130764443673694,0.2665590547456492
0.2631614780656322,0.343199412723011,0.09215520712154178,0.3014839020898151
0.10257990831912751,0.012109759445000114,0.3835957705086588,0.5017145617272136
0.34424690243673695,0.12807780803297558,0.2051460993652255,0.32252919016506204
0.20228752206135545,0.030880028228750963,0.32112303130719166,0.44570941840270195
0.41221058427872037,0.14784755116957451,0.18734407651825527,0.25259778803344973
0.5301946540379807,0.058189451464722305,0.2521902125667389,0.15942568193055806
0.06266262592854231,0.41377642446947965,0.40844734881295114,0.11511360078902687
0.6181888812586762,0.20530201996263972,0.08887106759771231,0.08763803118097166
0.3110641436708659,0.003195443703477389,0.4618096675930431,0.22393074503261354
0.4286697202973046,0.24908173410736198,0.02162682620943012,0.3006217193859033
0.3339632944063802,0.42687173220660846,0.03642484540559015,0.20274012798142121
0.16277503014536213,0.0038350229861576464,0.6908963690586842,0.14249357780979585
0.044329387983446336,0.03691268096572327,0.2894443865214206,0.6293135445294098
0.6484237209479937,0.1493550430146435,0.12510829993071237,0.0771129361066505
0.26467419948540943,0.3050730973424175,0.25602724543456484,0.17422545773760809
0.06041372055600786,0.27965319610353456,0.2574363438544714,0.40249673948598624
0.4456840498965015,0.1593161858756222,0.28545592185336877,0.1095438423745075
0.19199653330345948,0.014920271960417912,0.46234768453202457,0.33073551020409814
0.042281698063671776,0.15924092719118565,0.4739083496003882,0.32456902514475433
0.010034894051231773,0.34487132772618556,0.29070533994884784,0.35438843827373484
0.04377789241261578,0.6377790565707583,0.31551807518765557,0.0029249758289703657
0.061159353468314664,0.14601117640498332,0.2916495865344853,0.5011798835922165
0.052266606076636614,0.7515151319289773,0.14619931181879167,0.05001895017559435
0.30847025525133154,0.1636845269126883,0.0488393953719985,0.47900582246398166
0.27112300059807654,0.018273436422738227,0.11089330446695514,0.59971025851223
0.0365940319518377,0.144300292847458,0.24308685280402395,0.5760188223966802
0.12049422946237433,0.14927911011945844,0.6223811066926164,0.10784555372555082
0.026554948595771177,0.12171729864487178,0.01073888087171443,0.8409888718876426
0.17202307336571648,0.41882357476600446,0.0189068145479289,0.39024653732035014
0.4145027238220383,0.40207891849998584,0.07025980499674758,0.11315855268122846
0.3199735997832413,0.16880317425614721,0.36588309154322435,0.14534013441738727
0.4543795151841099,0.15746693667920933,0.38430306807363795,0.0038504800630426088
0.8257186729967593,0.06815162818453008,0.08311404054413084,0.023015658274579777
0.23144652850984837,0.34158465819834816,0.3394488193626627,0.08751999392914067
0.03642772624589092,0.6533466138606109,0.044908893095131894,0.2653167667983663
0.22729845286433448,0.0390345528856172,0.07776618745410277,0.6559008067959455
0.0779629581057149,0.2316733333730166,0.18525102724630702,0.5051126812749616
0.23482536458359912,0.48468007647603567,0.142231072107356,0.13826348683300926
0.059406033127822486,0.08146013435562248,0.42272882710287996,0.436405005413675
0.12214772448426871,0.3280346724712199,0.5352596621810303,0.014557940863481163
0.025862429725137196,0.6563957056528174,0.23055689276665073,0.08718497185539471
0.30356323555171577,0.12278529136262736,0.010203861953751961,0.5634476111319048
0.20597699259457822,0.5891035118257899,0.1435113181361186,0.06140817744351341
0.07729088132937782,0.6737842049004769,0.2057123745344512,0.043212539235694104
0.10446426358080314,0.36041526257742834,0.39586984344959353,0.1392506303921749
0.6156058469942813,0.2765225152493152,0.09820015907731738,0.009671478679086087
0.24468887588204571,0.0967055702566233,0.49395701150783805,0.16464854235349283
0.3512223994358131,0.29871566789790577,0.18164704866860512,0.16841488399767593
0.10741408231302886,0.11699906813146246,0.33470681491751286,0.44088003463799597
0.08171195667644036,0.15750734939112254,0.34673690232799037,0.4140437916044469
0.03488517794765845,0.45019213995735363,0.17554872686357567,0.33937395523141217
0.2847842980834313,0.03940096320367457,0.023858280512049957,0.6519564582008441
0.2437759677261765,0.11587832986618928,0.503192172804751,0.137153529602883
0.02478428493799997,0.10305136926711843,0.8215040382754166,0.05066030751946496
0.23508976694896314,0.45509899903012574,0.1591772485654203,0.1506339854554909
0.3602997769400134,0.021326689539789827,0.4173968190345609,0.20097671448563575
0.32765466996518466,0.36267797466795504,0.01118129199290562,0.2984860633739546
0.355799878589284,0.23153032330965245,0.2053141901533679,0.20735560794769556
0.5358386449575273,0.05970868785281673,0.30646297240300135,0.09798969478665455
0.00016375958772665153,0.08111869809069804,0.7226189333643215,0.19609860895725392
0.3120975003960675,0.3373915159602875,0.11117284625761542,0.23933813738602971
0.07359273340969417,0.13740572844940266,0.5482348888761969,0.24076664926470628
0.04356245366364042,0.5475432843233798,0.36114159815861635,0.04775266385436339
0.4313918001094611,0.08362860462228408,0.43025344138245897,0.054726153885795846
0.0035473221987464966,0.29836069325513603,0.3119015849182842,0.3861903996278333
0.7200765937560392,0.12540495902001658,0.035744560042263535,0.11877388718168093
0.03335641792374953,0.05458325311107742,0.7633247686303927,0.14873556033478036
0.1690122704071422,0.3787146141720739,0.27962175861438693,0.17265135680639693
0.42644324709797604,0.08770500645421425,0.08652990126768054,0.3993218451801292
0.23650248788477093,0.20185359577737355,0.0164644389220643,0.5451794774157911
0.067635818713074,0.5942308039723277,0.2528570207127584,0.08527635660183987
0.1773507379518598,0.6945044522587769,0.04597638942805599,0.08216842036130731
0.37954848080745063,0.1320738424706192,0.269689394939748,0.2186882817821822
0.44856583413885276,0.25029902197146164,0.15764216635573006,0.14349297753395568
0.202579130097638,0.1673716240738514,0.06619128485176987,0.5638579609767407
0.7073117499101197,0.03260905394809649,0.1545446334100911,0.10553456273169264
0.3424395306984946,0.3799491159830753,0.16422706070164533,0.11338429261678461
0.12464356902435848,0.057465211395866245,0.43330621152147597,0.38458500805829926
0.3074664578135063,0.020908428571786226,0.15411509178260369,0.5175100218321038
0.019288674547959107,0.29860089661619943,0.14488653322135053,0.5372238956144909
0.03645635281736333,0.2917518188223227,0.2592833964246795,0.4125084319356344
0.2659729226119439,0.37788887633720153,0.2581161730777272,0.09802202797312748
0.10863408894228478,0.6595866418660784,0.23008791811894197,0.0016913510726949607
0.2857175399706674,0.019006493190411776,0.5400491627433676,0.15522680409555314
0.18313244149915256,0.12968701565631294,0.6350064763334317,0.05217406651110288
0.36521444510127027,0.3001208198465815,0.08681878756647345,0.24784594748567487
0.2648383751818217,0.08849152538142598,0.3587509232646564,0.2879191761720958
0.4981217100218809,0.08415950552853839,0.0018047426178779892,0.41591404183170283
0.020875075100438362,0.4213294725509946,0.05259894989461102,0.505196502453956
0.0024067206335845986,0.020865444130348465,0.11012514074532499,0.8666026944907419
0.1376385081038813,0.2224628818132275,0.37551471337418213,0.264383896708709
0.3762889467079844,0.23168011389110463,0.25905841024453613,0.13297252915637472
0.005200239057149665,0.8882822801755889,0.05273596841374227,0.05378151235351916
0.0071513164470415795,0.37681080163883085,0.18945492843918316,0.4265829534749445
0.0693689240033282,0.3593259049453397,0.32553804695810457,0.24576712409322757
0.17577605148966988,0.04269810250500115,0.5713674299378383,0.21015841606749058
0.0822873141228078,0.35179909843873114,0.22724454022685553,0.3386690472116055
0.05041541247912419,0.6246651472609833,0.10936825947923348,0.21555118078065902
0.038857504066695074,0.14795276140759422,0.8045648357221757,0.008624898803534942
0.02897567974469692,0.4734379252543884,0.009825144670372777,0.487761250330542
0.15009196486058268,0.14919532525317125,0.5191560786717987,0.1815566312144474
0.11232504708172197,0.5819985879040798,0.11386936081038732,0.191807004203811
0.4309970303090705,0.4256261716602762,0.014669188215869933,0.12870760981478355
0.3956349295177902,0.1736097931126105,0.3644552758058118,0.06630000156378753
0.4279309184587322,0.2192818682786569,0.35069235118137976,0.002094862081231183
0.3639360017922803,0.0653127811125499,0.02632888667101721,0.5444223304241527
0.0425419841244985,0.39854668986720465,0.5460374410185846,0.012873884989712156
0.07151771920603686,0.16922871652911425,0.6870635894802665,0.07218997478458253
0.0498601364030319,0.16465410879608036,0.0820427480806699,0.7034430067202176
0.07033716247639617,0.291491994638872,0.1396824397531602,0.4984884031315716
0.2860864326489239,0.12160370859746271,0.24734048555462917,0.34496937319898424
0.584460678072801,0.028200574725017236,0.197816677772703,0.18952206942947886
0.03548722578640695,0.7730365131920234,0.023621130035536453,0.16785513098603322
0.2506773496876571,0.11304705532783743,0.2188489236177438,0.41742667136676187
0.6648213967161591,0.03177173922793786,0.08818116312393959,0.21522570093196344
0.4120867256764963,0.43092873232502643,0.1330509574495944,0.023933584548882808
0.02403504520182432,0.26988069042669777,0.3552436920656856,0.3508405723057922
0.013398870115143242,0.05706704013426125,0.8177455521270791,0.11178853762351619
0.06995755279341113,0.10083518010575226,0.5614644855227343,0.2677427815781024
0.14169360347424276,0.6729438086745902,0.032085792436729946,0.15327679541443712
0.20345947409741405,0.03931659010821887,0.5018882190080504,0.2553357167863166
0.24098427069110237,0.3870026280090136,0.1874815063899989,0.18453159490988508
0.48808548729171103,0.014987516203087586,0.3083473497024304,0.188579646802771
0.496962345906424,0.2167347241589605,0.018064231181454206,0.2682386987531614
0.45153653079569567,0.030699181096179525,0.45223025857880983,0.06553402952931503
0.34107909735680814,0.3730732691480154,0.007499780939112524,0.27834785255606387
0.6699962769400843,0.0686546608157107,0.07132465162263596,0.1900244106215689
0.4615646878043566,0.38877370472314926,0.09892266819267465,0.050738939279819754
0.12171058619287166,0.2642043452601622,0.14070017649653493,0.47338489205043127
0.06836031836794929,0.08253301954860696,0.5635534971288052,0.28555316495463856
0.007352061457326149,0.343364839648892,0.32688867379631803,0.32239442509746374
0.2829277703763174,0.3592139603969019,0.05780607678050837,0.30005219244627224
0.1782456000731951,0.04144382523863843,0.33632729428235764,0.4439832804058088
0.3581163146230161,0.1586580637075808,0.4475164206599707,0.035709201009432374
0.43066007414149715,0.13224525034117895,0.18904578656258286,0.248048888954741
0.5541873850767399,0.09027236409228777,0.09684958168525726,0.258690669145715
0.28039929653964607,0.6667149905307311,0.020952545156725493,0.0319331677728973
0.07072042440858967,0.613415049963027,0.15835409441261347,0.15751043121576966
0.04623829425349642,0.25610119169589557,0.0009644062164546458,0.6966961078341535
0.36688810697908186,0.3043819146246077,0.03725282928142241,0.29147714911488803
0.24971367821099297,0.3474236982930883,0.09542245480712064,0.3074401686887982
0.1895970294688594,0.40191605731881863,0.11628694130245167,0.2921999719098703
0.20396635159353194,0.359819925359967,0.28423589703799423,0.15197782600850668
0.06791745765916352,0.383071593139225,0.5425021705337617,0.006508778667849855
0.01086024260599868,0.4951821779007819,0.48536873514529744,0.008588844347921837
0.5788556249870058,0.018489581051599546,0.3879787848087166,0.014676009152678055
0.0761984308119508,0.5009777704965379,0.009864739031807642,0.41295905965970364
0.20564538741284327,0.14929410365123313,0.3664915954148198,0.27856891352110374
0.7924009835151488,0.02762784995322022,0.04297608876647365,0.1369950777651573
0.400618972311476,0.21831322685670895,0.24229820428551013,0.13876959654630489
0.28498209822667464,0.20380686343793636,0.0015671431919681966,0.5096438951434208
0.2634143362483438,0.20340626719466473,0.17145182681240095,0.3617275697445905
0.29618390268699607,0.1289730527386544,0.0688214343757537,0.5060216101985958
0.025406804454729072,0.4716235488149434,0.3990172379520262,0.10395240877830135
0.5263089799366415,0.24255899942921216,0.05443638038385995,0.1766956402502865
0.045566945374702,0.03704202863442542,0.6416813591868231,0.27570966680404946
0.3579586547781348,0.2748255341398692,0.2796414976095627,0.08757431347243325
0.4766108295681327,0.22823803866843484,0.15882292299358847,0.13632820876984394
0.01713180955948866,0.15631813373805967,0.4370288609772774,0.3895211957251742
0.07327273973215213,0.08064034066424688,0.05070303047334733,0.7953838891302538
0.7368288030056371,0.1831283943848775,0.010572083239644082,0.06947071936984152
0.48993668580298066,0.015226132570511568,0.008663223195364883,0.4861739584311429
0.20711209970027455,0.0663959954165365,0.7010702220847425,0.02542168279844651
0.44321503565579184,0.32084397140473386,0.09482137675436264,0.1411196161851115
0.294352357489919,0.35845999003414636,0.21406215303407616,0.1331254994418584
0.3952049480097068,0.1216730572044676,0.0800943422281124,0.4030276525577134
0.7087685301355305,0.14544889647247033,0.01623906688625203,0.1295435065057471
0.5122998766951187,0.17036669757100936,0.23354112297459087,0.083792302759281
0.09188737089665373,0.23094385723768324,0.3354376126505161,0.34173115921514685
0.07944495547205128,0.1909611951440189,0.25948200120506315,0.4701118481788667
0.6464716478461169,0.13210021887649606,0.1844057592756634,0.037022374001723625
0.2124443439525189,0.14974609327359642,0.4490422397185113,0.18876732305537325
0.4289758892104226,0.1871139188540501,0.020827983494765345,0.36308220844076183
0.13247041131965373,0.1665348098162332,0.319036381094789,0.3819583977693242
0.13479196180772096,0.020263396925197772,0.6082100695696468,0.23673457169743428
0.01806596340055622,0.5561889615942874,0.23363332292101968,0.19211175208413686
0.04088765497308125,0.7899805477071814,0.035501174848708426,0.13363062247102875
0.1451167398344612,0.15542305327072367,0.2617670709778839,0.43769313591693143
0.07030441531033794,0.023081192809819157,0.816016381964201,0.09059800991564189
0.12341253074564616,0.325241491135563,0.24892062407319632,0.3024253540455946
0.14940748159877904,0.0851773545328352,0.2342402744718067,0.5311748893965791
0.03304669256341215,0.24163713959921426,0.5167009834377947,0.20861518439957888
0.3610633341088504,0.08741451417220465,0.4306927851934805,0.12082936652546453
0.2344548956434805,0.5236040434812064,0.10683117907613773,0.13510988179917535
0.01833656315692478,0.62482355586401,0.19010942407522585,0.1667304569038394
0.239511391860306,0.14561753158065796,0.4636114296480782,0.15125964691095792
0.08762783806917918,0.19724654902121905,0.36921411149537137,0.3459115014142305
0.06064241178982311,0.29324258093885147,0.6008733388081445,0.045241668463181055
0.8035468250179987,0.07766844261544281,0.027203896681728894,0.09158083568482969
0.18652596600883173,0.0756291312206244,0.012514671487191759,0.7253302312833521
0.08232133800452052,0.1633832212167609,0.23341472075713554,0.520880720021583
0.06830650353335006,0.8386923281639853,0.007970315406766657,0.08503085289589801
0.3280018295745027,0.04063632557049125,0.26033579771992205,0.37102604713508397
0.15554135544248537,0.28222234162986376,0.3761055441491169,0.18613075877853397
0.0372593020094078,0.012396558670560288,0.4685063019879811,0.48183783733205093
0.4174305573116101,0.5092918036258104,0.015470928709400112,0.057806710353179316
0.31371793849379465,0.46506922951199403,0.06381665968237174,0.15739617231183958
0.3200900587591291,0.15379424014577703,0.3855138871059594,0.14060181398913454
0.20505946981749246,0.314154865312549,0.15085361908154918,0.3299320457884094
0.009471386936284557,0.6873020283138562,0.28014946432750304,0.02307712042235621
0.408149893547724,0.0698442476530733,0.43127310508166267,0.09073275371754008
0.5931360896495892,0.1786163375566801,0.09199109685382119,0.1362564759399095
0.8595508204314276,0.019718416906889122,0.014505570229548287,0.10622519243213498
0.004386737194558429,0.31406731175538405,0.08442293353130513,0.5971230175187523
0.4969064720929885,0.2663982406312661,0.15615992641321635,0.08053536086252915
0.19899398897449616,0.10321390685363527,0.3489598247973628,0.3488322793745057
0.045549721511969746,0.47500902017717306,0.10336448582890344,0.3760767724819536
0.24482005622723624,0.0032455789763301524,0.05779137541086708,0.6941429893855665
0.22750436575131655,0.41028143787996063,0.08712221481948905,0.2750919815492338
0.38032742774283584,0.1525765568821431,0.3303896744499787,0.13670634092504236
0.13253208216945142,0.16663726619482228,0.44062798165395595,0.2602026699817705
0.07909461274475468,0.5531116929488266,0.1585945374973636,0.20919915680905526
0.361032531382807,0.19568508570200638,0.036293774244155065,0.40698860867103165
0.34155565577059593,0.4881286899425674,0.11789221523797717,0.0524234390488596
0.0029328481818254,0.4709309456792744,0.16553133983078688,0.36060486630811334
0.21698497755054094,0.49451554029488626,0.11814630153755655,0.17035318061701615
0.07150312379429254,0.6624806554290054,0.1973420878029924,0.06867413297370976
0.0949923235757973,0.012255446996164984,0.09103835149468008,0.8017138779333576
0.061590814543031114,0.4689477055274265,0.3255608041570989,0.1439006757724434
0.18915517990599043,0.04736769654060705,0.027091458455882945,0.7363856650975197
0.18447699051753427,0.480906685827128,0.06255769958296782,0.2720586240723699
0.3032332031294167,0.20075695641341418,0.4834548985807699,0.012554941876399144
0.43853861122281007,0.4535507138612654,0.011398355826284077,0.09651231908964045
0.016233129072950676,0.1988243298072562,0.11728276466455136,0.6676597764552418
0.2067821173472654,0.18474573657978977,0.5430183937637081,0.06545375230923668
0.23364906258115253,0.4335168786965127,0.3039726375288791,0.028861421193455777
0.06822180853413919,0.5693696318352348,0.3385490874066921,0.023859472223933784
0.006397417638586413,0.47432060531355197,0.02051686755935038,0.49876510948851116
0.5264117989551356,0.0703157741847351,0.09285805572493379,0.31041437113519554
0.09143310711781767,0.007940251978126195,0.7809389391718355,0.11968770173222047
0.10743164163562358,0.19227442529891717,0.43096642909488114,0.2693275039705781
0.43438602873476684,0.015811169248726848,0.013981972081298677,0.5358208299352077
0.27883690395609984,0.22379968361413485,0.4469921644736562,0.050371247956109214
0.10761967093258344,0.018273490830968346,0.6029719286594407,0.27113490957700753
0.09954781794674959,0.41008778255157724,0.39034520666623396,0.10001919283543932
0.6035408938322527,0.09466278818822602,0.2484746373193636,0.05332168066015754
0.4674096417734358,0.05592105059520943,0.3436721721777862,0.13299713545356856
0.10995417546916261,0.0578888540368037,0.34746963572461165,0.48468733476942216
0.057910577115579016,0.28340264669993703,0.3740672076646295,0.28461956851985454
0.03192400730035663,0.43820688529172913,0.013934683000507707,0.5159344244074064
0.30626587573647057,0.03873880734186102,0.1900384912143482,0.46495682570732016
0.12677695287272575,0.5057137337060571,0.04709956205466553,0.32040975136655164
0.3778554851114392,0.15291920500957792,0.22673024736611905,0.2424950625128637
0.05205579155335646,0.2333275252081998,0.4076332380927333,0.3069834451457107
0.4040413534056224,0.04219897869523815,0.007116084760519205,0.5466435831386204
0.09208666263453756,0.6311298582891842,0.019646250341105665,0.25713722873517253
0.06987416179388391,0.6790922252261836,0.22449641726106295,0.026537195718869606
0.656881240498229,0.047285826044854505,0.22926725348131752,0.06656567997559885
0.1652263791693271,0.01785002290528306,0.27855099071193146,0.5383726072134585
0.08403301655432464,0.4670545106773973,0.0029492498430525563,0.4459632229252255
0.2395609985841617,0.038769272227606906,0.49895863108549715,0.22271109810273432
0.015582004764689152,0.36511347539348465,0.006131770821143511,0.6131727490206826
0.06838868575115196,0.6144690222067436,0.29357748878830636,0.023564803253798124
0.07954117489693209,0.7098844923238745,0.11074203369063362,0.09983229908855971
0.705652188788108,0.26738389323552636,0.007846037835192316,0.01911788014117331
0.10179777163395551,0.11614204231001053,0.3737125231898066,0.4083476628662274
0.2800809170270618,0.13570293849967616,0.23476424121980344,0.34945190325345865
0.09346400223595133,0.1568514801120548,0.5517210994807664,0.19796341817122737
0.0407386797252883,0.317214659340184,0.21196108695470461,0.430085573979823
0.5135893112440457,0.27710108153057733,0.08581588737841717,0.1234937198469598
0.2010538791783282,0.11315865777349478,0.07545573169071501,0.610331731357462
0.05270780186401321,0.6523437323625265,0.24674670532826112,0.04820176044519918
0.16175720664798654,0.21316153957398307,0.13336173394243309,0.4917195198355974
0.5512120363177797,0.22478503510976386,0.026771343783483278,0.19723158478897332
0.34668921433776,0.438035527604068,0.04146881653173457,0.17380644152643737
0.12462581764509734,0.47836774266952614,0.17639314359980213,0.2206132960855744
0.0210539296183293,0.06866470257682689,0.14803080547190134,0.7622505623329424
0.21752449557764986,0.14328199482508341,0.08004997774087591,0.5591435318563908
0.33434789195356834,0.2619614441760734,0.3730822596885411,0.030608404181817022
0.017322584920911672,0.1429371675177063,0.6733642880428052,0.16637595951857687
0.7359212719350663,0.10477607043033965,0.1554363667796141,0.003866290854979969
0.40746284774169245,0.4263232465202845,0.15765941669511777,0.008554489042905284
0.020653205889857137,0.5774727316427613,0.051378548632802924,0.3504955138345787
0.10425245267636322,0.19429285504231744,0.17874321343761587,0.5227114788437033
0.5278471904792297,0.09754132559099858,0.012806276219429636,0.361805207710342
0.21711397443396158,0.28697847800675463,0.06618176518128707,0.42972578237799686
0.7296274136501641,0.1085620531805975,0.08605436225604987,0.07575617091318837
0.015295672523349046,0.09784798226303948,0.8212092923884124,0.06564705282519895
0.19744145210940311,0.48997382683014284,0.014932693780866865,0.2976520272795873
0.005185149163628869,0.049510328195028694,0.6712112212807863,0.27409330136055604
0.24378651817976338,0.5889149531588113,0.025169992383923725,0.14212853627750163
0.42174276738189814,0.2574242979309139,0.09310165138201365,0.22773128330517414
0.1100134113045393,0.17521841072243707,0.6068004608629413,0.10796771711008236
0.20585257547291907,0.43234755705126265,0.14223127441795733,0.2195685930578609
0.8042212184409786,0.12563014714609433,0.040736439020418305,0.02941219539250895
0.014740668135159807,0.46567389730598224,0.16297161831417795,0.35661381624467997
0.2739864622543182,0.043122712496764255,0.4266218604451676,0.25626896480375005
0.14714060767808268,0.44294056618954103,0.1632009242657455,0.24671790186663076
0.4593005514611369,0.1926136278839853,0.3080248291610027,0.04006099149387502
0.23228469348433436,0.378192947329828,0.21469482300217668,0.17482753618366104
0.34900481924186216,0.3677040101268952,0.14335593203593927,0.13993523859530335
0.13692837199742883,0.25456348807227164,0.3420036756404568,0.2665044642898427
0.4042370070216159,0.012163246515988378,0.21045203150475356,0.37314771495764204
0.2731830433450036,0.19236311605037315,0.07725399411135116,0.4571998464932723
0.19963835586461712,0.15780552369578302,0.1541351367684414,0.4884209836711583
0.12510047699154098,0.47418339963465056,0.28773343814480157,0.11298268522900676
0.20423727197892083,0.00239394357357855,0.6358297086009469,0.15753907584655377
0.02812377239298747,0.19904913439734034,0.6867345468277646,0.08609254638190758
0.026214422077617313,0.3455927437335309,0.3159056805151806,0.3122871536736711
0.03696303099287262,0.48507712839910605,0.041057093683556874,0.43690274692446446
0.011277751400913397,0.772996183942209,0.005244017992623308,0.21048204666425416
0.26777562692044926,0.33186601034455476,0.11463019521628803,0.28572816751870794
0.35602020974543486,0.10249810806546032,0.37619875477968195,0.16528292740942283
0.12549109760384516,0.5391841073763105,0.1289739771875361,0.2063508178323083
0.3306409336374096,0.045619789374211156,0.3882208632228967,0.23551841376548255
0.06876520229349412,0.19024603384514954,0.45634103008144117,0.2846477337799152
0.618104808600453,0.0952270528598787,0.20722874006223246,0.07943939847743564
0.3313662374082825,0.0055005044236520724,0.6430926227038486,0.020040635464216968
0.21818907408262467,0.714310301112377,0.0074189537198020425,0.060081671085196305
0.3735019691755483,0.30226394254622524,0.06486556206547203,0.25936852621275447
0.5165749998500003,0.249029636436332,0.1348034862912208,0.09959187742244688
0.5241577160211486,0.18219305129783048,0.15639994078552533,0.13724929189549548
0.9333236104419197,0.001784841422508228,0.010779949506769033,0.05411159862880305
0.0726808912633415,0.433536743641895,0.3202300794315039,0.17355228566325953
0.19998150354356078,0.10104872486353976,0.12345880150297502,0.5755109700899244
0.17585104185418776,0.019821103721904994,0.6326102695388209,0.17171758488508632
0.14077240238281138,0.1686828268619998,0.42077408698280555,0.2697706837723831
0.01620339278057679,0.08221549725856915,0.16180632627813912,0.739774783682715
0.47007955280050395,0.16733893063870117,0.18210620579310485,0.18047531076769
0.594495092191535,0.25932910767204814,0.06336311275057253,0.0828126873858442
0.1935828943651812,0.4803814303563398,0.20049611419070013,0.12553956108777903
0.028293601840823617,0.49245502304835276,0.11691930826396804,0.3623320668468555
0.015151278159566083,0.631403982620607,0.024709197388262393,0.3287355418315644
0.04532444640508974,0.5766128430805437,0.27224135191687565,0.10582135859749092
0.5662249876785839,0.11192801437730851,0.2290746539204242,0.09277234402368344
0.7016453409247249,0.14481521773532094,0.09554542586842858,0.057994015471525655
0.11957038212731845,0.11046449737001304,0.487525805575392,0.28243931492727653
0.6634532797995646,0.14288490269943804,0.038224783631441404,0.1554370338695561
0.05429898744212115,0.37260733109576943,0.31342980116954716,0.2596638802925622
0.1141692721290881,0.005487124064241471,0.6362490042114958,0.24409459959517465
0.04846738661485569,0.08851169864354863,0.3786325344017193,0.4843883803398763
0.14822720024754654,0.6303607810425542,0.2074286532791305,0.013983365430768798
0.04748167705402193,0.2594029579167166,0.4939616165582263,0.19915374847103515
0.6248435734198101,0.02736813379324171,0.12213991651101688,0.22564837627593137
0.3887974033219211,0.11422403576916651,0.06298467022768815,0.43399389068122435
0.0231622149048113,0.17317434744168117,0.6743017179038985,0.1293617197496092
0.11626006434994184,0.37770499737500707,0.1740855502275487,0.3319493880475024
0.35647512737419673,0.33658476423037886,0.19876222941175814,0.10817787898366617
0.10948702877103532,0.5183625359187024,0.06939683183167979,0.30275360347858243
0.5975137164775272,0.11435416326816013,0.12551326374055125,0.1626188565137616
0.01828520397502771,0.5466529953159902,0.35549102642510333,0.07957077428387885
0.008681759636789703,0.7132286618416991,0.0955825359703113,0.18250704255119984
0.21911347982832716,0.3601730441315412,0.06779112910602218,0.3529223469341092
0.03021513094773638,0.31890688303525705,0.5916685387151601,0.05920944730184649
0.41321756983958796,0.060028071897404556,0.37122568296482455,0.15552867529818282
0.0215549486657544,0.03489222879242549,0.6661545250280739,0.2773982975137461
0.07161795931454737,0.10238959223175226,0.04669648171240775,0.7792959667412925
0.055204478103473044,0.5004356370522898,0.0017120276886118833,0.44264785715562527
0.6616477277357722,0.029451946509072787,0.059567109954851455,0.24933321580030363
0.11832679901168888,0.4851019010008795,0.1538551950595225,0.24271610492790893
0.3050224692319011,0.20901375370539152,0.13723251607241005,0.34873126099029733
0.04230817715779146,0.4801811154403309,0.2886125454447189,0.18889816195715875
0.28372702167124314,0.2285494480108631,0.16077956511678201,0.32694396520111174
0.1439432745935156,0.5937521187043165,0.17616645506057363,0.08613815164159423
0.45691676607819554,0.018546688451259723,0.42717266687263405,0.09736387859791072
0.20058877901094757,0.06935094718386421,0.035676514306065506,0.6943837594991227
0.11209728864788977,0.0604495775811695,0.5252295697411922,0.30222356402974854
0.18652676792443343,0.012434565914632921,0.6988790840649196,0.10215958209601403
0.5904032544970251,0.06929275594426504,0.2560023353977401,0.08430165416096969
0.04052544651958908,0.29573469429638655,0.5173442729349301,0.1463955862490944
0.3305272016913948,0.1657035193299188,0.32629491597880766,0.17747436299987862
0.3966993908901321,0.052351641509115254,0.30204259947099643,0.24890636812975608
0.09197113982132944,0.26546918705859096,0.4221596921483983,0.2203999809716813
0.06324715198657208,0.48624226493138234,0.429849963767024,0.02066061931502179
0.37873469162736945,0.4061532762264417,0.07866139925997549,0.13645063288621317
0.6153815103758697,0.14839407372954283,0.03573600483697179,0.20048841105761575
0.38068966356974315,0.11839028284793193,0.43506620735857904,0.06585384622374588
0.2481670258920677,0.3077726680016997,0.32961433408065915,0.11444597202557338
0.07542004307830688,0.11102167228913788,0.7440774443155651,0.06948084031698992
0.12986019617649458,0.10376199848726475,0.0027107795837208247,0.7636670257525199
0.6339044894125314,0.0072576818398864314,0.12237340482761823,0.23646442391996392
0.21256752579588178,0.13050045730171583,0.33453314364930614,0.3223988732530962
0.23292830188284738,0.2298854940584217,0.07634516292127669,0.4608410411374541
0.023641327001806798,0.04302084829299709,0.7428120782811758,0.19052574642402023
0.24334210765948724,0.2570722229946832,0.013339832702324129,0.4862458366435055
0.005182335971510631,0.1582033862748291,0.5411230066985948,0.2954912710550655
0.43769506715835316,0.2215072744689331,0.13211662540368144,0.20868103296903218
0.05872356477747263,0.30545465872780675,0.1755212700987004,0.4603005063960202
0.28946686977085573,0.3524602894242565,0.01782392954663528,0.34024891125825263
0.6708146026575273,0.24125984400056832,0.036176204860641555,0.051749348481262725
0.4491578649252755,0.42080053977086085,0.04085489231817519,0.08918670298568857
0.09898037711286253,0.49101598112529626,0.367585535341807,0.04241810642003417
0.4731256160770037,0.19177941726950073,0.22325471178828885,0.1118402548652066
0.6116429849991019,0.03546735560206502,0.21728508046008463,0.13560457893874864
0.2809125686995116,0.04494775788009756,0.6047067238172226,0.06943294960316825
0.5681590557619702,0.20748716529836744,0.22204059308996232,0.0023131858497000275
0.06068369788338797,0.06340245357599926,0.8547473456294062,0.02116650291120652
0.23619359644807372,0.061361685743741866,0.4943378312478195,0.20810688656036488
0.18431689103603113,0.1721317596515382,0.18257639894116515,0.46097495037126557
0.07494948893561153,0.5565196937186232,0.008397415778142871,0.36013340156762247
0.06317691151672426,0.23084633943600888,0.6512108044424432,0.0547659446048238
0.3571011286428914,0.23520839595617699,0.33362125987231556,0.07406921552861599
0.10098272440896924,0.48679406645937723,0.09135930116183819,0.3208639079698154
0.014450439768144125,0.2515136867190512,0.18487354841479037,0.5491623250980142
0.33746075159937056,0.46385172065684654,0.13261924705537748,0.0660682806884055
0.3737756563951768,0.03653797651737758,0.45183127985517535,0.13785508723227013
0.4735820204430838,0.3832107034822118,0.1403256246382533,0.0028816514364510618
0.4058891772233878,0.3022558759149262,0.15690786608687904,0.134947080774807
0.08706177493586732,0.09294912449109984,0.7847394783094902,0.035249622263542515
0.049653178474653524,0.23422489272444458,0.018898495194656216,0.6972234336062458
0.016511010463364048,0.030536793015481806,0.1611157306406536,0.7918364658805006
0.30957530006854633,0.28909738258697226,0.04383623481000076,0.35749108253448064
0.02689762123921753,0.03486798156417328,0.3041991085635873,0.6340352886330217
0.22525080147296908,0.21359465387239435,0.16275966933489083,0.3983948753197457
0.6520687870264427,0.1858921597747767,0.14207203064292317,0.01996702255585738
0.2087436726964386,0.0067754252422827,0.16371032859162854,0.6207705734696501
0.06180854110022962,0.07954023510252763,0.3467912308231446,0.511859992974098
0.19800099667425514,0.36746500760480705,0.13111647790896885,0.3034175178119689
0.21700112241012653,0.6467474407371757,0.07811624458348039,0.05813519226921737
0.40566210894304167,0.03940435538907756,0.3541865192112445,0.20074701645663615
0.3582072097501718,0.14483554210108268,0.4507692561260238,0.046187992022721766
0.2277801974204,0.11727940309544355,0.32531439878911994,0.3296260006950365
0.2544072775607408,0.5663033134098209,0.0428645597508647,0.13642484927857346
0.1769588327641544,0.04391815668401094,0.006734512656625776,0.7723884978952088
0.071592745307946,0.13437379671426472,0.5277788961116341,0.26625456186615526
0.26932912386826774,0.4666154915532394,0.1272801581335717,0.13677522644492113
0.0670514478418619,0.39042760040425145,0.36231577825603206,0.18020517349785478
0.1565966525201509,0.5516452668481754,0.18589891743016376,0.1058591632015101
0.041851642575125,0.6412133709097503,0.2943591361051331,0.022575850409991643
0.21736692993997905,0.1145858138033715,0.41506545508729603,0.2529818011693533
0.3430899652860872,0.5562565072131228,0.057757439303092094,0.042896088197697975
0.2729897978825735,0.18824017288104974,0.24629904629681568,0.29247098293956114
0.3471232101096398,0.25432274396829724,0.2036875937235724,0.19486645219849053
0.8193549832452482,0.10977069362568449,0.06450236306728131,0.006371960061785933
0.04927737129493149,0.3303250465536544,0.4796956232249563,0.1407019589264578
0.01776429653864682,0.5677149000951794,0.40733891427055363,0.007181889095620062
0.8172791773228991,0.08586034002471703,0.08725906970895164,0.009601412943432214
0.038848583551913576,0.16034512623054106,0.7214300050871819,0.07937628513036338
0.00651150167344224,0.27223278015893,0.41539721389162926,0.30585850427599837
0.040589688574126065,0.6523410647246187,0.18174844362279086,0.12532080307846433
0.5210152139777307,0.2101769546943069,0.17793716919602506,0.09087066213193731
0.34782056818987345,0.041325869556367696,0.5617418037612434,0.04911175849251544
0.01623495909852506,0.2158431944412724,0.5444042704947706,0.223517575965432
0.39284373672512957,0.4040049265589798,0.03962778081672039,0.1635235558991703
0.267828714892811,0.2583937823126074,0.47128965002307444,0.002487852771507172
0.24061382718441376,0.023496376407903648,0.08041080140857518,0.6554789949991074
0.4214275027431571,0.35149013923649325,0.1497876231221471,0.07729473489820256
0.3419668807210584,0.06475415115814524,0.5572458304688108,0.03603313765198553
0.0474640042588253,0.4493147814829607,0.1330460172385652,0.3701751970196488
0.17106497251731106,0.2224859910729063,0.2274692399971209,0.3789797964126618
0.15624210923372647,0.6845587792896645,0.1553264402452015,0.003872671231407425
0.5898002535881975,0.012847141785479563,0.04913544190054993,0.3482171627257731
0.034785238376507197,0.009631771777697935,0.5211814120222593,0.4344015778235356
0.022044631849372446,0.19120715931369733,0.4374574809628118,0.34929072787411847
0.040439774150777305,0.35542891378911107,0.3776776324235057,0.22645367963660584
0.20676853472457868,0.09270000034097867,0.17514363465504534,0.5253878302793974
0.1493420661457323,0.6833977998322678,0.07638541191993677,0.09087472210206324
0.29658660105684737,0.3823457627848161,0.2650181127683854,0.05604952338995117
0.18011059584127564,0.2163068641732381,0.4930989974798192,0.1104835425056669
0.30111119760082156,0.4002875689735441,0.24463048527619885,0.05397074814943549
0.07328612054264397,0.7626050987817589,0.15310977361954237,0.010999007056054711
0.777795634827135,0.04717524740944078,0.0981518425833934,0.07687727518003083
0.0005868422492516818,0.016134703955053932,0.13709910870045341,0.8461793450952408
0.4943356060853474,0.07272363699684667,0.35077942664273404,0.08216133027507183
0.33424025991660655,0.11475689878494101,0.15316212601118984,0.3978407152872626
0.019559406730332154,0.47545485016836775,0.29467247238575256,0.21031327071554765
0.2663170175807108,0.19673936711468307,0.14614458804820624,0.39079902725639987
0.4057043436084606,0.25029021656154604,0.09499824067205581,0.24900719915793762
0.0837053795729877,0.088629807758925,0.24915656760890006,0.5785082450591872
0.1940948598964389,0.25477282392873973,0.5344480835784906,0.016684232596330867
0.347443564026356,0.1578773607440213,0.2164692010561585,0.27820987417346416
0.13430694814375074,0.10456530668181363,0.3778419863773774,0.3832857587970582
0.011627251849547141,0.531369325602315,0.20106345979248716,0.2559399627556507
0.6823160300207094,0.21873017472035694,0.09225643257506874,0.006697362683864922
0.23209128603372536,0.6135018003178675,0.11919327306736151,0.03521364058104556
0.7639484797457778,0.06439022987190864,0.12123361124507628,0.050427679137237266
0.06442785508155131,0.572413171805538,0.19333072543421756,0.16982824767869314
0.48809716990936153,0.08349689496877545,0.3203386611332978,0.10806727398856528
0.8127316694769058,0.05214781428241696,0.0005411887495956309,0.13457932749108162
0.2588768326061106,0.04765162033389283,0.14267098453657473,0.5508005625234218
0.6098221008275969,0.1161254987669617,0.2133554204428836,0.0606969799625577
0.12449800465548957,0.45035239017311823,0.0318032237038047,0.3933463814675875
0.12219176436229615,0.4608295396281303,0.17650630218671198,0.24047239382286167
0.30247818868272536,0.5692520083035235,0.038209473618879164,0.09006032939487174
0.31085744721681197,0.14485388929409598,0.05853207324912211,0.48575659023997014
0.048326473537850814,0.324263499436238,0.35621718308158923,0.27119284394432186
0.3875593805011217,0.49483442351485946,0.09386334745852219,0.02374284852549662
0.7210448888946452,0.23002772266855362,0.029626448787290798,0.019300939649510435
0.05307145550048183,0.10760011661199113,0.6443934632173323,0.1949349646701948
0.7344924552149911,0.12000398833601893,0.059387130510129074,0.08611642593886079
0.22447337298064765,0.5116786713233853,0.12208304298336699,0.14176491271260008
0.06512477575331566,0.23909666757016645,0.49389024350909155,0.20188831316742636
0.0044220871474229635,0.3799253514477349,0.22832568959961513,0.38732687180522696
0.3530986962947597,0.1188773091458076,0.2524526889684118,0.27557130559102094
0.06474320909058678,0.23050449071478052,0.433649495736382,0.2711028044582506
0.07989071419845487,0.03958509567522071,0.603468629734945,0.27705556039137946
0.7276050090303201,0.1251620021953489,0.047619604251936995,0.09961338452239397
0.40761177675920696,0.07484247580373914,0.09726573385585363,0.4202800135812002
0.32096798664009085,0.16183692528017474,0.14670073996689487,0.3704943481128397
0.07533999754016148,0.09529350075162643,0.5242715435816727,0.3050949581265393
0.24313025601323385,0.49178008533419076,0.23678403843272686,0.028305620219848397
0.06921199209780242,0.3247538012903733,0.4065463312712866,0.19948787534053775
0.1305079380371975,0.018156855119250276,0.19235443632520247,0.6589807705183497
0.7734191209412589,0.1561056777159833,0.045088692814543904,0.025386508528213877
0.30133323634101544,0.12098842843958002,0.11762335474409957,0.460054980475305
0.0960376029542384,0.3516114118558105,0.2348936425780935,0.3174573426118575
0.17071354858113078,0.30199931630588034,0.035474249239317704,0.49181288587367117
0.0030733559586939166,0.410102558190638,0.14477821495531334,0.44204587089535474
0.0121303272094362,0.6576736520097466,0.0919516993302621,0.23824432145055513
0.1348582779009177,0.00018897758026984685,0.4907386132620011,0.3742141312568114
0.0029848904743295275,0.420170063593457,0.11656851077493645,0.460276535157277
0.3724475972636263,0.03302819368539708,0.01868740557479466,0.5758368034761819
0.3421343709348249,0.02846874015287382,0.6154305965725598,0.01396629233974149
0.17983831528647193,0.15042792785672365,0.27356032259658475,0.3961734342602197
0.8470330198091851,0.05134641358986283,0.047946190717964146,0.05367437588298789
0.6920973981425006,0.05601788693358005,0.08807641501106958,0.1638082999128498
0.26218474482469206,0.16294311501078393,0.5020899318141824,0.07278220835034184
0.09784315350825742,0.4587128656564733,0.33673135534902054,0.10671262548624881
0.20836280382954356,0.3886224952784594,0.13580857922554487,0.2672061216664523
0.37893622923933956,0.1701317157423697,0.06932736337116599,0.3816046916471246
0.29730401365981746,0.5871059702639886,0.11006314664468081,0.005526869431513247
0.13986673895090163,0.20447890664469973,0.5792447669789509,0.07640958742544755
0.6050135029095346,0.15884188134287194,0.15877117439590283,0.07737344135169055
0.4942212124079156,0.09371340487423173,0.26966820678144554,0.14239717593640716
0.29385327936620304,0.13568510919404003,0.03339841312631553,0.5370631983134415
0.5991421053654747,0.0688370059129455,0.2501550243518391,0.0818658643697405
0.09966133419122429,0.52566471305957,0.020860989238230498,0.3538129635109754
0.11243642831415498,0.1930481314542173,0.15101889157891862,0.5434965486527091
0.19502492492880674,0.41762068580476003,0.3333586909300365,0.05399569833639665
0.3677779347952567,0.42821295520642566,0.08624869239619484,0.11776041760212283
0.08457982555688746,0.21982638991884385,0.3757718685201965,0.3198219160040722
0.5002260538967848,0.21564863865588324,0.18057271428979604,0.1035525931575359
0.2676225520949248,0.06906911304411587,0.48927299367481775,0.17403534118614147
0.4152019514217753,0.18882051460033206,0.07891796557925886,0.3170595683986338
0.3052116224292908,0.3419880659561701,0.17626398432323928,0.17653632729129995
0.13738956594319102,0.4223788630655099,0.16217900250054043,0.2780525684907585
0.7474642865311327,0.20845939740380393,0.010932911045899784,0.033143405019163706
0.02127683122942498,0.43650875623208424,0.11794214173501197,0.42427227080347873
0.3272337269678395,0.06753359368430871,0.10844025180820054,0.4967924275396512
0.01111911831576432,0.17471334038476644,0.2738970479661675,0.5402704933333018
0.059683326965320534,0.3100506677107484,0.2124885672419468,0.4177774380819841
0.4484901271960628,0.1724943627690333,0.2814278571847372,0.09758765285016677
0.42309076920105343,0.1576293787537954,0.30772924855309614,0.111550603492055
0.5972459119940169,0.008603661921813997,0.021172150775339696,0.3729782753088294
0.11114872170428558,0.31156515155533326,0.05848158177249648,0.5188045449678845
0.02709121279032512,0.24205758606918887,0.34696194630278854,0.38388925483769754
0.013984689060938396,0.4115567223975303,0.28513328184218195,0.28932530669934936
0.05998408016313052,0.008792755284359674,0.3957477842223802,0.5354753803301296
0.015605066362391479,0.1617803165498736,0.13974186166008049,0.6828727554276545
0.4070872290142128,0.2961713407597376,0.1737503640340614,0.12299106619198823
0.09559330106694063,0.8418529202453735,0.01456349152690929,0.04799028716077658
0.31034063133639217,0.20586716528335855,0.056664200712771985,0.42712800266747736
0.099074641034968,0.31516192424094275,0.09599592954537779,0.4897675051787114
0.20479820763634604,0.4095069522305887,0.3768571846923977,0.008837655440667629
0.7715467659497647,0.025215233556912547,0.11002804610175244,0.09320995439157027
0.13967989117627538,0.06990464091004783,0.24543404653721768,0.5449814213764591
0.029810945222291267,0.29577204225847586,0.426111873935353,0.24830513858387995
0.10859831162287924,0.5310163940093232,0.20678781507264757,0.15359747929514989
0.38392882903798076,0.01908003138524927,0.08882656993122147,0.5081645696455487
0.15828893337004796,0.27951252129627213,0.35927937079448075,0.20291917453919922
0.38556492435053874,0.27573176915267944,0.0227402767610083,0.31596302973577367
0.024855661417052567,0.18176696128528733,0.10473342989819594,0.6886439473994642
0.009635478516004476,0.22123718014333266,0.4373377493912854,0.33178959194937735
0.2659760675067833,0.28502557791031885,0.2757896074823954,0.17320874710050244
0.5163286233601855,0.19619317536699152,0.05256800368231806,0.23491019759050494
0.2725079640021564,0.13727295458281044,0.5386702144707595,0.051548866944273894
0.09311322570519101,0.015393164458035416,0.28306366097063695,0.6084299488661365
0.2833412092391966,0.6888761402368662,0.004909428176004163,0.022873222347933292
0.25517184414930544,0.07994759911963438,0.26674688350145787,0.39813367322960225
0.11647363752571906,0.23199722348610466,0.43532652595330695,0.21620261303486943
0.294567758322282,0.19319365269836616,0.2831083123405484,0.2291302766388036
0.21231504772510035,0.6620180265682092,0.07626090792146016,0.04940601778523021
0.038748336723678924,0.26562390041933803,0.009799449230670318,0.6858283136263128
0.006582653793513185,0.7394445141999385,0.15624660290940595,0.09772622909714243
0.08081429437496014,0.6046970720467085,0.053121185845412734,0.2613674477329185
0.011260251889446325,0.4652809048869399,0.37947177485190037,0.14398706837171343
0.8425045127121762,0.03798505055074707,0.09499765663260083,0.02451278010447583
0.5483120297171583,0.36530897495801035,0.06915927022043006,0.01721972510440124
0.2720804015725667,0.41791449751500825,0.1372278164572354,0.17277728445518975
0.3599492442081357,0.31236554420803453,0.16967994425737937,0.1580052673264506
0.15185104820564746,0.09077880977790122,0.7047319788857233,0.05263816313072812
0.03334312342211854,0.5420809864049067,0.33005009711166766,0.09452579306130728
0.1293764008670276,0.18618418191382718,0.023948230883866727,0.6604911863352786
0.1826031366103065,0.13345669077694147,0.5573140266557337,0.12662614595701824
0.21450899736706414,0.3258752029179356,0.36211895906206865,0.09749684065293146
0.34086543007153614,0.17751207000021346,0.4573931870373952,0.024229312890855222
0.1628293516321759,0.4238904313719073,0.060225690942647944,0.3530545260532689
0.5266489976447211,0.24681739296594088,0.03632610451166306,0.19020750487767493
0.4393225490558111,0.12171087477037534,0.08189295913658884,0.3570736170372248
0.4943131226502625,0.029632900617755187,0.06600814342878467,0.4100458333031977
0.009703504632858788,0.3376903654771966,0.07420703904716465,0.5783990908427801
0.09703255926691659,0.18892197670050942,0.05785243074278366,0.6561930332897903
0.3716747958396761,0.3455416545132795,0.258584797066591,0.02419875258045341
0.780621971777024,0.043706739718267655,0.057651059564211495,0.11802022894049678
0.11483022830634054,0.2099259699554531,0.42220930082958136,0.253034500908625
0.11216607723760964,0.48461419666871286,0.16219881225824398,0.2410209138354334
0.004240727825164273,0.5607299354834355,0.3974234147536885,0.037605921937711694
0.3109382777637189,0.33203348155435414,0.007373852818104915,0.34965438786382197
0.022610279004322758,0.7468384409021346,0.10368997728120606,0.12686130281233662
0.08529880660448291,0.1997496563616885,0.029889462505141504,0.6850620745286871
0.39672396639460333,0.0021699920315544946,0.3388718477415014,0.26223419383234065
0.39759585408624903,0.21221546019744103,0.37095053332591177,0.01923815239039818
0.21300236133396264,0.37159600096374673,0.2857287710078163,0.12967286669447442
0.09078216128003262,0.027917022093915903,0.3600269428805519,0.5212738737454995
0.07618795612228425,0.06427631251952351,0.10172465432127006,0.7578110770369222
0.17179343195938743,0.15146440587807972,0.3196313426386326,0.3571108195239004
0.24963954681146933,0.12387683490964888,0.5983660652730549,0.028117553005826794
0.06395765741225082,0.21563185998959455,0.4348222661786677,0.28558821641948706
0.22763466544772315,0.11255363180332954,0.16091900802743186,0.49889269472151554
0.15530944049402817,0.4082125776732273,0.03544033088483565,0.40103765094790883
0.022219573638500502,0.040251294844387865,0.6119527063748735,0.32557642514223817
0.21663756708317164,0.17336985924035234,0.42480626689563933,0.1851863067808367
0.0029541512672757167,0.018031876245755855,0.23628225601527608,0.7427317164716923
0.09239807471563628,0.00815146012513059,0.5710851015085306,0.3283653636507025
0.17272161801410754,0.025267405262743858,0.5347254815082644,0.2672854952148842
0.15476358556160125,0.24380466685925992,0.5149513194222566,0.08648042815688227
0.5875001275603396,0.0985556000323745,0.2342281881516231,0.07971608425566275
0.019247131565546787,0.436428150004555,0.470748839399629,0.07357587903026915
0.15525128179448094,0.31765294483275885,0.3104780505972503,0.21661772277551017
0.3851647032087533,0.38199898153669004,0.00318390374633537,0.2296524115082213
0.17996394497334267,0.4362235362963751,0.19986685977457366,0.1839456589557084
0.05470219627102533,0.21464842012237384,0.685081640547745,0.045567743058855754
0.02305768657676002,0.4362814324626073,0.19747147737160523,0.34318940358902744
0.15621658397371005,0.19945923162217835,0.3036739323275996,0.34065025207651184
0.09697875605230201,0.2648140129159253,0.08694126228445995,0.5512659687473127
0.3323066643311454,0.44334091742179954,0.11068409489128182,0.1136683233557731
0.2722247379581667,0.4123920845151875,0.03654172529041152,0.27884145223623436
0.17641107739820414,0.20644531852968329,0.41430788050849227,0.20283572356362037
0.2078724262020947,0.0033172488222408657,0.21589832310649962,0.5729120018691649
0.006878202193795498,0.3232600947872591,0.5555798699469895,0.11428183307195577
0.3728339275108608,0.034929413008929856,0.12855778261855008,0.4636788768616593
0.800999989302427,0.04065760400173603,0.15824025420933543,0.00010215248650143231
0.19557039675253265,0.025130621593685797,0.7595295489921909,0.01976943266159051
0.23008025801034737,0.09587622469962452,0.3205887629396449,0.3534547543503832
0.06894160091885411,0.24848798688971532,0.27182658435066015,0.41074382784077024
0.05690484901842887,0.23329511342043582,0.22598285098445656,0.48381718657667877
0.21697864228179012,0.0014252048006277397,0.3655077106027264,0.4160884423148558
0.25560572164643697,0.12048852044233294,0.546525351871544,0.07738040603968606
0.20055538876021017,0.18909688204172453,0.08143032259618319,0.5289174066018821
0.4038056233969987,0.0809641836465643,0.13714415143879685,0.37808604151764025
0.25687502273087237,0.043174685565965314,0.0963071795649711,0.6036431121381911
0.12956759431993728,0.21531088972290427,0.20901641889618888,0.44610509706096946
0.11772579752719266,0.07962040131796652,0.4774185215864366,0.32523527956840426
0.5399493237605113,0.10730574088779692,0.22996286123063797,0.12278207412105378
0.09467202582668542,0.5582712132764501,0.3327248740585416,0.014331886838322847
0.12937921339910474,0.35339706568143286,0.4828491498749702,0.03437457104449215
0.050797092810779716,0.14072703090355973,0.336363148002536,0.47211272828312445
0.1479054205665901,0.029271042380895448,0.1651641750101573,0.6576593620423573
0.4153447681509396,0.18128859588101492,0.2591428411774645,0.144223794790581
0.05458432810459705,0.4176674808520756,0.28821585018285517,0.23953234086047215
0.3948319047872334,0.2239866470331117,0.14486716831534682,0.236314279864308
0.12881634515625057,0.47208781665887073,0.09040220159563213,0.3086936365892464
0.4271069341778711,0.0807969020497405,0.11882455374536337,0.37327161002702497
0.6291107488839542,0.09424505353555665,0.22758448718321178,0.049059710397277405
0.14165978384235134,0.4983128770686987,0.3533985281403673,0.0066288109485825196
0.22051132024921205,0.012362709914718946,0.5509517004917585,0.21617426934431042
0.7000256850786469,0.10150238008978005,0.009511352598810405,0.18896058223276255
0.20608847023355656,0.5120063819337517,0.08892614576954763,0.19297900206314417
0.1786816579723382,0.3307889234453374,0.2253601680065179,0.26516925057580654
0.12171952883886339,0.23013025973647067,0.5761408614879902,0.07200934993667585
0.22482070520615152,0.23589076047946583,0.058807509341975525,0.48048102497240713
0.659373242385141,0.03232741316964103,0.14324560740706355,0.16505373703815432
0.17475680767815666,0.12703566318019438,0.2697052814789604,0.4285022476626887
0.4418349552767485,0.25013191446230376,0.19996154326474835,0.10807158699619926
0.4381976031496453,0.16253761629058058,0.3717646804174784,0.027500100142295703
0.6019923502885017,0.2922283913777005,0.09220962681040348,0.01356963152339414
0.4979593349994279,0.1284831437519532,0.11583606422204601,0.25772145702657295
0.022790582967523922,0.5131537162601265,0.00013988704236892222,0.4639158137299806
0.11480671526094906,0.1950574982107053,0.41390325468801537,0.2762325318403303
0.14337302125208076,0.1481762867898657,0.4857783997382112,0.2226722922198425
0.2080973286222095,0.14658428391157965,0.5543647548018923,0.09095363266431848
0.5587124138748588,0.09810178124871395,0.14199444089413585,0.20119136398229143
0.0404767638745004,0.017875997205434268,0.12488115500603035,0.816766083914035
0.21336577016133373,0.04837187011810753,0.2128964930161794,0.5253658667043792
0.14851159880547057,0.5519614707479773,0.292154902253585,0.0073720281929671935
0.284898045708932,0.014943911501999183,0.10185102190179354,0.5983070208872753
0.429935962875678,0.22286984430708873,0.17957610784815686,0.16761808496907626
0.2958576126637476,0.24677750076148244,0.025023977415354018,0.4323409091594159
0.23144554138759157,0.12703462428116635,0.49925101256358206,0.14226882176765984
0.07471365330338128,0.23241784796705175,0.0013650899127878797,0.6915034088167792
0.15618323026472866,0.070572215642781,0.5891666965963227,0.18407785749616762
0.09202475256453423,0.26818515655724984,0.4505541465060598,0.18923594437215618
0.023875402400985662,0.4205282295421689,0.1252386006709839,0.4303577673858615
0.3325489817239734,0.05366361112204133,0.11222077581800168,0.5015666313359837
0.06090017372616257,0.12847416560805408,0.3043158405979439,0.5063098200678393
0.049599455496157005,0.13926309406367202,0.004709403470028935,0.8064280469701421
0.40704635801459754,0.40749470436396645,0.08581298909432847,0.09964594852710752
0.06710768925201516,0.03102229287182349,0.664346247092535,0.2375237707836264
0.08525765869405316,0.12285265737607076,0.3171084085083323,0.47478127542154386
0.2988362724461707,0.050682989399424484,0.6281649797242141,0.02231575843019041
0.6661779488808549,0.07733762675360753,0.03155393604511264,0.22493048832042506
0.6129402497457029,0.17152034336886327,0.07082574593739895,0.14471366094803492
0.1844702787967808,0.028877559592606683,0.16759446041476972,0.6190577011958428
0.12151123361989118,0.4252474988065284,0.04364318030515548,0.4095980872684249
0.04219708664735786,0.32305166424918963,0.4688876390458652,0.16586361005758726
0.07808476351371181,0.01650608931233045,0.21789391994694185,0.6875152272270159
0.4186359199849761,0.22054094997784138,0.2688959638695433,0.09192716616763924
0.23729938650281035,0.5735286659142539,0.059221433894859746,0.129950513688076
0.12707956562514286,0.1073828916447581,0.39152242185712655,0.3740151208729724
0.5442661459493644,0.1488366494462588,0.0866403840500533,0.22025682055432366
0.054587874960560945,0.4188046341271037,0.45962665454205476,0.06698083637028067
0.13900331679478084,0.4006846102582225,0.05515638097365652,0.40515569197334017
0.12208477222850445,0.11380360071874628,0.059154136966710825,0.7049574900860385
0.21548344766855987,0.07246861558656006,0.0009054713479690545,0.7111424653969111
0.5508420470915963,0.31092398066089705,0.06862455050434176,0.06960942174316492
0.17328757028385347,0.3544675802740255,0.03539769410642442,0.43684715533569674
0.27840965029641274,0.38893138076153416,0.2819098730848944,0.05074909585715859
0.11085830670216273,0.595007719276607,0.09569354711024194,0.19844042691098854
0.002724572164481534,0.6521107073653586,0.16476428714480093,0.18040043332535916
0.7550816621357128,0.10350626508780804,0.07388527189958373,0.0675268008768953
0.08982468718758581,0.01359169080256485,0.24559819795000484,0.6509854240598445
0.2630080534770871,0.2778308083477686,0.29527010919156144,0.16389102898358307
0.2134373458531703,0.4401312160612816,0.1737552201734064,0.17267621791214174
0.28466076045140914,0.15842598066731645,0.532237429613585,0.024675829267689485
0.4930031913722818,0.29161202942036457,0.08703995170839225,0.12834482749896148
0.13521575505761368,0.1719402265085981,0.6402546712723189,0.052589347161469235
0.4360956906664339,0.4301681915109052,0.10363208901674244,0.030104028805918424
0.728244883065761,0.0781558964989476,0.07942078517677338,0.11417843525851804
0.12229598487669126,0.1539714847492603,0.3299484198218831,0.39378411055216545
0.08792846678836896,0.24512585702497727,0.144428497345883,0.5225171788407706
0.11593427867765924,0.6790412173814918,0.1027826860772795,0.10224181786356946
0.48685533244266277,0.12375754984387848,0.21387395981055177,0.175513157902907
0.06748375742297183,0.3921469960534901,0.4798523121744565,0.0605169343490815
0.20376232113749912,0.49053381841412086,0.22159897133991316,0.08410488910846682
0.01239958382641904,0.48264718397177797,0.1508567938233808,0.3540964383784222
0.600375139623743,0.18790728222271613,0.1362645400298383,0.07545303812370263
0.4940115824499902,0.03722054708402502,0.07540732235971885,0.39336054810626586
0.3557220351924842,0.12552080257465756,0.46949361213126456,0.04926355010159369
0.33705124218628046,0.44384967151416355,0.1636643616479072,0.055434724651648705
0.2183896023376435,0.36600793311732344,0.29339631931188775,0.12220614523314521
0.1390498534997296,0.3143746189133226,0.2245799458025625,0.3219955817843855
0.1217289262839695,0.04847358443485665,0.13507596125731958,0.6947215280238542
0.1686246071876143,0.3986542132434152,0.06304532280020686,0.3696758567687635
0.24126737613731722,0.4726088291013796,0.17588041108619695,0.11024338367510625
0.034981710921595896,0.04956748836051238,0.4327599878622372,0.48269081285565457
0.07584515820741781,0.12118486109328855,0.08252924491820016,0.7204407357810935
0.6292231962308458,0.031814923233476726,0.17630698933173936,0.16265489120393822
0.15204933503205703,0.1837715625163913,0.05278836270502844,0.6113907397465231
0.8488917593921862,0.01612543760390987,0.029034452750724346,0.10594835025317961
0.20709074131369543,0.3033768095422405,0.12410954764949288,0.3654229014945711
0.12628561555052525,0.012729036119559436,0.16956018100515682,0.6914251673247584
0.18997699427961423,0.35396398978738586,0.3306086548783459,0.125450361054654
0.5713896504744649,0.14897515355317625,0.18916526576995063,0.09046993020240812
0.0898692644405276,0.40238343835641627,0.14237958798625555,0.3653677092168007
0.3826380464611033,0.3117058991932459,0.304927969382435,0.0007280849632159503
0.026617336999067997,0.32042294234819185,0.5836023713315117,0.06935734932122845
0.10205147361992575,0.5146554153653872,0.19445632969493423,0.18883678131975282
0.3279902283162179,0.12742907857869354,0.3973905913666838,0.1471901017384048
0.08594336017331405,0.29667032938065374,0.35594379723108577,0.26144251321494644
0.13076514139423887,0.24473546128054893,0.14435229091049437,0.4801471064147179
0.7710411666648401,0.018046039397485347,0.023299486363601032,0.18761330757407355
0.00934291659777604,0.16273396607569893,0.06405981075958787,0.7638633065669371
0.0655665342746846,0.5465150886434318,0.3848942105337024,0.0030241665481813393
0.3840111319382677,0.03338160750617994,0.4625956259195542,0.1200116346359983
0.5341834943315894,0.3135824512299001,0.11174192168280069,0.04049213275570984
0.028399579023577825,0.6421869982735602,0.1381687522256207,0.1912446704772414
0.10323502626696872,0.6293927776701848,0.06316782648454827,0.20420436957829818
0.17153928843006916,0.3756021291486998,0.21374312437405144,0.2391154580471795
0.7708327199211104,0.07338275186125036,0.15544003100282758,0.0003444972148117852
0.41303037985961333,0.18355697285601302,0.288713490413847,0.11469915687052668
0.09664844375141493,0.23392026326868065,0.25863875777842904,0.41079253520147535
0.002784576934809868,0.7020372715466701,0.10758152577234206,0.1875966257461781
0.3300748945871306,0.2065158891842926,0.2916803062890491,0.17172890993952775
0.03165567590600591,0.26894721343721034,0.2985836099593881,0.4008135006973956
0.5205551228080569,0.12072708687804971,0.1468259043821913,0.21189188593170194
0.3382870991133175,0.5265441824832594,0.048578202310680815,0.08659051609274228
0.13684803954553212,0.5245496181586101,0.22408921404677826,0.11451312824907951
0.29334216336393126,0.27439230671789566,0.12896168943168515,0.30330384048648784
0.34797689024589235,0.12844287058602624,0.4810713184096094,0.04250892075847206
0.13475375440102402,0.37393672184047644,0.3003226687109578,0.19098685504754173
0.5006705515638944,0.345325968057451,0.06645145669339245,0.08755202368526234
0.12456008507012625,0.4008427678541062,0.23143920541096305,0.24315794166480445
0.09119065833566263,0.525969749667205,0.06442875555811167,0.3184108364390207
0.02858226969740844,0.05712884798029534,0.5752078145038327,0.33908106781846364
0.2320607515644209,0.03560333362546389,0.17001662008214835,0.5623192947279668
0.47721335454129243,0.19271791651801487,0.026007307069905096,0.3040614218707876
0.20629425402571744,0.3588781547309689,0.26481127910037056,0.17001631214294305
0.13412196192380535,0.21640989366571806,0.4611043704494253,0.18836377396105125
0.3252143079546891,0.43108156893996863,0.06763412876167753,0.17606999434366474
0.19147631770383927,0.03405102875208691,0.04168073058158808,0.7327919229624859
0.20998284801430833,0.4770251718378644,0.22591827482896357,0.08707370531886374
0.18422902934514246,0.5604465786848903,0.17852468665868249,0.07679970531128485
0.10256694463908292,0.3946655464042008,0.26344672436807076,0.23932078458864545
0.06950595781830944,0.39943666632409563,0.4375697569048741,0.09348761895272074
0.060150675509530425,0.3741745886614857,0.3353873768936664,0.2302873589353175
0.2054292472701581,0.2673957288763739,0.27140001507104633,0.2557750087824217
0.1833535179103648,0.2342662939453867,0.509009231203682,0.07337095694056642
0.16117663821582673,0.2226896435841205,0.5093593008152691,0.10677441738478372
0.34902518233396573,0.2189316393728645,0.3938534847072415,0.03818969358592834
0.022232936796181626,0.15041360732131884,0.3357924554764325,0.49156100040606704
0.28780714144991626,0.5853398808103878,0.0016359394742676463,0.12521703826542818
0.14857303079061115,0.12061516231899369,0.08751935517405476,0.6432924517163404
0.21586564165668792,0.11694885876569983,0.1367440492760094,0.5304414503016028
0.3447754298512047,0.04166074375878847,0.6017023386300628,0.011861487759944089
0.12357342354472864,0.4230807813375209,0.29902516744681185,0.15432062767093851
0.12328310506065218,0.4841316835853171,0.016852336148482135,0.37573287520554843
0.3350335780867447,0.2803513327275923,0.011414485541094338,0.3732006036445687
0.49012301044675255,0.11161616993941194,0.053701448466965535,0.3445593711468701
0.0724556328243564,0.2600889838516331,0.43566602495171586,0.2317893583722946
0.18251414039243757,0.21549121717485878,0.24133179103999472,0.36066285139270904
0.024326193555290736,0.4669918623566127,0.14332042849827908,0.3653615155898175
0.22981776522677969,0.13526240701108272,0.010863168315166262,0.6240566594469713
0.3611682825749141,0.2524883804749881,0.3790383547052921,0.007304982244805573
0.43422270731487056,0.2538139877453899,0.012518822736716046,0.2994444822030235
0.3280158932035117,0.0628551351542202,0.05946475117010141,0.5496642204721667
0.2711823760642256,0.07612793444055947,0.18876795082479683,0.46392173867041814
0.022621126069395623,0.46876647855615666,0.4413358330120378,0.06727656236240974
0.011525823408481897,0.09804224209621273,0.6334135783606767,0.25701835613462876
0.32576934454113965,0.2687842672201871,0.20970633178201864,0.19574005645665452
0.08704952939794343,0.43519520322699684,0.27660669885261596,0.2011485685224438
0.16664904621700058,0.5507255502228022,0.12883929638992503,0.1537861071702721
0.07031048120971094,0.6849397103352556,0.19913931196998366,0.04561049648504988
0.09379188238977695,0.19859252504878877,0.4248603968587881,0.2827551957026463
0.3517755958345185,0.27555976769362556,0.284263147109196,0.0884014893626601
0.345845402872838,0.4083314858288589,0.20982639438083434,0.03599671691746879
0.6867278657804902,0.2036326911848571,0.10413539576156453,0.005504047273088253
0.1738646842310087,0.3712626392443388,0.3519676514596011,0.10290502506505135
0.21584065412701126,0.5316076942280822,0.19045163609434576,0.062100015550560675
0.2394066268522035,0.12458545320179608,0.4095051788977304,0.22650274104826992
0.3603397973333898,0.16475297594840316,0.2132950586615319,0.2616121680566752
0.399332630421536,0.071034732795935,0.3230926385892114,0.20653999819331745
0.2977003562937151,0.10042110583648005,0.17750768537154119,0.4243708524982636
0.3157440583522613,0.12918680754950257,0.46757238258526934,0.08749675151296676
0.04975526113574819,0.05296827896617828,0.7828555354899953,0.11442092440807812
0.27177167123027446,0.0004890520896520404,0.6701716329128421,0.05756764376723128
0.041075070810939335,0.1145652612348892,0.7361579719317621,0.10820169602240924
0.21932340886931118,0.4139230030113905,0.23440442169689832,0.13234916642240013
0.0519148639310718,0.4168905811142666,0.19881204582154915,0.3323825091331125
0.07202885406711788,0.04942668117256627,0.6515918763904525,0.22695258836986343
0.004150983029288601,0.5907972152093305,0.39244331766820967,0.012608484093171217
0.1587026945949917,0.5333949951567629,0.29690922740565684,0.01099308284258837
0.09707105438863653,0.43743129479033865,0.3128320393046924,0.15266561151633254
0.07973352920253779,0.6176138516150198,0.23153794787532195,0.07111467130712054
0.5632951954740706,0.27040363226058456,0.15467756999975224,0.011623602265592566
0.29241695350473723,0.4178447327614272,0.0032154212322623335,0.2865228925015732
0.2021362164546432,0.02786642798320357,0.648926123731486,0.12107123183066731
0.40350462299867623,0.24841320892449983,0.23304989504877596,0.11503227302804786
0.09016837334563085,0.031330775407035535,0.12676171537724923,0.7517391358700845
0.16623540072696832,0.34580840755120873,0.17951479503086212,0.30844139669096093
0.0034720028713806244,0.5114654374383532,0.32485294465277,0.1602096150374962
0.2492968311974559,0.12009962733517052,0.04874534850741267,0.5818581929599608
0.16713190171360037,0.4936993558980991,0.08351200410724362,0.25565673828105695
0.42200252998754567,0.04573656363765583,0.18987492421760832,0.34238598215719007
0.2515295976298897,0.19217623090180205,0.30212096108783865,0.25417321038046964
0.4092616862688127,0.05250406563024549,0.5204458652709576,0.017788382829984056
0.23515606536052083,0.4250701743880391,0.1604499340108737,0.17932382624056628
0.1639294815303628,0.0686462905381011,0.2791047849399925,0.4883194429915437
0.6818014779077272,0.21073810481925348,0.03165032354983901,0.07581009372318025
0.35403819015399324,0.5828713277547597,0.02013311221534339,0.042957369875903574
0.5166494661922251,0.23533087775355643,0.21342204912080698,0.034597606933411636
0.4429334034437569,0.09227907176751245,0.15154840849090365,0.3132391162978271
0.018530820725570905,0.043335238290804046,0.050046857610613886,0.8880870833730111
0.3611193147153715,0.3976550332375857,0.24034354888634848,0.0008821031606941421
0.23659441016927227,0.4780677153081525,0.13699442130216652,0.14834345322040873
0.21518173088592213,0.3053221846189569,0.3537659141348436,0.12573017036027745
0.1646125096290675,0.11391644120264018,0.18245323962760468,0.5390178095406875
0.4515669544334854,0.3622496878206705,0.056629802393138085,0.12955355535270602
0.2702851172802822,0.3833135736649432,0.11167294721296124,0.23472836184181342
0.3467569020254155,0.4442317450075124,0.09100672595462997,0.11800462701244213
0.45978629153396755,0.12805649505827862,0.09730106823511078,0.31485614517264315
0.10521250802333669,0.4412381907645363,0.1338029819555528,0.31974631925657426
0.8066406068414709,0.07224206752815415,0.059736011228652006,0.061381314401722856
0.07769585140529259,0.5597978607740097,0.03193367970638363,0.3305726081143142
0.02235239703503822,0.7510612265571209,0.17063762625847395,0.055948750149366726
0.6653813078089763,0.02438121720091499,0.027138608547915017,0.28309886644219356
0.034749698237891306,0.3426253522817467,0.46630905683159174,0.15631589264877016
0.047730677505181784,0.45785912629728504,0.19811459001879578,0.29629560617873735
0.25399754478177167,0.055031692204120145,0.5632543864171528,0.12771637659695542
0.7587933518566761,0.005830133063894076,0.15100165426374018,0.08437486081568964
0.48220494546806053,0.13015872502054598,0.09090109615519308,0.29673523335620033
0.0755964389991215,0.7865007318898354,0.01278745388772299,0.1251153752233201
0.18146029294898777,0.04113207728083753,0.2646473395147462,0.5127602902554287
0.5275638065728989,0.12844532489419486,0.28116276574547183,0.06282810278743434
0.6271042460258498,0.019520109480069003,0.12704517202481677,0.2263304724692643
0.3842901805415643,0.05499265114407915,0.3796612937150733,0.18105587459928327
0.19219476232102886,0.05100600887983567,0.0759764361209545,0.6808227926781809
0.23767108922689473,0.17694945066636497,0.486901201255394,0.09847825885134617
0.05997460269992475,0.13779309531922362,0.4724858575222624,0.3297464444585892
0.02481696821744421,0.40811859765371156,0.3699981886381614,0.19706624549068275
0.17358269423371284,0.48277641576127833,0.1339627547937764,0.20967813521123255
0.00961262342456405,0.08565014086857986,0.13191143766188326,0.772825798044973
0.18903486104965508,0.18063412595020042,0.35413384649390484,0.27619716650623966
0.549480965519412,0.07335971856180519,0.3247948112701574,0.052364504648625514
0.42086652769298744,0.21226818305776418,0.18940685974379282,0.1774584295054555
0.3900605490199282,0.5305367539325775,0.00891671670822536,0.070485980339269
0.2813978886552907,0.0926810974163294,0.14712662005069022,0.4787943938776897
0.20535740421851295,0.03267462943961347,0.1347247368439047,0.627243229497969
0.3380963926748199,0.22110028549646782,0.3632833846038561,0.0775199372248562
0.041210059888970196,0.6342475145913156,0.014488938390192331,0.31005348712952174
0.07117972745107935,0.4086057681854334,0.08165841377786298,0.43855609058562434
0.5083649049081512,0.36740092298935073,0.03795874893569155,0.08627542316680632
0.33002129393197305,0.0787602071801415,0.35152580353094126,0.2396926953569441
0.21587167500889431,0.47847335710980954,0.16356503051601004,0.1420899373652861
0.26609230036353276,0.06768375103899166,0.31722496803886513,0.34899898055861034
0.12212804984584091,0.11176398114318536,0.36754241269735227,0.39856555631362145
0.22449405165790554,0.028694880327143138,0.20210687800606364,0.5447041900088877
0.007473454338450479,0.625565789487354,0.1832077854236584,0.1837529707505373
0.24165467208426342,0.5633801285645847,0.009709731692161347,0.18525546765899029
0.29390387637086257,0.39787110787655716,0.27185247394840384,0.03637254180417642
0.13566873467670343,0.1427003248029462,0.4589740491944972,0.26265689132585335
0.5149940625326084,0.04561748518291337,0.035224485362149734,0.4041639669223287
0.2985688983727422,0.04353082169917389,0.2746101667851198,0.3832901131429641
0.08505773376288428,0.37901835126351596,0.007019822169064675,0.5289040928045351
0.14776423756733412,0.2426381715428134,0.058461673390427,0.5511359174994255
0.6608173054130071,0.20804050377055644,0.1308152761359951,0.00032691468044153524
0.17265276485909428,0.10078441309207463,0.33203522874246,0.3945275933063711
0.1988154731812438,0.03364628954080528,0.29161096618075316,0.47592727109719773
0.10257825677932152,0.07552404519021039,0.8140676639508778,0.007830034079590495
0.02658200778681903,0.04248515324400636,0.40241429366178855,0.528518545307386
0.1432085770672866,0.25550892573230594,0.26405695272014396,0.3372255444802636
0.3806418037809946,0.0016387575571005163,0.4398642953656373,0.17785514329626756
0.20945021757165302,0.4223624466188157,0.36123597661436535,0.006951359195165987
0.23767772957964564,0.229619887342869,0.17717703838124524,0.35552534469624003
0.7630784182553251,0.0748865903419799,0.16154217215853947,0.0004928192441553703
0.10914648166350185,0.30537336099051837,0.25402479614140633,0.3314553612045735
0.13192217553242108,0.05844878039878902,0.4828379584619504,0.3267910856068396
0.6248506478672706,0.14568831767539903,0.08594266227952953,0.14351837217780083
0.42899553228741144,0.06001289131168019,0.46827549622339665,0.04271608017751155
0.048933395959669806,0.40618353836817617,0.24348983842371577,0.30139322724843826
0.0057454142306933575,0.21562987515460166,0.4914067146458803,0.28721799596882464
0.10330110936503663,0.04673464520664293,0.03686728959745506,0.8130969558308654
0.37242980449018676,0.06514057081604487,0.02580209822515675,0.5366275264686117
0.14621856046120407,0.41328713283516744,0.23149581172181266,0.2089984949818159
0.2373543147498958,0.19945492538816348,0.03633311325288492,0.5268576466090557
0.20771499798264534,0.24837085851075624,0.20981749885252926,0.33409664465406896
0.3196489769246665,0.12035277748710582,0.3245189319680053,0.2354793136202225
0.0683048558205581,0.3445821451205556,0.009158921379997126,0.5779540776788892
0.06454520734566896,0.22032788560777092,0.00138215398514968,0.7137447530614105
0.06729863861913789,0.004680877921167072,0.08885437797791126,0.8391661054817839
0.4001186846156786,0.5469943427927969,0.04754203717343577,0.005344935418088622
0.14024217436518144,0.5303215419013733,0.2612666726863967,0.06816961104704859
0.4532560377284914,0.0011469505258715224,0.2440302490395303,0.3015667627061068
0.21720348878180978,0.18800268297483314,0.20436578851922932,0.39042803972412765
0.5535487808769903,0.06800533063057453,0.2981807278348171,0.08026516065761809
0.05643684115007827,0.46419753091088517,0.2723278038923726,0.207037824046664
0.3949629337619117,0.23345671683198616,0.25140811257796225,0.12017223682813971
0.22997526224207118,0.22511384398548742,0.41216237623366747,0.13274851753877392
0.3452041503858054,0.3042822478890876,0.2245193594717554,0.1259942422533518
0.15082295477927574,0.15411009065008877,0.16692099000987545,0.52814596456076
0.4972136766134183,0.3806407601185279,0.11865381140729413,0.003491751860759627
0.13051982494099487,0.2160563316921704,0.06689017210034207,0.5865336712664926
0.1736371557684815,0.4463091912934184,0.333000920558154,0.04705273237994615
0.0039473340408047895,0.5627110818864364,0.10639299928730069,0.3269485847854581
0.3505044841767547,0.276960174479498,0.2085968936222209,0.16393844772152638
0.10078275435696189,0.19512842058676885,0.050010538192255816,0.6540782868640134
0.48082461146334005,0.003917352662684154,0.34586406920749974,0.16939396666647602
0.4881803579169753,0.20234261801790857,0.0010272044414415447,0.30844981962367457
0.01668177497581932,0.07024613478848171,0.048309970538872885,0.8647621196968261
0.07510735518117163,0.21300546607363005,0.5976993920897127,0.11418778665548564
0.1651537042858094,0.13720859975518276,0.3510351174020035,0.3466025785570043
0.16198814314472956,0.5650664230757938,0.09969762116909654,0.17324781261038005
0.5643986657103492,0.1573517623197438,0.006295208578635217,0.27195436339127155
0.21357661001441508,0.19988851442921104,0.1459860899339363,0.44054878562243777
0.7653815013430645,0.020876323731230013,0.2096740547156372,0.0040681202100682455
0.5459596731129637,0.04696591380097044,0.11233307911493078,0.29474133397113494
0.5687707916553576,0.18283795598990285,0.18993540386289073,0.058455848491848816
0.46436584526232155,0.30951616054881814,0.15788644804570487,0.06823154614315559
0.057953655694067345,0.41860616424925007,0.20445946971618698,0.3189807103404956
0.2090402865899916,0.0013285432828084533,0.7140030980219962,0.07562807210520368
0.5591932104884194,0.056508180506164817,0.015186831859164028,0.3691117771462519
0.3375498125822804,0.41977988991378007,0.16758139183903575,0.07508890566490364
0.005462835040190531,0.5463402209888438,0.42759769812907994,0.020599245841885785
0.4444796859183208,0.030970507137280216,0.4901171164444291,0.03443269049996997
0.2645268992188123,0.00915044125446162,0.44319046815066915,0.28313219137605694
0.40706179077959115,0.1120018225162011,0.01424791228137996,0.4666884744228279
0.46953388082439235,0.25634877272998585,0.016105551816066824,0.2580117946295552
0.3059696821951184,0.17747471040903268,0.19909504531765232,0.3174605620781967
0.08216112681935149,0.5849593667331789,0.09253393542600354,0.24034557102146614
0.6385649718348041,0.2016060462903817,0.14025184329726964,0.019577138577544676
0.2042880180132906,0.12681033618252777,0.2870151566097634,0.38188648919441825
0.07373308508049918,0.5149878023908697,0.1926059626725662,0.21867314985606512
0.41731678567495717,0.04460949402695685,0.20785498809337027,0.3302187322047157
0.09407920828567692,0.31211915628478476,0.5001510978890833,0.09365053754045512
0.04852018522985903,0.6232699295921501,0.18961590847486118,0.13859397670312965
0.21401264306883197,0.21899488875126508,0.5224183803310447,0.04457408784885834
0.16960340393100484,0.029265808638279222,0.02677675403372372,0.7743540333969923
0.12723296616517799,0.41015151225869123,0.3686139221328517,0.09400159944327903
0.0005548778192013064,0.4433438262569614,0.33367173739997463,0.22242955852386265
0.046759555263569966,0.11352788384121706,0.5708495975365973,0.2688629633586156
0.4847142139297718,0.37042593182577377,0.03967529395819723,0.1051845602862572
0.1899597075287173,0.10257211777130343,0.5753972959108461,0.13207087878913323
0.1673917053545934,0.03399142544796768,0.020075076354946507,0.7785417928424925
0.08225090281219659,0.08646175060850539,0.17697252855947798,0.65431481801982
0.2233192437670216,0.3166308477966592,0.05953963931450832,0.4005102691218107
0.015944806969385418,0.1400185321997988,0.05870759048846901,0.7853290703423468
0.05004617950773054,0.46203820224576386,0.4570452658940247,0.030870352352480753
0.10481176420304017,0.20433180274030605,0.5035360836998595,0.1873203493567944
0.1735336021638771,0.02355458756468989,0.6291628950209471,0.1737489152504859
0.1368711943416458,0.15402236314307102,0.2416641227295005,0.46744231978578277
0.1590798137532806,0.3260015130475879,0.37401921363542495,0.1408994595637066
0.030553819347172186,0.25159757867350946,0.46841946310829385,0.24942913887102447
0.003972438706043706,0.3616595482447065,0.4076420768010241,0.22672593624822565
0.24517441027603423,0.613981463779513,0.08408065415668187,0.056763471787770914
0.07560378787107613,0.19406639891102778,0.6222109820275731,0.10811883119032295
0.1773058101604201,0.6248677587179636,0.04290948020479382,0.15491695091682225
0.19166604585248104,0.6467521753938952,0.12687934109366467,0.03470243765995912
0.32836361629671595,0.28589291019941804,0.22950254106533358,0.15624093243853224
0.175979767356395,0.2753303841401417,0.37060174999556117,0.17808809850790205
0.41085480886936815,0.18735937353757834,0.21297924892333142,0.18880656866972206
0.2343919736354193,0.4142284345213801,0.1434734297647344,0.20790616207846635
0.27122406424632334,0.1599596006128584,0.12844301140908124,0.440373323731737
0.4569319141441678,0.1064633929784982,0.4125171764056926,0.024087516471641354
0.15618058738197985,0.0798792654704385,0.3102979334028398,0.45364221374474184
0.15675496904995515,0.25740665104301724,0.43756315326000383,0.14827522664702386
0.16596882728939627,0.3922637533472941,0.0945871059149775,0.3471803134483323
0.028948561887976797,0.2396801235696516,0.2273898053376977,0.5039815092046739
0.7539585811564609,0.15407411101593332,0.06249650165627185,0.029470806171334143
0.27056657430247766,0.27523122713378906,0.2298317705976247,0.22437042796610854
0.32711887742678014,0.5945659482418315,0.03856385383944113,0.039751320491947
0.46818649564173154,0.02865631073239788,0.2690212256962373,0.2341359679296332
0.3423687429203987,0.120453280026765,0.3329574675923235,0.2042205094605127
0.27732019008400083,0.10106811984949898,0.45139486528211276,0.17021682478438754
0.30126734657093596,0.3143177256863671,0.11652520349872694,0.26788972424396984
0.42428874719455273,0.3510884013170292,0.09237835349425268,0.13224449799416554
0.31787081972909437,0.23588022629057967,0.28191621849752213,0.1643327354828038
0.21630949710440517,0.3982501942542623,0.230651339235526,0.15478896940580653
0.11595613469928308,0.25185067750826573,0.09694324295152369,0.5352499448409275
0.20362361570703663,0.0902060540656918,0.41746286120605064,0.28870746902122096
0.2697395622037869,0.4031316770353804,0.17290717112047949,0.1542215896403532
0.44957865647673767,0.07801382682755353,0.24348142369779646,0.22892609299791236
0.06988784973854632,0.45307854829906685,0.3503518810620976,0.1266817209002894
0.09678385002465807,0.047421551763556405,0.20492962235817955,0.6508649758536061
0.09208557932226494,0.03904864225054509,0.8450695951690104,0.023796183258179813
0.08328569018558567,0.24761421699448952,0.05743614218437301,0.6116639506355518
0.23319839004810639,0.5351385233053044,0.03058600106694158,0.20107708557964754
0.11325442765193507,0.12681904860833684,0.732056381173172,0.027870142566556177
0.17196085659283208,0.23498997833661064,0.41566952812943747,0.1773796369411196
0.1979596321214347,0.19769466495432514,0.4958092820283157,0.10853642089592452
0.30900373900561695,0.03385708813787784,0.3449276368355535,0.31221153602095164
0.20950049612520238,0.40327177779465256,0.29060996722392257,0.0966177588562223
0.1555184447715694,0.6512473259511931,0.165107618308781,0.02812661096845655
0.09813175384072734,0.566872823590211,0.20681940494622547,0.12817601762283626
0.09936394911875518,0.1314604884045994,0.39234030169552425,0.37683526078112123
0.39677612865824347,0.07016471050329645,0.05836932509934312,0.47468983573911694
0.12129003305506159,0.2799387521068223,0.5800457032889196,0.018725511549196668
0.5396133244722732,0.19593312923084794,0.08191092568065808,0.18254262061622076
0.3001671525533799,0.01971593537153525,0.6221720502713787,0.05794486180370607
0.3723629559604525,0.02420713503146303,0.16509356527524768,0.43833634373283686
0.07714396685823889,0.3235251795867041,0.1547666370016836,0.44456421655337336
0.08457194836583955,0.3259132970616113,0.444050559850493,0.1454641947220561
0.7178213922612233,0.039730166667517934,0.21532333872834494,0.027125102342913765
0.1423763331962861,0.4931294908288973,0.02874570616108211,0.33574846981373463
0.00016393777497402556,0.28106960475932663,0.04010921369578456,0.678657243769915
0.3365683242239749,0.05072225725718567,0.5585639601183374,0.054145458400501945
0.038886351505034895,0.38906962868926454,0.293745903669937,0.27829811613576366
0.34445972265391867,0.10136497556862553,0.47191727903917374,0.08225802273828205
0.25856438173779434,0.12527630084645772,0.22886976242307025,0.38728955499267764
0.5292492129727887,0.022693559426557364,0.27501287856727474,0.1730443490333792
0.021211542257475503,0.6084148612234804,0.04330983252970255,0.32706376398934156
0.26949123935043373,0.12407978917600408,0.5398686612497516,0.06656031022381068
0.1657909951894802,0.7090741686832941,0.002236515546079684,0.12289832058114604
0.6408501096039215,0.014155034222805713,0.22890106932521206,0.11609378684806045
0.1461650510024999,0.2358706810925041,0.04423203854910601,0.5737322293558899
0.4677110249780601,0.1573971496342705,0.27494356478472787,0.09994826060294155
0.3258884166395057,0.13679549689258652,0.075150582656696,0.46216550381121174
0.29895176009876123,0.11539270940731038,0.05537390405794044,0.530281626435988
0.46442642641513227,0.06740904085033875,0.34693541165517544,0.12122912107935359
0.4258195491966834,0.22326243981378346,0.08055934549521493,0.27035866549431825
0.0670827266046863,0.7067032200587083,0.2165971924005167,0.00961686093608871
0.08750486667770184,0.08830387117057477,0.5326831263150316,0.2915081358366919
0.019954128649703584,0.7449935823477012,0.16611233019667687,0.06893995880591829
0.4863231473813128,0.32045012295992864,0.10292685293551701,0.09029987672324136
0.057674960265641326,0.25488233976820507,0.2892506356371789,0.3981920643289748
0.14983519508424503,0.1961763950441762,0.41666503005048183,0.237323379821097
0.08656165464932644,0.3401966496357947,0.5556039559828948,0.017637739731984067
0.5476626808628663,0.01795055853071609,0.43108004468805733,0.0033067159183602164
0.09211052297933524,0.0630003490217241,0.552977282011112,0.29191184598782866
0.5052207950940614,0.1587514813820691,0.23714426238120492,0.09888346114266461
0.11621749898880857,0.21321769257760742,0.4168128425675943,0.2537519658659897
0.023014683568429162,0.1203930129768444,0.2916009453100506,0.5649913581446757
0.28573752432430155,0.5316912339087074,0.022143981729623844,0.1604272600373672
0.31583010867091943,0.24059724959477297,0.08447667284902399,0.35909596888528356
0.04693375169680784,0.6796681636284365,0.19078613828176985,0.08261194639298579
0.09662418944395817,0.0813929400054428,0.05656719987473259,0.7654156706758666
0.018691453911849933,0.39955772418122015,0.2143305151328821,0.3674203067740478
0.31719042716937723,0.0771106756887607,0.5906907401723727,0.015008156969489395
0.6565621722784246,0.047665882528557316,0.0719612974588113,0.22381064773420678
0.15426593843228673,0.035328698728139,0.30528666158032686,0.5051187012592474
0.2006486330140675,0.4573370992027976,0.08556119426691346,0.25645307351622143
0.09622105579896754,0.6541271014956489,0.18967922819582778,0.05997261450955574
0.23815715976267257,0.17736584789998427,0.14364252500994076,0.44083446732740245
0.18935280912365487,0.2292851340213413,0.03818663431005108,0.5431754225449528
0.048620404581892776,0.7462531760043866,0.05845198064449984,0.14667443876922087
0.30882702016706304,0.31260481339007223,0.17433975219456962,0.20422841424829516
0.07724728265051438,0.24426760183273247,0.5968338164042432,0.08165129911251001
0.28810007161576967,0.22256073211718802,0.37443532261771006,0.11490387364933229
0.7599816791672485,0.18330711678216002,0.006775030510526418,0.0499361735400651
0.02333838268511298,0.28701289116548834,0.24880997238839775,0.4408387537610009
0.1391741457504547,0.49059331369265446,0.025470973422402437,0.34476156713448847
0.22793089401652394,0.14364397887865973,0.5027959806652237,0.12562914643959264
0.5259086396649074,0.41888915605166505,0.04525978650992572,0.009942417773501732
0.1302243771265545,0.25550762342441896,0.4916983854980921,0.12256961395093444
0.6070340456859158,0.2692753876003065,0.04679009154168585,0.07690047517209178
0.7509307166768951,0.1477673209948937,0.06652176490700352,0.03478019742120752
0.005897673667003453,0.2342877422347076,0.13341669993144525,0.6263978841668436
0.17151624159965703,0.5458375229030236,0.11513385903581351,0.16751237646150585
0.0013325912809080565,0.5337734589356724,0.4490675499697185,0.015826399813701097
0.5868015325209964,0.009361905646491118,0.009953464883881567,0.393883096948631
0.1904625761802342,0.03426163222895121,0.2796753923334275,0.4956003992573871
0.17189346664432012,0.2682517149941956,0.21930624625281858,0.3405485721086657
0.19323055781819423,0.15919553433925693,0.5462088654824354,0.10136504236011336
0.15456626837145898,0.10999188668496188,0.4953423780557427,0.2400994668878364
0.16326483107309078,0.048372397779011006,0.7522941764466202,0.036068594701278024
0.14551606784400606,0.277148459325349,0.29965990109523044,0.27767557173541446
0.09431330496520592,0.529314396865086,0.0569818490629979,0.31939044910671016
0.33959742494753564,0.11657138515061521,0.44338134484311925,0.10044984505873011
0.3904689906241469,0.3849032645758526,0.1250985528088817,0.09952919199111868
0.1226999483326815,0.3695325441055727,0.011206224693767692,0.49656128286797807
0.1673717512927919,0.23950930535355416,0.3625338403739449,0.2305851029797089
0.6028662154676093,0.007827416486066831,0.24557776952070165,0.14372859852562234
0.10916488199629246,0.478196059401654,0.07509724186964892,0.33754181673240463
0.008171636206836794,0.07949131530472094,0.13150341222896286,0.7808336362594794
0.24838226257872675,0.364026697307098,0.013470001303444867,0.3741210388107302
0.11055325590759914,0.12427582934301723,0.3711718051244678,0.39399910962491574
0.12616098176674342,0.5321050278539068,0.14864745493957995,0.19308653543976995
0.22266261725311293,0.1507665772918471,0.37392099471550705,0.25264981073953285
0.08978656619053159,0.6333889636703659,0.18267669633537542,0.0941477738037271
0.047462031267777774,0.10491743674522967,0.47372481320978765,0.37389571877720473
0.08388370746552462,0.4473589497491358,0.29715235555037955,0.17160498723496012
0.8108754188065402,0.06760536919522046,0.08527451802961179,0.03624469396862744
0.17226815045342433,0.2668229347971153,0.3876368224588692,0.173272092290591
0.27416314546097015,0.4760100250514905,0.11036215863001289,0.1394646708575265
0.1218484598285406,0.11823072704125917,0.5980201795189546,0.16190063361124557
0.2825361465484811,0.16116517921347673,0.23734458446777792,0.31895408977026424
0.06999394039154332,0.6791586189760193,0.07910883153839181,0.17173860909404554
0.03961011344503136,0.30438263152173733,0.017861810646682862,0.6381454443865483
0.11920218777715288,0.5732187917716393,0.2842786763386549,0.02330034411255295
0.6185268908147898,0.32834679573931513,0.015661242881288333,0.037465070564606566
0.07549438432558943,0.43503675439928535,0.02393273589654603,0.465536125378579
0.13599782614653974,0.42017798609477786,0.11731178493440836,0.32651240282427413
0.5203623525126279,0.04711848272792578,0.09002808538028288,0.34249107937916334
0.3201360617080655,0.3353821942217243,0.1601783837317918,0.18430336033841832
0.29320123181620045,0.3464931645490666,0.12664499659178316,0.2336606070429498
0.12827696822092668,0.18776876292781006,0.4772370930798766,0.2067171757713866
0.0741165823286839,0.38984787957839656,0.45238453347180924,0.08365100462111025
0.4768275031288466,0.3071999046873883,0.10116648447983004,0.11480610770393512
0.34474657310157186,0.2418622564093058,0.40541046836466343,0.00798070212445879
0.5246975804748615,0.04285774504014581,0.4226972287115506,0.009747445773442179
0.592743762819979,0.09761803478687339,0.08759814184206655,0.22204006055108097
0.2963752658692146,0.2712096440744085,0.20866730124268942,0.22374778881368762
0.12362761683692962,0.31127967482916963,0.36498412344382036,0.20010858489008027
0.3090317178359562,0.31239098637004836,0.3252440970361203,0.05333319875787518
0.7221086974243766,0.027530339268748066,0.16486324631083454,0.08549771699604064
0.1607248999675085,0.15539426530184194,0.14875362628336106,0.5351272084472886
0.13232801391589233,0.5186386468787405,0.0003146123629598084,0.3487187268424073
0.3615705620940643,0.16814252738278265,0.11277762864118177,0.35750928188197134
0.42054367879316584,0.012122069593664775,0.5492030781079381,0.018131173505231378
0.06075543027836414,0.31719280035511926,0.1322726132021651,0.4897791561643516
0.3052320275390106,0.15057011535763032,0.49795234512007297,0.046245511983286115
0.17056490355301893,0.06511820307986411,0.10578763508817174,0.6585292582789452
0.41511047245880367,0.23902563725200332,0.14145083904172073,0.2044130512474724
0.28289181288133314,0.18347220904305067,0.20151369717238254,0.33212228090323376
0.13890679832570146,0.05787282609681455,0.734579893214072,0.06864048236341203
0.005927970319072846,0.34349504514143236,0.49467747877029045,0.1558995057692045
0.39214086993537206,0.3156609821853713,0.008852646778767955,0.2833455011004887
0.05586062674701917,0.19432842201575615,0.3520001185468865,0.3978108326903381
0.10079235709245171,0.3512311885387431,0.04038460369621935,0.5075918506725858
0.23431355323205857,0.3679235787702862,0.29597114618391696,0.10179172181373825
0.2801535051918608,0.2847313796210847,0.39691784309950456,0.03819727208755009
0.1024092767850723,0.18484134838289465,0.15733864639782347,0.5554107284342096
0.17328775524798387,0.1078347993659284,0.6291088651532522,0.08976858023283547
0.5105933163201621,0.08772577937637234,0.05633007521971098,0.34535082908375453
0.041280937480285704,0.5310952227050981,0.11637328683676926,0.31125055297784676
0.18035243812128596,0.1284779167074274,0.33461953701583247,0.3565501081554542
0.0017814068979529424,0.06336204651381806,0.6034932498216035,0.33136329676662557
0.5333665293971405,0.01856976047482327,0.3601234249525759,0.08794028517546021
0.15340609078213266,0.21031418310461017,0.3827126828783026,0.25356704323495477
0.1252800121391957,0.49366222686655037,0.1567549940916164,0.2243027669026376
0.233061380710867,0.4397052441012438,0.22912692682488126,0.0981064483630081
0.08793807468958702,0.40319908958325906,0.14904711977394547,0.3598157159532084
0.22368359307010705,0.00313040730062641,0.18979373610089512,0.5833922635283715
0.5148534648460675,0.08618235281704402,0.31119683475379595,0.08776734758309253
0.22510946529299503,0.12354696621426806,0.09587522216578062,0.5554683463269564
0.08593427750762554,0.4886875329361016,0.0036104069505842923,0.4217677826056885
0.6386995148942372,0.25372469306826495,0.03171681762092104,0.07585897441657691
0.2956171651736906,0.021189572297617924,0.4695312908790996,0.21366197164959203
0.3879857313577905,0.19308767998784174,0.37350952098946333,0.04541706766490441
0.3319662749947877,0.3971060166141967,0.26892825488301125,0.0019994535080044033
0.03152631292556403,0.44053447124616735,0.0421757054567978,0.4857635103714707
0.10677559821868723,0.30420208327448156,0.38205523458840246,0.2069670839184286
0.37798748861033327,0.3704695435953962,0.010109064556465598,0.24143390323780492
0.006064775198580112,0.18628052780639529,0.35899163039813714,0.44866306659688754
0.0773860569904586,0.41666267464051504,0.046064505866905,0.45988676250212135
0.24080008822742088,0.6428400483960138,0.08749238119265797,0.028867482183907396
0.11988153874690759,0.40256698753508424,0.026288609369162653,0.45126286434884555
0.04345784117987398,0.8773645839566474,0.056382203779198316,0.022795371084280373
0.06723827408621712,0.38868262224675404,0.3355242103033005,0.20855489336372832
0.4578029667701377,0.3908796964541955,0.1261719488376884,0.025145387937978443
0.3498955293187093,0.057161065917949436,0.5023240110858588,0.09061939367748252
0.5339821210896264,0.291820911525641,0.14290068488313182,0.0312962825016007
0.46985036864308816,0.2092445818333183,0.20102707014807464,0.11987797937551894
0.025730908460205457,0.2954497497313448,0.5439181844756988,0.13490115733275096
0.05684152220117341,0.04572451768454884,0.20143094086859462,0.6960030192456831
0.4758385247452424,0.029470616198285077,0.4826361085766356,0.012054750479837124
0.034849534464786065,0.3650512607748536,0.2721592914895144,0.327939913270846
0.32731481582102495,0.14233239442569687,0.021258129730789728,0.5090946600224884
0.07914696584700992,0.5335204461434296,0.15619212888153466,0.23114045912802572
0.19461972349522164,0.052778474294286955,0.220111316358783,0.5324904858517083
0.34159798226732885,0.09668182074650547,0.5018181666239087,0.059902030362257046
0.06372402148389857,0.6698115996250558,0.2657709673227264,0.0006934115683191915
0.5742501083926832,0.0772269723072595,0.29854137559233807,0.04998154370771914
0.07397200047861255,0.1271066101897844,0.24796602974802426,0.5509553595835789
0.16560830953129477,0.05365385671098774,0.7126030906059797,0.06813474315173781
0.2727916516018641,0.009554303556227321,0.5793434157204629,0.13831062912144562
0.5294370108425116,0.06363616275825455,0.2915031792811514,0.11542364711808245
0.28466132933280663,0.2602347556098202,0.06361422865906419,0.3914896863983091
0.37887575511831534,0.12362074517175341,0.263915610913532,0.23358788879639944
0.02054815917105749,0.2932877472757494,0.27943266970730324,0.40673142384588984
0.36342669192202826,0.0626036644030762,0.48297633552046415,0.09099330815443131
0.171789713288544,0.5314142360304092,0.044560662707531375,0.2522353879735154
0.038195385611587584,0.4439550684299299,0.4053521107826315,0.11249743517585097
0.20700832110469067,0.05633022933813382,0.03469808223552902,0.7019633673216465
0.45335913266984035,0.21028298801409234,0.12577306931212495,0.21058481000394222
0.15707489102341812,0.13840359816736234,0.12209780360104401,0.5824237072081756
0.2824886065692857,0.29164580346999125,0.24438170642207221,0.1814838835386509
0.1841056508165735,0.5006930436585741,0.3062079152076703,0.008993390317182135
0.6028268145700539,0.09606044860443169,0.06468419592473204,0.23642854090078233
0.4188340838609038,0.13863961402541505,0.37258997748878775,0.06993632462489328
0.05500113992446838,0.4853491194200511,0.4435234163977562,0.01612632425772426
0.525202889238105,0.30415219173244923,0.08032328194140939,0.09032163708803642
0.3039207110582844,0.12310979872870104,0.33371289092407236,0.23925659928894227
0.15601190702218726,0.2925714760852124,0.008734771967483604,0.5426818449251166
0.05075480736793197,0.3817784056253722,0.4400451041101486,0.12742168289654737
0.4321796971289795,0.03196127108450497,0.2602901274966789,0.27556890428983655
0.10889010678568573,0.0005243040638329321,0.27586493311700483,0.6147206560334765
0.08348691068904532,0.09169786790644467,0.04873090758837437,0.7760843138161356
0.06251075680910817,0.21428925741700938,0.2816660920858355,0.4415338936880468
0.14485215306555876,0.11261881015752405,0.6929708859987208,0.04955815077819647
0.15483295415802173,0.3691430136569669,0.17791332716411587,0.29811070502089543
0.4629147015285408,0.39282101225253585,0.0698462882224608,0.07441799799646255
0.291923633297714,0.18396511139553298,0.19566999182355932,0.32844126348319386
0.11157749298455284,0.5186381977670762,0.3429423637648828,0.026841945483488137
0.041105815150483206,0.14067844936634244,0.5800522262361548,0.23816350924701957
0.34703609899434607,0.20516181610357562,0.08952591540953035,0.35827616949254787
0.14392866985645372,0.26320805373837647,0.3025543517124583,0.29030892469271136
0.09027966471097572,0.07150772952246298,0.49302506780780786,0.3451875379587535
0.005993640198498294,0.13764992335031703,0.5669863607027626,0.28937007574842216
0.08789414806353628,0.07634913481693657,0.8309401705257027,0.00481654659382443
0.20078425230704347,0.6298634638733247,0.11160362683441098,0.057748656985220824
0.6367142927977196,0.25528587852168483,0.0578321297553996,0.0501676989251959
0.14270194946697431,0.0952448019379715,0.43326189720866665,0.32879135138638765
0.0002914147812023773,0.21914608269837785,0.45803591966759594,0.322526582852824
0.45118017865956694,0.020736268172446417,0.416708189267603,0.11137536390038352
0.20796722382699395,0.18814426310252583,0.5568194236785113,0.04706908939196879
0.03315115031155822,0.10831160471228593,0.8325371838779075,0.02600006109824826
0.4951807201221155,0.08026235204637053,0.32394463736482365,0.10061229046669039
0.1217032486817383,0.1517549877049916,0.6888651982858066,0.03767656532746338
0.07458081423234961,0.27755615479985857,0.48934623990875165,0.15851679105904024
0.15383273598121133,0.02747343019983698,0.7141551312935187,0.10453870252543296
0.4428694171992379,0.34192717620362856,0.18615082988286707,0.029052576714266587
0.356398274347405,0.04372421169368543,0.575011026208247,0.024866487750662608
0.18403277264681797,0.15041248856632378,0.36637335535340365,0.2991813834334544
0.47161510355201064,0.14567117719255493,0.22493032221190123,0.15778339704353317
0.45106766752593835,0.5271412340640187,0.006148073202559455,0.0156430252074834
0.5287525900098214,0.2890770997565951,0.1589757578237005,0.023194552409882878
0.46975458870859604,0.05853512213713525,0.038518383005555365,0.4331919061487134
0.06938138650071767,0.14544054088179229,0.6615896390397368,0.12358843357775326
0.37829550493261477,0.06562999887181323,0.13568824786789888,0.4203862483276731
0.027195421897301748,0.802458980812732,0.05122747506012385,0.11911812222984222
0.39225114323133603,0.13249765345514908,0.4432553384616343,0.031995864851880565
0.22953185921501168,0.07065352171625866,0.27509694789446787,0.4247176711742618
0.35201376733129086,0.5153066608889358,0.07781862245025861,0.0548609493295148
0.010372800808298967,0.3733522680550882,0.4971064386624633,0.11916849247414951
0.2645597566526573,0.130864418229917,0.14615907701951195,0.45841674809791383
0.21042079862729723,0.17767795448750737,0.13520591278082425,0.47669533410437115
0.3804375213649393,0.31902990547595794,0.2502219133848909,0.05031065977421179
0.1921210907779812,0.21011181338976856,0.3638690436819129,0.2338980521503374
0.25971197508446076,0.30599164984843275,0.4185936508624121,0.015702724204694346
0.06551032434240617,0.7549763332416816,0.1360422592472906,0.043471083168621714
0.1025387086886094,0.07953270203351966,0.07732136971637309,0.7406072195614979
0.01759045202640877,0.01624165421431037,0.6333034317906094,0.3328644619686714
0.18387469465410863,0.4046572628039285,0.27202994039549855,0.13943810214646438
0.05151091550096635,0.625166721130317,0.14192187642611143,0.18140048694260524
0.20695295043018033,0.7558033947438096,0.012499303138048182,0.02474435168796195
0.7306477889559565,0.12930607111348522,0.003448125313717474,0.13659801461684068
0.056622109183403,0.4382886599760042,0.25486676200739844,0.2502224688331943
0.14361795178862363,0.7036667781295851,0.04571241227088876,0.10700285781090253
0.2617101861498673,0.1565367312564214,0.34385872403037354,0.2378943585633379
0.5161691203786459,0.3514647088971891,0.12286402427062008,0.009502146453544741
0.00021725587355567595,0.323378852543346,0.2324008550561072,0.4440030365269912
0.05789385177501724,0.06458844505640697,0.5414164687960337,0.33610123437254197
0.15241026096712781,0.035507709280021574,0.8091134756085779,0.002968554144272814
0.31240528172587007,0.01623027787439669,0.13632133830563528,0.535043102094098
0.31976549104323726,0.020800150423857793,0.46795743647157656,0.19147692206132844
0.15696256824551671,0.007681962002483521,0.2828808182884974,0.5524746514635024
0.4111091076237916,0.08844568730185862,0.0036497118513725765,0.49679549322297717
0.6090548981973337,0.10539647252570311,0.05737798776893579,0.22817064150802738
0.006961323393325759,0.5772756215361389,0.3022528129103055,0.11351024216022988
0.26696569481348587,0.10233371460827372,0.12784741963556062,0.5028531709426799
0.2743859356057135,0.26634756268292525,0.15068971105262594,0.3085767906587352
0.08807724443940688,0.7105622701947513,0.005668543746779078,0.1956919416190628
0.057356035068880054,0.28518140523342866,0.4073051855785279,0.2501573741191634
0.5282647289948847,0.07593878322401218,0.27461706128150093,0.1211794264996023
0.1444480802780342,0.20224828693252697,0.06607193154957193,0.5872317012398669
0.3069970427958035,0.4718375359636147,0.051449207527470286,0.16971621371311155
0.03673147022199388,0.10296349311154286,0.5303029891058691,0.3300020475605941
0.10393857227289933,0.21207254297800412,0.5981741328351461,0.08581475191395048
0.17222221820259812,0.3054636684860098,0.1342050848086118,0.3881090285027803
0.0068535486282020495,0.5402097676592965,0.3195938433926578,0.1333428403198437
0.2010645818902561,0.5766739826187282,0.05100276673717402,0.17125866875384174
0.4748311569180082,0.465326272551068,0.025009398717594514,0.03483317181332944
0.09969344385978456,0.24240581184252988,0.5151254464666938,0.1427752978309918
0.24057596109415705,0.31476845597968356,0.38827868662312376,0.05637689630303564
0.09374652908447981,0.3636098154491089,0.1290682939379486,0.41357536152846275
0.04864313853273436,0.0965009465611515,0.3553856847619254,0.4994702301441887
0.1864380910634606,0.009359523772928346,0.11307448518921474,0.6911278999743965
0.22816698306772154,0.06382605286996106,0.12091775730956501,0.5870892067527523
0.38459137672189153,0.36729742268930526,0.006797339348206642,0.24131386124059664
0.036555143571204166,0.645098673301884,0.18996829143035285,0.12837789169655903
0.3432113307791814,0.31133354295240967,0.33169213048655954,0.013762995781849485
0.3955894010066433,0.4055072664353494,0.1342142708862396,0.06468906167176766
0.3499544623467326,0.02235229055437402,0.18381583605437635,0.44387741104451706
0.11480763202924969,0.6048462754577539,0.23765523181630954,0.042690860696686754
0.0427300248793668,0.1541676458925246,0.6075264903272248,0.19557583890088387
0.009199412642675198,0.17737080134669816,0.3758010163362594,0.4376287696743671
0.2263395847437413,0.03556291252340497,0.702837303228826,0.03526019950402787
0.03154073292132108,0.4098623088021626,0.2155476917754074,0.34304926650110873
0.2025672835405863,0.1672895944474416,0.6275595568804818,0.002583565131490358
0.27700081100734075,0.24478750788307013,0.2481679522057942,0.23004372890379496
0.04297953219930351,0.3435669686337869,0.027743042242590363,0.5857104569243191
0.2599730671571233,0.1708456178891765,0.36269211777634125,0.20648919717735892
0.6083475926287469,0.1406060495859257,0.08576834854034147,0.16527800924498587
0.030808103344599637,0.6202808757572569,0.14449177168053481,0.2044192492176086
0.5612813131169323,0.029548564752634385,0.23558536755236403,0.17358475457806932
0.2721626797582881,0.0610437849287364,0.4423007801264251,0.22449275518655049
0.16881265440080456,0.5601096972782184,0.10113384024332762,0.16994380807764942
0.4314614196696934,0.09338290785136469,0.12165663235975796,0.353499040119184
0.5915724362784608,0.040471503735650186,0.0637650255446089,0.3041910344412802
0.17374548521348196,0.07477798570429726,0.641533570824729,0.10994295825749187
0.17051107964967382,0.12877415423339225,0.4176228104071637,0.2830919557097702
0.12846846576129145,0.21690498288357923,0.008347446882942108,0.6462791044721872
0.5067426651708282,0.004650799919996851,0.029476399093840273,0.4591301358153345
0.0492889016046738,0.16111868137952587,0.6026056711794964,0.18698674583630392
0.25357096631958165,0.08376620904172367,0.3092286393821685,0.35343418525652626
0.0005220529769046074,0.11017753742409366,0.7657357995131558,0.12356461008584595
0.14800905682767165,0.49824450432907263,0.12673873783474535,0.22700770100851025
0.2552491155188165,0.4976632673578043,0.10421032698522521,0.14287729013815398
0.19568589273707632,0.0019632668101930172,0.19052597050938963,0.6118248699433412
0.19617784704115632,0.18132249929411245,0.30857777292211774,0.3139218807426135
0.05526132308667865,0.2192706077351903,0.5499892025987447,0.1754788665793863
0.27249221914744515,0.09524693880186356,0.5727377331719544,0.05952310887873684
0.09322713694868472,0.4056247464921588,0.09005675666684596,0.4110913598923106
0.3118275283671012,0.1037273959818243,0.3026741022189339,0.2817709734321406
0.5346895776290798,0.08542653923464313,0.04653267645093115,0.3333512066853459
0.012210595227078876,0.12564464246289983,0.8255698436540688,0.036574918655952596
0.27477778966640126,0.0011470102154041877,0.7133052080712088,0.010769992046985772
0.06904161114093331,0.17838012806696876,0.4025251252743761,0.35005313551772177
0.3719155739135664,0.49017076725782915,0.13201505348346276,0.0058986053451417645
0.19598870438382107,0.09186903586592937,0.21890792197522968,0.4932343377750199
0.20052573403876214,0.44852396179688314,0.2980358462998811,0.05291445786447356
0.31328951618186585,0.5606429956751718,0.009639625782207678,0.11642786236075481
0.09365909687011922,0.4869139074318857,0.2056834329755075,0.21374356272248762
0.15476039669424035,0.2769079877004723,0.10703025419421124,0.4613013614110761
0.5220834900808071,0.11975770600160461,0.023170448025843643,0.33498835589174486
0.16111989887971695,0.26589132117981107,0.146485076891259,0.42650370304921287
0.032605836209375655,0.07906521184738309,0.6691427302899529,0.2191862216532883
0.18100828242595163,0.1552654685669203,0.1545117233648834,0.5092145256422448
0.03306046380104264,0.32084659045220626,0.20852906232161608,0.437563883425135
0.7827654051234181,0.043821320529076224,0.09846113238462174,0.0749521419628839
0.12576205454470402,0.7191292166886804,0.08890666786015759,0.06620206090645805
0.14203360884569133,0.6940782263916203,0.030566778736580515,0.1333213860261078
6.367823563869524e-05,0.10680449565342266,0.026220083779866354,0.8669117423310724
0.5438654206155029,0.16129914353388655,0.07111248953917107,0.22372294631143946
0.41513878464838166,0.37774259963466017,0.03703153127552276,0.1700870844414356
0.08944298354562914,0.615560644530334,0.01516634968686677,0.27983002223717
0.5244676625223939,0.25810408154630804,0.10343910241485721,0.11398915351644102
0.005790767379655314,0.0960223920930274,0.1618276225188491,0.7363592180084683
0.19445493774953873,0.10941978312473793,0.2785806297939736,0.4175446493317497
0.050553675719168044,0.6669531647497015,0.019051198987839173,0.26344196054329144
0.2981625987197341,0.0415985768234817,0.3075731858021787,0.3526656386546054
0.10426040027439636,0.2150457746585145,0.6402724377658211,0.04042138730126811
0.4164305406029527,0.4106668998059693,0.10485440616118766,0.06804815342989043
0.038161123329087276,0.40822196709900577,0.44799046093418,0.10562644863772684
0.3244355303356886,0.34430274240516595,0.011563457096775913,0.3196982701623695
0.24748800074095578,0.14402435890568102,0.21469386285639902,0.39379377749696415
0.08906623114193955,0.3346725515501966,0.5107249397463398,0.06553627756152405
0.6652602177351638,0.009956237638919039,0.21267443620175186,0.11210910842416533
0.21068103588010573,0.1355786314669721,0.17882025153294834,0.47492008111997386
0.05092258677022597,0.3317334852324203,0.18281484845057952,0.4345290795467743
0.4535765135724385,0.14681076662536727,0.28117435416472875,0.11843836563746546
0.41074827709563866,0.11199253899283514,0.2673712425605257,0.2098879413510007
0.0029593929866966228,0.6931779700252619,0.30211194409102105,0.0017506928970204023
0.06885280588114473,0.22356306130824072,0.6863876315582895,0.021196501252324997
0.07818107733297304,0.06962832914147717,0.03889074532688786,0.813299848198662
0.35234661350056784,0.04598024830444782,0.23824670386694544,0.3634264343280389
0.04377653412398563,0.5561141545248339,0.014436899887295287,0.3856724114638852
0.23299036979192467,0.44151867887694185,0.20281183939883457,0.12267911193229886
0.6388958271638112,0.08945975559932506,0.13193112235859558,0.13971329487826814
0.1493350003037346,0.05227671941815733,0.4263758329750148,0.37201244730309324
0.01758926028549813,0.6971920796891361,0.007072233010604387,0.27814642701476155
0.20109099621427642,0.4871512070761241,0.011633085819020684,0.30012471089057874
0.06356003623994308,0.11621232428185757,0.7963836212344163,0.02384401824378308
0.17369529511091625,0.24001085606547398,0.3182621773079945,0.26803167151561524
0.13501386580516853,0.06637521153149122,0.4666359449664091,0.3319749776969312
0.05273273704951338,0.14724325647753297,0.16029742904717142,0.6397265774257821
0.3403908018548282,0.46193324570544936,0.16098967025151412,0.03668628218820842
0.4714964617501164,0.09172263756078736,0.06512739263350398,0.3716535080555923
0.3027579851113164,0.33891436726096735,0.2760414625910517,0.08228618503666453
0.04586511973265247,0.31559687973922484,0.4248441324635424,0.21369386806458027
0.22160223327918344,0.32528077938534583,0.23333894275585493,0.21977804457961572
0.16715810104936005,0.5724621180226402,0.006290728415415546,0.2540890525125842
0.04317539502298858,0.6147128313380669,0.16612351072735868,0.1759882629115859
0.3091212864488352,0.5131422527368013,0.022354388388039607,0.15538207242632382
0.07406137795181605,0.49962911626890927,0.048526687057476335,0.3777828187217984
0.23016405762943912,0.3080419155484229,0.3715873011659808,0.09020672565615713
0.08492242626721858,0.40604101114597824,0.3965315462353371,0.11250501635146606
0.005091928988713249,0.1872395856027265,0.36789340380025287,0.4397750816083073
0.07802170349550097,0.054919162440584146,0.27167406066503025,0.5953850733988847
0.3714068618453999,0.07370163717884774,0.1314200416546576,0.4234714593210947
0.31845708465357125,0.1428257595008525,0.08532731237734612,0.45338984346823014
0.09464863825915584,0.6733459676070792,0.20624276153570884,0.02576263259805615
0.30955400548800394,0.15491964791257434,0.3200826720592418,0.21544367454017974
0.3019527705847035,0.2733534134354256,0.04982926641523336,0.3748645495646376
0.14261071346679918,0.3617924414499758,0.24169616279367406,0.2539006822895508
0.48924549410694174,0.2100492604536197,0.07362166204758654,0.22708358339185203
0.06159421547391704,0.28665895739953023,0.6162656667229135,0.03548116040363944
0.3191287205818377,0.24851307570400716,0.2919676040120011,0.14039059970215403
0.15400228615322767,0.3022760515391727,0.004155642604357646,0.539566019703242
0.18703614429136092,0.1107466398389847,0.6257289369481611,0.07648827892149346
0.22076781590901878,0.08158248946082441,0.07263623798603261,0.6250134566441241
0.2777453203477911,0.13205882789885245,0.258547770998495,0.33164808075486135
0.23258127455024707,0.5488225591761092,0.16018344235025556,0.058412723923388206
0.10436821738145577,0.16167392121353932,0.3245094779155267,0.4094483834894782
0.7390123155847756,0.1668609412849056,0.06890602640480281,0.02522071672551582
0.07478509446739982,0.25891053495747707,0.30187483107811847,0.3644295394970048
0.3350287239534016,0.1298753429285192,0.4449325180302629,0.09016341508781613
0.11084180810763576,0.11459575273998633,0.10512144892319246,0.6694409902291854
0.11556294429041648,0.19390297354290556,0.22741579155337757,0.4631182906133005
0.2523941547147113,0.05198064437580171,0.18395657240305413,0.5116686285064329
0.5417587397820425,0.1389472513079249,0.03988221683210783,0.2794117920779247
0.07305795162247972,0.45782321395348496,0.36826123296013974,0.10085760146389566
0.10202737892289898,0.20500986643937696,0.5227717328179091,0.17019102181981494
0.2606923924833354,0.446875753605143,0.00472615542194405,0.2877056984895774
0.2028530844654851,0.3315605445627075,0.40981003961642204,0.055776331355385324
0.006601797774358332,0.33635333409202084,0.17425572021545643,0.48278914791816424
0.09941169740571158,0.48053330562549346,0.4073804383290623,0.012674558639732722
0.06906878826043839,0.669224420189817,0.06484333051808668,0.19686346103165778
0.46209252338177,0.3454502383309209,0.15938340906289183,0.033073829224417324
0.03411642094788812,0.08087507655992972,0.08890441276337223,0.7961040897288099
0.1374254178741596,0.5532406183796861,0.13029890430353913,0.17903505944261505
0.037747840592284386,0.5524855210324826,0.059938582682288515,0.34982805569294434
0.6767322993017976,0.21735529606338833,0.07904586349861448,0.026866541136199684
0.3032107107712011,0.04138662455071506,0.20482192390168436,0.4505807407763996
0.22437518643538445,0.2276526890966215,0.34245268250309785,0.20551944196489613
0.0962117157166886,0.11810265658037662,0.7508533476245378,0.03483228007839694
0.15408903696353307,0.6581439873084963,0.16583227813627116,0.021934697591699408
0.02199452818624741,0.3912935885077178,0.5211574545212833,0.06555442878475162
0.570187487355709,0.21008386478381325,0.15800746143995137,0.061721186420526306
0.051631980600121787,0.14407551997007964,0.3680471792133301,0.43624532021646856
0.49166010069222565,0.25630539945244335,0.03964688549919148,0.2123876143561394
0.0590202718370749,0.07086026471209282,0.47376951881258983,0.3963499446382424
0.08522702768064816,0.12256313102162851,0.0959125702970941,0.6962972710006292
0.17490707707045847,0.20061725971400238,0.19684685682255065,0.4276288063929885
0.4027387100154602,0.3703407327550446,0.16244739585637175,0.06447316137312352
0.019511645595727368,0.7079004839391582,0.24609403667930616,0.0264938337858084
0.12373018743768677,0.48015000739424435,0.32261246329942733,0.07350734186864158
0.3948025694147649,0.12483947787863404,0.22428907111568375,0.2560688815909174
0.552743225807936,0.22974978760078615,0.2012575702110529,0.016249416380224938
0.021193076203336585,0.18529910061399418,0.5959627489794697,0.19754507420319958
0.12271043252241451,0.2032067820897958,0.3056543694723131,0.36842841591547665
0.10998997947189815,0.2922569350997036,0.360654764412318,0.23709832101608036
0.08576068030614684,0.2197008761978069,0.4947920110357429,0.19974643246030338
0.08889479551214408,0.44353606761017644,0.20604655082341503,0.2615225860542645
0.3798322368796617,0.0995391228402927,0.04277405233591735,0.47785458794412816
0.6462978522219643,0.018237831754505645,0.19214798171386646,0.14331633430966356
0.4152041206947758,0.254218499155907,0.05671414688148217,0.273863233267835
0.6231411463732449,0.16966546841758756,0.0026216777138106918,0.20457170749535677
0.3026928185336245,0.09601259734390033,0.30675818256344556,0.2945364015590297
0.43872182787760783,0.03744998163635761,0.2596884583317597,0.26413973215427505
0.15406111681499277,0.2830721613807932,0.1850249639487054,0.3778417578555085
0.39836263808058575,0.5436119748792664,0.015160222155350766,0.04286516488479708
0.29096365880324826,0.48235972791000886,0.07051393865175154,0.1561626746349913
0.440684643397084,0.09190055297860895,0.3565590419331446,0.11085576169116265
0.08639800082200555,0.11416306998932915,0.070711757820735,0.7287271713679303
0.7122750545496642,0.018915248523036433,0.00010666349581536293,0.2687030334314841
0.0695522073133629,0.17768733655950297,0.14267110960092688,0.6100893465262073
0.4315078048821648,0.2063690797419445,0.17659388403584925,0.18552923134004148
0.6438552178402493,0.13754201514864559,0.2041153995231464,0.014487367487958843
0.01852654020133678,0.09205525105918169,0.3698923119917181,0.5195258967477634
0.17644213846375156,0.2821832285400456,0.1004069607629543,0.4409676722332485
0.6208159527701097,0.06593958188005068,0.14654197267324898,0.1667024926765906
0.2521201117247387,0.13128237711499904,0.2863255478673752,0.33027196329288705
0.24900197937573254,0.580718298339642,0.044223956102294265,0.12605576618233127
0.15258734176603145,0.18206992166360536,0.29585969893408265,0.36948303763628054
0.16538281683707762,0.11674942219541888,0.35257502000578783,0.3652927409617158
0.22438016597118343,0.21975805786269142,0.021910835499642033,0.5339509406664832
0.0038319551854303683,0.9284987720018028,0.017458991956544625,0.050210280856222214
0.15114401577282688,0.16474689537750017,0.12054218967974593,0.563566899169927
0.16924468547579435,0.34411338791362767,0.19027694619116822,0.2963649804194096
0.6275787739452164,0.276142662540316,0.09489753514490726,0.0013810283695602972
0.7210853806931047,0.13837272205940823,0.050355210358075914,0.09018668688941114
0.15541514832158118,0.1748677346412856,0.5313924240997027,0.1383246929374305
0.03248634760290108,0.061420397877270834,0.737576858277935,0.16851639624189316
0.040971552434725694,0.1329820682921134,0.22629146940759623,0.5997549098655648
0.051393414040064506,0.1579247984022862,0.1692642054405887,0.6214175821170608
0.04162636227799614,0.32717843960459614,0.30703138887565146,0.32416380924175636
0.005777995157178049,0.33776567734182694,0.4458673956771959,0.21058893182379915
0.1412351337762102,0.09143952583006286,0.5044049906215149,0.262920349772212
0.037211639197299445,0.389240205108372,0.5231799460618142,0.050368209632514496
0.29928288664482705,0.0033065714514790507,0.2977386646166424,0.39967187728705156
0.054681013910208236,0.5079582782389589,0.10188831721851793,0.3354723906323149
0.332661834415175,0.2913026479454712,0.27291348530017817,0.10312203233917588
0.5816906873686342,0.14587766351276982,0.0015649570490966398,0.27086669206949926
0.3426547899410513,0.06431332609779009,0.5430232479640134,0.05000863599714525
0.048316958753506174,0.6739300032396551,0.24099634788333205,0.03675669012350664
0.12835466220368816,0.409541975436206,0.07608275859130938,0.3860206037687963
0.4583488088453198,0.15919393360505923,0.07958065436668207,0.30287660318293874
0.3612025533515889,0.10858135148020884,0.045864516611954884,0.4843515785562472
0.05301935712285771,0.2886160457534354,0.5161401441025252,0.14222445302118167
0.23703987032960322,0.5151110407825307,0.03923622624453109,0.20861286264333503
0.536404250741122,0.04535288137638234,0.023199570988359428,0.39504329689413636
0.2114229978965884,0.13897103077263223,0.2825049173654865,0.3671010539652929
0.06962867108464539,0.19266554602738098,0.6527838807032031,0.0849219021847704
0.1527782969197427,0.2411979392393722,0.5141982801182587,0.0918254837226264
0.29162067572135314,0.5197567048556381,0.11383767986421467,0.07478493955879413
0.5016373349776321,0.3267938661737692,0.11057121958137399,0.060997579267224794
0.4245087279809549,0.2503227695650958,0.256673123457023,0.06849537899692637
0.15498645375851114,0.252606899935297,0.40049772532427,0.19190892098192178
0.5003225987243785,0.21374382537557454,0.14702006262086345,0.13891351327918358
0.26470538840070307,0.3870335265005892,0.23717551886414312,0.11108556623456464
0.07501940877953983,0.09076733208012842,0.42439853867113647,0.4098147204691953
0.1893572821794064,0.03945606126945499,0.5933034205685399,0.1778832359825986
0.5774895703631012,0.07884112879182792,0.007342734731416681,0.3363265661136542
0.11648671484471278,0.3932040948231119,0.20793833988975957,0.28237085044241567
0.1652912535633297,0.7643677675160416,0.06419160004560381,0.006149378875024752
0.8583215583696157,0.06230438459314371,0.06685323532342595,0.012520821713814636
0.07618462290974326,0.3659559106077126,0.38114248180360666,0.1767169846789374
0.30716895296786256,0.4161472986334019,0.040660543805359675,0.23602320459337595
0.46865263485924813,0.2341640128344183,0.003786795156694543,0.293396557149639
0.26070081189811734,0.36625479888788104,0.17256758561716765,0.20047680359683404
0.3686616309472036,0.31270937723950765,0.06800048395318715,0.25062850786010143
0.6323749685596924,0.10021450167723185,0.006888574324365084,0.26052195543871054
0.020937474524642247,0.560691438592725,0.32458531959762016,0.09378576728501259
0.6548691160457606,0.12133626825112433,0.07914853580502819,0.14464607989808692
0.09309762853504946,0.08450693853787973,0.3621958372539023,0.4601995956731685
0.0007116368300845156,0.8798774649055404,0.03102447929671999,0.08838641896765503
0.20129266754692623,0.32669055049041446,0.397020549334534,0.07499623262812528
0.3290442789051673,0.16655906969807577,0.18272433236917113,0.32167231902758575
0.061980033149680064,0.11779248758135884,0.28838626214913343,0.5318412171198278
0.07930188341742948,0.34599923798294835,0.2196960566596464,0.3550028219399758
0.3521782896145826,0.08760692644308767,0.15150143440484062,0.40871334953748917
0.3984707371657186,0.01573861828731675,0.17906653607345976,0.4067241084735048
0.11077465799501555,0.28681451072524844,0.4470515446789376,0.1553592866007982
0.18563516474979644,0.5767955266835273,0.03861195102387785,0.1989573575427984
0.03147442146284329,0.5157857110228434,0.33312679377796106,0.11961307373635213
0.11494626315380643,0.28390569701585644,0.06480734328577976,0.5363406965445574
0.5498134057413246,0.3000677465604581,0.0005749927096791485,0.14954385498853814
0.40561234388640705,0.09393103882866735,0.3470286177736015,0.15342799951132405
0.7871539160048353,0.015817870411914216,0.07746391630503008,0.11956429727822047
0.09564452020007708,0.2952497358181101,0.33807647132495056,0.27102927265686216
0.17108626040122898,0.37351444190694066,0.2448848176435598,0.21051448004827064
0.01840293770137779,0.7764048567105949,0.04287668683155085,0.16231551875647646
0.13161698359404878,0.5131230385453177,0.28139632704831724,0.07386365081231627
0.06580150230002225,0.1161666835255563,0.08169309163122566,0.7363387225431958
0.16775642756301287,0.6880121739307421,0.011241334765795355,0.1329900637404498
0.35101121536111923,0.24662114730114568,0.27992758666270945,0.1224400506750257
0.26898294623012603,0.5402546186234856,0.18555467088072103,0.0052077642656673554
0.07224947714715388,0.263364965154946,0.36230042715415983,0.3020851305437404
0.15132221357470058,0.2527665305629794,0.5283051574514226,0.06760609841089729
0.1889121820703795,0.6822996951847402,0.11799362791493338,0.010794494829946988
0.2857706759835288,0.04633967713638778,0.07017469064662615,0.5977149562334572
0.6152581685018648,0.30622587056205425,0.07468425609486287,0.003831704841218193
0.09988304991709378,0.11171807809830715,0.04243932474314509,0.7459595472414541
0.027182001517625818,0.025748394882779312,0.5166340793738259,0.430435524225769
0.39802748761615864,0.22354612884965094,0.26838083504034693,0.11004554849384357
0.31578842663760615,0.09120477741555712,0.011905052414881604,0.5811017435319551
0.3906518345760119,0.30375696499841687,0.20824054681120396,0.09735065361436723
0.18568236415180622,0.05968482870911452,0.33483146175815975,0.4198013453809194
0.3684370015689733,0.19273383346323483,0.33553660073491376,0.10329256423287815
0.4711781041491542,0.18388638559695145,0.33034108054118805,0.014594429712706337
0.09480455926343274,0.13216687742895938,0.7203034301702512,0.052725133137356606
0.5081673855856927,0.2587105972213287,0.00715659292554042,0.2259654242674382
0.36543367041184555,0.34750703390821813,0.2507651120236194,0.03629418365631682
0.2970234929745123,0.3045940373858178,0.14563848019080436,0.25274398944886556
0.002753601302080864,0.2928122914479174,0.3950407498064002,0.30939335744360136
0.45519127440782353,0.13584023828367373,0.30475160965084647,0.10421687765765637
0.010810037377194662,0.19849057356842925,0.40238362500776165,0.3883157640466146
0.058685092529815665,0.5237694921537629,0.2321095519994144,0.18543586331700704
0.5113299684476524,0.10862689413716527,0.17130294172664134,0.20874019568854105
0.05432198070253083,0.2103559548807794,0.585871525987437,0.14945053842925282
0.09998023850030628,0.39898700199083165,0.3338952846663238,0.16713747484253821
0.08222752750737268,0.06833937065669139,0.5228203522163695,0.3266127496195665
0.6501967825684976,0.12680634365472404,0.0578835921748094,0.16511328160196903
0.17258193294280177,0.15430499580805304,0.24688334791139885,0.4262297233377464
0.11273886594933731,0.020193104837342938,0.7134854981173449,0.153582531095975
0.032581555438908026,0.0699477898311635,0.22652069177211276,0.6709499629578156
0.38578890170810703,0.014333352868744285,0.5758529244456502,0.0240248209774987
0.17030228885237136,0.012475426292967513,0.3932046948861535,0.4240175899685076
0.10067058257664876,0.8103494080354792,0.08274337231275893,0.006236637075113265
0.1771499177971846,0.44361934509556866,0.1950789621209099,0.1841517749863368
0.28036685643821313,0.5110880762259628,0.11061670012745832,0.09792836720836563
0.6450065629304477,0.016344029368319517,0.08095276095606962,0.2576966467451632
0.6116738366371843,0.12485822383292774,0.14265031111238266,0.12081762841750515
0.05183676323416552,0.34696188991497723,0.34123387228086105,0.25996747456999625
0.14584901949291681,0.01912752253338803,0.7474847285026502,0.08753872947104492
0.22340869879983788,0.21717591748736265,0.18861559446021414,0.3707997892525854
0.13276777508507087,0.31959263062454935,0.28679322697850196,0.26084636731187766
0.13484099308240696,0.18357269528019035,0.1347267955131964,0.5468595161242064
0.1807257231480819,0.1720144382339508,0.3275974255328824,0.31966241308508475
0.48353104811121317,0.06549607415604604,0.2499944011260219,0.2009784766067189
0.38346882158721574,0.34635534725155986,0.18932722036922325,0.08084861079200108
0.285465362625423,0.072404534504064,0.4112237984366923,0.23090630443382076
0.006347962275487405,0.3769412951923296,0.41017845696187116,0.20653228557031195
0.046814422494802464,0.06363114658411669,0.013788869054506795,0.875765561866574
0.17014234504231923,0.4554621120614067,0.15670266229763177,0.21769288059864217
0.06626619519934424,0.5431086534671098,0.38436226465909895,0.006262886674446839
0.4559985931122767,0.11095639476678303,0.09365962161770379,0.3393853905032366
0.3879402295132924,0.1311434694032217,0.3551916639961003,0.1257246370873855
0.03329773267696453,0.17691553811929378,0.2650525963720308,0.5247341328317109
0.4893642185194276,0.023927106275181267,0.1491868979696657,0.3375217772357254
0.4634294734851624,0.34162724089071095,0.020575912930928218,0.17436737269319824
0.03192699149457598,0.3917497061609876,0.314942377013747,0.2613809253306894
0.32046261426058437,0.31588097342735066,0.02229825404382049,0.34135815826824434
0.49445453732490535,0.4192852614950329,0.04436705683327147,0.04189314434679028
0.06975666222061254,0.10799692182294057,0.7491589375604347,0.07308747839601222
0.033687020782996846,0.2046377132434787,0.43270343377480613,0.32897183219871834
0.004953150749163691,0.905238153991284,0.0009289465460722322,0.08887974871347981
0.30371366942512323,0.03706714919382441,0.2666860160407196,0.39253316534033256
0.24405965831040155,0.42508412915220767,0.11715695728299551,0.21369925525439531
0.12583459557918675,0.2612997267856781,0.38436122027104686,0.22850445736408817
0.47185228911075056,0.14470820910005486,0.24957919051249405,0.1338603112767005
0.32492808353538066,0.5978823921832104,0.05660897336992336,0.0205805509114857
0.1901385376641721,0.056635333462377584,0.47784702928927403,0.2753790995841762
0.5895807433284612,0.02860566328843917,0.33832539552368196,0.04348819785941764
0.6237633463494016,0.14065628452756276,0.19895514961998031,0.03662521950305536
0.11146016436823836,0.8062135171466626,0.0031636494566715328,0.07916266902842753
0.5009251426213832,0.3839850030727137,0.06871567760404187,0.046374176701861065
0.16253623321828245,0.4792189338417891,0.03887417439796022,0.3193706585419682
0.06105044630723503,0.43699179635812496,0.1983650631318478,0.30359269420279206
0.6365774965998615,0.20715020029736875,0.0981923384136208,0.058079964689148805
0.016811510846340215,0.4122123481608281,0.5518961922160976,0.019079948776734055
0.20848536596469286,0.4020814719117568,0.0553887467540001,0.33404441536955026
0.05868506153815255,0.5444997158180646,0.3620778966189013,0.03473732602488155
0.22909182907544334,0.00880563726612486,0.5959555724186142,0.16614696123981762
0.017031242874315476,0.1491077667533248,0.6607843323696013,0.17307665800275843
0.05928170676032565,0.43285810194190805,0.03151229861414342,0.4763478926836228
0.2645925681784908,0.18745438466857606,0.5356756502857677,0.012277396867165528
0.07757254425722673,0.15019833422959594,0.6454084405518996,0.1268206809612778
0.87536349890304,0.08759657095546533,0.026057387699927513,0.01098254244156707
0.2002069880843433,0.4491697015980305,0.29817847564512695,0.052444834672499184
0.5438262430003564,0.19578557998882087,0.1642364740743407,0.09615170293648193
0.04587946007145408,0.7603913130705747,0.025008615698208763,0.1687206111597624
0.07169495749504493,0.14671390486108474,0.27756394627446646,0.5040271913694038
0.10876165211796263,0.6859028901230405,0.16219336539119522,0.04314209236780164
0.26855772246716497,0.1015332876170419,0.16995100100629723,0.459957988909496
0.04961505731764871,0.8114495131840558,0.09730214809277044,0.041633281405525135
0.3011422878429267,0.3515545125751045,0.12576160011241633,0.22154159946955254
0.5195122626942068,0.046252678441213876,0.22477787430955815,0.20945718455502133
0.19003036766297796,0.7577011189763908,0.006189365587944254,0.0460791477726868
0.45487311541630787,0.09804069707094448,0.11537635247845857,0.3317098350342892
0.7365591771476414,0.021612105252968618,0.16651455898929643,0.07531415861009355
0.13688028823504686,0.43113673196333613,0.05832389723581132,0.37365908256580577
0.690114022994478,0.039021847529784236,0.04560759292686008,0.22525653654887778
0.24063126692408154,0.1418910664980496,0.33136876914473423,0.2861088974331348
0.3702851611556222,0.18625535989374806,0.4159815351072219,0.027477943843407904
0.12474905644697673,0.16059533109350801,0.4308409715355629,0.2838146409239522
0.08808307362167332,0.3260008207926057,0.35818156474010243,0.2277345408456186
0.0017228557562346028,0.04642440681865302,0.008820797957253618,0.9430319394678588
0.3988987780200795,0.15866492589195938,0.1966178883093268,0.24581840777863437
0.37426441973068336,0.22486028442239064,0.15144781558199727,0.24942748026492886
0.24850934527476584,0.029784423795420487,0.3613923583947764,0.36031387253503727
0.029193379556213112,0.21340786656810648,0.6562421802037216,0.10115657367195872
0.03599841638875011,0.09308496717979371,0.3257714914274993,0.5451451250039568
0.5773956961909797,0.05533051095059619,0.3379780991448244,0.029295693713599583
0.3158678913917952,0.08275866514454468,0.30708224204754037,0.2942912014161197
0.5862148796903653,0.18211844934331392,0.058883660252021054,0.17278301071429966
0.005883482165549393,0.429202155181149,0.16949667663364815,0.3954176860196535
0.16657957593977815,0.521872217251432,0.10802414670807749,0.2035240601007124
0.2254061488358447,0.20415023730907286,0.40095255583992745,0.16949105801515482
0.3635601901971056,0.09422017416737274,0.4475396577071994,0.0946799779283221
0.027484999918845045,0.19648928192411702,0.22221717580641265,0.5538085423506253
0.5102971086881527,0.1461640199803138,0.1335601668427907,0.2099787044887428
0.21897773671358386,0.024057079444105164,0.6628987828694873,0.0940664009728237
0.18301435196006002,0.20623363266250877,0.49809410722275405,0.11265790815467708
0.18263203301554065,0.17844774729059842,0.5441059418511948,0.09481427784266618
0.006267995185709349,0.09528471189044502,0.3853299307695779,0.5131173621542677
0.2786066288808839,0.16076073490547088,0.3676588365464166,0.19297379966722855
0.18550748919989568,0.07874934268174387,0.26890437261511696,0.4668387955032436
0.40983120181730676,0.4404107372732012,0.10666607787119986,0.04309198303829207
0.23720480373456856,0.11317350171380151,0.1701419423417457,0.47947975220988426
0.4756170149685429,0.22161792065218341,0.26173240830692557,0.041032656072348045
0.09062655311448566,0.8148842681842153,0.06415612080523636,0.030333057896062617
0.06622760905301207,0.16140995817948853,0.14333276973066417,0.6290296630368352
0.42198965899550217,0.010450323181045513,0.5624311985908128,0.005128819232639703
0.357938665912749,0.1429321287748697,0.3966473807085112,0.10248182460387012
0.2962896887747417,0.5649594204762891,0.10882528861478737,0.029925602134182026
0.0751573431553357,0.40406128037244243,0.05846314468561214,0.46231823178660963
0.2576737196108495,0.3463732298572657,0.04006478435615277,0.355888266175732
0.30371283327861626,0.23809862892369366,0.06525597545430566,0.3929325623433845
0.04474626580115293,0.4370385964435293,0.3745701809701511,0.14364495678516653
0.40278452376111107,0.2792691541805078,0.2716460131035042,0.04630030895487683
0.1609942293561904,0.31208820901341067,0.07860640631742154,0.44831115531297744
0.02158866463820829,0.15251966183418592,0.7317981076291127,0.09409356589849308
0.5687659110190662,0.010205219895120786,0.04693241855287088,0.3740964505329422
0.35463635934973897,0.04004814733442233,0.2817293356728291,0.3235861576430095
0.40403840060322394,0.31778300565982637,0.2380086834560918,0.04016991028085785
0.4573585379314374,5.5799292038106655e-06,0.39007381427005905,0.15256206786929974
0.027856220202098315,0.4393908629055043,0.487574655598481,0.045178261293916507
0.03786947282636241,0.42418056230948914,0.3505567411754742,0.1873932236886742
0.14355916468778032,0.23139098413345957,0.5918441687369501,0.033205682441810096
0.21141077634011704,0.3486858302557266,0.41174752412727345,0.028155869276882878
0.12186645259407916,0.4138702470888453,0.1036834980302709,0.3605798022868045
0.10805564204888489,0.03881944500516754,0.7468862686703015,0.10623864427564597
0.4186717945583219,0.08004240707925907,0.30197217821635,0.19931362014606896
0.07186538959780442,0.5540441293926051,0.08852674355627632,0.2855637374533141
0.04952122800471086,0.3613166108008961,0.49600477236688634,0.09315738882750679
0.21230832817865647,0.5815909962942912,0.0361799308519672,0.16992074467508506
0.12644388547979496,0.7877631083234695,0.03435704795932157,0.05143595823741404
0.2207396386175189,0.22387444561126318,0.14884343053397747,0.4065424852372404
0.09675451059600834,0.06987819811864047,0.291238290296526,0.5421290009888251
0.10159383095329884,0.3303539320450293,0.02488525310000985,0.5431669839016621
0.5698263944330586,0.2760138869987152,0.05066769102964227,0.10349202753858386
0.028348507526441004,0.533765352908081,0.15708910935544265,0.28079703021003527
0.10461424956632248,0.5952606368765044,0.147013017043153,0.1531120965140202
0.12374186776127635,0.5339688773169741,0.06138539079825174,0.2809038641234977
0.1786101433312509,0.006567453655835356,0.7094453966861485,0.10537700632676528
0.42250796692163073,0.025704188809611925,0.5129451835571337,0.03884266071162376
0.13873465355582576,0.42336548946026065,0.13617254073237636,0.3017273162515371
0.08590471399377923,0.6850723998834675,0.0561139331715896,0.17290895295116357
0.5491215341728295,0.3195999607822279,0.0046464067405110904,0.12663209830443137
0.1117160323864538,0.271659955123984,0.269942953257532,0.3466810592320302
0.0762907371141217,0.2349168843990769,0.3403889001760153,0.3484034783107863
0.05060600453418893,0.0244299185820857,0.09759073038681404,0.8273733464969113
0.5582647856441929,0.23907680858805072,0.12190903379391253,0.08074937197384381
0.32863453416399263,0.19516480895826355,0.2925000365225532,0.18370062035519064
0.37148676050812346,0.1890756604655729,0.0382207464723705,0.40121683255393314
0.48984362437501455,0.3773629864626538,0.05931917182511428,0.07347421733721733
0.45995671317790354,0.41209891362255635,0.06088153109530642,0.06706284210423384
0.09390460238247168,0.2833882809238203,0.2344393425572866,0.38826777413642133
0.10557677357530999,0.15870627848465124,0.5589186469691217,0.1767983009709169
0.12858693452431083,0.4233635281829684,0.08395729324283857,0.3640922440498823
0.2669220607760749,0.28646468473951975,0.42751392356127516,0.019099330923130126
0.009005847804988008,0.2557969762019491,0.14446986522579486,0.5907273107672683
0.26163441264389653,0.15171006991088354,0.27317117628749815,0.3134843411577218
0.09462016279990959,0.5680922605834752,0.17731863195771772,0.15996894465889758
0.10587611438170352,0.40125474952964457,0.11273536872303536,0.3801337673656166
0.4885752610488487,0.2104004709309339,0.1582644750068995,0.1427597930133178
0.08287603593510288,0.0006617476353094849,0.7044859911561896,0.21197622527339818
0.06359839430115523,0.6231241977239369,0.09070926020637139,0.22256814776853656
0.3416825150179349,0.14253307689512887,0.4682541920477935,0.04753021603914274
0.3925973497475454,0.5086286733932146,0.02236567335339408,0.0764083035058458
0.144170062905855,0.5090515376824883,0.03221749951695312,0.3145608998947034
0.2084969829729346,0.42657921041006946,0.34330442684128054,0.021619379775715233
0.4489838081292761,0.16291718894458626,0.0411923826904659,0.34690662023567165
0.3087715716730571,0.0013341641370315186,0.3352489359826093,0.3546453282073022
0.523079286689445,0.23163716702262105,0.21822738048801274,0.027056165799921088
0.10044824648532306,0.11906841995700172,0.33542137672431727,0.44506195683335803
0.3311124840480049,0.2724935399310496,0.16970537928717894,0.22668859673376657
0.6329855027777577,0.09615268142295663,0.027003494183257006,0.2438583216160284
0.5082829651412166,0.269587876767623,0.14959941760390075,0.07252974048725959
0.22196176730584022,0.0869459099404933,0.30832737464201776,0.3827649481116488
0.015992060908617194,0.6215159163294381,0.11043218546384483,0.25205983729809983
0.10609204090472453,0.3467650739400314,0.1295837568951275,0.4175591282601164
0.102908590058648,0.4928649474131688,0.34151782980586737,0.06270863272231578
0.08721142482954967,0.7542890682400921,0.10456490838389094,0.053934598546467066
0.108723460388954,0.34221474685142456,0.19920255916000054,0.349859233599621
0.6131335556164005,0.08724312258208798,0.17616358152475323,0.12345974027675832
0.41549317210231834,0.27472284530047125,0.038854435270685314,0.270929547326525
0.12416532053887562,0.39289798635622236,0.31118596987957525,0.17175072322532664
0.19332372364896552,0.2892956318891942,0.24782154274472645,0.26955910171711384
0.3285835073521235,0.32021004345207515,0.14255789377419995,0.20864855542160127
0.40341885680873624,0.35798320494520114,0.1507227200925188,0.08787521815354378
0.1988857640088049,0.5100157958956051,0.2861137812406549,0.004984658854935337
0.2899324684630505,0.10184582994502177,0.18856485143883225,0.4196568501530955
0.19092277708177213,0.22954359655063533,0.0660122285289972,0.5135213978385955
0.10995602086946603,0.1504152185311203,0.610898762706862,0.12872999789255155
0.018074247575106367,0.8102931421299406,0.03168281104675965,0.1399497992481933
0.2726591075737536,0.016984630677029412,0.5575893152783047,0.15276694647091224
0.44609695359986246,0.11402666751198028,0.1295039607554519,0.31037241813270516
0.36851833061319855,0.2133140488647394,0.34683127322806045,0.07133634729400161
0.2031954186228081,0.5887952095840429,0.20277445258376933,0.005234919209379725
0.042956092329039346,0.34209966514310214,0.33005543800504616,0.2848888045228123
0.11809972354076474,0.2924217067316945,0.40254647803920607,0.1869320916883347
0.27566476253277644,0.23143691314462017,0.015414685328297541,0.47748363899430596
0.1275044167315486,0.13706778787936608,0.20568121144982093,0.5297465839392644
0.281060957278708,0.19826310975475617,0.33567328260588175,0.1850026503606541
0.06871411552351009,0.030536707507184655,0.7638442283770254,0.13690494859227978
0.06283569982537085,0.05434733817306692,0.5981378303140699,0.28467913168749237
0.3259000842927601,0.5005466390685287,0.13675858580343453,0.03679469083527692
0.45279243320265966,0.3727004879757023,0.1033236378356468,0.07118344098599136
0.3410079696801244,0.2362032204932743,0.04813603705137146,0.3746527727752299
0.013420210508489676,0.3479873344467498,0.16032587347577112,0.4782665815689895
0.5023217892239734,6.423438006648174e-05,0.3189580970027303,0.1786558793932298
0.39920070549631037,0.0434111316607323,0.18577866417330083,0.37160949866965653
0.27063175727102673,0.10883948283704088,0.09870605771652805,0.5218227021754043
0.03296461502008093,0.05902475314046728,0.49759466669272023,0.4104159651467317
0.3383614325384454,0.045339142788454814,0.2320700342372442,0.38422939043585563
0.32372398954627885,0.41068741802697084,0.264124530610391,0.0014640618163593723
0.6954681688101175,0.0005989415188829803,0.022893861199041174,0.2810390284719583
0.03377336502221764,0.5321159885664603,0.3919823544279539,0.04212829198336824
0.06252091817792747,0.023829038876860952,0.13361645099524314,0.7800335919499685
0.29045154050431327,0.2237502426212697,0.2568563988475178,0.22894181802689942
0.01877470753764121,0.11004781550367358,0.05919587416534315,0.8119816027933421
0.16740139809298424,0.4754206678810254,0.21195657845689722,0.14522135556909324
0.4185862500380771,0.3377501342444077,0.021439002756988245,0.22222461296052698
0.6761986276970231,0.14730728137493665,0.00832637907775852,0.1681677118502817
0.6625177901062307,0.007812893187327254,0.20957605810216823,0.12009325860427376
0.1767302109358028,0.06577669861824124,0.49477775734856055,0.2627153330973955
0.26470421563885393,0.45343866127678567,0.2472541597965788,0.03460296328778145
0.18345820992907097,0.6515074330796051,0.055075394631422754,0.10995896235990102
0.6492925324412322,0.13267465637671924,0.1824546629338047,0.03557814824824384
0.03270952775597884,0.2193317594023208,0.6852432061052605,0.06271550673643984
0.3334979613456883,0.21941971554618855,0.41477181717420686,0.03231050593391621
0.2800975512391168,0.25246729993280886,0.40279177398490806,0.06464337484316633
0.3678674002454604,0.09932508486942809,0.08016669565988536,0.4526408192252262
0.3174581920785632,0.00945466572021049,0.1380568746745582,0.535030267526668
0.21774191249008837,0.30440581117900134,0.33422375262836285,0.14362852370254736
0.4034415397889936,0.11730196933766544,0.03151183889101234,0.44774465198232855
0.5964731629291574,0.07849046792363158,0.019920758004966076,0.3051156111422448
0.046133727714786056,0.3692206495446623,0.23639530537034423,0.3482503173702074
0.26796730351059384,0.4552552112676983,0.22256745776705075,0.05421002745465705
0.07272610932890484,0.658332992227739,0.2529645611615964,0.015976337281759647
0.40254151020227347,0.2861783090075657,0.23645301551431214,0.07482716527584857
0.1305383491321751,0.6170365882752367,0.010609538753634955,0.2418155238389533
0.06286693378282342,0.002291144590436356,0.15905720201153897,0.7757847196152012
0.29819040928255347,0.07395386451011385,0.5205461957762443,0.10730953043108854
0.03186055501621633,0.7682055018711639,0.011558045961045253,0.1883758971515746
0.47163067810756154,0.4289600866965213,0.009704993034381156,0.08970424216153608
0.5452559240779994,0.1056736427820241,0.002307259832472782,0.34676317330750367
0.16567192292003907,0.10511757590406567,0.3953513006758593,0.3338592005000358
0.11400456125079889,0.44132381620588734,0.22979975038213482,0.214871872161179
0.6564890832951369,0.029870261970841784,0.1921606425369777,0.1214800121970436
0.17061460368604095,0.358475160460216,0.02589946021427385,0.4450107756394691
0.060622213497456966,0.2725600639034911,0.43603712500012953,0.23078059759892233
0.1659396927892711,0.030633939155125568,0.7776761545240547,0.025750213531548546
0.26011257868212334,0.6214061813300215,0.04398224290928319,0.07449899707857205
0.49064277029196324,0.02842379514892617,0.3297745032622202,0.1511589312968904
0.0581429662203006,0.0008255061191310597,0.6532071955257601,0.287824332134808
0.5229383989307637,0.10108623644266823,0.32095836304535286,0.05501700158121518
0.550625189346021,0.0006184194505783202,0.040676945601340955,0.40807944560205983
0.6552515745814641,0.05041763020700921,0.09932073479293423,0.19501006041859234
0.249145473419176,0.04772991631130052,0.21399337579871675,0.48913123447080664
0.0639974070589915,0.11309289229599982,0.027720521207526865,0.7951891794374818
0.15009581772422487,0.1836742415620882,0.6473325255267414,0.01889741518694563
0.3563494806942194,0.035108461092506024,0.39268411045662527,0.2158579477566492
0.12391847456139096,0.7946574204534776,0.06207041916184136,0.019353685823290074
0.6830609418500858,0.008044917905125135,0.24943485865525955,0.05945928158952944
0.2003457021578173,0.35555028246279125,0.006072959101893107,0.4380310562774983
0.450626167216817,0.47756746197205546,0.06310179303195981,0.008704577779167921
0.1587341897405333,0.5487716297600173,0.24280508880390161,0.049689091695547964
0.03974691456638166,0.577096839788679,0.016328305558734536,0.3668279400862049
0.4591029072002495,0.0004440467793103133,0.24864813572092065,0.29180491029951955
0.07879354234873069,0.011018871149237568,0.851521241480108,0.05866634502192359
0.2742507375729461,0.41732081044906394,0.25699063669135175,0.05143781528663818
0.34203308084454076,0.07847497630479545,0.44238116149276124,0.1371107813579025
0.21898679002907007,0.4534246968056178,0.11079475034546035,0.21679376281985166
0.33817374480225654,0.08738105830263121,0.41355175239006975,0.16089344450504253
0.35861879066133484,0.28809403899652647,0.2860467009945718,0.06724046934756689
0.0785386759444115,0.6071078307944217,0.15485604394593036,0.1594974493152366
0.09060734329651914,0.5848885318023501,0.24492847273158194,0.07957565216954872
0.016580343500771835,0.11783656890154878,0.5285314584993869,0.33705162909829245
0.024419555418799737,0.5526604596548903,0.051399515699974245,0.3715204692263355
0.06898919479034235,0.26970423748191336,0.5301416144433369,0.13116495328440733
0.04144541411385771,0.2610236797404509,0.5671950682042323,0.13033583794145906
0.3291804651544711,0.1968287614080282,0.3624163386825808,0.11157443475491984
0.08627653332381459,0.4578287490061203,0.19533685345091906,0.2605578642191461
0.33666160303863857,0.13080293134245527,0.4468909316753656,0.0856445339435406
0.05731059056884492,0.6953218532388324,0.09458939852954043,0.15277815766278224
0.8637110004154649,0.07817831561614712,0.036593867598547124,0.021516816369840715
0.5234297266056407,0.11923597023740003,0.30777678523806057,0.04955751791889857
0.3313327361763649,0.47726434843076887,0.10356554917462378,0.0878373662182424
0.18263611512322467,0.19641004779533475,0.5014953272229984,0.1194585098584423
0.5252546915196038,0.4209143973030273,0.050481805144616754,0.0033491060327522494
0.09947462698277856,0.370241811399254,0.520980895780652,0.009302665837315439
0.16664120693637322,0.2641151511356086,0.44868066813833896,0.12056297378967927
0.9193366618337622,0.004971444236400331,0.0106322699064459,0.06505962402339155
0.06013261927485923,0.08124976623698352,0.4267782802569854,0.4318393342311717
0.7505649649364051,0.041452324474842435,0.04230871417683307,0.16567399641191938
0.20554465911572267,0.4054871358129264,0.2281851756545873,0.16078302941676353
0.03561380496627195,0.03342933410999984,0.1457897800924932,0.785167080831235
0.7733605001001522,0.1947550334882899,0.008959502189819496,0.022924964221738446
0.39659961056734383,0.40671586576201385,0.14538641960454843,0.05129810406609377
0.6157245032033637,0.2905209479583429,0.07380679858750121,0.019947750250792224
0.024148037065277652,0.12935129575406645,0.6430964142119294,0.20340425296872655
0.7456626868631495,0.17345713323003895,0.03487140889896631,0.046008771007845325
0.14954777992967883,0.7992956063418067,0.04864069936745393,0.0025159143610604643
0.7310735537422595,0.11530915383673127,0.07908668064515725,0.07453061177585209
0.18669959697172808,0.3406839557568424,0.16483284416125915,0.30778360311017045
0.28149769160250254,0.04730595855570538,0.39181820117818716,0.27937814866360494
0.11810259939422739,0.609304736912057,0.14569305234241742,0.12689961135129801
0.19704990643073317,0.5467679895328547,0.08793037068101578,0.1682517333553963
0.027197640686646977,0.4522457285556783,0.3080068934613831,0.21254973729629162
0.06447888046236042,0.10821016052250493,0.0536286279521139,0.7736823310630208
0.23148764928886628,0.3351009696548683,0.40061326105592193,0.0327981200003436
0.5040131926808488,0.2193216313828647,0.2562665199598885,0.020398655976397905
0.059076856707018344,0.2192206360533907,0.6837766612254642,0.03792584601412671
0.1404694427464658,0.4472181138518252,0.3900619756454476,0.022250467756261393
0.14478041454396626,0.2737471348656507,0.12306876366525527,0.4584036869251279
0.13869218628163185,0.7547245934753211,0.05076042314111606,0.055822797101931075
0.35977592920919216,0.05162273774924514,0.5104312888349014,0.07817004420666115
0.006255943042154251,0.15252842444210551,0.6694579276899566,0.1717577048257836
0.15344478068450138,0.20056993643371648,0.41762628807348307,0.22835899480829908
0.43909742864112583,0.09351569173759346,0.36717382616934946,0.10021305345193124
0.34727757486000216,0.1319077027632594,0.2661005358617543,0.254714186514984
0.561810077123442,0.31284656362515045,0.02190328605095775,0.10344007320044983
0.04321825384017521,0.17899769176938826,0.6902720446096472,0.08751200978078928
0.15596936316269677,0.013291439477767387,0.1963886149250239,0.6343505824345119
0.08500022688836886,0.540839928721962,0.17962025407546164,0.1945395903142076
0.4049529700057457,0.4404121817230969,0.15005532833042898,0.004579519940728472
0.3342550517847834,0.4140412047629601,0.016277245136129402,0.23542649831612714
0.3601779386242079,0.07015795027775834,0.004429353915616477,0.5652347571824171
0.1189087557896218,0.43437818068650047,0.3264303276701853,0.12028273585369242
0.06613118606207605,0.3783506789463691,0.12926578310248482,0.42625235188907
0.16139730121623008,0.45419270089158664,0.19237972537011205,0.1920302725220711
0.3658593312688836,0.24384392050496692,0.24096669239154492,0.1493300558346045
0.27929633281513283,0.08945931006119857,0.5696321869637636,0.061612170159905215
0.013708333987267288,0.321124564636538,0.19636932935997664,0.46879777201621814
0.3002790230395397,0.5088175404390074,0.09365121806799499,0.09725221845345804
0.23643795216997632,0.5632404401982842,0.1825471815455244,0.017774426086215052
0.10633235589041458,0.4143246020556571,0.21950029230432866,0.25984274974959953
0.0411346834267068,0.611357842825222,0.2719777928202809,0.07552968092779026
0.3054583128175894,0.48629293058383827,0.17387038565385438,0.034378370944718045
0.7245425094410595,0.1336278190978618,0.129947848789219,0.011881822671859665
0.09506096878559958,0.23108740953873733,0.5967175677662083,0.07713405390945488
0.20533044565444125,0.0396862487597485,0.5312255380183623,0.22375776756744795
0.17162923820882997,0.41122602785600315,0.033433175407686304,0.38371155852748057
0.2333381364952336,0.12719028563689042,0.5517919456659526,0.08767963220192324
0.13331270793583647,0.5432042479283258,0.30786656899785464,0.015616475137983019
0.08353023947350718,0.19456527070020987,0.6015087450507095,0.12039574477557356
0.1350090247241416,0.15631925986819992,0.10188875840060635,0.6067829570070522
0.26352364069260176,0.017788765714086316,0.27233983443950066,0.44634775915381136
0.05925716458694148,0.632500701144699,0.20138967407561992,0.1068524601927396
0.17641471184694052,0.0026342592383716847,0.6877043885090227,0.1332466404056651
0.10256972410896219,0.3483219755740313,0.28102055622331834,0.2680877440936883
0.3643582893665018,0.2480212360531117,0.059761171453251584,0.3278593031271349
0.07861463006884478,0.7313664225501643,0.14013848882512836,0.049880458555862574
0.05525798124047593,0.025760290088989078,0.21252250239402978,0.7064592262765053
0.20253411317630324,0.5831590537769151,0.10916787896121717,0.10513895408556431
0.07990001989218376,0.0316504714898303,0.25232335462735295,0.6361261539906331
0.5699765401887243,0.12275506655193648,0.23241557493478665,0.07485281832455262
0.38640611215840026,0.1695506186954556,0.03908345206679653,0.4049598170793477
0.21885617907661237,0.2537860217055225,0.32445943433895613,0.20289836487890905
0.0975363171598732,0.05173349059578218,0.2773139231789986,0.573416269065346
0.06368635225046548,0.5908746462224219,0.25214095172150375,0.09329804980560881
0.5047672603077132,0.3442771115678131,0.010605609797816972,0.14035001832665672
0.5497261572661392,0.21864313992434306,0.17457200712123305,0.057058695688284596
0.6267462626241561,0.307655846574876,0.00976137454872014,0.05583651625224763
0.24422762969674333,0.5604940022479945,0.18905840967057386,0.006219958384688278
0.20681960128323235,0.2580444405536025,0.44423423162755443,0.09090172653561081
0.3139357050316913,0.3954984275428512,0.2508382840899772,0.03972758333548029
0.38014031465782516,0.015313450498220122,0.4622803799784203,0.14226585486553445
0.22855998259733493,0.5751513087158259,0.06274121643866978,0.1335474922481695
0.5515681786615217,0.2873036003412431,0.10028813723365254,0.06084008376358241
0.1955112937447529,0.21542357806280937,0.5672182000333444,0.02184692815909339
0.17218811828042432,0.11414106977799375,0.14408543236755622,0.5695853795740258
0.1727075118945723,0.3664731071619731,0.19144902477197492,0.2693703561714796
0.19962129900741007,0.05018453807036896,0.6888738939164895,0.06132026900573153
0.6355292095815032,0.16328931611924322,0.0061990918130490034,0.19498238248620453
0.04610137094933055,0.06342446111289655,0.6379629844998518,0.2525111834379211
0.623444914101579,0.2288038848056183,0.07070912244183031,0.07704207865097225
0.1561799540380471,0.23846002791035548,0.3669296608111039,0.23843035724049363
0.27357776841015047,0.6066553938696454,0.09405174796433913,0.02571508975586492
0.15352143706436389,0.07289746411299886,0.7661627346834252,0.007418364139212039
0.17971703709970374,0.14600400148870002,0.33712915136169,0.3371498100499062
0.23456913460679982,0.1614473833886771,0.26342181745071586,0.34056166455380715
0.036504702747045384,0.5791088391314564,0.25260146177987103,0.13178499634162716
0.6511839262622102,0.13685520771918988,0.10912287471580771,0.10283799130279238
0.14517947951382754,0.05415761726328755,0.6730978017095249,0.12756510151335995
0.2344048451546536,0.162142036646976,0.028344772105352394,0.575108346093018
0.08315195518675338,0.7809896462747211,0.010459867500818246,0.12539853103770723
0.15874533948621738,0.6715103061659035,0.14697818673608798,0.022766167611791344
0.21347204119358945,0.45614407291472087,0.10518954964119652,0.22519433625049332
0.44250185752234666,0.28148603251581095,0.2210625016446265,0.05494960831721588
0.20154851615743125,0.5318457874303486,0.22012669058670123,0.04647900582551891
0.2624381021978872,0.06905744267435247,0.4786342002761942,0.189870254851566
0.32240027361789714,0.49369283649747275,0.12932556009029259,0.05458132979433768
0.12932673272536882,0.2065145707541461,0.6293374986703576,0.034821197850127515
0.10910432773373195,0.47282827518062437,0.07105039634274242,0.34701700074290126
0.08759565365103612,0.14430028277905627,0.05930486397673788,0.7087991995931696
0.0857461733686372,0.11330661896766271,0.020158826892956932,0.7807883807707432
0.037235814959976375,0.3654548554941324,0.03828275196697662,0.5590265775789147
0.3843693676557611,0.029410327493539633,0.4506099831748163,0.13561032167588308
0.12625998665432378,0.3579274938359084,0.27020089290884947,0.24561162660091848
0.4021322117030956,0.18472431231144934,0.2740323521218486,0.1391111238636066
0.5011644909510373,0.31205412414533595,0.1139124574796147,0.07286892742401206
0.020147903511034577,0.060619820500474174,0.8520852463615749,0.06714702962691634
0.1820965726963026,0.24676344101926442,0.29281094726294776,0.2783290390214852
0.022672800970961367,0.6591598975006844,0.1306528306379437,0.18751447089041048
0.4534381291048903,0.28048614978090036,0.20968236716631353,0.05639335394789584
0.23073276811833027,0.31386377156099116,0.06548485621786124,0.3899186041028175
0.07457499380517522,0.18219690071633893,0.3024682789119014,0.44075982656658447
0.6152057255830868,0.03160241889224877,0.1520653438190773,0.20112651170558699
0.26602538777828894,0.49447544433435936,0.05374613501458436,0.18575303287276743
0.07232635384218936,0.4886491133271935,0.03070242132378593,0.4083221115068313
0.20362995002146372,0.1859843450501083,0.08405415645638122,0.5263315484720468
0.16546411304763742,0.394733305850017,0.03224213192443572,0.40756044917791
0.3084981470408364,0.08520383331005273,0.007665314654537605,0.5986327049945734
0.4692723556675414,0.05890039989659788,0.23511579068977348,0.2367114537460871
0.4226852860426146,0.08983611310028271,0.14606584818078683,0.3414127526763158
0.20118238290934962,0.631913467245762,0.03499304005040921,0.1319111097944792
0.2686678758623478,0.07577764266524736,0.030526202008504384,0.6250282794639005
0.04306476082726426,0.09068941532815225,0.2802943871811911,0.5859514366633924
0.5257082562380759,0.33987855338595846,0.05919758533424365,0.07521560504172203
0.010892302362893229,0.15589005270985232,0.15031539095532456,0.6829022539719298
0.5906281053746463,0.19087639291804068,0.10462754565350876,0.11386795605380445
0.1638694794243825,0.636868786406508,0.19470754758728218,0.0045541865818272695
0.07354922100837313,0.7328620020188064,0.11246887312053958,0.08111990385228086
0.002341340129491159,0.5942127910238804,0.3137875640186403,0.08965830482798828
0.0959538767856275,0.24988102671230475,0.06161971946322998,0.5925453770388378
0.30861631454507094,0.02571897529858808,0.6422285751296701,0.023436135026670954
0.38027280767664184,0.14212070245166805,0.02618142865570239,0.45142506121598763
0.013857555442585719,0.012444175090280977,0.22074080070016136,0.752957468766972
0.034569614122748525,0.15974570464750096,0.7156672123682916,0.09001746886145898
0.008339218309196053,0.23342168829373416,0.5866614325296062,0.17157766086746354
0.0011611386058359928,0.3511431644048346,0.5727620987636126,0.07493359822571685
0.029710287084148298,0.25506966770480544,0.29523833657584947,0.4199817086351968
0.3580405991680294,0.4300098494383317,0.03480052248256067,0.1771490289110783
0.4653044183791877,0.01849488411737797,0.2658308774247292,0.25036982007870506
0.6759899638445788,0.12928846269244182,0.030355514344265356,0.16436605911871413
0.06304113204827957,0.2379330953652784,0.5721289373125119,0.12689683527393011
0.04237846254187854,0.5844397134160283,0.22218420562718538,0.15099761841490755
0.068351503670726,0.4338884954810236,0.10493466969144778,0.3928253311568026
0.021688575852866373,0.27102131627044396,0.5837194697970001,0.12357063807968972
0.0250115704579106,0.3047255027413254,0.5292292186083815,0.1410337081923825
0.5360259058182452,0.047745699479428465,0.3685427330402379,0.047685661662088576
0.193244614175169,0.2432145118615465,0.42347404421219,0.14006682975109444
0.47681170105317033,0.09967962667641918,0.1910523418666789,0.23245633040373173
0.40788055320425104,0.0320872267243802,0.08849904670700894,0.47153317336435985
0.34448815520302845,4.437272438327623e-05,0.3381573200814337,0.3173101519911546
0.08808396055123473,0.5835265216139598,0.02036248854976555,0.30802702928504017
0.20725521738067035,0.35991620442942807,0.3103915056953834,0.12243707249451824
0.0790830747738937,0.6875306357903573,0.01916387947332311,0.21422240996242592
0.03937451389870571,0.6068790326558748,0.3463930167670827,0.007353436678336845
0.4056935113452916,0.11472122826760213,0.2903304690879235,0.18925479129918277
0.44869096669451086,0.15480321863126892,0.1323564970935296,0.2641493175806907
0.06724297465968088,0.3850261089577524,0.5451624919293827,0.002568424453183972
0.24042331688645183,0.13604863056256777,0.25956577320235874,0.36396227934862174
0.38281155863729893,0.12290899640618545,0.2860909365428933,0.2081885084136225
0.011397959353888673,0.13412398800008302,0.20054764015726825,0.65393041248876
0.3000587930981059,0.04421184985515955,0.3133827558544667,0.3423466011922678
0.7644506964923939,0.020633078961825098,0.18676430471769503,0.028151919828086035
0.43407703646794044,0.38476271510440574,0.08839690820245173,0.09276334022520202
0.2805983522783739,0.6073663469790319,0.09596599896258146,0.016069301780012625
0.036968713411292445,0.6014002972361442,0.3455987894998317,0.01603219985273177
0.019037878878675234,0.7645523264015504,0.18811799397871015,0.02829180074106425
0.2657231384078296,0.2459396404776786,0.09029504874034726,0.3980421723741444
0.22602283876951568,0.349307761930288,0.16402809962923995,0.2606412996709564
0.3678324403570919,0.11161475439803699,0.48248637777545345,0.03806642746941762
0.005891264799177942,0.5599040870308435,0.1746577520452875,0.2595468961246909
0.057417795782127065,0.15333432828602248,0.6021988497159635,0.1870490262158871
0.5194395677335008,0.018826327286059364,0.371084546743706,0.09064955823673407
0.547092720633268,0.17375756785376387,0.016878179915801882,0.26227153159716626
0.288277685617294,0.13894410292044695,0.4739031048537363,0.09887510660852267
0.07778794685206947,0.2373571131044613,0.3753690061167809,0.30948593392668833
0.05859637626210338,0.6163337793780993,0.2373473564149964,0.08772248794480085
0.4390547454594965,0.16143634770866996,0.19355698920230957,0.20595191762952406
0.4240116531491648,0.37848804641046063,0.1662567628844859,0.031243537555888653
0.6794499689488533,0.28988179611629467,0.0015293736395847986,0.029138861295267104
0.049998592425101164,0.8056804321896431,0.02691651054289545,0.11740446484236017
0.7939395212744894,0.07882444666414173,0.08206181161597749,0.04517422044539147
0.11828298047158847,0.465988147597373,0.038830936327203455,0.376897935603835
0.4524273683426193,0.22107656864497804,0.062343808661569765,0.2641522543508328
0.4002561322831748,0.3225039881259962,0.180073734729897,0.09716614486093203
0.18671715152866095,0.648113628765859,0.06305214449772137,0.10211707520775871
0.018298576830786867,0.3067098139781822,0.4592512437712014,0.2157403654198295
0.6742081253868002,0.17394750532874362,0.00978035258741593,0.14206401669704027
0.42259703009048316,0.04307731354097278,0.23883100078599812,0.29549465558254595
0.23480729978406822,0.22145853836769652,0.08108037383302373,0.46265378801521156
0.00953710441904603,0.3531685293103202,0.10857487019429876,0.5287194960763351
0.06396963310706942,0.2780402154041713,0.4532941276411852,0.20469602384757415
0.16287871517685337,0.2762658056372938,0.35732040580454794,0.20353507338130472
0.18541741387178498,0.2892338373883319,0.34383289851022975,0.18151585022965336
0.24859119786100392,0.015296424734521145,0.3658172034321091,0.37029517397236567
0.18320619596825838,0.2121688010861458,0.38199993392987874,0.22262506901571721
0.19123185168178636,0.6312472917402306,0.022876439196152266,0.15464441738183074
0.3238294300787114,0.24552748848126757,0.3993220680818845,0.03132101335813658
0.038843436729807966,0.17510055373754937,0.25811325642427935,0.5279427531083634
0.5978253527110151,0.01911747545225719,0.09962603757387678,0.28343113426285094
0.02723236371402793,0.8379045414779112,0.038880664845334194,0.09598242996272684
0.5686961680796859,0.10742528035794473,0.3058039391408206,0.01807461242154883
0.29481754760027984,0.14658898893034653,0.13196132241160888,0.42663214105776465
0.16239095313042096,0.27662629190841453,0.3325811230100215,0.22840163195114296
0.3297177651646118,0.14104198992165035,0.2858826822693902,0.24335756264434777
0.16342416754037675,0.25653524335608374,0.5175783155908085,0.062462273512730926
0.1869850099120606,0.01861519922198065,0.626887911320387,0.16751187954557176
0.10443387777997938,0.12319303063223387,0.05785374341071991,0.714519348177067
0.29764363140341654,0.08131597750040384,0.3481811233359447,0.272859267760235
0.21337810443523472,0.2338761830656458,0.2441064420182244,0.3086392704808952
0.41624769456632393,0.02404666355284388,0.5094398639278335,0.050265777952998726
0.4334318205710166,0.12291331050395442,0.3832857956924311,0.06036907323259797
0.6183623232095785,0.22568568662916147,0.07595433435167168,0.07999765580958836
0.1167478197302958,0.09273574258986231,0.269707728785714,0.5208087088941279
0.006365332954160948,0.042854726328496275,0.8552355150302116,0.09554442568713115
0.3531020376684457,0.04797438688452741,0.5248058343534264,0.07411774109360045
0.2512386422288824,0.2856433083519784,0.20892781197409946,0.25419023744503966
0.16249554962160298,0.30621747963683565,0.004434322281739813,0.5268526484598216
0.07402626190817384,0.6143181904712557,0.2692869734761227,0.04236857414444779
0.035581372630854174,0.7208470209812092,0.23541748263634935,0.008154123751587241
0.09402523295380626,0.46902511509653827,0.05583949250391044,0.381110159445745
0.3448609426076559,0.1926216179429575,0.09446242233912101,0.3680550171102656
0.2461108319530292,0.09000847649675613,0.23989226403606423,0.4239884275141504
0.08803429058327768,0.803565809750751,0.028464863449992852,0.07993503621597857
0.39666880641200625,0.013608576193976273,0.3607700727869175,0.22895254460710002
0.6157434764336791,0.26060297851121,0.03384989685262599,0.08980364820248482
0.5278544212589606,0.2501724335433269,0.19258178398575354,0.029391361211958664
0.1125297290776467,0.541571390040887,0.07741770709982461,0.26848117378164177
0.20152400125200376,0.20730724301095563,0.42829825125852405,0.1628705044785166
0.2635205923036264,0.055921619775916025,0.5843659940084015,0.09619179391205612
0.07358254015650824,0.1675445187176298,0.3787188652638051,0.38015407586205685
0.30518836403146843,0.14652009263340432,0.03215369504914834,0.5161378482859789
0.1379601977523013,0.22720650059476769,0.48523329542465177,0.14960000622827915
0.1357927543898047,0.5744026348147149,0.10269374888553097,0.1871108619099495
0.4746772521924245,0.3301974842178813,0.17723578806408638,0.01788947552560766
0.5798952670001482,0.2949272650123569,0.007759881685846068,0.11741758630164882
0.25531404949612513,0.018821306235907505,0.18715416554311812,0.5387104787248493
0.2636912623179805,0.05897498814049087,0.5428507943082361,0.1344829552332924
0.18240460887215598,0.2240258279957738,0.004025638895463269,0.5895439242366068
0.33630214948420445,0.059006607781558425,0.5577401990166104,0.04695104371762671
0.24425454237156158,0.4375015105262088,0.3064581125218176,0.011785834580412241
0.08596224843154238,0.14498614826059508,0.5227014992776682,0.2463501040301944
0.36639167510364484,0.03464837597819827,0.07309395163206128,0.5258659972860955
0.015084104197468952,0.36009653449991513,0.043509508027331036,0.581309853275285
0.2711440746684173,0.16136898440397215,0.46287576180517387,0.10461117912243661
0.06898165690575782,0.3432153244965544,0.5808347872534935,0.006968231344194501
0.23237562226065597,0.42333741792403806,0.16649790716448667,0.17778905265081943
0.10412357544015151,0.23123940702467524,0.4880751506738691,0.1765618668613043
0.06050262644873752,0.5496741521379921,0.20134105375538655,0.1884821676578839
0.5593344384026785,0.021272795288168576,0.3178813471784594,0.10151141913069352
0.08477958227902041,0.7020480101333035,0.15865882388017308,0.05451358370750296
0.33090516703573575,0.22119766149591966,0.3345981579188316,0.11329901354951306
0.03179362902706675,0.7398471753716198,0.06887409906004406,0.15948509654126936
0.18398352636300663,0.3117565569271845,0.15919379922005553,0.34506611748975335
0.6910803782863943,0.08817156122376807,0.19577837397779826,0.024969686512039402
0.49912354208526394,0.02249059142694417,0.14513047545694616,0.3332553910308456
0.3793558414770904,0.22263821539712564,0.2012627382005877,0.19674320492519623
0.37244938431144126,0.11102698548436966,0.4449414368460834,0.07158219335810569
0.019061964495907458,0.46856863535038024,0.4718117425792598,0.04055765757445248
0.08589955051518613,0.3230282686708944,0.10898796496892811,0.48208421584499145
0.03676947932702689,0.19253991494884168,0.21199367263603225,0.5586969330880993
0.043865183829579546,0.3749247747081723,0.4702109978196151,0.11099904364263308
0.11759777540563145,0.4260819385012599,0.15947052103796486,0.2968497650551437
0.26150730500128117,0.09856421968369511,0.3237253692971347,0.31620310601788904
0.3640584339794802,0.28392826677955835,0.005646019658083007,0.34636727958287855
0.015117147860557983,0.14635674061438525,0.13523347911464603,0.7032926324104108
0.03679840597309286,0.24407646080349796,0.47605937199140824,0.243065761232001
0.10400677169010354,0.05243467270897491,0.2806366777021016,0.56292187789882
0.15094936674400236,0.633255017832717,0.133357066264555,0.08243854915872571
0.1324779039976913,0.6641552306681978,0.1969424910522641,0.006424374281846962
0.22300904910131564,0.7349397335216922,0.002484887823708015,0.03956632955328416
0.5502294776631024,0.23054020310939152,0.21631982074490422,0.0029104984826018787
0.2506260526631473,0.572905236866196,0.06418319436394522,0.11228551610671149
0.19332649426713933,0.4999609310702302,0.08079750211658593,0.22591507254604457
0.161370793021648,0.5270500480248584,0.027702014850085742,0.2838771441034079
0.5877512566984057,0.07094179025904147,0.12166502809248474,0.21964192495006804
0.21964053357648564,0.2730047043628206,0.21224664452446082,0.295108117536233
0.03287644464826533,0.1703680990317683,0.7015430920654514,0.09521236425451499
0.312784588683029,0.44041502518535747,0.08868311990398514,0.1581172662276283
0.007947762658694877,0.3528608858749993,0.015356555163396172,0.6238347963029096
0.19168030125801375,0.5334734467230842,0.21583067698661607,0.059015575032286126
0.06930824439309546,0.19175468857667222,0.43876490984595073,0.30017215718428164
0.02265320777988755,0.2549902584681251,0.6738330080824821,0.04852352566950514
0.3709625415926272,0.40228810339644816,0.22189966160469887,0.004849693406225785
0.01714191295462056,0.2329369298252207,0.3711362238367196,0.378784933383439
0.6724701791074974,0.15391975054948412,0.03452214643169955,0.13908792391131894
0.2340662355860883,0.43935483077443,0.12477252450898588,0.20180640913049563
0.3236542345048777,0.4771718533984411,0.00476876572396541,0.19440514637271575
0.07737824343940884,0.28353196548369625,0.6088233136843267,0.030266477392568252
0.6240659632293323,0.2373175264503218,0.12010565809627652,0.018510852224069195
0.08393559901436112,0.06888624161528671,0.4676251608936983,0.37955299847665386
0.3093854071532503,0.00640243034561048,0.21630451522772837,0.467907647273411
0.3449896235923043,0.18629576648504823,0.07841925229376814,0.3902953576288794
0.22175543493017955,0.029998038153256395,0.535565455524656,0.21268107139190823
0.13366605477355356,0.3347270832279052,0.422047097423785,0.1095597645747562
0.7785043910080734,0.04374363741442153,0.0889755224038202,0.08877644917368477
0.303320258904552,0.01566139002577831,0.6332639160340611,0.04775443503560883
0.38701765306988334,0.20127099829199604,0.10600874322017402,0.3057026054179466
0.4525923342399608,0.057405443366434605,0.25067603382215986,0.2393261885714447
0.5297616543529556,0.23776114777108207,0.005946623910123166,0.2265305739658392
0.20465848604022902,0.14516191264494557,0.1356963495961393,0.5144832517186863
0.2719328174853561,0.2953092942883431,0.21375751669190413,0.21900037153439658
0.2789833216116032,0.1912723819734986,0.40157635950158893,0.1281679369133093
0.9080023872644035,0.06062010147873227,0.010533455869767306,0.020844055387096834
0.5949925049697655,0.26704303822200853,0.06274464616231892,0.07521981064590705
0.4314166897940672,0.3152229093134838,0.14013254570924855,0.1132278551832004
0.45126728855667647,0.17963841192239327,0.09130348398516606,0.27779081553576435
0.4847914774937006,0.0461699808108794,0.3180911466485654,0.15094739504685456
0.1068159528522873,0.3777521597999865,0.169048415171976,0.3463834721757503
0.23691615601771726,0.36159217229223317,0.19115836549666707,0.21033330619338247
0.5966007763332759,0.03299078471153455,0.06530832550794359,0.3051001134472459
0.2971993101582675,0.4854935255552488,0.0936558495841864,0.12365131470229748
0.014904780706172833,0.21023794538425947,0.3141746929419347,0.46068258096763304
0.0325452697482369,0.5290656248612208,0.29473957618005814,0.14364952921048435
0.08019516485945927,0.49015043596471897,0.30189402569278845,0.12776037348303326
0.301646486058021,0.1433099743452848,0.07636674196605452,0.47867679763063975
0.07517924819089344,0.11129523283140508,0.36672844599384036,0.4467970729838611
0.1382665372539699,0.24472744450991835,0.41540878795130326,0.20159723028480853
0.5199990426295598,0.20326412549818965,0.2753576119100434,0.001379219962207255
0.611680807754719,0.2070879086237302,0.09273322779853241,0.08849805582301841
0.17556427243331088,0.3549926423678536,0.11778068069372194,0.35166240450511355
0.16852027886178533,0.3815202301834213,0.18576831975849173,0.26419117119630164
0.13341411044999843,0.6416664683589677,0.15821787984881672,0.06670154134221706
0.031931938906138775,0.06265211047981761,0.334548691403737,0.5708672592103067
0.14055895899701906,0.05838961375146121,0.6458825035950402,0.15516892365647955
0.3417737855175428,0.05273087706689558,0.5389447680983417,0.06655056931721995
0.006888220664226278,0.24765714965739016,0.008368336565852438,0.7370862931125312
0.25509605339556496,0.10854575260294745,0.07949065072459606,0.5568675432768915
0.09064987022155456,0.1493530902126006,0.6958736499661304,0.06412338959971448
0.2256432559225151,0.3003824363661812,0.3486027344526758,0.1253715732586278
0.31414050672156074,0.3415740322378369,0.08659455839764105,0.25769090264296135
0.1827720664622425,0.2756924093972465,0.4742348090219264,0.0673007151185846
0.18621834481962624,0.291238016281676,0.2779968023785228,0.24454683652017478
0.17705768056448243,0.4919227689217145,0.23113325418773406,0.09988629632606895
0.26991670965098313,0.03152057819277823,0.3023933891024024,0.39616932305383634
0.16756506158795995,0.25012632327345763,0.17121773761755354,0.41109087752102885
0.3583491865074292,0.45199963549828365,0.135108792500049,0.054542385494238135
0.048586712733821244,0.03150815190391879,0.4918485200737692,0.4280566152884907
0.07737418303533694,0.2549281564727184,0.5993501983457258,0.06834746214621888
0.1885216846287025,0.07899794583991392,0.0293080466661596,0.7031723228652239
0.03686940581231581,0.32247278836899856,0.1659365667432333,0.4747212390754522
0.1237970570375005,0.20036361986460519,0.5036648602670714,0.17217446283082316
0.12748373400582208,0.0572393697408629,0.663793385740814,0.15148351051250097
0.1859811061315113,0.2535254629937623,0.5062387372976127,0.05425469357711368
0.341757961762538,0.3164610132022725,0.26884428416308576,0.07293674087210372
0.04683482818213418,0.029619759620612054,0.5689629080222934,0.3545825041749603
0.4226535341777512,0.28808765156146665,0.21272536943702128,0.07653344482376091
0.055639369631374995,0.4416126767760004,0.10306997777416262,0.39967797581846193
0.45136723482300556,0.520951423215973,0.006306511233896361,0.02137483072712505
0.17924633290671982,0.44381590126100523,0.28655321672106016,0.09038454911121485
0.1445810316654053,0.546205383118954,0.1443322394814544,0.16488134573418628
0.09466068730917851,0.2208608550961305,0.06998444660894218,0.614494010985749
0.43274580119218947,0.13412888436119094,0.14723819851319941,0.28588711593342014
0.07061262629639845,0.23120844603692775,0.11814671821581715,0.5800322094508568
0.07131253467767247,0.4753166488459724,0.1250953929500935,0.32827542352626154
0.5083899245234025,0.16383779884477184,0.1477005958645353,0.18007168076729027
0.013956799228300872,0.14562300570192568,0.23311142101005136,0.6073087740597222
0.16539733389022232,0.040756613399746476,0.41568654329215776,0.37815950941787346
0.331833470025224,0.05638782742799321,0.06901902656688857,0.5427596759798942
0.2871839133569529,0.5729155968115978,0.07891892019112529,0.060981569640323904
0.3450085728539943,0.07807216308860891,0.014294249485653584,0.5626250145717431
0.3793693089160817,0.024738751232568617,0.2491439782751136,0.346747961576236
0.5546853378556164,0.3235030500228283,0.0986772475232441,0.02313436459831139
0.2857226311190986,0.4125613620891012,0.02206285983031205,0.2796531469614883
0.1139722783423807,0.1526633332856392,0.24723564063461684,0.48612874773736314
0.23777508544694367,0.14710805023901072,0.23060419119830344,0.3845126731157421
0.3335141769753115,0.14146572912377478,0.3064859514316354,0.2185341424692784
0.08518025219208325,0.17450600015988565,0.2120939980090543,0.5282197496389768
0.6189165617847969,0.1257595603935417,0.25326923493369924,0.002054642887962333
0.09916746496167084,0.3178287782890875,0.37665061450446596,0.2063531422447757
0.16055376077557365,0.13129124948712395,0.588771135581509,0.11938385415579342
0.019366231117282265,0.5823150678080208,0.18517501446001977,0.2131436866146772
0.00010983420734097362,0.2606705836659843,0.2581260230112492,0.48109355911542545
0.42751871556870774,0.0064889037597109815,0.15254920584293935,0.413443174828642
0.40893154549535077,0.019048787019083097,0.16410472293311953,0.4079149445524466
0.018587979670505777,0.7383651895932687,0.23576771902157276,0.007279111714652843
0.006586985000952479,0.32807287921736794,0.2969199019172797,0.3684202338643999
0.22170330353195336,0.47591785996191954,0.25919327414840604,0.04318556235772106
0.06366402791126269,0.2851838528366773,0.5670984221166255,0.08405369713543435
0.7458816051010657,0.14689300837111496,0.08777554554595822,0.01944984098186107
0.32024244424797615,0.11422448683224039,0.11769776645053404,0.4478353024692494
0.19688414418941225,0.2608402670037596,0.3910769734647766,0.15119861534205153
0.1725034479496696,0.048592505060799804,0.04856753205164162,0.7303365149378889
0.17337356781107316,0.7508362462466179,0.06026032547236593,0.015529860469943025
0.006832208751902844,0.19720148524428172,0.7728671668557455,0.023099139148069908
0.1112756035596536,0.38340486623679904,0.041457744546181494,0.4638617856573659
0.3753018459773174,0.3319416332452246,0.19813970583097748,0.09461681494648037
0.4356638811026398,0.2615240024798986,0.09264134105651028,0.2101707753609513
0.18475283150740798,0.2774894515676046,0.4007861271433141,0.13697158978167343
0.194205696363781,0.286982846132035,0.1599980527385693,0.3588134047656147
0.6141939809808104,0.03446852034495101,0.3134794894675013,0.037858009206737354
0.16180221871673803,0.22346991075094208,0.2927118099222836,0.32201606061003624
0.1017824882542911,0.16675936405623373,0.46652091145010977,0.26493723623936555
0.6186419898503774,0.19693603826228331,0.09655932409545664,0.08786264779188258
0.3254634431599637,0.41020171323191384,0.018313926135726716,0.24602091747239568
0.08688767659310424,0.3077414485686177,0.5516045141462003,0.05376636069207778
0.12237782355823158,0.6660464543489532,0.0027779283301139004,0.20879779376270124
0.09017487940876293,0.023727496951931142,0.6600012664066178,0.22609635723268803
0.12630380399747046,0.039160563704695985,0.5579974076000449,0.2765382246977886
0.4407792258446013,0.1829474983192603,0.33151614782228384,0.04475712801385457
0.450443741607449,0.24252357761103085,0.2727986041093795,0.034234076672140616
0.10094609345296998,0.29581995546210005,0.4435743120029118,0.15965963908201813
0.3526892185990843,0.020992130914182887,0.5603773342546893,0.06594131623204362
0.1466424139828218,0.5724666701436001,0.16974806126372174,0.11114285460985646
0.08909473545631548,0.745471462291588,0.08856376048440305,0.07687004176769353
0.7336126518964569,0.09952845103321883,0.07677577467955463,0.09008312239076957
0.07892220968554373,0.27542087936799975,0.5640101336903357,0.08164677725612104
0.8533204327129257,0.03882664658365866,0.10619810287387542,0.001654817829540024
0.1784585368821346,0.3961053705625257,0.31080123532892157,0.1146348572264181
0.049165687818589765,0.857652646969404,0.07283545043674113,0.020346214775265166
0.2494186958382619,0.2843153526115511,0.42906409010068336,0.037201861449503576
0.11694589056160799,0.35764585059636667,0.13307386794540202,0.39233439089662325
0.05814335393533718,0.027518338592595542,0.31665970807604943,0.5976785993960179
0.6683436501995628,0.11996654236387827,0.19948131882004158,0.012208488616517254
0.022235056164607976,0.3016563084110695,0.24286070432617415,0.4332479310981483
0.10983186515345446,0.3909439362144521,0.4369967523613798,0.06222744627071376
0.033225046901843414,0.029408328357838846,0.06025794538968525,0.8771086793506325
0.018383560507042096,0.5358342964625902,0.035054926557011964,0.4107272164733558
0.1916611081605152,0.20501253149325926,0.18528548562951752,0.41804087471670803
0.06499445676488153,0.15264808913164307,0.5093166384460714,0.27304081565740396
0.1268308342170301,0.3196014469843684,0.1775276118352529,0.37604010696334883
0.18711932422886113,0.4292292800441084,0.3436249306292684,0.040026465097762004
0.4366864098835009,0.24035495159120865,0.12128615101042961,0.2016724875148608
0.35155213345322067,0.3009316228919487,0.09839144586108033,0.24912479779375024
0.21939137471842196,0.26622504799385605,0.4236760261989462,0.09070755108877583
0.6875255341900636,0.16522728598105552,0.022633951331571124,0.12461322849730963
0.04636356732121688,0.7034509242531616,0.0059488514546002175,0.24423665697102132
0.04511551837874941,0.01667320002188338,0.3956273493029079,0.5425839322964593
0.21317785544105605,0.19584682703365833,0.17688300708264698,0.4140923104426387
0.5613842140242794,0.3249194650720108,0.006304250636028479,0.10739207026768131
0.013497862666196478,0.49864838273779244,0.1432981366454565,0.3445556179505544
0.2600300425335296,0.5901891436442401,0.06094841359841322,0.08883240022381692
0.3848032907744974,0.12098769035517687,0.39050498616238133,0.10370403270794433
0.18347712414738898,0.05642997221201387,0.5124954304807617,0.24759747315983527
0.09388286593930163,0.45779209854304787,0.028228181534796677,0.4200968539828539
0.37360495234744195,0.10214365398386398,0.4042001457962445,0.1200512478724497
0.0060107394179696755,0.7172455671963461,0.22837724846574445,0.048366444919939716
0.08483786955946106,0.06342628725713738,0.3555794587516711,0.49615638443173027
0.11177573951792583,0.3876545259642318,0.23984102266155957,0.2607287118562829
0.40118868616296727,0.00592422417804411,0.33416199341291064,0.25872509624607815
0.1097953704295312,0.4547192176315664,0.22424564195312796,0.21123976998577437
0.3000559694973386,0.09613434482525375,0.504959235046967,0.09885045063044053
0.30028480904524235,0.31756796989802555,0.24755048396619808,0.13459673709053413
0.17069836923284998,0.2941652129501976,0.21950983785853326,0.3156265799584191
0.24249338262453413,0.11674371011494573,0.2176502260411286,0.42311268121939144
0.04356377774172646,0.08423445074037628,0.6214241385321773,0.25077763298572
0.35677615634501436,0.26564920167737177,0.25258811700594747,0.12498652497166643
0.35338877323591394,0.024360084963571307,0.2588197872124338,0.3634313545880809
0.34083204865156497,0.3876460584222016,0.1510393207626228,0.12048257216361073
0.17994194997493204,0.410235682577799,0.10962485762415489,0.30019750982311394
0.03136080107477116,0.46488718683121705,0.17309404705637496,0.3306579650376368
0.11646378725363435,0.1417667760164556,0.6825876994503755,0.059181737279534706
0.25590032731718904,0.5977909773839218,0.020894022686484267,0.12541467261240477
0.46202318697621586,0.30391360614805746,0.2044350484064049,0.029628158469321757
0.2900164953686271,0.26490375068608646,0.0025252698094643633,0.442554484135822
0.22052969080524387,0.003198013322647368,0.09974132701195038,0.6765309688601585
0.23693070779602832,0.033059095225610374,0.09052281271528065,0.6394873842630807
0.13237723207675617,0.06789428733436904,0.1565263123327589,0.643202168256116
0.3943527800418123,0.0657172302266419,0.34783184774359205,0.19209814198795383
0.009143981483824237,0.747519924518246,0.1411229476227292,0.10221314637520036
0.49234119148959615,0.1594462056495942,0.1685175261273816,0.1796950767334281
0.36607269050218366,0.1343863798503088,0.3270394486443085,0.17250148100319906
0.5787345182894631,0.06831319384196816,0.16394932078971688,0.18900296707885192
0.38320581163265416,0.17690688106538188,0.2777882975830729,0.16209900971889113
0.045742886334115704,0.057613220765848884,0.607059829663302,0.2895840632367335
0.3750042518696985,0.13542772620000015,0.3486791605596966,0.14088886137060472
0.06959213527611405,0.7889887383934308,0.018218044154115414,0.12320108217633989
0.09556176671629846,0.21274907535405094,0.42994676145174243,0.2617423964779083
0.07956620446891353,0.27078282177987,0.23775687242798083,0.4118941013232357
0.36785536248220935,0.5765007087442154,0.03395845045046346,0.02168547832311175
0.24815419300606995,0.21041690300560534,0.20356746304519172,0.33786144094313303
0.8245109635511423,0.14002695712075186,0.03316764901478347,0.0022944303133223347
0.021054850879085093,0.30627091338999574,0.19393782937372386,0.47873640635719533
0.5995902157182113,0.21119626956995458,0.15580553847563236,0.033407976236201856
0.23920341786559268,0.6996611235682019,0.00046766339490944943,0.060667795171296224
0.6357617153039015,0.04849729197971769,0.12417747489261007,0.1915635178237708
0.23193941490497502,0.2699974733570553,0.031814065174140864,0.46624904656382876
0.0734542353715063,0.18032591673283038,0.47412013820979754,0.2720997096858656
0.22761412411400087,0.23426925344761762,0.32917300604347666,0.208943616394905
0.1368110607726317,0.2769402386754796,0.5318451561151172,0.054403544436771395
0.004321051741861952,0.7719756367016939,0.16861106871924694,0.05509224283719725
0.5060944601055503,0.11064190017728186,0.3034586492641866,0.07980499045298119
0.5467147357839014,0.04468050473864741,0.27836157376239923,0.13024318571505192
0.1156629759141961,0.28659443153528075,0.0677646482540419,0.5299779442964813
0.25299681902381616,0.08637404177330056,0.42421009654168934,0.23641904266119387
0.11562397160809453,0.34304920270456524,0.2182098196025071,0.323117006084833
0.45989286328048695,0.022309321728286972,0.1984256291782497,0.3193721858129764
0.2383190512091353,0.37198355448546244,0.08539180443500002,0.30430558987040235
0.05564933228507335,0.7095739585040259,0.22299111496242352,0.011785594248477138
0.021823774504305844,0.3571100207207197,0.19546965654503995,0.42559654822993437
0.20151923891248666,0.6084107683366288,0.18452137289149134,0.0055486198593933675
0.1613483419611095,0.36138445604661595,0.03773746575513756,0.4395297362371372
0.37815724712616294,0.030569593361133587,0.48452717536437756,0.10674598414832598
0.49967420626857084,0.0884843917665919,0.10020103996914612,0.31164036199569123
0.28653381691288127,0.5865994623544494,0.030479480407193307,0.09638724032547602
0.15470171342512506,0.7156918720286723,0.003121383951284797,0.12648503059491778
0.26487858083953264,0.36134999193182704,0.33032040811121804,0.04345101911742231
0.1461354261620636,0.4198135587836893,0.33801119479790503,0.0960398202563421
0.08996742913380223,0.22586121728272043,0.4892636141987261,0.19490773938475126
0.6801080984103053,0.009793356815095114,0.20789054437814364,0.10220800039645596
0.46222269438699215,0.47371952474176054,0.0634372507361491,0.0006205301350982741
0.3985714901065174,0.23920891768083613,0.14705728438749469,0.21516230782515194
0.6116572021329666,0.22155001911865632,0.07694014137012699,0.08985263737825012
0.17651906406008924,0.10329928166281793,0.6797181269999611,0.04046352727713172
0.3161267641816763,0.025436564064497763,0.6371452935067177,0.021291378247108323
0.26393323773859484,0.12945800274426608,0.3603077275454967,0.24630103197164244
0.22213653178411505,0.43636433473373154,0.27319427993303536,0.06830485354911792
0.13041970233938022,0.15655636533796077,0.0500660003957415,0.6629579319269175
0.306425025884609,0.39202100730231926,0.10449477613679464,0.1970591906762772
0.024852764542257638,0.19160712667825974,0.6141141223143064,0.16942598646517618
0.7640208833961282,0.12918088122335927,0.0972168110062354,0.009581424374277229
0.052783049671614096,0.603151556713997,0.3392064867936525,0.004858906820736335
0.39383874407154784,0.06254725370635944,0.5088921751577148,0.03472182706437785
0.46308822177047054,0.41328813119216185,0.07194991823362268,0.05167372880374508
0.5853301819394398,0.07629736380172861,0.11379215665002687,0.22458029760880469
0.15852812592588877,0.7404800844880952,0.02384376088040579,0.07714802870561006
0.5546064429449893,0.12752630503072562,0.14517452226027946,0.17269272976400574
0.2704940412765288,0.07358342500151752,0.1793245478653411,0.47659798585661245
0.08585800475203087,0.029207499777858744,0.8722441398970071,0.012690355573103168
0.31415251483139983,0.10723910568963595,0.11363936051047338,0.46496901896849074
0.5774398210012108,0.157718298114577,0.044949793078618405,0.21989208780559374
0.46528946895074524,0.16276179016439007,0.36404428175750364,0.007904459127361046
0.2946512864522354,0.09097203298850967,0.5737727506608785,0.040603929898376405
0.048736068399196655,0.5456852783047207,0.029989008330810262,0.3755896449652725
0.32121727862140953,0.3161068243463407,0.11415004446055974,0.24852585257169002
0.5289365103971433,0.05521759610201411,0.15696564578731778,0.2588802477135248
0.4765096011664182,0.018324291396368216,0.13828750158908704,0.3668786058481264
0.12414170814655297,0.2882225814658944,0.47903124266060565,0.10860446772694692
0.7145553751506839,0.17014076487065802,0.1069383446681465,0.00836551531051159
0.30000213350477994,0.10627506231792812,0.13497914588832347,0.4587436582889685
0.37002961150589,0.021776482624650574,0.4256786992949263,0.18251520657453305
0.0414418895219481,0.08930232677965522,0.22106561534487046,0.6481901683535263
0.2949353159872473,0.07210640171710347,0.01163423299706784,0.6213240492985814
0.0014462644847961618,0.12079991771778498,0.4655938499350189,0.4121599678623999
0.044251124670390087,0.30017739642414365,0.5649138035785182,0.09065767532694807
0.5166880365650782,0.11627224993958926,0.031998067647437164,0.3350416458478953
0.5555316919290287,0.22354316865134716,0.1340065781868789,0.08691856123274518
0.18770982697308228,0.01696284557385176,0.14983349493198372,0.6454938325210823
0.10576484543086274,0.11759701495855159,0.3159271243085319,0.4607110153020537
0.12689985482360042,0.013696818861720776,0.7619695467330856,0.09743377958159326
0.007557745946455909,0.2784057325167258,0.5913743057575226,0.12266221577929556
0.054712035623136895,0.46223564904497655,0.3278095504891787,0.15524276484270794
0.2714717211718466,0.38373487180360166,0.19814105032371734,0.14665235670083454
0.10989809645527072,0.5238679824770256,0.3056733775229245,0.06056054354477927
0.10625719422727656,0.06059507366134748,0.0523029378868702,0.7808447942245057
0.24280213276736656,0.21451007898952928,0.23670477505725954,0.3059830131858446
0.02024164455611118,0.03523770409421265,0.09988967725093903,0.8446309740987371
0.2604775903402363,0.017412122309284805,0.09138024322424476,0.6307300441262341
0.38375864330250703,0.4318243624189624,0.14712782596168106,0.03728916831684968
0.1625119017575946,0.15811218048259548,0.011443062399114749,0.6679328553606951
0.9066822683843816,0.05861197041837888,0.028739713075330516,0.005966048121909018
0.47805548202366255,0.17625328647180574,0.09140436847541474,0.2542868630291171
0.27329292466585836,0.14563872790597673,0.5562047862875804,0.024863561140584422
0.17123992914827585,0.441047094775497,0.3481864609341365,0.039526515142090775
0.06904700301452808,0.3295103403628316,0.08279794535207206,0.5186447112705682
0.2979024799359648,0.2664113742451789,0.10478477699849453,0.3309013688203618
0.5955672480670391,0.0742768436073116,0.04447677906172065,0.28567912926392874
0.4533705585625919,0.05648252117497716,0.13049338541122335,0.35965353485120777
0.35147808908872136,0.14468939767752098,0.4390343217858673,0.06479819144789035
0.2983374522828943,0.31153811660143865,0.23985689418871545,0.15026753692695174
0.25331598974977565,0.2940694357363325,0.22919161849312467,0.22342295602076723
0.06223916441163631,0.19110631240381504,0.4210424369874697,0.3256120861970791
0.724700742305658,0.07696967214934079,0.17174415197563236,0.02658543356936881
0.035892919749113725,0.6105551908508355,0.15814519152037324,0.19540669787967746
0.20617573797118494,0.38643978219906633,0.281048804630559,0.1263356751991898
0.13803088646044107,0.269069920976221,0.05123649096984073,0.5416627015934974
0.7882398517427268,0.08400645154981991,0.061422470585044076,0.06633122612240916
0.39885063926782965,0.4765454477509587,0.004900828907526583,0.119703084073685
0.20509054635435017,0.1109066522159615,0.6153020110314039,0.0687007903982846
0.1411694202720918,0.15289522217780716,0.5109379932412971,0.19499736430880402
0.10905234725749821,0.04840488941696935,0.7275156181836698,0.11502714514186271
0.01675684414678288,0.12005090716145358,0.021070809005527665,0.8421214396862358
0.023297062469428892,0.2509396840599597,0.21728037954657173,0.5084828739240398
0.011197453192838902,0.21523785204606047,0.35616432176033536,0.4174003730007652
0.3554876214925466,0.0879138297562145,0.030514828511061094,0.5260837202401778
0.03736049910099465,0.1897391088331688,0.2210799934178675,0.5518203986479691
0.29441698127765936,0.09095659215573375,0.011633090641298307,0.6029933359253087
0.30002990763763376,0.06357342066248908,0.011191364660498075,0.6252053070393789
0.28263874766180297,0.4668245741446136,0.23268999928953488,0.01784667890404866
0.4222074348109589,0.05040075352556431,0.4914448509507166,0.03594696071276018
0.18175941754827574,0.1818634108025114,0.24277264390080447,0.3936045277484085
0.4494713823301904,0.17560729672886952,0.2677540634555943,0.1071672574853458
0.17619654692473552,0.4184439605767926,0.4000806766996846,0.005278815798787376
0.44579858377511034,0.2375247137481247,0.17860101230441094,0.13807569017235388
0.3709745711759385,0.08459277718221689,0.19534834657790545,0.34908430506393906
0.10485811561888993,0.37050207652186323,0.17859279023908903,0.34604701762015777
0.061421964221909195,0.20793980264460912,0.6381207498448151,0.09251748328866663
0.18314829677196195,0.052674962905469455,0.3204577183266293,0.44371902199593943
0.06519537749255011,0.3517488877381802,0.5248833358222189,0.05817239894705091
0.7345941180964988,0.10917320410009848,0.012347133311330943,0.14388554449207186
0.06107018541205156,0.041402953787533545,0.12989554734622186,0.7676313134541929
0.23396333182122311,0.2787538029239771,0.021621554104359106,0.4656613111504407
0.1185205202942546,0.21620085650294443,0.12053876082782668,0.5447398623749742
0.18236789426422492,0.20857088573897126,0.2085359342525928,0.4005252857442111
0.5575932835415769,0.054336342922063144,0.16426680057026077,0.22380357296609935
0.1676279755944319,0.12286345983269402,0.4108398230810481,0.29866874149182604
0.2682590173745111,0.23046662953214697,0.17653387543257015,0.32474047766077174
0.08282828065676488,0.3413640137951252,0.25766434398076876,0.31814336156734113
0.08395927155998469,0.26555708997029354,0.27406418483823647,0.37641945363148527
0.22292612717333604,0.2766672521151141,0.36429189602515705,0.13611472468639266
0.34843547711202666,0.01310339213347599,0.3604194155473272,0.2780417152071701
0.11721879424837425,0.053524350408798056,0.19341051969307926,0.6358463356497485
0.18661289827364233,0.45322225897362156,0.20717737812179762,0.1529874646309384
0.2688908194785143,0.5067227293696821,0.15951378219971316,0.06487266895209051
0.6527952829777378,0.12212017320773567,0.11500786727463379,0.11007667653989273
0.25555686702478725,0.20930128870591364,0.5303627760346313,0.0047790682346675935
0.5131857751410678,0.08475382186960836,0.06121118540153582,0.3408492175877881
0.08153114349647175,0.8178932530649823,0.06468484880281876,0.03589075463572721
0.03532517196760464,0.1359182159567061,0.2626463588509104,0.5661102532247789
0.12483649049261676,0.4342902999640778,0.37976724823189145,0.061105961311414055
0.08095619536739503,0.12875831304743596,0.48770243079875736,0.3025830607864116
0.5050484423769599,0.07686518824340909,0.006565237581449783,0.4115211317981812
0.03436743795674403,0.20055251391881382,0.5806431845219858,0.18443686360245645
0.3027766793439969,0.36106230822802293,0.17615819209121725,0.16000282033676289
0.12277804857458234,0.7044953812074508,0.05341601646051823,0.11931055375744859
0.49386275206948,0.37105877281689775,0.04381475757362173,0.09126371754000057
0.5188531958044754,0.13979695078244858,0.25696597815829686,0.08438387525477903
0.015880002106371135,0.024370263233247827,0.5423367854023415,0.41741294925803946
0.22267306946723295,0.12750536622959796,0.623451566192041,0.026369998111128088
0.3399295326945695,0.2072546011977779,0.014865148391396093,0.43795071771625643
0.18900983744795502,0.06085472887304225,0.5071703378409362,0.24296509583806655
0.00998176001569112,0.11246384901137439,0.7006133467305659,0.17694104424236878
0.09630419487683364,0.4659693529335341,0.15923935867321518,0.27848709351641715
0.523780585203589,0.15950146966325643,0.15731191199723693,0.15940603313591772
0.054972865149222845,0.35727091128683314,0.520980390865697,0.06677583269824698
0.05278416565671781,0.13063043031080784,0.23591310840908236,0.5806722956233921
0.5422349467998635,0.02013344482250164,0.011469104229517267,0.42616250414811746
0.42544696814797217,0.09191275954720422,0.15204167831056276,0.33059859399426084
0.17054271952943353,0.18410318971345296,0.054789122305959156,0.5905649684511545
0.3905871355496323,0.03357228910403269,0.4154050372607046,0.16043553808563032
0.45905981991051537,0.2359831165454467,0.12740769563367788,0.17754936791036
0.03614687577690413,0.15359266437783345,0.6713451195738074,0.13891534027145502
0.3302669507907457,0.2500278613722368,0.17905233414191477,0.24065285369510275
0.20499591457507607,0.04104441105324821,0.6022547539450368,0.15170492042663883
0.10432343595802744,0.8496207448521081,0.007488656071408293,0.03856716311845611
0.2643479250792795,0.43699312292104475,0.16071928278702582,0.13793966921264994
0.18193453231010534,0.027983344642539574,0.41575006985574553,0.37433205319160945
0.2867420601462604,0.24496037446766908,0.4582139665672112,0.010083598818859205
0.3111832305913732,0.11748140380466449,0.22169688127394443,0.3496384843300179
0.04246761157597879,0.7356312098025711,0.1974570101701713,0.02444416845127877
0.32198709566853756,0.2894949736668568,0.2876734692686288,0.10084446139597687
0.26976214140988364,0.022229855830196422,0.27380652217567414,0.4342014805842458
0.3694994284655812,0.17844451790410631,0.4343742387200131,0.01768181491029947
0.11044758954104075,0.4642963996126385,0.01964574485688952,0.4056102659894313
0.10437723429613859,0.31196854731169177,0.07016905019253111,0.5134851681996385
0.36386882663090453,0.39977931939521394,0.1084130752475774,0.1279387787263041
0.14423958683156274,0.05109318694607668,0.21515621529046156,0.589511010931899
0.14405982639407497,0.02222674976018024,0.47879055408240584,0.3549228697633389
0.15731108391363827,0.537331737633472,0.11805490616152617,0.18730227229136354
0.09459772007129877,0.00023043430540742739,0.3476053163372978,0.557566529285996
0.6475619904317269,0.20728157189907173,0.11002077780522061,0.03513565986398081
0.41592145152835414,0.06263359556227589,0.45395091588938696,0.06749403701998297
0.21300667382717553,0.5447460441189842,0.06356587878472711,0.1786814032691131
0.08699437290046493,0.44070508831343536,0.012999490478085712,0.45930104830801394
0.11489411978589707,0.3572529715354723,0.2984656493121237,0.22938725936650678
0.301581180317001,0.21809075566256794,0.30914362501675446,0.17118443900367647
0.31547856160543736,0.19323030014768836,0.08115443331507599,0.4101367049317983
0.7338616635888623,0.03282321409271109,0.0789784394876588,0.15433668283076768
0.26691557630533885,0.46159303648623373,0.059887568292061405,0.2116038189163659
0.13742734653475663,0.5891478285812426,0.0606877148032162,0.21273711008078455
0.1479126911099998,0.33907086202009146,0.41446532100101724,0.09855112586889143
0.07337826871428853,0.06239932736490243,0.5636924050077532,0.30052999891305576
0.024592327391754258,0.5727026163117556,0.1480301893398169,0.25467486695667324
0.08255989943188481,0.6285675438558803,0.015602559494768051,0.2732699972174668
0.5924786034223759,0.2744853761701157,0.08258048681238232,0.0504555335951259
0.16650408512316003,0.4274360744478409,0.04916528793809067,0.3568945524909085
0.24658066582527116,0.21094075206826918,0.5158621429942468,0.026616439112212818
0.33297261220168967,0.0718602097826042,0.06497999083653515,0.5301871871791711
0.040062455282279266,0.05860691699579064,0.3288614634697785,0.5724691642521516
0.14835583881812361,0.5243015110035288,0.1602586152847523,0.16708403489359538
0.05786233658342049,0.13550759040294058,0.8032817261643735,0.0033483468492653515
0.04880656929746901,0.5032451800666338,0.43192800401237363,0.016020246623523426
0.18634968777747052,0.45154718251923126,0.09710950369755246,0.2649936260057457
0.03535719727215674,0.016942378726708698,0.24267560129510668,0.7050248227060278
0.09600909479935883,0.24213401733754006,0.6157668375562086,0.046090050306892526
0.057516026072452875,0.325241611377425,0.3524037638031136,0.26483859874700844
0.6256574204563703,0.21332401562357772,0.0637414482642994,0.0972771156557526
0.031207334452099483,0.0006064955089426364,0.6332013558261075,0.3349848142128502
0.15732514878429563,0.3783176452517233,0.22711194019518127,0.23724526576879984
0.2179653861934174,0.03209567491713605,0.29479104768306846,0.4551478912063781
0.11947193512205276,0.03465220839237793,0.7218258908480104,0.12404996563755898
0.07452977871704392,0.6856974309829178,0.13967470579122804,0.10009808450881019
0.25634694941147973,0.12538864339125352,0.23075747140945688,0.3875069357878098
0.19724317459808782,0.6781260267169255,0.0037310278136047695,0.12089977087138203
0.2954100618744078,0.10396166082986778,0.0756249366046692,0.5250033406910553
0.42229689752545796,0.17405905787107814,0.08025923555631245,0.32338480904715133
0.47419300663510117,0.019757076228958684,0.4928966018432035,0.013153315292736736
0.10156845946015562,0.1632036510995226,0.027034306584631754,0.7081935828556901
0.1464263811696308,0.6863641829652352,0.0180987358098163,0.14911070005531768
0.25164704725433046,0.4688891045378997,0.037749833784072734,0.24171401442369705
0.20354944532448105,0.4090671138496513,0.013336174990870003,0.3740472658349977
0.0022427376806367547,0.552681881920923,0.39723779820343347,0.047837582195006785
0.49583548452002585,0.2783368251219129,0.08787413395831968,0.1379535563997416
0.2746228727919001,0.0697415357064289,0.5858871830161592,0.06974840848551188
0.08416878830938897,0.04048615002984334,0.5205199151841405,0.3548251464766273
0.5704126171132514,0.017009788416583183,4.273488913130703e-05,0.41253485958103403
0.38729507035785443,0.3859047880810936,0.13154502462718268,0.09525511693386936
0.2516224462655441,0.5335286934504428,0.14924661158764338,0.06560224869636963
0.09626720394145251,0.33473319637589627,0.3859998170043672,0.18299978267828396
0.13637594064799494,0.4422587256508815,0.3040509843602643,0.11731434934085927
0.3862035868669878,0.1434458198592087,0.13697522305814028,0.3333753702156632
0.09500272900408321,0.15538858595231844,0.5038317667352461,0.2457769183083522
0.08418365549193317,0.4240338226839187,0.1774085502946326,0.3143739715295157
0.3123054575865738,0.022943527584588643,0.2594684340883465,0.4052825807404911
0.2436092210647831,0.1942218912964462,0.11131780118593944,0.45085108645283134
0.39391003386994716,0.22899268926703908,0.1848643026700665,0.1922329741929474
0.1834499496444868,0.3671621667982621,0.24165587921994255,0.20773200433730854
0.5073792808587048,0.15193638704382764,0.20993538123929711,0.13074895085817034
0.07560701175923595,0.17376951651046926,0.3299663071870692,0.4206571645432256
0.21369193184276858,0.5872232361096699,0.020462934878088507,0.1786218971694731
0.1929041526778031,0.3605532377923419,0.29361371767238387,0.1529288918574712
0.3772787885724895,0.5031818191269843,0.06901687375816769,0.05052251854235859
0.13316065761545134,0.3082172592578339,0.3029960380909228,0.2556260450357919
0.3736597933522104,0.3074914884704388,0.09287603626836585,0.225972681908985
0.5019462162551962,0.3681163705422672,0.0006911878095465622,0.12924622539299002
0.006529160317263615,0.09184201481852135,0.7906890476824964,0.11093977718171871
0.5117856136502716,0.2646911878276335,0.06630408060148561,0.15721911792060925
0.11063618620402992,0.10422718372458899,0.7467072591140127,0.03842937095736824
0.28487684157358295,0.14142796251312884,0.34685110385544876,0.2268440920578395
0.08455095094058265,0.22839369795479028,0.10107096756759555,0.5859843835370316
0.26758274994215925,0.29011294756196504,0.31065879122320855,0.13164551127266705
0.5419889701731072,0.03660689471225874,0.26683013839848,0.15457399671615402
0.07043819987466346,0.36649324955471163,0.5262678221808826,0.03680072838974223
0.08536159480430579,0.5393825748122772,0.2414482554319643,0.1338075749514527
0.30539919563308754,0.5925131855974859,0.05207584628857132,0.05001177248085515
0.40172145335582204,0.3195999671264571,0.13030677786475284,0.14837180165296818
0.2858874852075512,0.09594870648893769,0.13282468982262488,0.4853391184808863
0.21074564978141624,0.0844113972314741,0.24149880740730748,0.46334414557980214
0.05454970146019318,0.4349319987958111,0.15983042961903546,0.3506878701249602
0.7828844806311752,0.0906004768111581,0.00044494872815546146,0.1260700938295111
0.4634594560762101,0.19816812714265217,0.09905083460370467,0.2393215821774331
0.5644652358903778,0.0527965849054433,0.06825893210907419,0.3144792470951046
0.3018331431358726,0.022780148737867403,0.02971559451686277,0.6456711136093971
0.013195215912178999,0.5254004829767115,0.2580761437694103,0.20332815734169912
0.1524727966267823,0.18935344704476645,0.008949572977265586,0.6492241833511857
0.18317504757404268,0.5112843002176788,0.21305519410204718,0.09248545810623142
0.26997523246177746,0.14663357916406417,0.020931998701844638,0.5624591896723139
0.030442424974451824,0.40269895500960895,0.17806286797768775,0.38879575203825145
0.31626987158368464,0.1598545022478088,0.20011245950491444,0.3237631666635922
0.416319398478238,0.0028401351014537336,0.08783970151327697,0.4930007649070314
0.124661524812097,0.14525853559670635,0.2778585974081334,0.45222134218306326
0.17001946920660121,0.1174476402950652,0.28666388059102893,0.42586900990730475
0.4285700454523091,0.045485939748793815,0.48216608929040855,0.043777925508488594
0.25068109084836876,0.1579656414149917,0.19431864366830187,0.39703462406833756
0.31730865696639343,0.2517024445442119,0.08899635811900364,0.3419925403703911
0.0057570221455553,0.25881965245880223,0.534166212760159,0.20125711263548357
0.05964086583517367,0.03150060961436198,0.8160141491885345,0.09284437536192983
0.6614048618183358,0.049001930566382496,0.015174535134633646,0.27441867248064794
0.3068917706793298,0.25124600623287197,0.4072648202242026,0.03459740286359569
0.023577909219142667,0.23127236420103303,0.06146268029641516,0.6836870462834093
0.03505100239448211,0.10624670289680319,0.196280771570099,0.6624215231386157
0.7967822152673063,0.01227938597077541,0.09108716354851773,0.09985123521340072
0.4221852115072116,0.3081455033017716,0.22097650520979129,0.04869277998122544
0.24084913903029528,0.04238480628059579,0.509025373219673,0.20774068146943575
0.17815513026680285,0.2018542418195253,0.3101739564961097,0.309816671417562
0.472915173672242,0.3431901349676473,0.058554004617708794,0.12534068674240195
0.16039693472771951,0.7618051458652283,0.020468349017670105,0.057329570389382
0.09445454078629183,0.6151480541747083,0.24417452025476946,0.046222884784230325
0.46562999794495397,0.04853114343423374,0.006141990969621416,0.4796968676511908
0.6870988565097816,0.048104427264705506,0.06279579384514306,0.20200092238036974
0.15993343442406988,0.2956459958987552,0.008281356162703589,0.5361392135144714
0.7389689330154521,0.03999642779974497,0.11573721343752293,0.10529742574727993
0.39201230324404096,0.10564051402885623,0.3109582160580626,0.1913889666690402
0.03315487569849875,0.44572968193807727,0.11872404309288574,0.4023913992705383
0.23600544412878452,0.29934370893881485,0.17767642809228054,0.2869744188401201
0.060798314748871686,0.05378890243429476,0.48467347540756756,0.4007393074092661
0.6739009738706938,0.05752212033615104,0.13057049730854875,0.13800640848460624
0.08204835986928924,0.4808616715327471,0.30154398611250155,0.13554598248546224
0.2453416011417436,0.08334268603147928,0.17742223467366808,0.49389347815310897
0.0634169283436362,0.4029779538784565,0.3580738887208632,0.17553122905704407
0.058884320303056424,0.5719272932395967,0.2318844533000808,0.13730393315726608
0.5706532345682853,0.0026368627060726455,0.3107084871694563,0.11600141555618568
0.040914215585437556,0.4210341124330276,0.4456162644341118,0.09243540754742312
0.17914641842879242,0.38697685001542864,0.3363456987212915,0.0975310328344876
0.4544599891676057,0.0021487421616316407,0.35321143952525313,0.19017982914550943
0.046952092847834,0.09509817858334461,0.7222943172212115,0.13565541134760997
0.1339668067507838,0.22544391373220765,0.32365427318022544,0.3169350063367831
0.053742886350815304,0.4734631404780569,0.2849663952940569,0.18782757787707108
0.08820452756716811,0.45465829370925065,0.2693591419106299,0.18777803681295152
0.07330347928856336,0.1978661494164553,0.45130500664416645,0.27752536465081484
0.1598072966929843,0.2743710617299368,0.5283733027601591,0.03744833881691964
0.5600227049617248,0.2776943030040828,0.030520114445006078,0.13176287758918637
0.17200386009226656,0.5657144774502142,0.21636479922821075,0.04591686322930832
0.3682617673838999,0.026501473962290554,0.1816729225612915,0.42356383609251813
0.6856027760087319,0.026639857467213642,0.23208535490066676,0.05567201162338767
0.20822238891496658,0.2391337258337882,0.05585151643380364,0.49679236881744165
0.4958822599849147,0.13717109997700921,0.2602950578286068,0.10665158220946926
0.29778622301408497,0.05906336113268412,0.39711997182585956,0.24603044402737143
0.07953689610015213,0.6024214895466009,0.11923629194968148,0.19880532240356563
0.585459067316277,0.012730947315929489,0.3042710043589576,0.09753898100883611
0.3337383501412871,0.25146014614164175,0.05326778765082009,0.36153371606625107
0.01947034007012084,0.028097424013898725,0.5369262966806718,0.41550593923530854
0.4513654530546191,0.26758372054031576,0.24575708912102517,0.03529373728403999
0.34929262077515494,0.5731831379543801,0.030802873239444223,0.0467213680310206
0.06798081927816303,0.6045119309437735,0.0086482414712694,0.318859008306794
0.4321622349855983,0.047639453215577755,0.40221973269047245,0.11797857910835156
0.3131725281103845,0.16057921770569258,0.3968953358783293,0.12935291830559364
0.35821015921051774,0.08702300312959767,0.5532982772111433,0.001468560448741135
0.10986269041771562,0.09614084629022185,0.6799539417676884,0.11404252152437412
0.14863700181690212,0.21214458506064357,0.09118995898553313,0.5480284541369213
0.013742725426167514,0.2695695509905369,0.3157324785954706,0.4009552449878248
0.11036531457675432,0.12414253057794171,0.44468260377466434,0.3208095510706397
0.5982771864409165,0.025784803819606197,0.25661127638894876,0.11932673335052861
0.21187532058516909,0.20289507552402125,0.08878731948541205,0.49644228440539756
0.015782022938661898,0.356754645700738,0.3685974449466346,0.2588658864139656
0.4466658738090954,0.031911345720772546,0.28521334039193263,0.23620944007819947
0.391000172943387,0.0532654561965295,0.1177986570477206,0.43793571381236285
0.5220137018370756,0.40936517394391014,0.009319674699925454,0.05930144951908876
0.015110754596927617,0.37847660797534777,0.2747275233990552,0.3316851140286694
0.27324004901666193,0.38639387397781977,0.32502305663312686,0.015343020372391424
0.281559938392049,0.23629762464586623,0.10705786531303162,0.3750845716490532
0.37715115948393174,0.18273018601498917,0.16901253894246715,0.2711061155586119
0.120912473032823,0.3038435591303491,0.24240984296918885,0.33283412486763914
0.1587187720554792,0.16571258350303333,0.33903874254695443,0.336529901894533
0.27467958319377994,0.02305895980097574,0.3232932898263673,0.37896816717887716
0.15069277731404596,0.41026878316953935,0.08497104875538704,0.3540673907610275
0.6214783720771262,0.20132663242855395,0.0582098090024131,0.11898518649190672
0.19579275086565878,0.3199857090902702,0.001217731161578305,0.4830038088824928
0.2918127468160044,0.20199859636023532,0.45160136598906697,0.05458729083469348
0.30665237960791947,0.08780387760099086,0.2632708662238319,0.3422728765672577
0.021036261652539204,0.3179397479510335,0.5387287829975238,0.12229520739890336
0.2895848571974699,0.19508886129070507,0.39506660251832615,0.12025967899349878
0.25902507910482075,0.2496468643582838,0.04931451965427105,0.44201353688262435
0.13522328113052437,0.38039036414415234,0.24869616505540876,0.2356901896699145
0.3260547819948185,0.2014467972505038,0.1223301447743843,0.35016827598029343
0.10706671830678699,0.7903976476445318,0.0036848417767208976,0.09885079227196035
0.020422222495814994,0.27992865751831253,0.6113590895458993,0.08829003043997323
0.004663283203201671,0.5965736954539547,0.14632524570727373,0.2524377756355699
0.0073151115477158146,0.07995729481446438,0.5744515364100252,0.33827605722779447
0.07276626430308904,0.7414474412898279,0.042707556234455366,0.14307873817262778
0.22471403264066944,0.06781904168089622,0.2998436456494586,0.4076232800289758
0.1994287636079622,0.7169109892802064,0.07551035004019299,0.008149897071638521
0.49552620899529287,0.05857010033094989,0.40206610580476665,0.04383758486899064
0.2632694200891357,0.45604135786919436,0.23296636175783964,0.047722860283830465
0.03952207159090267,0.511894943494991,0.3801289748285742,0.06845401008553215
0.5702515932341959,0.10932367119139319,0.20667506484555037,0.11374967072886046
0.1443201562619858,0.4485942551458511,0.004671822741922841,0.40241376585024025
0.12606293451556708,0.17852545235565712,0.2584637940673998,0.4369478190613762
0.541202429456485,0.04650364160316178,0.07535218030734143,0.3369417486330117
0.10999830154153971,0.1333472282322915,0.21510830311561022,0.5415461671105586
0.21433008543544507,0.10924319243659104,0.3674564713606477,0.3089702507673162
0.0017213959240558834,0.5701160757269669,0.2385905444136342,0.18957198393534302
0.07616100694520907,0.02348975971501099,0.1587620845680992,0.7415871487716809
0.5590653912809268,0.025960394199769123,0.3464674165968724,0.06850679792243157
0.5840342131813809,0.10648601438704475,0.26807192413325226,0.041407848298321975
0.31801949693621434,0.2334791551449539,0.08498127607299914,0.36352007184583274
0.022864499513767168,0.08660862195393815,0.46592144812805103,0.4246054304042435
0.35791976861085656,0.16990230152502883,0.003339053027107339,0.4688388768370074
0.06876159031138329,0.3302220664564057,0.4314961331684154,0.16952021006379556
0.3387781310278998,0.28815458218542517,0.26709983567766676,0.10596745110900828
0.6573920592944138,0.030961053860571543,0.2781385285762836,0.03350835826873103
0.24981326224929906,0.1906750144251442,0.30101772166111207,0.25849400166444464
0.14537757129620618,0.2830827993527104,0.47563800829050934,0.09590162106057404
0.31986066443845296,0.11055964158880545,0.45495034768236997,0.11462934629037154
0.0704710970256589,0.048805435997638584,0.6205555265039198,0.2601679404727829
0.015317337546591635,0.1498383246333352,0.5337625196439892,0.301081818176084
0.05369520233807772,0.01002355473726221,0.25715237158214976,0.6791288713425103
0.27652691311368915,0.1601753448080625,0.45578717835672333,0.10751056372152505
0.06671001074833693,0.076282194629414,0.4241574106939228,0.43285038392832637
0.25242574348907426,0.547104861907922,0.08514576064122173,0.115323633961782
0.6280166397251479,0.10308664524786887,0.2448022619349669,0.024094453092016237
0.004353116748492014,0.22516150177577626,0.7683665945687561,0.0021187869069756986
0.4037342972892022,0.04216589829489187,0.10598535962544095,0.44811444479046497
0.03674958251613317,0.3014011306627102,0.6558440750309793,0.006005211790177196
0.08156848183240079,0.3646958645735036,0.18021965348900557,0.37351600010509
0.0898935455344404,0.16392681687589564,0.47911174380673516,0.26706789378292894
0.11832635199680198,0.4399496557197746,0.06785314502926326,0.37387084725416003
0.2081048523264804,0.5771940809636886,0.0681657149503628,0.14653535175946808
0.21917018290832205,0.06129922387916472,0.6396164223691114,0.07991417084340167
0.31178807221330435,0.2984542511469002,0.3571601774639784,0.032597499175817085
0.2907128894138694,0.30664751759727976,0.3187099603274723,0.08392963266137861
0.011479871093018018,0.1570784018602144,0.14341786572388354,0.688023861322884
0.3028403646298586,0.19152202863954373,0.3222302091322284,0.18340739759836924
0.04340977579493079,0.0013003818177746889,0.7109029792173369,0.2443868631699576
0.2283051030223041,0.24671393436804392,0.14905686627028678,0.37592409633936524
0.4960891699177361,0.0036235116946901,0.015528073939233951,0.4847592444483398
0.057714455022540134,0.048931205765000395,0.465285476457894,0.4280688627545655
0.10144435788138938,0.05634153403737271,0.40488068969229213,0.4373334183889459
0.2972449094620723,0.5556029123721187,0.13040696795256787,0.016745210213241473
0.20315832225910976,0.046915585234200516,0.42798047871158673,0.32194561379510317
0.34654748043435474,0.3845984601924767,0.015071929801892939,0.25378212957127577
0.3412642111208442,0.3318687959846228,0.1513002919951118,0.1755667008994212
0.210591108916108,0.2537070604733567,0.39552972318542445,0.1401721074251108
0.49301289989310465,0.04835585800116733,0.25259060030376324,0.20604064180196469
0.17021786171939823,0.18730506671683125,0.3817640758610869,0.2607129957026837
0.04743921902093461,0.1291986144579759,0.13378557300471414,0.6895765935163753
0.3042483974483306,0.3551141705452746,0.08453476486957048,0.25610266713682417
0.5678163138041877,0.18565042693265205,0.10837446644411156,0.13815879281904858
0.07358813170403661,0.1976740937517089,0.08545541540891717,0.6432823591353374
0.3939494639017854,0.16050719552907414,0.3619910868508805,0.08355225371826
0.19360094366162173,0.47291046293858674,0.21170892587853463,0.121779667521257
0.2312105911270364,0.12146428536393426,0.45211070010672877,0.1952144234023004
0.5175579184534379,0.0012000093521289388,0.36504548240554846,0.11619658978888492
0.5025815517134219,0.1257401243340001,0.29517051845958964,0.07650780549298838
0.0013721189465676455,0.03429855475566895,0.9478790104134542,0.016450315884309036
0.10957491369965558,0.3478704671106269,0.2770948146102614,0.265459804579456
0.25736239556363616,0.24990070289122512,0.028872835039243025,0.4638640665058958
0.28361080078803264,0.4629106292702175,0.24387911682505226,0.009599453116697815
0.1882073045211955,0.08647910823879895,0.20990294228535683,0.5154106449546487
0.21972676414536216,0.3276351521942251,0.38367261888250254,0.06896546477791017
0.10395155910046264,0.13084904427732838,0.7428451096066327,0.022354287015576235
0.11608865597639584,0.35299682924721765,0.035202636473919094,0.49571187830246755
0.19599026151249518,0.09357831056271355,0.33405218878514087,0.3763792391396503
0.0809694634263918,0.32646703421098955,0.17335408639596245,0.41920941596665623
0.20465017698547608,0.2712455487266295,0.3469889286972296,0.17711534559066505
0.12411986157621317,0.1393964810368925,0.5104321909196552,0.226051466467239
0.05946396766058872,0.14925016727434565,0.45185468552739944,0.33943117953766627
0.037771850977335,0.08092267308531245,0.8041996822017311,0.07710579373562149
0.20734167901920725,0.0038953443163428653,0.27125569784763076,0.5175072788168191
0.19619331574591106,0.5578720533287437,0.08962535792940149,0.15630927299594383
0.19174041021170107,0.03085592514749521,0.7421068138545653,0.03529685078623835
0.16265005055906515,0.29731842570560546,0.27069171449119506,0.2693398092441343
0.32334267973671144,0.05823829708703485,0.4690067849822174,0.1494122381940363
0.43256229310810007,0.48159311497979473,0.04493527596119611,0.04090931595090921
0.47809341234851155,0.029794061730452712,0.37740243927111433,0.11471008664992145
0.19676791544823644,0.1694056102127053,0.38350211544023366,0.2503243588988246
0.29871986481250346,0.004261878730044373,0.532909994433295,0.16410826202415726
0.16676562791328592,0.32321067387768354,0.38326093184928617,0.12676276635974443
0.1191424275761247,0.03589953785545615,0.5184928398420047,0.32646519472641455
0.07275161415086114,0.49617520251929037,0.038416721222945864,0.3926564621069028
0.5738753250750703,0.20989809350734856,0.10023792982843542,0.11598865158914581
0.06573744763284786,0.5103127805654115,0.04284029976654816,0.38110947203519246
0.33816346307088063,0.021529812219510842,0.3486811823067826,0.29162554240282607
0.2782287433337228,0.036927321312714055,0.494424045193448,0.19041989016011518
0.3698662752153519,0.032915749137432164,0.38132715549569357,0.21589082015152233
0.09383650789742169,0.37190954371407614,0.2931431143814772,0.241110834007025
0.034726937915036525,0.5546703664793425,0.22551532371122088,0.18508737189439997
0.19796838583166704,0.09927867473702616,0.07587614734306426,0.6268767920882424
0.41284886454162295,0.07079910070208519,0.08715805704045682,0.42919397771583495
0.19345790577419159,0.3459410728504115,0.21841734756268866,0.24218367381270828
0.6888264230652769,0.05077537478107411,0.15396012590843858,0.10643807624521054
0.13451799207731097,0.5123756007326428,0.09284156387937804,0.26026484331066824
0.7847794306093414,0.12735722557494752,0.00021681927578919098,0.08764652453992174
0.4546824766734542,0.02121958688209094,0.06543720990875422,0.4586607265357007
0.3954907412299288,0.3270803595528114,0.03161447348513535,0.24581442573212448
0.11159050583606489,0.07117185863411277,0.7256905631765087,0.09154707235331364
0.474201550101422,0.005881160117514435,0.2222891272875728,0.2976281624934908
0.0018006434643169972,0.3130759661881533,0.56345663219437,0.1216667581531597
0.08657740690373579,0.20281370044003025,0.40366965563016977,0.30693923702606424
0.07077333492187793,0.5799201160790377,0.31163454841946975,0.03767200057961466
0.1954359090622571,0.0918741796895808,0.1473963073285842,0.565293603919578
0.04628485621265016,0.6205946567431163,0.042067754435392735,0.29105273260884074
0.17935226551741226,0.4911740082226848,0.08915804027000929,0.2403156859898937
0.061440643186548065,0.2611367811908365,0.5311995843288829,0.14622299129373253
0.0027660707394794124,0.6434464593858494,0.14904408730177002,0.20474338257290117
0.19079426898462057,0.19274242851832454,0.41914513421833643,0.1973181682787185
0.4933797484208046,0.031862884958674065,0.13444926223958387,0.3403081043809375
0.06045707977825185,0.26341006298013725,0.15979187082850357,0.5163409864131072
0.3767627604368523,0.46956161140921787,0.07324096153381102,0.0804346666201188
0.6513414920820851,0.27275281735713913,0.0369581797690799,0.038947510791695616
0.5938607547121628,0.05026105692893127,0.14293165551851203,0.2129465328403937
0.08278318065204192,0.08251655523526534,0.1038565719792791,0.7308436921334137
0.09366782223891387,0.49174768210728537,0.2816898378937423,0.13289465776005843
0.6170179115527011,0.02511415046931935,0.33166360474998624,0.02620433322799321
0.8510169746647362,0.11560824134350087,0.0063538661885578235,0.02702091780320499
0.5308520597515186,0.04243905363192174,0.019295433715668144,0.40741345290089154
0.36663540703167286,0.5338371306876414,0.09118950681668637,0.008337955463999399
0.07366545424916275,0.27358182025949734,0.5999356304721352,0.052817095019204854
0.34629168852235126,0.027067620789493717,0.05438336449766511,0.57225732619049
0.11705923768905929,0.3091326466972085,0.09879900647373296,0.4750091091399991
0.10802132731712337,0.21825312663353905,0.4941839832653335,0.179541562784004
0.44239828319635555,0.13267213641318615,0.2710122361692799,0.1539173442211785
0.014033201124857038,0.06510826825403218,0.8809551313833996,0.03990339923771111
0.5620335558050117,0.1977064617504924,0.16349426583850712,0.07676571660598888
0.618327407821564,0.3554847618750806,0.013074349984618008,0.013113480318737443
0.27975198691054864,0.05498639599136432,0.4104488649791391,0.25481275211894794
0.3556257024044913,0.23099836829826903,0.2853522793766455,0.12802364992059415
0.08667551942069181,0.44227167814170754,0.014124152725208885,0.45692864971239167
0.17146981049753837,0.3127324526824433,0.33753600782374044,0.17826172899627787
0.03553302892638646,0.3756181266788721,0.3548881497053199,0.23396069468942146
0.06475562354078751,0.4071017675511537,0.22298395487309203,0.3051586540349669
0.15343163232326082,0.08660112112424263,0.5646382807907818,0.19532896576171482
0.13723917936753144,0.07928594033503249,0.5755592899822843,0.20791559031515175
0.6799391919762018,0.06936174093867357,0.18429140350856282,0.06640766357656187
0.30002650169400075,0.15590059970013317,0.23047616810797072,0.3135967304978954
0.17831677559907,0.05749192562712582,0.0794620618780863,0.6847292368957177
0.13542631370727284,0.1141801293362581,0.27105091873166237,0.4793426382248067
0.04267349886931054,0.28296862926774363,0.2225961617742182,0.45176171008872773
0.17320185274620814,0.2184879260964374,0.037671282432850436,0.5706389387245039
0.42176014895907993,0.025764983517701377,0.2546259825513631,0.2978488849718555
0.09806545072792992,0.7138784064299698,0.03751128210545454,0.15054486073664575
0.15733863461130354,0.2773620311734393,0.16261209215643788,0.4026872420588193
0.029199387007975888,0.6257130247772807,0.283701920139072,0.06138566807567141
0.3867894129457217,0.4736192771704958,0.09658233562121869,0.04300897426256392
0.12227308257430088,0.14806812762643617,0.21526945605423195,0.5143893337450308
0.14706534796896284,0.5016706886980273,0.2823911875613369,0.06887277577167286
0.4203219798713373,0.09561496580326737,0.224424003047481,0.25963905127791437
0.4352210007231851,0.045113653102883206,0.05519283316452895,0.4644725130094029
0.14362003549632046,0.029219735467405895,0.6545164848516017,0.17264374418467204
0.11226850168391722,0.36622183843594536,0.13387264568516988,0.3876370141949676
0.012131688006673191,0.1150480902261979,0.1394860341575376,0.7333341876095912
0.11798922423451265,0.10790325815472837,0.056349789893943306,0.7177577277168158
0.20223870235755556,0.08359063171860058,0.5255670237863151,0.18860364213752867
0.05203253743638572,0.42358766072409293,0.48782752779073435,0.03655227404878691
0.1377216763240584,0.10294088528237132,0.4058637301492887,0.3534737082442815
0.6183513258653647,0.07376683948711164,0.07957065958826696,0.22831117505925677
0.16486699673827757,0.543847577796733,0.08114747973776738,0.21013794572722191
0.05048397572118015,0.29394924995333754,0.3325541834249645,0.3230125909005178
0.16251930570374326,0.12538757008466475,0.29291452212244745,0.4191786020891446
0.0634219016926152,0.2139521995123026,0.5623872441815042,0.16023865461357797
0.4312188608609909,0.28672837912259425,0.009235983767311936,0.27281677624910294
0.023563338948384357,0.3060165208703351,0.6239103003000878,0.04650983988119264
0.14062151651323057,0.12655945807293073,0.6513606948605989,0.08145833055323971
0.3139970165124522,0.18452967124901945,0.26545510569565156,0.23601820654287675
0.1463954211769503,0.060049990234167606,0.1171055137308531,0.6764490748580291
0.1668831421404097,0.3668538023608796,0.35168131636068434,0.1145817391380264
0.10585256283499793,0.27734506970105127,0.29687075878668645,0.31993160867726433
0.3132922056159295,0.08780805804991991,0.20616043963851888,0.39273929669563157
0.28643936391425157,0.291076515019678,0.0664231856092897,0.35606093545678086
0.6206848406171569,0.020165413851486555,0.2377710152086579,0.12137873032269877
0.8315814613450048,0.09367564162468901,0.06969916833884035,0.005043728691465726
0.5535934079495393,0.25525033501258676,0.004451600214000595,0.1867046568238732
0.46358139277951926,0.3284614406968415,0.09694660631733415,0.11101056020630501
0.1133208075068097,0.07225758703218181,0.32022024545801603,0.4942013600029925
0.3204824142045911,0.20731305924629218,0.15033651535034964,0.321868011198767
0.03311913615513181,0.38464168237373086,0.14687912123627425,0.435360060234863
0.2190852354399076,0.04999624490683102,0.7228025203006885,0.00811599935257293
0.01899217340996421,0.6350929513439474,0.10058554985667874,0.24532932538940974
0.30915113885849826,0.04849369312095478,0.36608716541783676,0.2762680026027103
0.13073110271862556,0.044394419686584606,0.8243174777344658,0.000556999860323823
0.26052906190336844,0.08626088680183773,0.40595824605977954,0.24725180523501444
0.02090822252097491,0.4770609906198075,0.42445062271205586,0.07758016414716172
0.04652507365135651,0.07971542930880449,0.5340117161637068,0.33974778087613233
0.19734973904118622,0.1599563856186448,0.08338190149511764,0.5593119738450514
0.09343427112613704,0.45888339456779337,0.3049515789382884,0.14273075536778118
0.1441922353037223,0.09761141137021254,0.31523625929766197,0.44296009402840325
0.3164719985285958,0.16207385532330632,0.008616070926508054,0.5128380752215899
0.7958936178796145,0.005105045445385148,0.07097456326347303,0.12802677341152732
0.27099952081340484,0.6726309736811628,0.01413150087724734,0.042238004628185125
0.26090993316551864,0.2314766927876642,0.024368419573068473,0.48324495447374854
0.05631717645897667,0.3537614169407411,0.09850732761666105,0.49141407898362116
0.2342658953774993,0.4132119089943411,0.32391780142986093,0.02860439419829853
0.3508003754317031,0.482229067345414,0.04995534481169668,0.1170152124111862
0.331872323894821,0.21188386743697166,0.44351410277216397,0.012729705896043253
0.13429977080069858,0.7681886119712459,0.03145658287681608,0.06605503435123931
0.8660155575827269,0.008228718759720517,0.054763877347712646,0.07099184630983972
0.4160530549352421,0.3708438211971159,0.017291468897480237,0.19581165497016184
0.5242223310377875,0.10458848539950463,0.14559101875648045,0.22559816480622752
0.17884839050741383,0.38182703823133907,0.030398643895328592,0.4089259273659186
0.31255140006405757,0.2544747716824763,0.3038857086551859,0.12908811959828032
0.4996955613534668,0.2784715771883701,0.06113057382120454,0.16070228763695857
0.11993558861028786,0.048491176392255454,0.28957052082203916,0.5420027141754173
0.5470995279978472,0.24963704306670007,0.2020020233917493,0.0012614055437034527
0.3631522037033716,0.1769758309026777,0.08302276337179271,0.3768492020221579
0.051362766849982686,0.34716539883326014,0.0423897334764863,0.559082100840271
0.2382596596940276,0.27227128596594014,0.3071441650949412,0.18232488924509105
0.3594866437127721,0.21578270236248737,0.28572896770017464,0.13900168622456577
0.3304729540472262,0.6329178045118229,0.011185479372603738,0.02542376206834724
0.14042158787694692,0.5118950650350801,0.30293255322986384,0.04475079385810909
0.37103596583454,0.06640938376700219,0.2899621384433699,0.27259251195508805
0.10498272573009083,0.2225747470351473,0.30805734456024875,0.3643851826745132
0.03434679633966856,0.7191984084990176,0.18743166713044904,0.059023128030864666
0.14519562374850062,0.12147401217728479,0.04417228773379285,0.6891580763404217
0.5132776065534903,0.06409597231976334,0.3445131820107042,0.07811323911604214
0.4044018390750142,0.22707685774046105,0.16393863461979324,0.20458266856473145
0.052491311521664086,0.10755839617861625,0.6346069445633704,0.20534334773634946
0.03174153889744891,0.25268526152902504,0.4571914679839076,0.2583817315896185
0.5417977860734794,0.16890506761258434,0.1236285178440511,0.16566862846988523
0.027305236001213033,0.3789339803034964,0.02204094117670318,0.5717198425185874
0.07034113785200737,0.27684359927834756,0.0013754061906589895,0.6514398566789861
0.20180614283790854,0.1671491244753,0.1514209695401038,0.4796237631466874
0.4039145447479163,0.270041451754344,0.09213785604264196,0.23390614745509766
0.0035766882131481755,0.06638606815568511,0.16057091766414996,0.7694663259670168
0.056119924413573385,0.35626503981494817,0.4074315395011388,0.18018349627033958
0.028556575229068563,0.49701346813712766,0.2663685320376999,0.20806142459610383
0.054422482676399576,0.07335450778853485,0.7396008663400653,0.13262214319500032
0.5924391104940655,0.18215821765948953,0.1968180676670633,0.02858460417938156
0.2850064884355822,0.33768746794599896,0.1904850305300498,0.186821013088369
0.04272440822587785,0.336408859349713,0.05987937808722972,0.5609873543371795
0.2321586935186489,0.10615318399339588,0.5902254638001728,0.07146265868778222
0.20996865377230242,0.23972886297744236,0.16542131479428965,0.38488116845596554
0.0419031672579237,0.2384534682721782,0.13700375172774595,0.5826396127421521
0.1222460060488224,0.2963824817505247,0.22689653867183265,0.3544749735288203
0.1528328459562877,0.1510989159179398,0.4055525110629867,0.2905157270627858
0.07320692636240549,0.4766291557094394,0.2236701576997743,0.22649376022838075
0.3469806324089257,0.05465073248233187,0.09396469615008393,0.5044039389586585
0.2380565294435755,0.158638804933506,0.325417030049514,0.27788763557340446
0.12788680049706252,0.12254880495730242,0.7093096343176233,0.04025476022801177
0.21486121841298514,0.31333681774022826,0.33648599333905044,0.13531597050773617
0.006294566581843336,0.43115629756007484,0.214233764072233,0.3483153717858489
0.18274089952173397,0.1897151774008558,0.07282900861925037,0.5547149144581598
0.6171357500186233,0.17963149559506972,0.12149622656921284,0.08173652781709426
0.19608552324874806,0.3581834755229248,0.4161352964074322,0.029595704820894905
0.022340827751059236,0.07678666000242594,0.6587235337531152,0.24214897849339953
0.37156302028294586,0.17645622210089726,0.36936909651866817,0.08261166109748877
0.3823023653231952,0.40739710518122446,0.0016730604205035299,0.20862746907507695
0.0347781406758659,0.2565326802886418,0.3031039615504701,0.4055852174850223
0.22405700162111913,0.5491404222030631,0.09247456351631508,0.1343280126595025
0.5210696501184018,0.023797194430747282,0.04870130419784073,0.40643185125301007
0.237272088273539,0.30530786793109915,0.19041087444714738,0.26700916934821445
0.12001830988262939,0.10166250459501275,0.42492147215374443,0.3533977133686134
0.19122431475755433,0.311172217892118,0.0843678615172343,0.4132356058330933
0.4853658667227237,0.18596339314531232,0.25506544285595506,0.073605297276009
0.1242124068843328,0.6802410864593328,0.18187805680853705,0.013668449847797427
0.5151836423403457,0.3293930374955412,0.03201486609284182,0.12340845407127111
0.13687464332492036,0.10414668501384863,0.47405623069424213,0.2849224409669889
0.3196380561228279,0.23971176019078982,0.017699009035864494,0.4229511746505176
0.06457370032655958,0.10362763621817551,0.7906075479098559,0.041191115545408816
0.17182578213925415,0.6865511026479134,0.02991867111636066,0.11170444409647182
0.1933367534314496,0.6745776200625926,0.11101912002680339,0.0210665064791544
0.2716002622029947,0.47236661855208517,0.09246616697118808,0.163566952273732
0.2582794324012219,0.10066490140802253,0.223268003179964,0.41778766301079157
0.29920722898461977,0.16208338083945278,0.4805589276823651,0.058150462493562496
0.1851384885015951,0.16745563923345258,0.4999363587574156,0.14746951350753665
0.2957018551964417,0.16213826722988833,0.2662094402948455,0.27595043727882457
0.05320230507045934,0.19021126013098927,0.03466757556131319,0.7219188592372383
0.06361033785405001,0.5572159661580592,0.36109579256387386,0.018077903424016887
0.20279054738139582,0.030864858636675783,0.07031235898399024,0.6960322349979382
0.03341938981396591,0.8200465963517568,0.14622687861324535,0.00030713522103188983
0.17215158317662668,0.5774997067554466,0.23782471275954128,0.012523997308385397
0.07981921472488929,0.15237834591545746,0.24784430589875373,0.5199581334608996
0.5381719242465438,0.011061451937543263,0.4013912053631264,0.049375418452786535
0.03983006129017778,0.1698378952208699,0.5808535538098971,0.20947848967905516
0.2140280613919226,0.46871960906116344,0.028541721504564306,0.2887106080423495
0.5262068712087599,0.3064218839827671,0.05199226126296686,0.11537898354550599
0.018316730793936555,0.25994054806521916,0.2330828487542294,0.4886598723866149
0.612273299764582,0.2979439011109689,0.019118590535330254,0.07066420858911886
0.10735852156483848,0.17850501647398234,0.2130963158524753,0.5010401461087038
0.41099911434966613,0.021621843158629563,0.21203917298104236,0.3553398695106621
0.34400147940914205,0.30829322129690667,0.24208932217138932,0.10561597712256196
0.1800674245207751,0.22892387577245227,0.15499757189434873,0.43601112781242385
0.16790503238678692,0.042390690663339683,0.3602510869578033,0.4294531899920701
0.20726128142389025,0.22872200263824596,0.22386705149233796,0.34014966444552597
0.24837542392595438,0.6613014989714382,0.001461882695833464,0.08886119440677384
0.1030111462510433,0.45028462252612084,0.19802947776854604,0.24867475345428994
0.033672179275872814,0.3137604369846668,0.17674996009099436,0.4758174236484662
0.13817183982364706,0.29125292415241133,0.07703304603273471,0.4935421899912069
0.2910350939490684,0.20130964509850266,0.011882320365634119,0.4957729405867948
0.05231123077775853,0.7706353257368047,0.05039851099719513,0.1266549324882416
0.22591994009536623,0.08863769523281223,0.2643006756988823,0.4211416889729392
0.22203271112672895,0.5379654242800923,0.08035440058343135,0.15964746400974716
0.12507169262558954,0.35201236800907576,0.1260710744903995,0.3968448648749353
0.36772451364824266,0.30903311633328806,0.09491073402413355,0.22833163599433565
0.08985196877931727,0.583796949244916,0.1931324006173851,0.13321868135838175
0.1154246899448678,0.380739190619804,0.1460281835282283,0.3578079359070999
0.08619329789089814,0.3611529896359707,0.09850463178535596,0.45414908068777515
0.021896798993899548,0.027517331835432056,0.31149477059078695,0.6390910985798814
0.17598411759156873,0.15445280785659157,0.5790153460916893,0.0905477284601504
0.0658719092782981,0.07855892986595653,0.5410926345307376,0.31447652632500783
0.3286931525973675,0.23293357640836845,0.042162831128615734,0.3962104398656485
0.0284300091588016,0.17589040352457605,0.31260677354741406,0.4830728137692082
0.12750420067623058,0.5549258512715564,0.2001927924247233,0.11737715562748961
0.12496912072652479,0.3653329823884824,0.43253350224711856,0.07716439463787433
0.4446357917936049,0.01693705301616506,0.1384826969238707,0.3999444582663595
0.30386140018774205,0.44192900860695444,0.1660074669435169,0.08820212426178685
0.23826247199094625,0.12874722881710385,0.41269907298566216,0.22029122620628766
0.7260802414625861,0.04570955484017256,0.12456450255619941,0.10364570114104193
0.6357070204249119,0.06385522901267844,0.24469275009436506,0.05574500046804469
0.21633937497078934,0.5651878384077651,0.18849591550394024,0.02997687111750525
0.4550994607414172,0.18365835549075502,0.12856092717184958,0.2326812565959782
0.023521928033154404,0.020293048398358552,0.09275028080271827,0.8634347427657687
0.2063033084905768,0.6049760113209932,0.15580352868073719,0.03291715150769299
0.16010230437396963,0.711036724417783,0.050854139429994956,0.07800683177825231
0.0367309152766324,0.6310443184207475,0.1493296322590509,0.18289513404356939
0.07626726319222572,0.7447954529879486,0.04462858411627575,0.13430869970354986
0.08741281207597969,0.040534371999893154,0.691625851182708,0.18042696474141903
0.34752742479221355,0.05574076962207132,0.12032703489098501,0.47640477069473014
0.8202703757022509,0.02592729238968467,0.03766478183708988,0.11613755007097437
0.14594046493053084,0.5010231150572074,0.005181908961532429,0.34785451105072934
0.15893718633877404,0.04963799768033437,0.0641265381144912,0.7272982778664003
0.21119343200509794,0.27525412204736227,0.18227741449626253,0.3312750314512773
0.3809813913434771,0.030934701012769232,0.1303072602271149,0.4577766474166387
0.17959636869133133,0.08027020478568363,0.18227666544878607,0.557856761074199
0.127979365389692,0.5335720291019171,0.08061670659021018,0.2578318989181806
0.42585497665429023,0.07037831785031796,0.15319272938195244,0.35057397611343927
0.15281052167955053,0.13237969585245424,0.703880293535666,0.01092948893232932
0.2433943878795304,0.08278639320946071,0.4403081318493871,0.23351108706162166
0.08045511053458378,0.06386125268167654,0.8149206632423731,0.04076297354136667
0.3888499018092218,0.05669978563268434,0.2887363263097984,0.26571398624829545
0.4731182299504442,0.031177388885700902,0.4954072702809024,0.0002971108829524046
0.5450308881898461,0.017048365191720354,0.0796536370800953,0.3582671095383383
0.4426943914348953,0.25887822880793054,0.02690443327799755,0.27152294647917674
0.759794146240454,0.008207632080935261,0.0941342611856854,0.13786396049292524
0.31188477285217237,0.3677898141946384,0.14507252291657122,0.17525289003661798
0.06517662854623797,0.3292866567306743,0.20804907748196166,0.39748763724112607
0.052884498821288796,0.4583313226904834,0.39972818002960586,0.08905599845862204
0.18264640269243748,0.5083364333436687,0.06146866254217261,0.2475485014217211
0.12598374997400874,0.0646929334117318,0.5451347978165122,0.2641885187977474
0.030131898905846666,0.5511155437029386,0.16612804807718223,0.2526245093140326
0.21574675416312497,0.03623493635515376,0.3070157476827584,0.44100256179896297
0.0995720465608004,0.7340638820880805,0.1393887985170125,0.026975272834106577
0.1693184328635497,0.6606993291979336,0.0005098469963210043,0.16947239094219552
0.0854982539006806,0.749794572065324,0.04690033512508927,0.11780683890890634
0.09774828474602837,0.16074146653854002,0.3432309609070523,0.3982792878083794
0.21207993701182362,0.132519582161162,0.15289988029590543,0.5025006005311089
0.053861580087323266,0.2250499449830418,0.12463189478557651,0.5964565801440586
0.02843384795274198,0.04603969157368276,0.3643767688712292,0.561149691602346
0.224327191326572,0.05801732450549089,0.46164124522922484,0.25601423893871217
0.09365133991458872,0.1616567970285418,0.1828279820883183,0.5618638809685511
0.2814914800867752,0.22731230440811354,0.33546408481330026,0.1557321306918109
0.05129720746074307,0.514168175446248,0.19754250967899326,0.23699210741401555
0.6108357108550438,0.13473540369350628,0.175155928331657,0.07927295711979296
0.08157416829597654,0.723739700600035,0.10509884923031333,0.08958728187367528
0.013539568250468923,0.3630422696815714,0.09027583175261703,0.5331423303153426
0.14591008649377613,0.39931228928002793,0.2945748147358418,0.16020280949035406
0.26138308927211973,0.487764524914874,0.177731421913661,0.07312096389934532
0.27575394510809126,0.421645386284016,0.09101945818880419,0.21158121041908864
0.41973791865775195,0.22077074845085415,0.2424765605714863,0.11701477231990758
0.04334584057540165,0.3681086637402324,0.17995051119999395,0.4085949844843719
0.024371000212174292,0.21849560666443862,0.6544807655216437,0.10265262760174337
0.03241738393917828,0.06120651081027855,0.1981136024966229,0.7082625027539201
0.046990793964975186,0.2331521573590594,0.031472135999230114,0.6883849126767353
0.6006674765489659,0.013683140823545138,0.33650109209279,0.04914829053469915
0.06719684126654232,0.7734611935274874,0.09456398889332783,0.06477797631264251
0.7742956285684192,0.06304393320845841,0.05595861338707655,0.106701824836046
0.15653115335481843,0.2564591049354749,0.3658386414704654,0.22117110023924128
0.41580807511126644,0.043783082766914165,0.16827854350423643,0.37213029861758307
0.15731545266400468,0.3575575354695399,0.36061616421672027,0.12451084764973518
0.17630380684849903,0.3869843743948966,0.09448676240037499,0.34222505635622935
0.5925563255318318,0.13763643024905622,0.02477102301002653,0.24503622120908541
0.15516354440617305,0.31920168868009113,0.002408187150443955,0.5232265797632917
0.12514686948054327,0.41158578371857774,0.42112922661573376,0.042138120185145164
0.057034892480894016,0.16524732208966672,0.6964424929424938,0.08127529248694564
0.11792978138133593,0.31823888356464386,0.07982064198051836,0.4840106930735017
0.2554500014642882,0.3350228412471471,0.1920984951498986,0.21742866213866616
0.42919372029519126,0.20346512340894193,0.05860357854622669,0.30873757774964017
0.6723726203514359,0.18099049379873985,0.07411178996286387,0.07252509588696045
0.015615447697927302,0.06964166583135245,0.5372755169683333,0.37746736950238685
0.5150007507025152,0.07007939114008761,0.2500858557004574,0.16483400245694
0.0054699147270256465,0.06603906181382475,0.7520850435824381,0.17640597987671155
0.06735921459972216,0.4533763962685618,0.11784878855585228,0.3614156005758638
0.017603426242030693,0.306990265837956,0.48908334541224857,0.18632296250776467
0.14941496829209722,0.3401809343173108,0.47246139676707594,0.03794270062351622
0.13254456535108508,0.4752481497076302,0.2012233122102854,0.1909839727309994
0.350991906307339,0.02995555902740607,0.26340857023783654,0.3556439644274184
0.02679822830983825,0.2744248522163365,0.2814366760444839,0.4173402434293414
0.11626509032290792,0.2902700372440372,0.17041727823775382,0.423047594195301
0.20699967371667877,0.4077651730596041,0.29785770844245596,0.08737744478126112
0.5487407301910712,0.34184535718297354,0.06691944427055857,0.04249446835539672
0.5026722613955101,0.2280616588222586,0.09098034757911,0.17828573220312122
0.14440433753457343,0.5942350860638622,0.20699331877653934,0.0543672576250249
0.014867390740503058,0.6830224751957821,0.1632490763375049,0.13886105772620977
0.08870669488530984,0.3653650817863095,0.21643467411141265,0.3294935492169681
0.1752599016484151,0.5077118726021274,0.11832810280610163,0.19870012294335587
0.24814416256619068,0.45915693126189744,0.22740801024936688,0.06529089592254492
0.4141141961749116,0.10642318172159673,0.033702050426440276,0.4457605716770514
0.35260392110680694,0.12564953291649922,0.283918131668457,0.23782841430823703
0.3586532708442541,0.2593848668450673,0.031119954119685846,0.35084190819099276
0.26806322474987226,0.12540019790452642,0.26941120024608367,0.3371253770995178
0.08557178554253062,0.11926547784337288,0.42643325556229433,0.3687294810518022
0.00041548697641125086,0.16922037773403736,0.48378648022609494,0.34657765506345634
0.1706363489943031,0.36859248393273136,0.2806222995521355,0.18014886752083004
0.10094614414991121,0.042032742423987905,0.07273439621552906,0.7842867172105717
0.5374228424856944,0.042090113387359594,0.14390830701385499,0.27657873711309094
0.12163036199520577,0.50596098106729,0.10716511028867225,0.26524354664883193
0.43084336428929537,0.3265853333941718,0.08366205444706916,0.15890924786946364
0.22495671182978938,0.11212408973848437,0.25067926630126974,0.41223993213045645
0.25025174761816604,0.2613485033391901,0.26949682099721,0.21890292804543374
0.2580460811383152,0.3664368397343091,0.3556676657532923,0.019849413374083382
0.42825537722950385,0.16321598102981932,0.13708710136224486,0.27144154037843204
0.02789368406421537,0.3479364356976046,0.06100187037148381,0.5631680098666962
0.28828531584658557,0.19801546041938994,0.3766705857097157,0.1370286380243089
0.14119631930270185,0.15370308339536976,0.13707073830189392,0.5680298590000346
0.13626789475737724,0.32899573579468877,0.46459613096930036,0.07014023847863367
0.07202733578502189,0.09907169025877152,0.21444494667268743,0.6144560272835191
0.11930418014172481,0.34771627327867133,0.457828269075691,0.07515127750391283
0.3899006416866267,0.04886913937611606,0.40337475579459015,0.15785546314266716
0.1585063834310968,0.3174943034154093,0.11757019193316592,0.4064291212203279
0.7689773040834998,0.05391481121876559,0.06199573660286573,0.115112148094869
0.675856503558105,0.10589031423012756,0.026354452628222527,0.19189872958354504
0.08694945432723847,0.25408577389935477,0.5242012428681238,0.13476352890528306
0.04780773942467114,0.7249801663280853,0.006541127348116578,0.22067096689912707
0.6848008700261503,0.0923809704792305,0.10893981676276879,0.1138783427318504
0.28256152117479305,0.13063091015195627,0.12447469752503514,0.46233287114821553
0.5243066069417064,0.060945503721300934,0.21476362941174512,0.19998425992524735
0.1946569007912659,0.0938655860372547,0.24513978380100684,0.4663377293704726
0.39446791177292234,0.3645727325772746,0.2244274322224531,0.016531923427350093
0.03883125125634552,0.010821143337227657,0.260003893140724,0.6903437122657029
0.0734319754580122,0.10882277298487603,0.6643663263023968,0.15337892525471503
0.012806007917013387,0.08296038911542522,0.8897372737058491,0.01449632926171227
0.12613489774247258,0.31904348810402455,0.5217349031787546,0.033086710974748204
0.035498250355628654,0.2410133175124915,0.14558499253160423,0.5779034396002756
0.26894594227246643,0.16821023302415766,0.1993941789533391,0.3634496457500367
0.1765210423503406,0.6506745475217618,0.017492212125291055,0.15531219800260646
0.031235709144888414,0.4579750074435704,0.40036129272942145,0.11042799068211963
0.025111480278801595,0.17403600001686362,0.07184066116180599,0.7290118585425289
0.12421233806904919,0.4420690957021175,0.29977210820139694,0.13394645802743643
0.30257137778308074,0.06085889854737812,0.3644610600715878,0.27210866359795327
0.12376801915815602,0.5004695543028043,0.3345456462591951,0.04121678027984472
0.01763475206766262,0.04217142436133888,0.4050926461459836,0.5351011774250148
0.014904900038942947,0.6214866394173186,0.3537007483569364,0.0099077121868021
0.22188894964898895,0.23225065101631634,0.3967434271069819,0.1491169722277128
0.19948879496641658,0.13309626460125162,0.07831986880494864,0.5890950716273831
0.19153997735115172,0.3053070094383375,0.34720319507279923,0.15594981813771147
0.10814285018036264,0.09405673486288804,0.536324703299793,0.2614757116569565
0.180183296446056,0.07806978177376377,0.178751998477398,0.5629949233027822
0.02395279721231583,0.008401831463548596,0.4278431578386334,0.5398022134855022
0.257053689725772,0.20018574418103321,0.2617506082877765,0.2810099578054183
0.1461925623549519,0.12183234608681008,0.6223708211223872,0.10960427043585097
0.06588370706749554,0.4020635064409869,0.07998647493177904,0.45206631155973864
0.16064012905956096,0.4405025035422688,0.21790135260042032,0.18095601479774984
0.4620708930710188,0.1964979823584108,0.16598872090752848,0.1754424036630418
0.32778428175306107,0.12857622732251403,0.09022846786802462,0.45341102305640024
0.28936413005471895,0.17040489410108353,0.5069119976703947,0.03331897817380273
0.18407018866451377,0.11461661690365525,0.5593448348673974,0.1419683595644338
0.18413013128122704,0.09350125406128451,0.1950194029540613,0.5273492117034271
0.19352519116326553,0.6152773511395236,0.0037561579806901215,0.18744129971652085
0.07914127957098459,0.1121092408471061,0.41998160454876166,0.38876787503314764
0.13316278235059556,0.7186888055694032,0.12180154434822947,0.026346867731771695
0.4655698771700756,0.18675545774181226,0.14524330894347143,0.20243135614464078
0.003432180198880876,0.16172515489039707,0.05419745203734551,0.7806452128733766
0.039665634731981425,0.09645326310373464,0.3001110830367676,0.5637700191275162
0.6172279195804461,0.15976645088917057,0.15832365633369674,0.06468197319668652
0.3041968555174945,0.05242011257645493,0.34685119031954664,0.29653184158650386
0.09299026031978284,0.49151648357350497,0.1809940029836672,0.23449925312304512
0.3464080086403067,0.16565826113920443,0.005644620837951805,0.48228910938253705
0.12511935389195158,0.05298202118416898,0.17040626726559624,0.6514923576582833
0.3133432647948375,0.027337847175590707,0.3969652483867682,0.26235363964280345
0.1587765771481467,0.1528056106659269,0.5343240166266475,0.15409379555927902
0.08808180369308977,0.379197589124704,0.3815663479276875,0.1511542592545185
0.14219487226081434,0.4017941893945631,0.24718932531172677,0.20882161303289587
0.055726927152119625,0.4909614218778199,0.18337186432700028,0.26993978664306023
0.04831858894853537,0.189284334686798,0.09442501478081367,0.6679720615838529
0.06667320106891673,0.1992049441668263,0.17924653216877867,0.5548753225954783
0.6209100855805932,0.03662422105696674,0.04848622184931197,0.293979471513128
0.5420278824011305,0.16736705460059856,0.06306583756576704,0.22753922543250388
0.018014731813416614,0.38679050989125435,0.43490245227716257,0.16029230601816635
0.11512120445144662,0.3250481447612322,0.2704935124651092,0.28933713832221186
0.12730390876801292,0.4531369951395901,0.11684563861961256,0.30271345747278433
0.655631192119581,0.022587733969132138,0.32130734174015285,0.0004737321711340561
0.5439432680129633,0.08969590096987312,0.19670598742780585,0.16965484358935765
0.09037074119147541,0.12679547099374405,0.10158866946593395,0.6812451183488466
0.05739649702602304,0.33659220212341523,0.10742562919507571,0.49858567165548606
0.20205080079534887,0.1340004071384408,0.5538107491897304,0.1101380428764799
0.18581734830895952,0.37082455475980086,0.19460632662960287,0.24875177030163673
0.09438898008145057,0.032247179352605404,0.34298334798971397,0.53038049257623
0.380941850091231,0.21774055805898276,0.31939131478907545,0.08192627706071075
0.5330431251933896,0.09737528361956296,0.0703175749836193,0.2992640162034281
0.2529821350465778,0.05056777624384347,0.5902568733968713,0.10619321531270744
0.10289288033328425,0.0997928370591826,0.24730058598771548,0.5500136966198176
0.3785271377428202,0.1016296804267805,0.07588626709127701,0.44395691473912224
0.11837251534929655,0.06096464736470825,0.11796212725965428,0.7027007100263409
0.150055088213126,0.26056839696163653,0.5600799073269792,0.029296607498258236
0.6124498818214978,0.06117392211012781,0.21627820580961132,0.110097990258763
0.24354310999702142,0.10210016052058564,0.07124248184169171,0.5831142476407012
0.3018194548878342,0.17473913926464044,0.4637160184226891,0.05972538742483637
0.04423072774780896,0.024110321493091096,0.9004182913486503,0.031240659410449647
0.059373005721850725,0.22691113056285248,0.5047013708581435,0.2090144928571533
0.09299179156349807,0.6123899325788019,0.1869690132297702,0.10764926262792975
0.3255267902900454,0.09837978657217988,0.16032086405077003,0.41577255908700483
0.04581004859068224,0.22235996819192966,0.2679151920205011,0.46391479119688706
0.13920577937522802,0.587530553445376,0.2237337516853494,0.049529915494046596
0.2219483171946271,0.11614795046100648,0.4045645275416702,0.25733920480269623
0.14531109064025052,0.27272926647032103,0.11676844371978319,0.4651911991696453
0.22608156187613446,0.34619480134554903,0.4056495563717511,0.022074080406565562
0.22332616757785234,0.33119037058662093,0.1345976722813119,0.3108857895542148
0.19973757966318742,0.050310983126256426,0.19418067694543886,0.5557707602651173
0.3864316879595921,0.3043237028786782,0.196299343717879,0.11294526544385076
0.18469029607144963,0.11486204755948994,0.5270391815792762,0.17340847478978427
0.3465214857220255,0.18862266977322562,0.042563946152762135,0.4222918983519867
0.019954913222667726,0.2891116903619102,0.5667689956154974,0.12416440079992468
0.0484557500950564,0.5643653086824416,0.22303547279122696,0.16414346843127509
0.10262904746507816,0.3765867986065637,0.05756502726729348,0.4632191266610647
0.2850808862393037,0.2535970623683996,0.11632973576094256,0.34499231563135424
0.09537818922265945,0.1705512206278944,0.6763394092568846,0.05773118089256152
0.03884816256076238,0.06432628384842054,0.37891526775191436,0.5179102858389028
0.0496736912441352,0.022629450988038192,0.5847115733813348,0.34298528438649195
0.4834612864137292,0.21238974886147416,0.01083621662659747,0.2933127480981992
0.01684965385715604,0.32222905305176947,0.5275433159626416,0.13337797712843286
0.12442677494007764,0.07380401980868502,0.1930479281211793,0.6087212771300581
0.41278506258654857,0.1329706826799862,0.11592289676182972,0.3383213579716356
0.395842170449761,0.08254006068300637,0.19841770940408462,0.32320005946314806
0.1651360229342545,0.39362994221276415,0.2520148194514973,0.1892192154014841
0.10335171716425695,0.07696789189935525,0.07325072109752574,0.7464296698388622
0.6008958313666054,0.12638669147115528,0.0443623550783371,0.2283551220839022
0.15510558872424574,0.19403304848629113,0.49523236575537605,0.155628997034087
0.5442863118263059,0.13427141778800755,0.06483280877975599,0.25660946160593057
0.04161118069962855,0.5647856052126521,0.17601836003105348,0.2175848540566659
0.4600191271900516,0.13105493151146513,0.14298852887423757,0.2659374124242457
0.4364849941212266,0.11024512326652865,0.19391604719953726,0.25935383541270746
0.21766814845530472,0.3533926604968683,0.3629050600456505,0.06603413100217641
0.4589965199054069,0.2218116718169404,0.2890661159678608,0.03012569230979178
0.12092783071833424,0.009928292647010681,0.3287571762422136,0.5403867003924414
0.6620653738955875,0.22552532522275948,0.0031632536075146904,0.10924604727413824
0.1637703465678926,0.28002152700980726,0.47259341159109663,0.08361471483120339
0.17756630020268915,0.09209169600920739,0.4785892589265781,0.2517527448615254
0.14074579321277153,0.33449471504104056,0.280038664906617,0.24472082683957086
0.014981214409019462,0.17837916751750507,0.5571918722960387,0.24944774577743684
0.029503952204757485,0.33675625443286755,0.4544405855480188,0.1792992078143562
0.5814283600698471,0.3181118918820444,0.01066676427492074,0.08979298377318767
0.3625731852583257,0.5761287324199298,0.019272821704992185,0.042025260616752255
0.14380612924131533,0.3737251186064564,0.3098017677444586,0.1726669844077697
0.21738082013885707,0.01972120479847477,0.5510866725907885,0.21181130247187996
0.3431381051037209,0.35734052206784045,0.29433967734943156,0.005181695479007212
0.3450315059306568,0.2994326241246443,0.1340768799153354,0.22145899002936362
0.2785463924266055,0.12242540616266619,0.31400679575696633,0.2850214056537619
0.2710026274522115,0.15019810086251156,0.15429754005614257,0.42450173162913446
0.03478304077143883,0.2735315501308626,0.4062128855188353,0.2854725235788631
0.12300675357793499,0.27359822245130383,0.3352030375085398,0.2681919864622214
0.5235690633286992,0.05355952036175109,0.30285572953997847,0.12001568676957113
0.5167812217945958,0.06014098611673541,0.1689789947282464,0.2540987973604223
0.6002051327852003,0.20140088535695247,0.02073415235645249,0.17765982950139483
0.22772694668001542,0.407363107897302,0.2595718817926078,0.1053380636300748
0.36614734347856787,0.35417409921855636,0.13405132340410944,0.14562723389876628
0.38621319464460485,0.5943926308544035,0.012194849714404727,0.007199324786586759
0.042731257375019094,0.7787260046038302,0.12059737707961288,0.05794536094153787
0.22783223843376135,0.15078792222975432,0.19123584165874397,0.4301439976777403
0.18826667464491242,0.37811594116441516,0.3759078079466066,0.0577095762440658
0.25735506724596935,0.49786165940892646,0.025285515806244625,0.21949775753885947
0.6602111911467108,0.0365211746426748,0.3001662288550018,0.00310140535561246
0.1124046676434013,0.25276739944510274,0.2889829377384603,0.3458449951730357
0.4035008677309767,0.022972764413686175,0.2588026875679959,0.3147236802873414
0.2809504776610155,0.12399179375297466,0.19036153924960936,0.40469618933640067
0.288532919940002,0.49368213790519433,0.05980060152743889,0.15798434062736474
0.017517203653514456,0.3706634706050785,0.1785628820076196,0.4332564437337874
0.47575907530917255,0.09880338726501242,0.09926666236467548,0.3261708750611396
0.2504592997147447,0.34555074736037206,0.36024088031524815,0.04374907260963519
0.17224244058527324,0.441719508222336,0.32869602265169395,0.057342028540696775
0.40564618807559644,0.021944999264964155,0.2773188082977711,0.2950900043616683
0.05181173923727782,0.24669322819873432,0.27007654122297337,0.4314184913410145
0.17788353417704617,0.6445878629163425,0.106246374732975,0.07128222817363628
0.19899394038676244,0.18601650560793226,0.45990004843510474,0.1550895055702006
0.05799533471300386,0.13340250533624085,0.5501670496240395,0.2584351103267158
0.18805618370102534,0.019259093928126508,0.38865554320598794,0.40402917916486025
0.07013964630166157,0.06937164545231707,0.8148718603636348,0.04561684788238649
0.012302492791711288,0.1556925079412415,0.8186720126568733,0.01333298661017396
0.5551842446935688,0.4203737394118612,0.006583027357095527,0.017858988537474602
0.3852314596222629,0.24074831861278534,0.14321516877532384,0.23080505298962783
0.11664346871734245,0.6590947462744023,0.14491588680791911,0.079345898200336
0.41173911887185344,0.289604748636335,0.2562339257022793,0.04242220678953224
0.2581642237911739,0.12296410882699939,0.02415170261086959,0.5947199647709572
0.31068797761448197,0.09213928483058466,0.02971972804827237,0.5674530095066611
0.2695390669988197,0.31789964347985983,0.3834391088251151,0.029122180696205497
0.5142939749502388,0.14401620092615727,0.21524094850675787,0.1264488756168462
0.052361068274462755,0.04309438757089715,0.5474131549639878,0.3571313891906523
0.3967023658701953,0.12103808306076579,0.2688603122969198,0.21339923877211925
0.015242428399434953,0.16563111717983492,0.25471879158693655,0.5644076628337936
0.20008662424394486,0.15123721921663336,0.3009459588441858,0.347730197695236
0.4487631675160523,0.17130669859885722,0.04431541346774277,0.3356147204173477
0.25796335589907365,0.45017494147705717,0.17366596948032512,0.11819573314354387
0.3688682265233426,0.028940774224734726,0.23428844199459928,0.3679025572573233
0.26138958687630365,0.290327513790944,0.3862984235797501,0.06198447575300219
0.5776533138700758,0.2067473038999131,0.013734724795676414,0.2018646574343347
0.054607990440372775,0.02191416931012639,0.7789475051313429,0.14453033511815783
0.4957644334030193,0.3435423864700558,0.06784574488428316,0.09284743524264177
0.253325529388706,0.31289745107158823,0.12383247938030925,0.3099445401593965
0.37413539503263754,0.35627237693659963,0.04077747848065263,0.22881474955011016
0.04986589175682845,0.12096862394051201,0.2913495346453248,0.5378159496573347
0.5404510842208616,0.3342833723789784,0.10985864050202795,0.015406902898132051
0.022417881780113506,0.13093576539130128,0.42303203979509707,0.42361431303348807
0.5547710364138527,0.13568590360737395,0.08741563392465093,0.22212742605412236
0.3701839915692304,0.12713910030573944,0.23274670113072568,0.2699302069943045
0.22225495395531825,0.5376252900163233,0.14732727008388105,0.09279248594447731
0.03824364881700549,0.04526156081197844,0.030645245487774638,0.8858495448832414
0.06569571657088893,0.34692937616795094,0.46125605095877076,0.1261188563023893
0.1626381705103784,0.2689150602200777,0.4250590717366096,0.14338769753293418
0.25141656925189404,0.13717570602935852,0.46216738162601917,0.14924034309272818
0.0800982869130699,0.5919115873546563,0.2773336156404821,0.05065651009179174
0.36652323955126376,0.49929074822592456,0.03704868383978688,0.09713732838302501
0.14277197205355122,0.7511729311820973,0.09464415174461889,0.01141094501973277
0.7460035952403089,0.07349038462094142,0.061668700116540215,0.11883732002220962
0.023458302605124784,0.19436833305664597,0.33605241453975276,0.4461209497984765
0.6275617981479613,0.25917813496380115,0.012668123529391022,0.1005919433588465
0.37449207548947944,0.1921686594786021,0.22651248025830523,0.20682678477361321
0.649638764609294,0.1478989538085528,0.06506559475919682,0.13739668682295614
0.3694654773477209,0.4889438661513529,0.06963357754971713,0.07195707895120923
0.21788454612387367,0.13419747036669144,0.4674308021769921,0.18048718133244265
0.5034302549322348,0.1647331682057963,0.26756612821239895,0.06427044864956981
0.4918239165507814,0.20768320463065612,0.16278902609161286,0.13770385272694954
0.39710239567012356,0.1460288066221428,0.008791624898871008,0.4480771728088626
0.09175778455173435,0.6662634639762572,0.05741351553671738,0.18456523593529103
0.08893479936836707,0.510936282473297,0.13479009766691047,0.26533882049142543
0.24440156706006372,0.33415823952346513,0.12601062404756913,0.29542956936890213
0.005140783492302489,0.6419746321267992,0.12591580250648055,0.2269687818744177
0.6755310514922344,0.02301108213907873,0.042795320765960904,0.25866254560272606
0.029063018874461898,0.19038828558646137,0.35529848184062823,0.4252502136984485
0.6050007359645492,0.1524291391508054,0.1551821017337639,0.08738802315088154
0.20779930866153434,0.16891617166524797,0.42868782781787096,0.19459669185534678
0.19272688875802924,0.6083154792525213,0.05040829619103943,0.14854933579840998
0.25332531478113346,0.15877857986459473,0.47980727130989953,0.1080888340443723
0.13366290262099362,0.24152934893522263,0.4672262763932083,0.1575814720505755
0.3315148034002675,0.05241563163665107,0.25377869052933805,0.3622908744337434
0.14307047313806617,0.5122386667930043,0.06299844561288072,0.2816924144560487
0.5034305229052731,0.26135659325329097,0.23243461291116724,0.0027782709302686583
0.2516857541339498,0.4715030952653948,0.21912014414963688,0.05769100645101855
0.4261340075304539,0.050932306973734603,0.42885135508818095,0.09408233040763056
0.3886411303438748,0.5634285974803213,0.01282028752926288,0.03510998464654108
0.11127349141180941,0.27762584366149884,0.4682966888913591,0.1428039760353326
0.6656360300301757,0.03732690197360006,0.03851094257388395,0.25852612542234027
0.07775396207618168,0.31067604685062267,0.3384647537117661,0.2731052373614296
0.4330976256730019,0.07464220424614836,0.41596054141179756,0.07629962866905196
0.14394409834575833,0.2512472052057369,0.2571506368992984,0.3476580595492062
0.4849317039033653,0.14141413946096112,0.09066840029768007,0.2829857563379935
0.1698099428530737,0.22935209875001264,0.10864332849093342,0.49219462990598023
0.16408936291426102,0.10418870319982139,0.7084652057217558,0.023256728164161987
0.10254641556231271,0.41112991791230835,0.34539863580761154,0.14092503071776732
0.2505031410474665,0.04571195219924915,0.2571720416297263,0.4466128651235582
0.020091311266458918,0.3192165762451285,0.11200666599475341,0.5486854464936591
0.02107430178863368,0.24073115543711934,0.27062653450147045,0.46756800827277656
0.00908400888475118,0.8380002239665438,0.08238821456995307,0.07052755257875198
0.7419550263809411,0.011106771914490093,0.10250966695092181,0.14442853475364684
0.18704298893331636,0.06699979953467122,0.34988042504551814,0.3960767864864944
0.0923478515699749,0.4512822789687009,0.44908958738998145,0.0072802820713429245
0.1590191984843283,0.3858611284131121,0.19488458592815455,0.26023508717440513
0.5058221382610915,0.27642922716476176,0.20656490382441556,0.01118373074973127
0.05567154465697378,0.47962519377173024,0.3593814979741808,0.10532176359711513
0.09855276305979266,0.6407986533611006,0.09732326112967903,0.1633253224494278
0.4862422458999551,0.23353482411572815,0.006332086146618432,0.2738908438376984
0.0070709874553074245,0.2531664820777685,0.7203685290966427,0.01939400137028134
0.09631266548086985,0.05299983917914751,0.8059684096241202,0.04471908571586236
0.0711048741302834,0.47676945613835164,0.17126134447478703,0.2808643252565779
0.386113254774655,0.24849249599070278,0.04932742011916384,0.3160668291154784
0.2162255110248724,0.30802844359813225,0.36624653897463627,0.10949950640235925
0.13413517861499913,0.3279695895188222,0.00917397199681751,0.528721259869361
0.3402353999608405,0.30745739895045343,0.17160236390563652,0.1807048371830694
0.20187061828225186,0.006971627932085051,0.1785408125591274,0.6126169412265356
0.028289918617170097,0.5527041783974657,0.07406396498297431,0.3449419380023899
0.12666278598435105,0.018337154972086624,0.4942775966814364,0.36072246236212596
0.20550552467080704,0.3489728084621896,0.14631293154498745,0.2992087353220158
0.01828631312175798,0.32711458069911703,0.607815667732818,0.04678343844630681
0.3734412861670026,0.036036802338742194,0.42958669896106305,0.16093521253319212
0.11996590520045919,0.0009161057158805374,0.2640425660595793,0.6150754230240811
0.44459148769810436,0.07320386951731322,0.2795447869077539,0.20265985587682864
0.4520988424304993,0.15402983928285188,0.3577352023719774,0.03613611591467147
0.6521117160168066,0.07703832789170485,0.23569143004467316,0.035158526046815186
0.025739733398400282,0.2909165930025436,0.6239128458410103,0.05943082775804586
0.02569275905271318,0.8566530798901667,0.01372382361640288,0.1039303374407173
0.13318698919537683,0.7536186586346681,0.0050359334264484905,0.1081584187435065
0.07188235132197741,0.3022475195485066,0.32674708032314803,0.299123048806368
0.1131544852460473,0.10621342066592558,0.4884947880327934,0.29213730605523386
0.10422193194988971,0.038122514083681454,0.5772252045553229,0.280430349411106
0.5357700854904998,0.1787579563512745,0.13718498546719834,0.14828697269102742
0.04364558190424914,0.05253943470819237,0.4827746542131026,0.4210403291744559
0.7575670010396066,0.18772911739199377,0.04030689733039799,0.014396984238001625
0.6331985423997025,0.2463561013000118,0.021366165740907227,0.09907919055937842
0.3660605284040801,0.33889080093525437,0.18847894275637916,0.10656972790428632
0.36128020257936067,0.16296457110863813,0.015842518687732843,0.4599127076242684
0.08533981204020842,0.32871423126684296,0.49304499479520064,0.09290096189774802
0.052248718924332894,0.16676223665974182,0.4723591494648974,0.30862989495102794
0.09314202868423224,0.5294013593836674,0.3522022872135913,0.02525432471850899
0.448993055655126,0.3447157789085003,0.0023908762046570514,0.20390028923171652
0.27990859785697836,0.0033127851499992656,0.30782387403249994,0.4089547429605224
0.4561555783823353,0.23983217346550786,0.28529443551942346,0.01871781263273343
0.08203861423485262,0.4385949063019026,0.14652677797479854,0.3328397014884461
0.019505927391444522,0.6796639014753622,0.12849886771492688,0.17233130341826647
0.5735805109886207,0.07648989248634246,0.03991754159386853,0.3100120549311682
0.1384556061089578,0.16696613572618457,0.5793004848977563,0.11527777326710129
0.44276673244893083,0.26817715166406125,0.2710834676774179,0.01797264820959001
0.22549628538330094,0.3857606183327585,0.35238690869297545,0.036356187590965094
0.08076262950688869,0.43515017260546895,0.3192690892062499,0.1648181086813926
0.15057875821316294,0.5105533143801723,0.07487295476416801,0.26399497264249666
0.07317310450154718,0.22914405253861864,0.6108079547010908,0.08687488825874358
