iso3,indicator_code,indicator,year,value,source_url
AFG,IT.NET.USER.ZS,internet_users_percent,2024,16.09499931,https://api.worldbank.org/v2/country/all/indicator/IT.NET.USER.ZS?format=json&per_page=20000&date=2020%3A2024
AFG,IT.NET.USER.ZS,internet_users_percent,2023,15.92840004,https://api.worldbank.org/v2/country/all/indicator/IT.NET.USER.ZS?format=json&per_page=20000&date=2020%3A2024
AFG,IT.NET.USER.ZS,internet_users_percent,2022,15.86629963,https://api.worldbank.org/v2/country/all/indicator/IT.NET.USER.ZS?format=json&per_page=20000&date=2020%3A2024
AFG,IT.NET.USER.ZS,internet_users_percent,2021,16.51429939,https://api.worldbank.org/v2/country/all/indicator/IT.NET.USER.ZS?format=json&per_page=20000&date=2020%3A2024
AFG,IT.NET.USER.ZS,internet_users_percent,2020,17.04850006,https://api.worldbank.org/v2/country/all/indicator/IT.NET.USER.ZS?format=json&per_page=20000&date=2020%3A2024
ALB,IT.NET.USER.ZS,internet_users_percent,2024,85.86389923,https://api.worldbank.org/v2/country/all/indicator/IT.NET.USER.ZS?format=json&per_page=20000&date=2020%3A2024
ALB,IT.NET.USER.ZS,internet_users_percent,2023,83.13559161,https://api.worldbank.org/v2/country/all/indicator/IT.NET.USER.ZS?format=json&per_page=20000&date=2020%3A2024
ALB,IT.NET.USER.ZS,internet_users_percent,2022,82.61367544,https://api.worldbank.org/v2/country/all/indicator/IT.NET.USER.ZS?format=json&per_page=20000&date=2020%3A2024
ALB,IT.NET.USER.ZS,internet_users_percent,2021,79.32371752,https://api.worldbank.org/v2/country/all/indicator/IT.NET.USER.ZS?format=json&per_page=20000&date=2020%3A2024
ALB,IT.NET.USER.ZS,internet_users_percent,2020,72.23767711,https://api.worldbank.org/v2/country/all/indicator/IT.NET.USER.ZS?format=json&per_page=20000&date=2020%3A2024
DZA,IT.NET.USER.ZS,internet_users_percent,2024,77.4178009,https://api.worldbank.org/v2/country/all/indicator/IT.NET.USER.ZS?format=json&per_page=20000&date=2020%3A2024
DZA,IT.NET.USER.ZS,internet_users_percent,2023,76.19760132,https://api.worldbank.org/v2/country/all/indicator/IT.NET.USER.ZS?format=json&per_page=20000&date=2020%3A2024
DZA,IT.NET.USER.ZS,internet_users_percent,2022,74.78150177,https://api.worldbank.org/v2/country/all/indicator/IT.NET.USER.ZS?format=json&per_page=20000&date=2020%3A2024
DZA,IT.NET.USER.ZS,internet_users_percent,2021,72.21240234,https://api.worldbank.org/v2/country/all/indicator/IT.NET.USER.ZS?format=json&per_page=20000&date=2020%3A2024
DZA,IT.NET.USER.ZS,internet_users_percent,2020,63.47269821,https://api.worldbank.org/v2/country/all/indicator/IT.NET.USER.ZS?format=json&per_page=20000&date=2020%3A2024
ASM,IT.NET.USER.ZS,internet_users_percent,2024,,https://api.worldbank.org/v2/country/all/indicator/IT.NET.USER.ZS?format=json&per_page=20000&date=2020%3A2024
ASM,IT.NET.USER.ZS,internet_users_percent,2023,,https://api.worldbank.org/v2/country/all/indicator/IT.NET.USER.ZS?format=json&per_page=20000&date=2020%3A2024
ASM,IT.NET.USER.ZS,internet_users_percent,2022,,https://api.worldbank.org/v2/country/all/indicator/IT.NET.USER.ZS?format=json&per_page=20000&date=2020%3A2024
ASM,IT.NET.USER.ZS,internet_users_percent,2021,,https://api.worldbank.org/v2/country/all/indicator/IT.NET.USER.ZS?format=json&per_page=20000&date=2020%3A2024
ASM,IT.NET.USER.ZS,internet_users_percent,2020,,https://api.worldbank.org/v2/country/all/indicator/IT.NET.USER.ZS?format=json&per_page=20000&date=2020%3A2024
AND,IT.NET.USER.ZS,internet_users_percent,2024,94.39759827,https://api.worldbank.org/v2/country/all/indicator/IT.NET.USER.ZS?format=json&per_page=20000&date=2020%3A2024
AND,IT.NET.USER.ZS,internet_users_percent,2023,94.21499634,https://api.worldbank.org/v2/country/all/indicator/IT.NET.USER.ZS?format=json&per_page=20000&date=2020%3A2024
AND,IT.NET.USER.ZS,internet_users_percent,2022,94.05169678,https://api.worldbank.org/v2/country/all/indicator/IT.NET.USER.ZS?format=json&per_page=20000&date=2020%3A2024
AND,IT.NET.USER.ZS,internet_users_percent,2021,93.89749908,https://api.worldbank.org/v2/country/all/indicator/IT.NET.USER.ZS?format=json&per_page=20000&date=2020%3A2024
AND,IT.NET.USER.ZS,internet_users_percent,2020,93.20570374,https://api.worldbank.org/v2/country/all/indicator/IT.NET.USER.ZS?format=json&per_page=20000&date=2020%3A2024
AGO,IT.NET.USER.ZS,internet_users_percent,2024,40.70479965,https://api.worldbank.org/v2/country/all/indicator/IT.NET.USER.ZS?format=json&per_page=20000&date=2020%3A2024
AGO,IT.NET.USER.ZS,internet_users_percent,2023,37.88589859,https://api.worldbank.org/v2/country/all/indicator/IT.NET.USER.ZS?format=json&per_page=20000&date=2020%3A2024
AGO,IT.NET.USER.ZS,internet_users_percent,2022,35.83800125,https://api.worldbank.org/v2/country/all/indicator/IT.NET.USER.ZS?format=json&per_page=20000&date=2020%3A2024
AGO,IT.NET.USER.ZS,internet_users_percent,2021,34.55649948,https://api.worldbank.org/v2/country/all/indicator/IT.NET.USER.ZS?format=json&per_page=20000&date=2020%3A2024
AGO,IT.NET.USER.ZS,internet_users_percent,2020,33.32089996,https://api.worldbank.org/v2/country/all/indicator/IT.NET.USER.ZS?format=json&per_page=20000&date=2020%3A2024
ATG,IT.NET.USER.ZS,internet_users_percent,2024,72.73040009,https://api.worldbank.org/v2/country/all/indicator/IT.NET.USER.ZS?format=json&per_page=20000&date=2020%3A2024
ATG,IT.NET.USER.ZS,internet_users_percent,2023,72.12409973,https://api.worldbank.org/v2/country/all/indicator/IT.NET.USER.ZS?format=json&per_page=20000&date=2020%3A2024
ATG,IT.NET.USER.ZS,internet_users_percent,2022,71.9233017,https://api.worldbank.org/v2/country/all/indicator/IT.NET.USER.ZS?format=json&per_page=20000&date=2020%3A2024
ATG,IT.NET.USER.ZS,internet_users_percent,2021,71.64530182,https://api.worldbank.org/v2/country/all/indicator/IT.NET.USER.ZS?format=json&per_page=20000&date=2020%3A2024
ATG,IT.NET.USER.ZS,internet_users_percent,2020,71.36840057,https://api.worldbank.org/v2/country/all/indicator/IT.NET.USER.ZS?format=json&per_page=20000&date=2020%3A2024
ARG,IT.NET.USER.ZS,internet_users_percent,2024,89.66715228,https://api.worldbank.org/v2/country/all/indicator/IT.NET.USER.ZS?format=json&per_page=20000&date=2020%3A2024
ARG,IT.NET.USER.ZS,internet_users_percent,2023,89.22897166,https://api.worldbank.org/v2/country/all/indicator/IT.NET.USER.ZS?format=json&per_page=20000&date=2020%3A2024
ARG,IT.NET.USER.ZS,internet_users_percent,2022,88.37535691,https://api.worldbank.org/v2/country/all/indicator/IT.NET.USER.ZS?format=json&per_page=20000&date=2020%3A2024
ARG,IT.NET.USER.ZS,internet_users_percent,2021,87.15070683,https://api.worldbank.org/v2/country/all/indicator/IT.NET.USER.ZS?format=json&per_page=20000&date=2020%3A2024
ARG,IT.NET.USER.ZS,internet_users_percent,2020,85.51438646,https://api.worldbank.org/v2/country/all/indicator/IT.NET.USER.ZS?format=json&per_page=20000&date=2020%3A2024
ARM,IT.NET.USER.ZS,internet_users_percent,2024,81.33930206,https://api.worldbank.org/v2/country/all/indicator/IT.NET.USER.ZS?format=json&per_page=20000&date=2020%3A2024
ARM,IT.NET.USER.ZS,internet_users_percent,2023,79.99663036,https://api.worldbank.org/v2/country/all/indicator/IT.NET.USER.ZS?format=json&per_page=20000&date=2020%3A2024
ARM,IT.NET.USER.ZS,internet_users_percent,2022,77.02767465,https://api.worldbank.org/v2/country/all/indicator/IT.NET.USER.ZS?format=json&per_page=20000&date=2020%3A2024
ARM,IT.NET.USER.ZS,internet_users_percent,2021,78.61225758,https://api.worldbank.org/v2/country/all/indicator/IT.NET.USER.ZS?format=json&per_page=20000&date=2020%3A2024
ARM,IT.NET.USER.ZS,internet_users_percent,2020,76.50770055,https://api.worldbank.org/v2/country/all/indicator/IT.NET.USER.ZS?format=json&per_page=20000&date=2020%3A2024
ABW,IT.NET.USER.ZS,internet_users_percent,2024,,https://api.worldbank.org/v2/country/all/indicator/IT.NET.USER.ZS?format=json&per_page=20000&date=2020%3A2024
ABW,IT.NET.USER.ZS,internet_users_percent,2023,,https://api.worldbank.org/v2/country/all/indicator/IT.NET.USER.ZS?format=json&per_page=20000&date=2020%3A2024
ABW,IT.NET.USER.ZS,internet_users_percent,2022,,https://api.worldbank.org/v2/country/all/indicator/IT.NET.USER.ZS?format=json&per_page=20000&date=2020%3A2024
ABW,IT.NET.USER.ZS,internet_users_percent,2021,,https://api.worldbank.org/v2/country/all/indicator/IT.NET.USER.ZS?format=json&per_page=20000&date=2020%3A2024
ABW,IT.NET.USER.ZS,internet_users_percent,2020,,https://api.worldbank.org/v2/country/all/indicator/IT.NET.USER.ZS?format=json&per_page=20000&date=2020%3A2024
AUS,IT.NET.USER.ZS,internet_users_percent,2024,96.13140106,https://api.worldbank.org/v2/country/all/indicator/IT.NET.USER.ZS?format=json&per_page=20000&date=2020%3A2024
AUS,IT.NET.USER.ZS,internet_users_percent,2023,96.1160965,https://api.worldbank.org/v2/country/all/indicator/IT.NET.USER.ZS?format=json&per_page=20000&date=2020%3A2024
AUS,IT.NET.USER.ZS,internet_users_percent,2022,96.11940002,https://api.worldbank.org/v2/country/all/indicator/IT.NET.USER.ZS?format=json&per_page=20000&date=2020%3A2024
AUS,IT.NET.USER.ZS,internet_users_percent,2021,96.97219849,https://api.worldbank.org/v2/country/all/indicator/IT.NET.USER.ZS?format=json&per_page=20000&date=2020%3A2024
AUS,IT.NET.USER.ZS,internet_users_percent,2020,94.6934967,https://api.worldbank.org/v2/country/all/indicator/IT.NET.USER.ZS?format=json&per_page=20000&date=2020%3A2024
AUT,IT.NET.USER.ZS,internet_users_percent,2024,94.91974877,https://api.worldbank.org/v2/country/all/indicator/IT.NET.USER.ZS?format=json&per_page=20000&date=2020%3A2024
AUT,IT.NET.USER.ZS,internet_users_percent,2023,95.33467117,https://api.worldbank.org/v2/country/all/indicator/IT.NET.USER.ZS?format=json&per_page=20000&date=2020%3A2024
AUT,IT.NET.USER.ZS,internet_users_percent,2022,93.61409139,https://api.worldbank.org/v2/country/all/indicator/IT.NET.USER.ZS?format=json&per_page=20000&date=2020%3A2024
AUT,IT.NET.USER.ZS,internet_users_percent,2021,92.52915104,https://api.worldbank.org/v2/country/all/indicator/IT.NET.USER.ZS?format=json&per_page=20000&date=2020%3A2024
AUT,IT.NET.USER.ZS,internet_users_percent,2020,87.52942813,https://api.worldbank.org/v2/country/all/indicator/IT.NET.USER.ZS?format=json&per_page=20000&date=2020%3A2024
AZE,IT.NET.USER.ZS,internet_users_percent,2024,90.43979645,https://api.worldbank.org/v2/country/all/indicator/IT.NET.USER.ZS?format=json&per_page=20000&date=2020%3A2024
AZE,IT.NET.USER.ZS,internet_users_percent,2023,89.0,https://api.worldbank.org/v2/country/all/indicator/IT.NET.USER.ZS?format=json&per_page=20000&date=2020%3A2024
AZE,IT.NET.USER.ZS,internet_users_percent,2022,88.0,https://api.worldbank.org/v2/country/all/indicator/IT.NET.USER.ZS?format=json&per_page=20000&date=2020%3A2024
AZE,IT.NET.USER.ZS,internet_users_percent,2021,85.99998954,https://api.worldbank.org/v2/country/all/indicator/IT.NET.USER.ZS?format=json&per_page=20000&date=2020%3A2024
AZE,IT.NET.USER.ZS,internet_users_percent,2020,84.59999573,https://api.worldbank.org/v2/country/all/indicator/IT.NET.USER.ZS?format=json&per_page=20000&date=2020%3A2024
BHS,IT.NET.USER.ZS,internet_users_percent,2024,92.47270203,https://api.worldbank.org/v2/country/all/indicator/IT.NET.USER.ZS?format=json&per_page=20000&date=2020%3A2024
BHS,IT.NET.USER.ZS,internet_users_percent,2023,92.38729858,https://api.worldbank.org/v2/country/all/indicator/IT.NET.USER.ZS?format=json&per_page=20000&date=2020%3A2024
BHS,IT.NET.USER.ZS,internet_users_percent,2022,92.2559967,https://api.worldbank.org/v2/country/all/indicator/IT.NET.USER.ZS?format=json&per_page=20000&date=2020%3A2024
BHS,IT.NET.USER.ZS,internet_users_percent,2021,92.34980011,https://api.worldbank.org/v2/country/all/indicator/IT.NET.USER.ZS?format=json&per_page=20000&date=2020%3A2024
BHS,IT.NET.USER.ZS,internet_users_percent,2020,92.4437027,https://api.worldbank.org/v2/country/all/indicator/IT.NET.USER.ZS?format=json&per_page=20000&date=2020%3A2024
BHR,IT.NET.USER.ZS,internet_users_percent,2024,100.0,https://api.worldbank.org/v2/country/all/indicator/IT.NET.USER.ZS?format=json&per_page=20000&date=2020%3A2024
BHR,IT.NET.USER.ZS,internet_users_percent,2023,100.0,https://api.worldbank.org/v2/country/all/indicator/IT.NET.USER.ZS?format=json&per_page=20000&date=2020%3A2024
BHR,IT.NET.USER.ZS,internet_users_percent,2022,100.0,https://api.worldbank.org/v2/country/all/indicator/IT.NET.USER.ZS?format=json&per_page=20000&date=2020%3A2024
BHR,IT.NET.USER.ZS,internet_users_percent,2021,100.0,https://api.worldbank.org/v2/country/all/indicator/IT.NET.USER.ZS?format=json&per_page=20000&date=2020%3A2024
BHR,IT.NET.USER.ZS,internet_users_percent,2020,99.67103159,https://api.worldbank.org/v2/country/all/indicator/IT.NET.USER.ZS?format=json&per_page=20000&date=2020%3A2024
BGD,IT.NET.USER.ZS,internet_users_percent,2024,53.42171316,https://api.worldbank.org/v2/country/all/indicator/IT.NET.USER.ZS?format=json&per_page=20000&date=2020%3A2024
BGD,IT.NET.USER.ZS,internet_users_percent,2023,44.50274195,https://api.worldbank.org/v2/country/all/indicator/IT.NET.USER.ZS?format=json&per_page=20000&date=2020%3A2024
BGD,IT.NET.USER.ZS,internet_users_percent,2022,41.61650085,https://api.worldbank.org/v2/country/all/indicator/IT.NET.USER.ZS?format=json&per_page=20000&date=2020%3A2024
BGD,IT.NET.USER.ZS,internet_users_percent,2021,38.91744466,https://api.worldbank.org/v2/country/all/indicator/IT.NET.USER.ZS?format=json&per_page=20000&date=2020%3A2024
BGD,IT.NET.USER.ZS,internet_users_percent,2020,36.10910034,https://api.worldbank.org/v2/country/all/indicator/IT.NET.USER.ZS?format=json&per_page=20000&date=2020%3A2024
BRB,IT.NET.USER.ZS,internet_users_percent,2024,70.36470032,https://api.worldbank.org/v2/country/all/indicator/IT.NET.USER.ZS?format=json&per_page=20000&date=2020%3A2024
BRB,IT.NET.USER.ZS,internet_users_percent,2023,69.67510223,https://api.worldbank.org/v2/country/all/indicator/IT.NET.USER.ZS?format=json&per_page=20000&date=2020%3A2024
BRB,IT.NET.USER.ZS,internet_users_percent,2022,69.06359863,https://api.worldbank.org/v2/country/all/indicator/IT.NET.USER.ZS?format=json&per_page=20000&date=2020%3A2024
BRB,IT.NET.USER.ZS,internet_users_percent,2021,69.4756012,https://api.worldbank.org/v2/country/all/indicator/IT.NET.USER.ZS?format=json&per_page=20000&date=2020%3A2024
BRB,IT.NET.USER.ZS,internet_users_percent,2020,69.89009857,https://api.worldbank.org/v2/country/all/indicator/IT.NET.USER.ZS?format=json&per_page=20000&date=2020%3A2024
BLR,IT.NET.USER.ZS,internet_users_percent,2024,94.26182128,https://api.worldbank.org/v2/country/all/indicator/IT.NET.USER.ZS?format=json&per_page=20000&date=2020%3A2024
BLR,IT.NET.USER.ZS,internet_users_percent,2023,91.51249979,https://api.worldbank.org/v2/country/all/indicator/IT.NET.USER.ZS?format=json&per_page=20000&date=2020%3A2024
BLR,IT.NET.USER.ZS,internet_users_percent,2022,89.50733148,https://api.worldbank.org/v2/country/all/indicator/IT.NET.USER.ZS?format=json&per_page=20000&date=2020%3A2024
BLR,IT.NET.USER.ZS,internet_users_percent,2021,86.88841196,https://api.worldbank.org/v2/country/all/indicator/IT.NET.USER.ZS?format=json&per_page=20000&date=2020%3A2024
BLR,IT.NET.USER.ZS,internet_users_percent,2020,85.08791245,https://api.worldbank.org/v2/country/all/indicator/IT.NET.USER.ZS?format=json&per_page=20000&date=2020%3A2024
BEL,IT.NET.USER.ZS,internet_users_percent,2024,95.77579144,https://api.worldbank.org/v2/country/all/indicator/IT.NET.USER.ZS?format=json&per_page=20000&date=2020%3A2024
BEL,IT.NET.USER.ZS,internet_users_percent,2023,94.62625074,https://api.worldbank.org/v2/country/all/indicator/IT.NET.USER.ZS?format=json&per_page=20000&date=2020%3A2024
BEL,IT.NET.USER.ZS,internet_users_percent,2022,94.00783071,https://api.worldbank.org/v2/country/all/indicator/IT.NET.USER.ZS?format=json&per_page=20000&date=2020%3A2024
BEL,IT.NET.USER.ZS,internet_users_percent,2021,92.78867618,https://api.worldbank.org/v2/country/all/indicator/IT.NET.USER.ZS?format=json&per_page=20000&date=2020%3A2024
BEL,IT.NET.USER.ZS,internet_users_percent,2020,91.52641629,https://api.worldbank.org/v2/country/all/indicator/IT.NET.USER.ZS?format=json&per_page=20000&date=2020%3A2024
BLZ,IT.NET.USER.ZS,internet_users_percent,2024,80.00582262,https://api.worldbank.org/v2/country/all/indicator/IT.NET.USER.ZS?format=json&per_page=20000&date=2020%3A2024
BLZ,IT.NET.USER.ZS,internet_users_percent,2023,70.18720245,https://api.worldbank.org/v2/country/all/indicator/IT.NET.USER.ZS?format=json&per_page=20000&date=2020%3A2024
BLZ,IT.NET.USER.ZS,internet_users_percent,2022,69.98329926,https://api.worldbank.org/v2/country/all/indicator/IT.NET.USER.ZS?format=json&per_page=20000&date=2020%3A2024
BLZ,IT.NET.USER.ZS,internet_users_percent,2021,70.65370178,https://api.worldbank.org/v2/country/all/indicator/IT.NET.USER.ZS?format=json&per_page=20000&date=2020%3A2024
BLZ,IT.NET.USER.ZS,internet_users_percent,2020,64.43589783,https://api.worldbank.org/v2/country/all/indicator/IT.NET.USER.ZS?format=json&per_page=20000&date=2020%3A2024
BEN,IT.NET.USER.ZS,internet_users_percent,2024,33.98379898,https://api.worldbank.org/v2/country/all/indicator/IT.NET.USER.ZS?format=json&per_page=20000&date=2020%3A2024
BEN,IT.NET.USER.ZS,internet_users_percent,2023,32.39400101,https://api.worldbank.org/v2/country/all/indicator/IT.NET.USER.ZS?format=json&per_page=20000&date=2020%3A2024
BEN,IT.NET.USER.ZS,internet_users_percent,2022,30.53730011,https://api.worldbank.org/v2/country/all/indicator/IT.NET.USER.ZS?format=json&per_page=20000&date=2020%3A2024
BEN,IT.NET.USER.ZS,internet_users_percent,2021,28.20470047,https://api.worldbank.org/v2/country/all/indicator/IT.NET.USER.ZS?format=json&per_page=20000&date=2020%3A2024
BEN,IT.NET.USER.ZS,internet_users_percent,2020,22.12059975,https://api.worldbank.org/v2/country/all/indicator/IT.NET.USER.ZS?format=json&per_page=20000&date=2020%3A2024
BMU,IT.NET.USER.ZS,internet_users_percent,2024,,https://api.worldbank.org/v2/country/all/indicator/IT.NET.USER.ZS?format=json&per_page=20000&date=2020%3A2024
BMU,IT.NET.USER.ZS,internet_users_percent,2023,,https://api.worldbank.org/v2/country/all/indicator/IT.NET.USER.ZS?format=json&per_page=20000&date=2020%3A2024
BMU,IT.NET.USER.ZS,internet_users_percent,2022,,https://api.worldbank.org/v2/country/all/indicator/IT.NET.USER.ZS?format=json&per_page=20000&date=2020%3A2024
BMU,IT.NET.USER.ZS,internet_users_percent,2021,,https://api.worldbank.org/v2/country/all/indicator/IT.NET.USER.ZS?format=json&per_page=20000&date=2020%3A2024
BMU,IT.NET.USER.ZS,internet_users_percent,2020,,https://api.worldbank.org/v2/country/all/indicator/IT.NET.USER.ZS?format=json&per_page=20000&date=2020%3A2024
BTN,IT.NET.USER.ZS,internet_users_percent,2024,91.27739716,https://api.worldbank.org/v2/country/all/indicator/IT.NET.USER.ZS?format=json&per_page=20000&date=2020%3A2024
BTN,IT.NET.USER.ZS,internet_users_percent,2023,90.02140045,https://api.worldbank.org/v2/country/all/indicator/IT.NET.USER.ZS?format=json&per_page=20000&date=2020%3A2024
BTN,IT.NET.USER.ZS,internet_users_percent,2022,88.35620117,https://api.worldbank.org/v2/country/all/indicator/IT.NET.USER.ZS?format=json&per_page=20000&date=2020%3A2024
BTN,IT.NET.USER.ZS,internet_users_percent,2021,85.63688389,https://api.worldbank.org/v2/country/all/indicator/IT.NET.USER.ZS?format=json&per_page=20000&date=2020%3A2024
BTN,IT.NET.USER.ZS,internet_users_percent,2020,76.85079956,https://api.worldbank.org/v2/country/all/indicator/IT.NET.USER.ZS?format=json&per_page=20000&date=2020%3A2024
BOL,IT.NET.USER.ZS,internet_users_percent,2024,79.70469666,https://api.worldbank.org/v2/country/all/indicator/IT.NET.USER.ZS?format=json&per_page=20000&date=2020%3A2024
BOL,IT.NET.USER.ZS,internet_users_percent,2023,77.30039978,https://api.worldbank.org/v2/country/all/indicator/IT.NET.USER.ZS?format=json&per_page=20000&date=2020%3A2024
BOL,IT.NET.USER.ZS,internet_users_percent,2022,72.62270355,https://api.worldbank.org/v2/country/all/indicator/IT.NET.USER.ZS?format=json&per_page=20000&date=2020%3A2024
BOL,IT.NET.USER.ZS,internet_users_percent,2021,65.9773785,https://api.worldbank.org/v2/country/all/indicator/IT.NET.USER.ZS?format=json&per_page=20000&date=2020%3A2024
BOL,IT.NET.USER.ZS,internet_users_percent,2020,59.94010155,https://api.worldbank.org/v2/country/all/indicator/IT.NET.USER.ZS?format=json&per_page=20000&date=2020%3A2024
BIH,IT.NET.USER.ZS,internet_users_percent,2024,86.10091103,https://api.worldbank.org/v2/country/all/indicator/IT.NET.USER.ZS?format=json&per_page=20000&date=2020%3A2024
BIH,IT.NET.USER.ZS,internet_users_percent,2023,83.3771539,https://api.worldbank.org/v2/country/all/indicator/IT.NET.USER.ZS?format=json&per_page=20000&date=2020%3A2024
BIH,IT.NET.USER.ZS,internet_users_percent,2022,78.8455371,https://api.worldbank.org/v2/country/all/indicator/IT.NET.USER.ZS?format=json&per_page=20000&date=2020%3A2024
BIH,IT.NET.USER.ZS,internet_users_percent,2021,75.67620138,https://api.worldbank.org/v2/country/all/indicator/IT.NET.USER.ZS?format=json&per_page=20000&date=2020%3A2024
BIH,IT.NET.USER.ZS,internet_users_percent,2020,73.21175294,https://api.worldbank.org/v2/country/all/indicator/IT.NET.USER.ZS?format=json&per_page=20000&date=2020%3A2024
BWA,IT.NET.USER.ZS,internet_users_percent,2024,57.45950036,https://api.worldbank.org/v2/country/all/indicator/IT.NET.USER.ZS?format=json&per_page=20000&date=2020%3A2024
BWA,IT.NET.USER.ZS,internet_users_percent,2023,,https://api.worldbank.org/v2/country/all/indicator/IT.NET.USER.ZS?format=json&per_page=20000&date=2020%3A2024
BWA,IT.NET.USER.ZS,internet_users_percent,2022,57.9,https://api.worldbank.org/v2/country/all/indicator/IT.NET.USER.ZS?format=json&per_page=20000&date=2020%3A2024
BWA,IT.NET.USER.ZS,internet_users_percent,2021,54.70069885,https://api.worldbank.org/v2/country/all/indicator/IT.NET.USER.ZS?format=json&per_page=20000&date=2020%3A2024
BWA,IT.NET.USER.ZS,internet_users_percent,2020,51.67819977,https://api.worldbank.org/v2/country/all/indicator/IT.NET.USER.ZS?format=json&per_page=20000&date=2020%3A2024
BRA,IT.NET.USER.ZS,internet_users_percent,2024,84.46347227,https://api.worldbank.org/v2/country/all/indicator/IT.NET.USER.ZS?format=json&per_page=20000&date=2020%3A2024
BRA,IT.NET.USER.ZS,internet_users_percent,2023,84.15060238,https://api.worldbank.org/v2/country/all/indicator/IT.NET.USER.ZS?format=json&per_page=20000&date=2020%3A2024
BRA,IT.NET.USER.ZS,internet_users_percent,2022,80.52775094,https://api.worldbank.org/v2/country/all/indicator/IT.NET.USER.ZS?format=json&per_page=20000&date=2020%3A2024
BRA,IT.NET.USER.ZS,internet_users_percent,2021,80.68989314,https://api.worldbank.org/v2/country/all/indicator/IT.NET.USER.ZS?format=json&per_page=20000&date=2020%3A2024
BRA,IT.NET.USER.ZS,internet_users_percent,2020,81.34269353,https://api.worldbank.org/v2/country/all/indicator/IT.NET.USER.ZS?format=json&per_page=20000&date=2020%3A2024
VGB,IT.NET.USER.ZS,internet_users_percent,2024,,https://api.worldbank.org/v2/country/all/indicator/IT.NET.USER.ZS?format=json&per_page=20000&date=2020%3A2024
VGB,IT.NET.USER.ZS,internet_users_percent,2023,,https://api.worldbank.org/v2/country/all/indicator/IT.NET.USER.ZS?format=json&per_page=20000&date=2020%3A2024
VGB,IT.NET.USER.ZS,internet_users_percent,2022,,https://api.worldbank.org/v2/country/all/indicator/IT.NET.USER.ZS?format=json&per_page=20000&date=2020%3A2024
VGB,IT.NET.USER.ZS,internet_users_percent,2021,,https://api.worldbank.org/v2/country/all/indicator/IT.NET.USER.ZS?format=json&per_page=20000&date=2020%3A2024
VGB,IT.NET.USER.ZS,internet_users_percent,2020,,https://api.worldbank.org/v2/country/all/indicator/IT.NET.USER.ZS?format=json&per_page=20000&date=2020%3A2024
BRN,IT.NET.USER.ZS,internet_users_percent,2024,96.29828801,https://api.worldbank.org/v2/country/all/indicator/IT.NET.USER.ZS?format=json&per_page=20000&date=2020%3A2024
BRN,IT.NET.USER.ZS,internet_users_percent,2023,98.97039795,https://api.worldbank.org/v2/country/all/indicator/IT.NET.USER.ZS?format=json&per_page=20000&date=2020%3A2024
BRN,IT.NET.USER.ZS,internet_users_percent,2022,98.97042579,https://api.worldbank.org/v2/country/all/indicator/IT.NET.USER.ZS?format=json&per_page=20000&date=2020%3A2024
BRN,IT.NET.USER.ZS,internet_users_percent,2021,97.62879944,https://api.worldbank.org/v2/country/all/indicator/IT.NET.USER.ZS?format=json&per_page=20000&date=2020%3A2024
BRN,IT.NET.USER.ZS,internet_users_percent,2020,96.30549622,https://api.worldbank.org/v2/country/all/indicator/IT.NET.USER.ZS?format=json&per_page=20000&date=2020%3A2024
BGR,IT.NET.USER.ZS,internet_users_percent,2024,82.438955,https://api.worldbank.org/v2/country/all/indicator/IT.NET.USER.ZS?format=json&per_page=20000&date=2020%3A2024
BGR,IT.NET.USER.ZS,internet_users_percent,2023,80.38956462,https://api.worldbank.org/v2/country/all/indicator/IT.NET.USER.ZS?format=json&per_page=20000&date=2020%3A2024
BGR,IT.NET.USER.ZS,internet_users_percent,2022,79.12686326,https://api.worldbank.org/v2/country/all/indicator/IT.NET.USER.ZS?format=json&per_page=20000&date=2020%3A2024
BGR,IT.NET.USER.ZS,internet_users_percent,2021,75.27144583,https://api.worldbank.org/v2/country/all/indicator/IT.NET.USER.ZS?format=json&per_page=20000&date=2020%3A2024
BGR,IT.NET.USER.ZS,internet_users_percent,2020,70.16248359,https://api.worldbank.org/v2/country/all/indicator/IT.NET.USER.ZS?format=json&per_page=20000&date=2020%3A2024
BFA,IT.NET.USER.ZS,internet_users_percent,2024,28.25270081,https://api.worldbank.org/v2/country/all/indicator/IT.NET.USER.ZS?format=json&per_page=20000&date=2020%3A2024
BFA,IT.NET.USER.ZS,internet_users_percent,2023,25.36120033,https://api.worldbank.org/v2/country/all/indicator/IT.NET.USER.ZS?format=json&per_page=20000&date=2020%3A2024
BFA,IT.NET.USER.ZS,internet_users_percent,2022,25.3987999,https://api.worldbank.org/v2/country/all/indicator/IT.NET.USER.ZS?format=json&per_page=20000&date=2020%3A2024
BFA,IT.NET.USER.ZS,internet_users_percent,2021,18.1522007,https://api.worldbank.org/v2/country/all/indicator/IT.NET.USER.ZS?format=json&per_page=20000&date=2020%3A2024
BFA,IT.NET.USER.ZS,internet_users_percent,2020,12.97319984,https://api.worldbank.org/v2/country/all/indicator/IT.NET.USER.ZS?format=json&per_page=20000&date=2020%3A2024
BDI,IT.NET.USER.ZS,internet_users_percent,2024,8.595999718,https://api.worldbank.org/v2/country/all/indicator/IT.NET.USER.ZS?format=json&per_page=20000&date=2020%3A2024
BDI,IT.NET.USER.ZS,internet_users_percent,2023,7.172299862,https://api.worldbank.org/v2/country/all/indicator/IT.NET.USER.ZS?format=json&per_page=20000&date=2020%3A2024
BDI,IT.NET.USER.ZS,internet_users_percent,2022,7.144800186,https://api.worldbank.org/v2/country/all/indicator/IT.NET.USER.ZS?format=json&per_page=20000&date=2020%3A2024
BDI,IT.NET.USER.ZS,internet_users_percent,2021,6.777999878,https://api.worldbank.org/v2/country/all/indicator/IT.NET.USER.ZS?format=json&per_page=20000&date=2020%3A2024
BDI,IT.NET.USER.ZS,internet_users_percent,2020,6.430099964,https://api.worldbank.org/v2/country/all/indicator/IT.NET.USER.ZS?format=json&per_page=20000&date=2020%3A2024
CPV,IT.NET.USER.ZS,internet_users_percent,2024,74.73519897,https://api.worldbank.org/v2/country/all/indicator/IT.NET.USER.ZS?format=json&per_page=20000&date=2020%3A2024
CPV,IT.NET.USER.ZS,internet_users_percent,2023,74.59919739,https://api.worldbank.org/v2/country/all/indicator/IT.NET.USER.ZS?format=json&per_page=20000&date=2020%3A2024
CPV,IT.NET.USER.ZS,internet_users_percent,2022,73.32740021,https://api.worldbank.org/v2/country/all/indicator/IT.NET.USER.ZS?format=json&per_page=20000&date=2020%3A2024
CPV,IT.NET.USER.ZS,internet_users_percent,2021,70.28250122,https://api.worldbank.org/v2/country/all/indicator/IT.NET.USER.ZS?format=json&per_page=20000&date=2020%3A2024
CPV,IT.NET.USER.ZS,internet_users_percent,2020,69.37339783,https://api.worldbank.org/v2/country/all/indicator/IT.NET.USER.ZS?format=json&per_page=20000&date=2020%3A2024
KHM,IT.NET.USER.ZS,internet_users_percent,2024,68.47530365,https://api.worldbank.org/v2/country/all/indicator/IT.NET.USER.ZS?format=json&per_page=20000&date=2020%3A2024
KHM,IT.NET.USER.ZS,internet_users_percent,2023,68.92549896,https://api.worldbank.org/v2/country/all/indicator/IT.NET.USER.ZS?format=json&per_page=20000&date=2020%3A2024
KHM,IT.NET.USER.ZS,internet_users_percent,2022,65.49079895,https://api.worldbank.org/v2/country/all/indicator/IT.NET.USER.ZS?format=json&per_page=20000&date=2020%3A2024
KHM,IT.NET.USER.ZS,internet_users_percent,2021,60.76269913,https://api.worldbank.org/v2/country/all/indicator/IT.NET.USER.ZS?format=json&per_page=20000&date=2020%3A2024
KHM,IT.NET.USER.ZS,internet_users_percent,2020,56.37590027,https://api.worldbank.org/v2/country/all/indicator/IT.NET.USER.ZS?format=json&per_page=20000&date=2020%3A2024
CMR,IT.NET.USER.ZS,internet_users_percent,2024,46.25880051,https://api.worldbank.org/v2/country/all/indicator/IT.NET.USER.ZS?format=json&per_page=20000&date=2020%3A2024
CMR,IT.NET.USER.ZS,internet_users_percent,2023,42.24380112,https://api.worldbank.org/v2/country/all/indicator/IT.NET.USER.ZS?format=json&per_page=20000&date=2020%3A2024
CMR,IT.NET.USER.ZS,internet_users_percent,2022,40.12559891,https://api.worldbank.org/v2/country/all/indicator/IT.NET.USER.ZS?format=json&per_page=20000&date=2020%3A2024
CMR,IT.NET.USER.ZS,internet_users_percent,2021,38.89260101,https://api.worldbank.org/v2/country/all/indicator/IT.NET.USER.ZS?format=json&per_page=20000&date=2020%3A2024
CMR,IT.NET.USER.ZS,internet_users_percent,2020,37.69749832,https://api.worldbank.org/v2/country/all/indicator/IT.NET.USER.ZS?format=json&per_page=20000&date=2020%3A2024
CAN,IT.NET.USER.ZS,internet_users_percent,2024,94.353302,https://api.worldbank.org/v2/country/all/indicator/IT.NET.USER.ZS?format=json&per_page=20000&date=2020%3A2024
CAN,IT.NET.USER.ZS,internet_users_percent,2023,94.14530182,https://api.worldbank.org/v2/country/all/indicator/IT.NET.USER.ZS?format=json&per_page=20000&date=2020%3A2024
CAN,IT.NET.USER.ZS,internet_users_percent,2022,94.0,https://api.worldbank.org/v2/country/all/indicator/IT.NET.USER.ZS?format=json&per_page=20000&date=2020%3A2024
CAN,IT.NET.USER.ZS,internet_users_percent,2021,93.93710327,https://api.worldbank.org/v2/country/all/indicator/IT.NET.USER.ZS?format=json&per_page=20000&date=2020%3A2024
CAN,IT.NET.USER.ZS,internet_users_percent,2020,92.3,https://api.worldbank.org/v2/country/all/indicator/IT.NET.USER.ZS?format=json&per_page=20000&date=2020%3A2024
CYM,IT.NET.USER.ZS,internet_users_percent,2024,,https://api.worldbank.org/v2/country/all/indicator/IT.NET.USER.ZS?format=json&per_page=20000&date=2020%3A2024
CYM,IT.NET.USER.ZS,internet_users_percent,2023,,https://api.worldbank.org/v2/country/all/indicator/IT.NET.USER.ZS?format=json&per_page=20000&date=2020%3A2024
CYM,IT.NET.USER.ZS,internet_users_percent,2022,,https://api.worldbank.org/v2/country/all/indicator/IT.NET.USER.ZS?format=json&per_page=20000&date=2020%3A2024
CYM,IT.NET.USER.ZS,internet_users_percent,2021,,https://api.worldbank.org/v2/country/all/indicator/IT.NET.USER.ZS?format=json&per_page=20000&date=2020%3A2024
CYM,IT.NET.USER.ZS,internet_users_percent,2020,,https://api.worldbank.org/v2/country/all/indicator/IT.NET.USER.ZS?format=json&per_page=20000&date=2020%3A2024
CAF,IT.NET.USER.ZS,internet_users_percent,2024,13.78250027,https://api.worldbank.org/v2/country/all/indicator/IT.NET.USER.ZS?format=json&per_page=20000&date=2020%3A2024
CAF,IT.NET.USER.ZS,internet_users_percent,2023,13.8416996,https://api.worldbank.org/v2/country/all/indicator/IT.NET.USER.ZS?format=json&per_page=20000&date=2020%3A2024
CAF,IT.NET.USER.ZS,internet_users_percent,2022,13.75360012,https://api.worldbank.org/v2/country/all/indicator/IT.NET.USER.ZS?format=json&per_page=20000&date=2020%3A2024
CAF,IT.NET.USER.ZS,internet_users_percent,2021,,https://api.worldbank.org/v2/country/all/indicator/IT.NET.USER.ZS?format=json&per_page=20000&date=2020%3A2024
CAF,IT.NET.USER.ZS,internet_users_percent,2020,,https://api.worldbank.org/v2/country/all/indicator/IT.NET.USER.ZS?format=json&per_page=20000&date=2020%3A2024
TCD,IT.NET.USER.ZS,internet_users_percent,2024,12.62689972,https://api.worldbank.org/v2/country/all/indicator/IT.NET.USER.ZS?format=json&per_page=20000&date=2020%3A2024
TCD,IT.NET.USER.ZS,internet_users_percent,2023,12.03590012,https://api.worldbank.org/v2/country/all/indicator/IT.NET.USER.ZS?format=json&per_page=20000&date=2020%3A2024
TCD,IT.NET.USER.ZS,internet_users_percent,2022,11.17029953,https://api.worldbank.org/v2/country/all/indicator/IT.NET.USER.ZS?format=json&per_page=20000&date=2020%3A2024
TCD,IT.NET.USER.ZS,internet_users_percent,2021,9.653699875,https://api.worldbank.org/v2/country/all/indicator/IT.NET.USER.ZS?format=json&per_page=20000&date=2020%3A2024
TCD,IT.NET.USER.ZS,internet_users_percent,2020,8.343099594,https://api.worldbank.org/v2/country/all/indicator/IT.NET.USER.ZS?format=json&per_page=20000&date=2020%3A2024
CHI,IT.NET.USER.ZS,internet_users_percent,2024,,https://api.worldbank.org/v2/country/all/indicator/IT.NET.USER.ZS?format=json&per_page=20000&date=2020%3A2024
CHI,IT.NET.USER.ZS,internet_users_percent,2023,,https://api.worldbank.org/v2/country/all/indicator/IT.NET.USER.ZS?format=json&per_page=20000&date=2020%3A2024
CHI,IT.NET.USER.ZS,internet_users_percent,2022,,https://api.worldbank.org/v2/country/all/indicator/IT.NET.USER.ZS?format=json&per_page=20000&date=2020%3A2024
CHI,IT.NET.USER.ZS,internet_users_percent,2021,,https://api.worldbank.org/v2/country/all/indicator/IT.NET.USER.ZS?format=json&per_page=20000&date=2020%3A2024
CHI,IT.NET.USER.ZS,internet_users_percent,2020,,https://api.worldbank.org/v2/country/all/indicator/IT.NET.USER.ZS?format=json&per_page=20000&date=2020%3A2024
CHL,IT.NET.USER.ZS,internet_users_percent,2024,95.590243,https://api.worldbank.org/v2/country/all/indicator/IT.NET.USER.ZS?format=json&per_page=20000&date=2020%3A2024
CHL,IT.NET.USER.ZS,internet_users_percent,2023,94.45742345,https://api.worldbank.org/v2/country/all/indicator/IT.NET.USER.ZS?format=json&per_page=20000&date=2020%3A2024
CHL,IT.NET.USER.ZS,internet_users_percent,2022,92.31819916,https://api.worldbank.org/v2/country/all/indicator/IT.NET.USER.ZS?format=json&per_page=20000&date=2020%3A2024
CHL,IT.NET.USER.ZS,internet_users_percent,2021,90.23280334,https://api.worldbank.org/v2/country/all/indicator/IT.NET.USER.ZS?format=json&per_page=20000&date=2020%3A2024
CHL,IT.NET.USER.ZS,internet_users_percent,2020,87.45929718,https://api.worldbank.org/v2/country/all/indicator/IT.NET.USER.ZS?format=json&per_page=20000&date=2020%3A2024
CHN,IT.NET.USER.ZS,internet_users_percent,2024,92.0,https://api.worldbank.org/v2/country/all/indicator/IT.NET.USER.ZS?format=json&per_page=20000&date=2020%3A2024
CHN,IT.NET.USER.ZS,internet_users_percent,2023,90.6,https://api.worldbank.org/v2/country/all/indicator/IT.NET.USER.ZS?format=json&per_page=20000&date=2020%3A2024
CHN,IT.NET.USER.ZS,internet_users_percent,2022,75.61131603,https://api.worldbank.org/v2/country/all/indicator/IT.NET.USER.ZS?format=json&per_page=20000&date=2020%3A2024
CHN,IT.NET.USER.ZS,internet_users_percent,2021,73.05323517,https://api.worldbank.org/v2/country/all/indicator/IT.NET.USER.ZS?format=json&per_page=20000&date=2020%3A2024
CHN,IT.NET.USER.ZS,internet_users_percent,2020,70.05275998,https://api.worldbank.org/v2/country/all/indicator/IT.NET.USER.ZS?format=json&per_page=20000&date=2020%3A2024
COL,IT.NET.USER.ZS,internet_users_percent,2024,79.34543299,https://api.worldbank.org/v2/country/all/indicator/IT.NET.USER.ZS?format=json&per_page=20000&date=2020%3A2024
COL,IT.NET.USER.ZS,internet_users_percent,2023,77.33686322,https://api.worldbank.org/v2/country/all/indicator/IT.NET.USER.ZS?format=json&per_page=20000&date=2020%3A2024
COL,IT.NET.USER.ZS,internet_users_percent,2022,72.79637855,https://api.worldbank.org/v2/country/all/indicator/IT.NET.USER.ZS?format=json&per_page=20000&date=2020%3A2024
COL,IT.NET.USER.ZS,internet_users_percent,2021,73.02837449,https://api.worldbank.org/v2/country/all/indicator/IT.NET.USER.ZS?format=json&per_page=20000&date=2020%3A2024
COL,IT.NET.USER.ZS,internet_users_percent,2020,69.79533474,https://api.worldbank.org/v2/country/all/indicator/IT.NET.USER.ZS?format=json&per_page=20000&date=2020%3A2024
COM,IT.NET.USER.ZS,internet_users_percent,2024,32.51750183,https://api.worldbank.org/v2/country/all/indicator/IT.NET.USER.ZS?format=json&per_page=20000&date=2020%3A2024
COM,IT.NET.USER.ZS,internet_users_percent,2023,31.92749977,https://api.worldbank.org/v2/country/all/indicator/IT.NET.USER.ZS?format=json&per_page=20000&date=2020%3A2024
COM,IT.NET.USER.ZS,internet_users_percent,2022,31.37409973,https://api.worldbank.org/v2/country/all/indicator/IT.NET.USER.ZS?format=json&per_page=20000&date=2020%3A2024
COM,IT.NET.USER.ZS,internet_users_percent,2021,30.68120003,https://api.worldbank.org/v2/country/all/indicator/IT.NET.USER.ZS?format=json&per_page=20000&date=2020%3A2024
COM,IT.NET.USER.ZS,internet_users_percent,2020,22.42040062,https://api.worldbank.org/v2/country/all/indicator/IT.NET.USER.ZS?format=json&per_page=20000&date=2020%3A2024
COD,IT.NET.USER.ZS,internet_users_percent,2024,19.67350006,https://api.worldbank.org/v2/country/all/indicator/IT.NET.USER.ZS?format=json&per_page=20000&date=2020%3A2024
COD,IT.NET.USER.ZS,internet_users_percent,2023,18.96789932,https://api.worldbank.org/v2/country/all/indicator/IT.NET.USER.ZS?format=json&per_page=20000&date=2020%3A2024
COD,IT.NET.USER.ZS,internet_users_percent,2022,17.99620056,https://api.worldbank.org/v2/country/all/indicator/IT.NET.USER.ZS?format=json&per_page=20000&date=2020%3A2024
COD,IT.NET.USER.ZS,internet_users_percent,2021,16.1595993,https://api.worldbank.org/v2/country/all/indicator/IT.NET.USER.ZS?format=json&per_page=20000&date=2020%3A2024
COD,IT.NET.USER.ZS,internet_users_percent,2020,14.51049995,https://api.worldbank.org/v2/country/all/indicator/IT.NET.USER.ZS?format=json&per_page=20000&date=2020%3A2024
COG,IT.NET.USER.ZS,internet_users_percent,2024,47.25159836,https://api.worldbank.org/v2/country/all/indicator/IT.NET.USER.ZS?format=json&per_page=20000&date=2020%3A2024
COG,IT.NET.USER.ZS,internet_users_percent,2023,43.15039825,https://api.worldbank.org/v2/country/all/indicator/IT.NET.USER.ZS?format=json&per_page=20000&date=2020%3A2024
COG,IT.NET.USER.ZS,internet_users_percent,2022,40.98669815,https://api.worldbank.org/v2/country/all/indicator/IT.NET.USER.ZS?format=json&per_page=20000&date=2020%3A2024
COG,IT.NET.USER.ZS,internet_users_percent,2021,30.02739906,https://api.worldbank.org/v2/country/all/indicator/IT.NET.USER.ZS?format=json&per_page=20000&date=2020%3A2024
COG,IT.NET.USER.ZS,internet_users_percent,2020,21.99850082,https://api.worldbank.org/v2/country/all/indicator/IT.NET.USER.ZS?format=json&per_page=20000&date=2020%3A2024
CRI,IT.NET.USER.ZS,internet_users_percent,2024,87.17019653,https://api.worldbank.org/v2/country/all/indicator/IT.NET.USER.ZS?format=json&per_page=20000&date=2020%3A2024
CRI,IT.NET.USER.ZS,internet_users_percent,2023,85.39514799,https://api.worldbank.org/v2/country/all/indicator/IT.NET.USER.ZS?format=json&per_page=20000&date=2020%3A2024
CRI,IT.NET.USER.ZS,internet_users_percent,2022,82.59801121,https://api.worldbank.org/v2/country/all/indicator/IT.NET.USER.ZS?format=json&per_page=20000&date=2020%3A2024
CRI,IT.NET.USER.ZS,internet_users_percent,2021,82.74901607,https://api.worldbank.org/v2/country/all/indicator/IT.NET.USER.ZS?format=json&per_page=20000&date=2020%3A2024
CRI,IT.NET.USER.ZS,internet_users_percent,2020,80.53018608,https://api.worldbank.org/v2/country/all/indicator/IT.NET.USER.ZS?format=json&per_page=20000&date=2020%3A2024
CIV,IT.NET.USER.ZS,internet_users_percent,2024,41.43219902,https://api.worldbank.org/v2/country/all/indicator/IT.NET.USER.ZS?format=json&per_page=20000&date=2020%3A2024
CIV,IT.NET.USER.ZS,internet_users_percent,2023,40.65284979,https://api.worldbank.org/v2/country/all/indicator/IT.NET.USER.ZS?format=json&per_page=20000&date=2020%3A2024
CIV,IT.NET.USER.ZS,internet_users_percent,2022,38.41328122,https://api.worldbank.org/v2/country/all/indicator/IT.NET.USER.ZS?format=json&per_page=20000&date=2020%3A2024
CIV,IT.NET.USER.ZS,internet_users_percent,2021,35.95069885,https://api.worldbank.org/v2/country/all/indicator/IT.NET.USER.ZS?format=json&per_page=20000&date=2020%3A2024
CIV,IT.NET.USER.ZS,internet_users_percent,2020,36.01660156,https://api.worldbank.org/v2/country/all/indicator/IT.NET.USER.ZS?format=json&per_page=20000&date=2020%3A2024
HRV,IT.NET.USER.ZS,internet_users_percent,2024,83.63240029,https://api.worldbank.org/v2/country/all/indicator/IT.NET.USER.ZS?format=json&per_page=20000&date=2020%3A2024
HRV,IT.NET.USER.ZS,internet_users_percent,2023,83.24117599,https://api.worldbank.org/v2/country/all/indicator/IT.NET.USER.ZS?format=json&per_page=20000&date=2020%3A2024
HRV,IT.NET.USER.ZS,internet_users_percent,2022,82.07155532,https://api.worldbank.org/v2/country/all/indicator/IT.NET.USER.ZS?format=json&per_page=20000&date=2020%3A2024
HRV,IT.NET.USER.ZS,internet_users_percent,2021,81.25396608,https://api.worldbank.org/v2/country/all/indicator/IT.NET.USER.ZS?format=json&per_page=20000&date=2020%3A2024
HRV,IT.NET.USER.ZS,internet_users_percent,2020,78.32090004,https://api.worldbank.org/v2/country/all/indicator/IT.NET.USER.ZS?format=json&per_page=20000&date=2020%3A2024
CUB,IT.NET.USER.ZS,internet_users_percent,2024,70.47699738,https://api.worldbank.org/v2/country/all/indicator/IT.NET.USER.ZS?format=json&per_page=20000&date=2020%3A2024
CUB,IT.NET.USER.ZS,internet_users_percent,2023,69.55580139,https://api.worldbank.org/v2/country/all/indicator/IT.NET.USER.ZS?format=json&per_page=20000&date=2020%3A2024
CUB,IT.NET.USER.ZS,internet_users_percent,2022,67.88410187,https://api.worldbank.org/v2/country/all/indicator/IT.NET.USER.ZS?format=json&per_page=20000&date=2020%3A2024
CUB,IT.NET.USER.ZS,internet_users_percent,2021,67.64354869,https://api.worldbank.org/v2/country/all/indicator/IT.NET.USER.ZS?format=json&per_page=20000&date=2020%3A2024
CUB,IT.NET.USER.ZS,internet_users_percent,2020,71.11907507,https://api.worldbank.org/v2/country/all/indicator/IT.NET.USER.ZS?format=json&per_page=20000&date=2020%3A2024
CUW,IT.NET.USER.ZS,internet_users_percent,2024,,https://api.worldbank.org/v2/country/all/indicator/IT.NET.USER.ZS?format=json&per_page=20000&date=2020%3A2024
CUW,IT.NET.USER.ZS,internet_users_percent,2023,,https://api.worldbank.org/v2/country/all/indicator/IT.NET.USER.ZS?format=json&per_page=20000&date=2020%3A2024
CUW,IT.NET.USER.ZS,internet_users_percent,2022,,https://api.worldbank.org/v2/country/all/indicator/IT.NET.USER.ZS?format=json&per_page=20000&date=2020%3A2024
CUW,IT.NET.USER.ZS,internet_users_percent,2021,,https://api.worldbank.org/v2/country/all/indicator/IT.NET.USER.ZS?format=json&per_page=20000&date=2020%3A2024
CUW,IT.NET.USER.ZS,internet_users_percent,2020,,https://api.worldbank.org/v2/country/all/indicator/IT.NET.USER.ZS?format=json&per_page=20000&date=2020%3A2024
CYP,IT.NET.USER.ZS,internet_users_percent,2024,89.60099246,https://api.worldbank.org/v2/country/all/indicator/IT.NET.USER.ZS?format=json&per_page=20000&date=2020%3A2024
CYP,IT.NET.USER.ZS,internet_users_percent,2023,91.22110357,https://api.worldbank.org/v2/country/all/indicator/IT.NET.USER.ZS?format=json&per_page=20000&date=2020%3A2024
CYP,IT.NET.USER.ZS,internet_users_percent,2022,89.60099194,https://api.worldbank.org/v2/country/all/indicator/IT.NET.USER.ZS?format=json&per_page=20000&date=2020%3A2024
CYP,IT.NET.USER.ZS,internet_users_percent,2021,90.75951564,https://api.worldbank.org/v2/country/all/indicator/IT.NET.USER.ZS?format=json&per_page=20000&date=2020%3A2024
CYP,IT.NET.USER.ZS,internet_users_percent,2020,90.80194644,https://api.worldbank.org/v2/country/all/indicator/IT.NET.USER.ZS?format=json&per_page=20000&date=2020%3A2024
CZE,IT.NET.USER.ZS,internet_users_percent,2024,87.68776014,https://api.worldbank.org/v2/country/all/indicator/IT.NET.USER.ZS?format=json&per_page=20000&date=2020%3A2024
CZE,IT.NET.USER.ZS,internet_users_percent,2023,85.99404818,https://api.worldbank.org/v2/country/all/indicator/IT.NET.USER.ZS?format=json&per_page=20000&date=2020%3A2024
CZE,IT.NET.USER.ZS,internet_users_percent,2022,84.54009378,https://api.worldbank.org/v2/country/all/indicator/IT.NET.USER.ZS?format=json&per_page=20000&date=2020%3A2024
CZE,IT.NET.USER.ZS,internet_users_percent,2021,82.67062427,https://api.worldbank.org/v2/country/all/indicator/IT.NET.USER.ZS?format=json&per_page=20000&date=2020%3A2024
CZE,IT.NET.USER.ZS,internet_users_percent,2020,81.33889705,https://api.worldbank.org/v2/country/all/indicator/IT.NET.USER.ZS?format=json&per_page=20000&date=2020%3A2024
DNK,IT.NET.USER.ZS,internet_users_percent,2024,99.76915157,https://api.worldbank.org/v2/country/all/indicator/IT.NET.USER.ZS?format=json&per_page=20000&date=2020%3A2024
DNK,IT.NET.USER.ZS,internet_users_percent,2023,98.77559197,https://api.worldbank.org/v2/country/all/indicator/IT.NET.USER.ZS?format=json&per_page=20000&date=2020%3A2024
DNK,IT.NET.USER.ZS,internet_users_percent,2022,97.86011812,https://api.worldbank.org/v2/country/all/indicator/IT.NET.USER.ZS?format=json&per_page=20000&date=2020%3A2024
DNK,IT.NET.USER.ZS,internet_users_percent,2021,98.8658506,https://api.worldbank.org/v2/country/all/indicator/IT.NET.USER.ZS?format=json&per_page=20000&date=2020%3A2024
DNK,IT.NET.USER.ZS,internet_users_percent,2020,96.54914573,https://api.worldbank.org/v2/country/all/indicator/IT.NET.USER.ZS?format=json&per_page=20000&date=2020%3A2024
DJI,IT.NET.USER.ZS,internet_users_percent,2024,65.29889679,https://api.worldbank.org/v2/country/all/indicator/IT.NET.USER.ZS?format=json&per_page=20000&date=2020%3A2024
DJI,IT.NET.USER.ZS,internet_users_percent,2023,64.75869751,https://api.worldbank.org/v2/country/all/indicator/IT.NET.USER.ZS?format=json&per_page=20000&date=2020%3A2024
DJI,IT.NET.USER.ZS,internet_users_percent,2022,63.77600098,https://api.worldbank.org/v2/country/all/indicator/IT.NET.USER.ZS?format=json&per_page=20000&date=2020%3A2024
DJI,IT.NET.USER.ZS,internet_users_percent,2021,61.41120148,https://api.worldbank.org/v2/country/all/indicator/IT.NET.USER.ZS?format=json&per_page=20000&date=2020%3A2024
DJI,IT.NET.USER.ZS,internet_users_percent,2020,59.92570114,https://api.worldbank.org/v2/country/all/indicator/IT.NET.USER.ZS?format=json&per_page=20000&date=2020%3A2024
DMA,IT.NET.USER.ZS,internet_users_percent,2024,82.04689789,https://api.worldbank.org/v2/country/all/indicator/IT.NET.USER.ZS?format=json&per_page=20000&date=2020%3A2024
DMA,IT.NET.USER.ZS,internet_users_percent,2023,81.33650208,https://api.worldbank.org/v2/country/all/indicator/IT.NET.USER.ZS?format=json&per_page=20000&date=2020%3A2024
DMA,IT.NET.USER.ZS,internet_users_percent,2022,80.57980347,https://api.worldbank.org/v2/country/all/indicator/IT.NET.USER.ZS?format=json&per_page=20000&date=2020%3A2024
DMA,IT.NET.USER.ZS,internet_users_percent,2021,78.07949829,https://api.worldbank.org/v2/country/all/indicator/IT.NET.USER.ZS?format=json&per_page=20000&date=2020%3A2024
DMA,IT.NET.USER.ZS,internet_users_percent,2020,75.65670013,https://api.worldbank.org/v2/country/all/indicator/IT.NET.USER.ZS?format=json&per_page=20000&date=2020%3A2024
DOM,IT.NET.USER.ZS,internet_users_percent,2024,91.0022446,https://api.worldbank.org/v2/country/all/indicator/IT.NET.USER.ZS?format=json&per_page=20000&date=2020%3A2024
DOM,IT.NET.USER.ZS,internet_users_percent,2023,86.12689972,https://api.worldbank.org/v2/country/all/indicator/IT.NET.USER.ZS?format=json&per_page=20000&date=2020%3A2024
DOM,IT.NET.USER.ZS,internet_users_percent,2022,81.51269675,https://api.worldbank.org/v2/country/all/indicator/IT.NET.USER.ZS?format=json&per_page=20000&date=2020%3A2024
DOM,IT.NET.USER.ZS,internet_users_percent,2021,85.24298638,https://api.worldbank.org/v2/country/all/indicator/IT.NET.USER.ZS?format=json&per_page=20000&date=2020%3A2024
DOM,IT.NET.USER.ZS,internet_users_percent,2020,81.61730194,https://api.worldbank.org/v2/country/all/indicator/IT.NET.USER.ZS?format=json&per_page=20000&date=2020%3A2024
ECU,IT.NET.USER.ZS,internet_users_percent,2024,77.17273115,https://api.worldbank.org/v2/country/all/indicator/IT.NET.USER.ZS?format=json&per_page=20000&date=2020%3A2024
ECU,IT.NET.USER.ZS,internet_users_percent,2023,72.6943146,https://api.worldbank.org/v2/country/all/indicator/IT.NET.USER.ZS?format=json&per_page=20000&date=2020%3A2024
ECU,IT.NET.USER.ZS,internet_users_percent,2022,69.71811356,https://api.worldbank.org/v2/country/all/indicator/IT.NET.USER.ZS?format=json&per_page=20000&date=2020%3A2024
ECU,IT.NET.USER.ZS,internet_users_percent,2021,69.1147995,https://api.worldbank.org/v2/country/all/indicator/IT.NET.USER.ZS?format=json&per_page=20000&date=2020%3A2024
ECU,IT.NET.USER.ZS,internet_users_percent,2020,70.7,https://api.worldbank.org/v2/country/all/indicator/IT.NET.USER.ZS?format=json&per_page=20000&date=2020%3A2024
EGY,IT.NET.USER.ZS,internet_users_percent,2024,74.64839935,https://api.worldbank.org/v2/country/all/indicator/IT.NET.USER.ZS?format=json&per_page=20000&date=2020%3A2024
EGY,IT.NET.USER.ZS,internet_users_percent,2023,74.01190186,https://api.worldbank.org/v2/country/all/indicator/IT.NET.USER.ZS?format=json&per_page=20000&date=2020%3A2024
EGY,IT.NET.USER.ZS,internet_users_percent,2022,72.19806556,https://api.worldbank.org/v2/country/all/indicator/IT.NET.USER.ZS?format=json&per_page=20000&date=2020%3A2024
EGY,IT.NET.USER.ZS,internet_users_percent,2021,72.05599976,https://api.worldbank.org/v2/country/all/indicator/IT.NET.USER.ZS?format=json&per_page=20000&date=2020%3A2024
EGY,IT.NET.USER.ZS,internet_users_percent,2020,71.91420096,https://api.worldbank.org/v2/country/all/indicator/IT.NET.USER.ZS?format=json&per_page=20000&date=2020%3A2024
SLV,IT.NET.USER.ZS,internet_users_percent,2024,66.47769928,https://api.worldbank.org/v2/country/all/indicator/IT.NET.USER.ZS?format=json&per_page=20000&date=2020%3A2024
SLV,IT.NET.USER.ZS,internet_users_percent,2023,62.61989975,https://api.worldbank.org/v2/country/all/indicator/IT.NET.USER.ZS?format=json&per_page=20000&date=2020%3A2024
SLV,IT.NET.USER.ZS,internet_users_percent,2022,60.05609894,https://api.worldbank.org/v2/country/all/indicator/IT.NET.USER.ZS?format=json&per_page=20000&date=2020%3A2024
SLV,IT.NET.USER.ZS,internet_users_percent,2021,57.26380157,https://api.worldbank.org/v2/country/all/indicator/IT.NET.USER.ZS?format=json&per_page=20000&date=2020%3A2024
SLV,IT.NET.USER.ZS,internet_users_percent,2020,54.60136976,https://api.worldbank.org/v2/country/all/indicator/IT.NET.USER.ZS?format=json&per_page=20000&date=2020%3A2024
GNQ,IT.NET.USER.ZS,internet_users_percent,2024,63.29930115,https://api.worldbank.org/v2/country/all/indicator/IT.NET.USER.ZS?format=json&per_page=20000&date=2020%3A2024
GNQ,IT.NET.USER.ZS,internet_users_percent,2023,63.51950073,https://api.worldbank.org/v2/country/all/indicator/IT.NET.USER.ZS?format=json&per_page=20000&date=2020%3A2024
GNQ,IT.NET.USER.ZS,internet_users_percent,2022,63.65950012,https://api.worldbank.org/v2/country/all/indicator/IT.NET.USER.ZS?format=json&per_page=20000&date=2020%3A2024
GNQ,IT.NET.USER.ZS,internet_users_percent,2021,58.71730042,https://api.worldbank.org/v2/country/all/indicator/IT.NET.USER.ZS?format=json&per_page=20000&date=2020%3A2024
GNQ,IT.NET.USER.ZS,internet_users_percent,2020,55.00130081,https://api.worldbank.org/v2/country/all/indicator/IT.NET.USER.ZS?format=json&per_page=20000&date=2020%3A2024
ERI,IT.NET.USER.ZS,internet_users_percent,2024,,https://api.worldbank.org/v2/country/all/indicator/IT.NET.USER.ZS?format=json&per_page=20000&date=2020%3A2024
ERI,IT.NET.USER.ZS,internet_users_percent,2023,,https://api.worldbank.org/v2/country/all/indicator/IT.NET.USER.ZS?format=json&per_page=20000&date=2020%3A2024
ERI,IT.NET.USER.ZS,internet_users_percent,2022,,https://api.worldbank.org/v2/country/all/indicator/IT.NET.USER.ZS?format=json&per_page=20000&date=2020%3A2024
ERI,IT.NET.USER.ZS,internet_users_percent,2021,,https://api.worldbank.org/v2/country/all/indicator/IT.NET.USER.ZS?format=json&per_page=20000&date=2020%3A2024
ERI,IT.NET.USER.ZS,internet_users_percent,2020,14.34939957,https://api.worldbank.org/v2/country/all/indicator/IT.NET.USER.ZS?format=json&per_page=20000&date=2020%3A2024
EST,IT.NET.USER.ZS,internet_users_percent,2024,92.23796204,https://api.worldbank.org/v2/country/all/indicator/IT.NET.USER.ZS?format=json&per_page=20000&date=2020%3A2024
EST,IT.NET.USER.ZS,internet_users_percent,2023,93.18342241,https://api.worldbank.org/v2/country/all/indicator/IT.NET.USER.ZS?format=json&per_page=20000&date=2020%3A2024
EST,IT.NET.USER.ZS,internet_users_percent,2022,91.52016546,https://api.worldbank.org/v2/country/all/indicator/IT.NET.USER.ZS?format=json&per_page=20000&date=2020%3A2024
EST,IT.NET.USER.ZS,internet_users_percent,2021,90.97970174,https://api.worldbank.org/v2/country/all/indicator/IT.NET.USER.ZS?format=json&per_page=20000&date=2020%3A2024
EST,IT.NET.USER.ZS,internet_users_percent,2020,89.05828666,https://api.worldbank.org/v2/country/all/indicator/IT.NET.USER.ZS?format=json&per_page=20000&date=2020%3A2024
SWZ,IT.NET.USER.ZS,internet_users_percent,2024,63.40309906,https://api.worldbank.org/v2/country/all/indicator/IT.NET.USER.ZS?format=json&per_page=20000&date=2020%3A2024
SWZ,IT.NET.USER.ZS,internet_users_percent,2023,61.33330154,https://api.worldbank.org/v2/country/all/indicator/IT.NET.USER.ZS?format=json&per_page=20000&date=2020%3A2024
SWZ,IT.NET.USER.ZS,internet_users_percent,2022,57.34370041,https://api.worldbank.org/v2/country/all/indicator/IT.NET.USER.ZS?format=json&per_page=20000&date=2020%3A2024
SWZ,IT.NET.USER.ZS,internet_users_percent,2021,53.99530029,https://api.worldbank.org/v2/country/all/indicator/IT.NET.USER.ZS?format=json&per_page=20000&date=2020%3A2024
SWZ,IT.NET.USER.ZS,internet_users_percent,2020,49.01300049,https://api.worldbank.org/v2/country/all/indicator/IT.NET.USER.ZS?format=json&per_page=20000&date=2020%3A2024
ETH,IT.NET.USER.ZS,internet_users_percent,2024,21.94129944,https://api.worldbank.org/v2/country/all/indicator/IT.NET.USER.ZS?format=json&per_page=20000&date=2020%3A2024
ETH,IT.NET.USER.ZS,internet_users_percent,2023,20.33749962,https://api.worldbank.org/v2/country/all/indicator/IT.NET.USER.ZS?format=json&per_page=20000&date=2020%3A2024
ETH,IT.NET.USER.ZS,internet_users_percent,2022,17.9836998,https://api.worldbank.org/v2/country/all/indicator/IT.NET.USER.ZS?format=json&per_page=20000&date=2020%3A2024
ETH,IT.NET.USER.ZS,internet_users_percent,2021,16.6981031,https://api.worldbank.org/v2/country/all/indicator/IT.NET.USER.ZS?format=json&per_page=20000&date=2020%3A2024
ETH,IT.NET.USER.ZS,internet_users_percent,2020,16.06959915,https://api.worldbank.org/v2/country/all/indicator/IT.NET.USER.ZS?format=json&per_page=20000&date=2020%3A2024
FRO,IT.NET.USER.ZS,internet_users_percent,2024,,https://api.worldbank.org/v2/country/all/indicator/IT.NET.USER.ZS?format=json&per_page=20000&date=2020%3A2024
FRO,IT.NET.USER.ZS,internet_users_percent,2023,,https://api.worldbank.org/v2/country/all/indicator/IT.NET.USER.ZS?format=json&per_page=20000&date=2020%3A2024
FRO,IT.NET.USER.ZS,internet_users_percent,2022,,https://api.worldbank.org/v2/country/all/indicator/IT.NET.USER.ZS?format=json&per_page=20000&date=2020%3A2024
FRO,IT.NET.USER.ZS,internet_users_percent,2021,,https://api.worldbank.org/v2/country/all/indicator/IT.NET.USER.ZS?format=json&per_page=20000&date=2020%3A2024
FRO,IT.NET.USER.ZS,internet_users_percent,2020,,https://api.worldbank.org/v2/country/all/indicator/IT.NET.USER.ZS?format=json&per_page=20000&date=2020%3A2024
FJI,IT.NET.USER.ZS,internet_users_percent,2024,74.7052002,https://api.worldbank.org/v2/country/all/indicator/IT.NET.USER.ZS?format=json&per_page=20000&date=2020%3A2024
FJI,IT.NET.USER.ZS,internet_users_percent,2023,74.1160965,https://api.worldbank.org/v2/country/all/indicator/IT.NET.USER.ZS?format=json&per_page=20000&date=2020%3A2024
FJI,IT.NET.USER.ZS,internet_users_percent,2022,72.56549835,https://api.worldbank.org/v2/country/all/indicator/IT.NET.USER.ZS?format=json&per_page=20000&date=2020%3A2024
FJI,IT.NET.USER.ZS,internet_users_percent,2021,70.56800079,https://api.worldbank.org/v2/country/all/indicator/IT.NET.USER.ZS?format=json&per_page=20000&date=2020%3A2024
FJI,IT.NET.USER.ZS,internet_users_percent,2020,68.62560272,https://api.worldbank.org/v2/country/all/indicator/IT.NET.USER.ZS?format=json&per_page=20000&date=2020%3A2024
FIN,IT.NET.USER.ZS,internet_users_percent,2024,93.72405196,https://api.worldbank.org/v2/country/all/indicator/IT.NET.USER.ZS?format=json&per_page=20000&date=2020%3A2024
FIN,IT.NET.USER.ZS,internet_users_percent,2023,93.51385075,https://api.worldbank.org/v2/country/all/indicator/IT.NET.USER.ZS?format=json&per_page=20000&date=2020%3A2024
FIN,IT.NET.USER.ZS,internet_users_percent,2022,92.98879471,https://api.worldbank.org/v2/country/all/indicator/IT.NET.USER.ZS?format=json&per_page=20000&date=2020%3A2024
FIN,IT.NET.USER.ZS,internet_users_percent,2021,92.80806082,https://api.worldbank.org/v2/country/all/indicator/IT.NET.USER.ZS?format=json&per_page=20000&date=2020%3A2024
FIN,IT.NET.USER.ZS,internet_users_percent,2020,92.17027106,https://api.worldbank.org/v2/country/all/indicator/IT.NET.USER.ZS?format=json&per_page=20000&date=2020%3A2024
FRA,IT.NET.USER.ZS,internet_users_percent,2024,88.65381638,https://api.worldbank.org/v2/country/all/indicator/IT.NET.USER.ZS?format=json&per_page=20000&date=2020%3A2024
FRA,IT.NET.USER.ZS,internet_users_percent,2023,86.83635789,https://api.worldbank.org/v2/country/all/indicator/IT.NET.USER.ZS?format=json&per_page=20000&date=2020%3A2024
FRA,IT.NET.USER.ZS,internet_users_percent,2022,85.33331734,https://api.worldbank.org/v2/country/all/indicator/IT.NET.USER.ZS?format=json&per_page=20000&date=2020%3A2024
FRA,IT.NET.USER.ZS,internet_users_percent,2021,86.09548575,https://api.worldbank.org/v2/country/all/indicator/IT.NET.USER.ZS?format=json&per_page=20000&date=2020%3A2024
FRA,IT.NET.USER.ZS,internet_users_percent,2020,84.70639801,https://api.worldbank.org/v2/country/all/indicator/IT.NET.USER.ZS?format=json&per_page=20000&date=2020%3A2024
PYF,IT.NET.USER.ZS,internet_users_percent,2024,,https://api.worldbank.org/v2/country/all/indicator/IT.NET.USER.ZS?format=json&per_page=20000&date=2020%3A2024
PYF,IT.NET.USER.ZS,internet_users_percent,2023,,https://api.worldbank.org/v2/country/all/indicator/IT.NET.USER.ZS?format=json&per_page=20000&date=2020%3A2024
PYF,IT.NET.USER.ZS,internet_users_percent,2022,,https://api.worldbank.org/v2/country/all/indicator/IT.NET.USER.ZS?format=json&per_page=20000&date=2020%3A2024
PYF,IT.NET.USER.ZS,internet_users_percent,2021,,https://api.worldbank.org/v2/country/all/indicator/IT.NET.USER.ZS?format=json&per_page=20000&date=2020%3A2024
PYF,IT.NET.USER.ZS,internet_users_percent,2020,,https://api.worldbank.org/v2/country/all/indicator/IT.NET.USER.ZS?format=json&per_page=20000&date=2020%3A2024
GAB,IT.NET.USER.ZS,internet_users_percent,2024,68.72090149,https://api.worldbank.org/v2/country/all/indicator/IT.NET.USER.ZS?format=json&per_page=20000&date=2020%3A2024
GAB,IT.NET.USER.ZS,internet_users_percent,2023,68.19789886,https://api.worldbank.org/v2/country/all/indicator/IT.NET.USER.ZS?format=json&per_page=20000&date=2020%3A2024
GAB,IT.NET.USER.ZS,internet_users_percent,2022,67.67169952,https://api.worldbank.org/v2/country/all/indicator/IT.NET.USER.ZS?format=json&per_page=20000&date=2020%3A2024
GAB,IT.NET.USER.ZS,internet_users_percent,2021,65.76809692,https://api.worldbank.org/v2/country/all/indicator/IT.NET.USER.ZS?format=json&per_page=20000&date=2020%3A2024
GAB,IT.NET.USER.ZS,internet_users_percent,2020,63.91790009,https://api.worldbank.org/v2/country/all/indicator/IT.NET.USER.ZS?format=json&per_page=20000&date=2020%3A2024
GMB,IT.NET.USER.ZS,internet_users_percent,2024,49.49430084,https://api.worldbank.org/v2/country/all/indicator/IT.NET.USER.ZS?format=json&per_page=20000&date=2020%3A2024
GMB,IT.NET.USER.ZS,internet_users_percent,2023,48.72829819,https://api.worldbank.org/v2/country/all/indicator/IT.NET.USER.ZS?format=json&per_page=20000&date=2020%3A2024
GMB,IT.NET.USER.ZS,internet_users_percent,2022,48.22539902,https://api.worldbank.org/v2/country/all/indicator/IT.NET.USER.ZS?format=json&per_page=20000&date=2020%3A2024
GMB,IT.NET.USER.ZS,internet_users_percent,2021,41.67309952,https://api.worldbank.org/v2/country/all/indicator/IT.NET.USER.ZS?format=json&per_page=20000&date=2020%3A2024
GMB,IT.NET.USER.ZS,internet_users_percent,2020,36.01100159,https://api.worldbank.org/v2/country/all/indicator/IT.NET.USER.ZS?format=json&per_page=20000&date=2020%3A2024
GEO,IT.NET.USER.ZS,internet_users_percent,2024,83.79855689,https://api.worldbank.org/v2/country/all/indicator/IT.NET.USER.ZS?format=json&per_page=20000&date=2020%3A2024
GEO,IT.NET.USER.ZS,internet_users_percent,2023,81.88425624,https://api.worldbank.org/v2/country/all/indicator/IT.NET.USER.ZS?format=json&per_page=20000&date=2020%3A2024
GEO,IT.NET.USER.ZS,internet_users_percent,2022,78.71127536,https://api.worldbank.org/v2/country/all/indicator/IT.NET.USER.ZS?format=json&per_page=20000&date=2020%3A2024
GEO,IT.NET.USER.ZS,internet_users_percent,2021,76.4427093,https://api.worldbank.org/v2/country/all/indicator/IT.NET.USER.ZS?format=json&per_page=20000&date=2020%3A2024
GEO,IT.NET.USER.ZS,internet_users_percent,2020,72.53157487,https://api.worldbank.org/v2/country/all/indicator/IT.NET.USER.ZS?format=json&per_page=20000&date=2020%3A2024
DEU,IT.NET.USER.ZS,internet_users_percent,2024,93.49999579,https://api.worldbank.org/v2/country/all/indicator/IT.NET.USER.ZS?format=json&per_page=20000&date=2020%3A2024
DEU,IT.NET.USER.ZS,internet_users_percent,2023,92.4763763,https://api.worldbank.org/v2/country/all/indicator/IT.NET.USER.ZS?format=json&per_page=20000&date=2020%3A2024
DEU,IT.NET.USER.ZS,internet_users_percent,2022,91.62984383,https://api.worldbank.org/v2/country/all/indicator/IT.NET.USER.ZS?format=json&per_page=20000&date=2020%3A2024
DEU,IT.NET.USER.ZS,internet_users_percent,2021,91.43060973,https://api.worldbank.org/v2/country/all/indicator/IT.NET.USER.ZS?format=json&per_page=20000&date=2020%3A2024
DEU,IT.NET.USER.ZS,internet_users_percent,2020,89.81294133,https://api.worldbank.org/v2/country/all/indicator/IT.NET.USER.ZS?format=json&per_page=20000&date=2020%3A2024
GHA,IT.NET.USER.ZS,internet_users_percent,2024,72.17569733,https://api.worldbank.org/v2/country/all/indicator/IT.NET.USER.ZS?format=json&per_page=20000&date=2020%3A2024
GHA,IT.NET.USER.ZS,internet_users_percent,2023,70.67430115,https://api.worldbank.org/v2/country/all/indicator/IT.NET.USER.ZS?format=json&per_page=20000&date=2020%3A2024
GHA,IT.NET.USER.ZS,internet_users_percent,2022,69.91329956,https://api.worldbank.org/v2/country/all/indicator/IT.NET.USER.ZS?format=json&per_page=20000&date=2020%3A2024
GHA,IT.NET.USER.ZS,internet_users_percent,2021,68.6,https://api.worldbank.org/v2/country/all/indicator/IT.NET.USER.ZS?format=json&per_page=20000&date=2020%3A2024
GHA,IT.NET.USER.ZS,internet_users_percent,2020,62.51760101,https://api.worldbank.org/v2/country/all/indicator/IT.NET.USER.ZS?format=json&per_page=20000&date=2020%3A2024
GIB,IT.NET.USER.ZS,internet_users_percent,2024,,https://api.worldbank.org/v2/country/all/indicator/IT.NET.USER.ZS?format=json&per_page=20000&date=2020%3A2024
GIB,IT.NET.USER.ZS,internet_users_percent,2023,,https://api.worldbank.org/v2/country/all/indicator/IT.NET.USER.ZS?format=json&per_page=20000&date=2020%3A2024
GIB,IT.NET.USER.ZS,internet_users_percent,2022,,https://api.worldbank.org/v2/country/all/indicator/IT.NET.USER.ZS?format=json&per_page=20000&date=2020%3A2024
GIB,IT.NET.USER.ZS,internet_users_percent,2021,,https://api.worldbank.org/v2/country/all/indicator/IT.NET.USER.ZS?format=json&per_page=20000&date=2020%3A2024
GIB,IT.NET.USER.ZS,internet_users_percent,2020,,https://api.worldbank.org/v2/country/all/indicator/IT.NET.USER.ZS?format=json&per_page=20000&date=2020%3A2024
GRC,IT.NET.USER.ZS,internet_users_percent,2024,86.26968886,https://api.worldbank.org/v2/country/all/indicator/IT.NET.USER.ZS?format=json&per_page=20000&date=2020%3A2024
GRC,IT.NET.USER.ZS,internet_users_percent,2023,85.0102229,https://api.worldbank.org/v2/country/all/indicator/IT.NET.USER.ZS?format=json&per_page=20000&date=2020%3A2024
GRC,IT.NET.USER.ZS,internet_users_percent,2022,83.17066333,https://api.worldbank.org/v2/country/all/indicator/IT.NET.USER.ZS?format=json&per_page=20000&date=2020%3A2024
GRC,IT.NET.USER.ZS,internet_users_percent,2021,78.49426371,https://api.worldbank.org/v2/country/all/indicator/IT.NET.USER.ZS?format=json&per_page=20000&date=2020%3A2024
GRC,IT.NET.USER.ZS,internet_users_percent,2020,78.11584474,https://api.worldbank.org/v2/country/all/indicator/IT.NET.USER.ZS?format=json&per_page=20000&date=2020%3A2024
GRL,IT.NET.USER.ZS,internet_users_percent,2024,,https://api.worldbank.org/v2/country/all/indicator/IT.NET.USER.ZS?format=json&per_page=20000&date=2020%3A2024
GRL,IT.NET.USER.ZS,internet_users_percent,2023,,https://api.worldbank.org/v2/country/all/indicator/IT.NET.USER.ZS?format=json&per_page=20000&date=2020%3A2024
GRL,IT.NET.USER.ZS,internet_users_percent,2022,,https://api.worldbank.org/v2/country/all/indicator/IT.NET.USER.ZS?format=json&per_page=20000&date=2020%3A2024
GRL,IT.NET.USER.ZS,internet_users_percent,2021,,https://api.worldbank.org/v2/country/all/indicator/IT.NET.USER.ZS?format=json&per_page=20000&date=2020%3A2024
GRL,IT.NET.USER.ZS,internet_users_percent,2020,,https://api.worldbank.org/v2/country/all/indicator/IT.NET.USER.ZS?format=json&per_page=20000&date=2020%3A2024
GRD,IT.NET.USER.ZS,internet_users_percent,2024,70.16159821,https://api.worldbank.org/v2/country/all/indicator/IT.NET.USER.ZS?format=json&per_page=20000&date=2020%3A2024
GRD,IT.NET.USER.ZS,internet_users_percent,2023,69.4131012,https://api.worldbank.org/v2/country/all/indicator/IT.NET.USER.ZS?format=json&per_page=20000&date=2020%3A2024
GRD,IT.NET.USER.ZS,internet_users_percent,2022,68.42030334,https://api.worldbank.org/v2/country/all/indicator/IT.NET.USER.ZS?format=json&per_page=20000&date=2020%3A2024
GRD,IT.NET.USER.ZS,internet_users_percent,2021,67.02279663,https://api.worldbank.org/v2/country/all/indicator/IT.NET.USER.ZS?format=json&per_page=20000&date=2020%3A2024
GRD,IT.NET.USER.ZS,internet_users_percent,2020,65.65380096,https://api.worldbank.org/v2/country/all/indicator/IT.NET.USER.ZS?format=json&per_page=20000&date=2020%3A2024
GUM,IT.NET.USER.ZS,internet_users_percent,2024,,https://api.worldbank.org/v2/country/all/indicator/IT.NET.USER.ZS?format=json&per_page=20000&date=2020%3A2024
GUM,IT.NET.USER.ZS,internet_users_percent,2023,,https://api.worldbank.org/v2/country/all/indicator/IT.NET.USER.ZS?format=json&per_page=20000&date=2020%3A2024
GUM,IT.NET.USER.ZS,internet_users_percent,2022,,https://api.worldbank.org/v2/country/all/indicator/IT.NET.USER.ZS?format=json&per_page=20000&date=2020%3A2024
GUM,IT.NET.USER.ZS,internet_users_percent,2021,,https://api.worldbank.org/v2/country/all/indicator/IT.NET.USER.ZS?format=json&per_page=20000&date=2020%3A2024
GUM,IT.NET.USER.ZS,internet_users_percent,2020,,https://api.worldbank.org/v2/country/all/indicator/IT.NET.USER.ZS?format=json&per_page=20000&date=2020%3A2024
GTM,IT.NET.USER.ZS,internet_users_percent,2024,60.22140121,https://api.worldbank.org/v2/country/all/indicator/IT.NET.USER.ZS?format=json&per_page=20000&date=2020%3A2024
GTM,IT.NET.USER.ZS,internet_users_percent,2023,56.72669983,https://api.worldbank.org/v2/country/all/indicator/IT.NET.USER.ZS?format=json&per_page=20000&date=2020%3A2024
GTM,IT.NET.USER.ZS,internet_users_percent,2022,54.40430069,https://api.worldbank.org/v2/country/all/indicator/IT.NET.USER.ZS?format=json&per_page=20000&date=2020%3A2024
GTM,IT.NET.USER.ZS,internet_users_percent,2021,50.84164945,https://api.worldbank.org/v2/country/all/indicator/IT.NET.USER.ZS?format=json&per_page=20000&date=2020%3A2024
GTM,IT.NET.USER.ZS,internet_users_percent,2020,47.51229858,https://api.worldbank.org/v2/country/all/indicator/IT.NET.USER.ZS?format=json&per_page=20000&date=2020%3A2024
GIN,IT.NET.USER.ZS,internet_users_percent,2024,33.30469894,https://api.worldbank.org/v2/country/all/indicator/IT.NET.USER.ZS?format=json&per_page=20000&date=2020%3A2024
GIN,IT.NET.USER.ZS,internet_users_percent,2023,32.31560135,https://api.worldbank.org/v2/country/all/indicator/IT.NET.USER.ZS?format=json&per_page=20000&date=2020%3A2024
GIN,IT.NET.USER.ZS,internet_users_percent,2022,31.31399918,https://api.worldbank.org/v2/country/all/indicator/IT.NET.USER.ZS?format=json&per_page=20000&date=2020%3A2024
GIN,IT.NET.USER.ZS,internet_users_percent,2021,28.61330032,https://api.worldbank.org/v2/country/all/indicator/IT.NET.USER.ZS?format=json&per_page=20000&date=2020%3A2024
GIN,IT.NET.USER.ZS,internet_users_percent,2020,26.14550018,https://api.worldbank.org/v2/country/all/indicator/IT.NET.USER.ZS?format=json&per_page=20000&date=2020%3A2024
GNB,IT.NET.USER.ZS,internet_users_percent,2024,29.77739906,https://api.worldbank.org/v2/country/all/indicator/IT.NET.USER.ZS?format=json&per_page=20000&date=2020%3A2024
GNB,IT.NET.USER.ZS,internet_users_percent,2023,28.71240044,https://api.worldbank.org/v2/country/all/indicator/IT.NET.USER.ZS?format=json&per_page=20000&date=2020%3A2024
GNB,IT.NET.USER.ZS,internet_users_percent,2022,27.67379951,https://api.worldbank.org/v2/country/all/indicator/IT.NET.USER.ZS?format=json&per_page=20000&date=2020%3A2024
GNB,IT.NET.USER.ZS,internet_users_percent,2021,23.3519001,https://api.worldbank.org/v2/country/all/indicator/IT.NET.USER.ZS?format=json&per_page=20000&date=2020%3A2024
GNB,IT.NET.USER.ZS,internet_users_percent,2020,20.45730019,https://api.worldbank.org/v2/country/all/indicator/IT.NET.USER.ZS?format=json&per_page=20000&date=2020%3A2024
GUY,IT.NET.USER.ZS,internet_users_percent,2024,83.00080109,https://api.worldbank.org/v2/country/all/indicator/IT.NET.USER.ZS?format=json&per_page=20000&date=2020%3A2024
GUY,IT.NET.USER.ZS,internet_users_percent,2023,79.3553009,https://api.worldbank.org/v2/country/all/indicator/IT.NET.USER.ZS?format=json&per_page=20000&date=2020%3A2024
GUY,IT.NET.USER.ZS,internet_users_percent,2022,76.56240082,https://api.worldbank.org/v2/country/all/indicator/IT.NET.USER.ZS?format=json&per_page=20000&date=2020%3A2024
GUY,IT.NET.USER.ZS,internet_users_percent,2021,71.65090179,https://api.worldbank.org/v2/country/all/indicator/IT.NET.USER.ZS?format=json&per_page=20000&date=2020%3A2024
GUY,IT.NET.USER.ZS,internet_users_percent,2020,62.95399857,https://api.worldbank.org/v2/country/all/indicator/IT.NET.USER.ZS?format=json&per_page=20000&date=2020%3A2024
HTI,IT.NET.USER.ZS,internet_users_percent,2024,47.8614006,https://api.worldbank.org/v2/country/all/indicator/IT.NET.USER.ZS?format=json&per_page=20000&date=2020%3A2024
HTI,IT.NET.USER.ZS,internet_users_percent,2023,47.99269867,https://api.worldbank.org/v2/country/all/indicator/IT.NET.USER.ZS?format=json&per_page=20000&date=2020%3A2024
HTI,IT.NET.USER.ZS,internet_users_percent,2022,47.77470016,https://api.worldbank.org/v2/country/all/indicator/IT.NET.USER.ZS?format=json&per_page=20000&date=2020%3A2024
HTI,IT.NET.USER.ZS,internet_users_percent,2021,43.37919998,https://api.worldbank.org/v2/country/all/indicator/IT.NET.USER.ZS?format=json&per_page=20000&date=2020%3A2024
HTI,IT.NET.USER.ZS,internet_users_percent,2020,39.38809967,https://api.worldbank.org/v2/country/all/indicator/IT.NET.USER.ZS?format=json&per_page=20000&date=2020%3A2024
HND,IT.NET.USER.ZS,internet_users_percent,2024,58.62269974,https://api.worldbank.org/v2/country/all/indicator/IT.NET.USER.ZS?format=json&per_page=20000&date=2020%3A2024
HND,IT.NET.USER.ZS,internet_users_percent,2023,58.0685997,https://api.worldbank.org/v2/country/all/indicator/IT.NET.USER.ZS?format=json&per_page=20000&date=2020%3A2024
HND,IT.NET.USER.ZS,internet_users_percent,2022,56.88069916,https://api.worldbank.org/v2/country/all/indicator/IT.NET.USER.ZS?format=json&per_page=20000&date=2020%3A2024
HND,IT.NET.USER.ZS,internet_users_percent,2021,51.95159912,https://api.worldbank.org/v2/country/all/indicator/IT.NET.USER.ZS?format=json&per_page=20000&date=2020%3A2024
HND,IT.NET.USER.ZS,internet_users_percent,2020,45.24829865,https://api.worldbank.org/v2/country/all/indicator/IT.NET.USER.ZS?format=json&per_page=20000&date=2020%3A2024
HKG,IT.NET.USER.ZS,internet_users_percent,2024,95.75536971,https://api.worldbank.org/v2/country/all/indicator/IT.NET.USER.ZS?format=json&per_page=20000&date=2020%3A2024
HKG,IT.NET.USER.ZS,internet_users_percent,2023,95.97781908,https://api.worldbank.org/v2/country/all/indicator/IT.NET.USER.ZS?format=json&per_page=20000&date=2020%3A2024
HKG,IT.NET.USER.ZS,internet_users_percent,2022,95.61357052,https://api.worldbank.org/v2/country/all/indicator/IT.NET.USER.ZS?format=json&per_page=20000&date=2020%3A2024
HKG,IT.NET.USER.ZS,internet_users_percent,2021,93.08715788,https://api.worldbank.org/v2/country/all/indicator/IT.NET.USER.ZS?format=json&per_page=20000&date=2020%3A2024
HKG,IT.NET.USER.ZS,internet_users_percent,2020,92.41313602,https://api.worldbank.org/v2/country/all/indicator/IT.NET.USER.ZS?format=json&per_page=20000&date=2020%3A2024
HUN,IT.NET.USER.ZS,internet_users_percent,2024,93.77898628,https://api.worldbank.org/v2/country/all/indicator/IT.NET.USER.ZS?format=json&per_page=20000&date=2020%3A2024
HUN,IT.NET.USER.ZS,internet_users_percent,2023,91.4500713,https://api.worldbank.org/v2/country/all/indicator/IT.NET.USER.ZS?format=json&per_page=20000&date=2020%3A2024
HUN,IT.NET.USER.ZS,internet_users_percent,2022,89.14282688,https://api.worldbank.org/v2/country/all/indicator/IT.NET.USER.ZS?format=json&per_page=20000&date=2020%3A2024
HUN,IT.NET.USER.ZS,internet_users_percent,2021,88.64083466,https://api.worldbank.org/v2/country/all/indicator/IT.NET.USER.ZS?format=json&per_page=20000&date=2020%3A2024
HUN,IT.NET.USER.ZS,internet_users_percent,2020,84.77115202,https://api.worldbank.org/v2/country/all/indicator/IT.NET.USER.ZS?format=json&per_page=20000&date=2020%3A2024
ISL,IT.NET.USER.ZS,internet_users_percent,2024,98.209198,https://api.worldbank.org/v2/country/all/indicator/IT.NET.USER.ZS?format=json&per_page=20000&date=2020%3A2024
ISL,IT.NET.USER.ZS,internet_users_percent,2023,97.94860077,https://api.worldbank.org/v2/country/all/indicator/IT.NET.USER.ZS?format=json&per_page=20000&date=2020%3A2024
ISL,IT.NET.USER.ZS,internet_users_percent,2022,97.58339691,https://api.worldbank.org/v2/country/all/indicator/IT.NET.USER.ZS?format=json&per_page=20000&date=2020%3A2024
ISL,IT.NET.USER.ZS,internet_users_percent,2021,99.68701957,https://api.worldbank.org/v2/country/all/indicator/IT.NET.USER.ZS?format=json&per_page=20000&date=2020%3A2024
ISL,IT.NET.USER.ZS,internet_users_percent,2020,99.5327519,https://api.worldbank.org/v2/country/all/indicator/IT.NET.USER.ZS?format=json&per_page=20000&date=2020%3A2024
IND,IT.NET.USER.ZS,internet_users_percent,2024,64.9434967,https://api.worldbank.org/v2/country/all/indicator/IT.NET.USER.ZS?format=json&per_page=20000&date=2020%3A2024
IND,IT.NET.USER.ZS,internet_users_percent,2023,60.25230026,https://api.worldbank.org/v2/country/all/indicator/IT.NET.USER.ZS?format=json&per_page=20000&date=2020%3A2024
IND,IT.NET.USER.ZS,internet_users_percent,2022,55.9,https://api.worldbank.org/v2/country/all/indicator/IT.NET.USER.ZS?format=json&per_page=20000&date=2020%3A2024
IND,IT.NET.USER.ZS,internet_users_percent,2021,49.2580986,https://api.worldbank.org/v2/country/all/indicator/IT.NET.USER.ZS?format=json&per_page=20000&date=2020%3A2024
IND,IT.NET.USER.ZS,internet_users_percent,2020,43.40544313,https://api.worldbank.org/v2/country/all/indicator/IT.NET.USER.ZS?format=json&per_page=20000&date=2020%3A2024
IDN,IT.NET.USER.ZS,internet_users_percent,2024,72.78075544,https://api.worldbank.org/v2/country/all/indicator/IT.NET.USER.ZS?format=json&per_page=20000&date=2020%3A2024
IDN,IT.NET.USER.ZS,internet_users_percent,2023,69.20836554,https://api.worldbank.org/v2/country/all/indicator/IT.NET.USER.ZS?format=json&per_page=20000&date=2020%3A2024
IDN,IT.NET.USER.ZS,internet_users_percent,2022,66.48461277,https://api.worldbank.org/v2/country/all/indicator/IT.NET.USER.ZS?format=json&per_page=20000&date=2020%3A2024
IDN,IT.NET.USER.ZS,internet_users_percent,2021,62.10447842,https://api.worldbank.org/v2/country/all/indicator/IT.NET.USER.ZS?format=json&per_page=20000&date=2020%3A2024
IDN,IT.NET.USER.ZS,internet_users_percent,2020,53.72649449,https://api.worldbank.org/v2/country/all/indicator/IT.NET.USER.ZS?format=json&per_page=20000&date=2020%3A2024
IRN,IT.NET.USER.ZS,internet_users_percent,2024,85.3404007,https://api.worldbank.org/v2/country/all/indicator/IT.NET.USER.ZS?format=json&per_page=20000&date=2020%3A2024
IRN,IT.NET.USER.ZS,internet_users_percent,2023,83.71050262,https://api.worldbank.org/v2/country/all/indicator/IT.NET.USER.ZS?format=json&per_page=20000&date=2020%3A2024
IRN,IT.NET.USER.ZS,internet_users_percent,2022,81.71649933,https://api.worldbank.org/v2/country/all/indicator/IT.NET.USER.ZS?format=json&per_page=20000&date=2020%3A2024
IRN,IT.NET.USER.ZS,internet_users_percent,2021,78.5957366,https://api.worldbank.org/v2/country/all/indicator/IT.NET.USER.ZS?format=json&per_page=20000&date=2020%3A2024
IRN,IT.NET.USER.ZS,internet_users_percent,2020,75.56986637,https://api.worldbank.org/v2/country/all/indicator/IT.NET.USER.ZS?format=json&per_page=20000&date=2020%3A2024
IRQ,IT.NET.USER.ZS,internet_users_percent,2024,81.47450256,https://api.worldbank.org/v2/country/all/indicator/IT.NET.USER.ZS?format=json&per_page=20000&date=2020%3A2024
IRQ,IT.NET.USER.ZS,internet_users_percent,2023,81.80889893,https://api.worldbank.org/v2/country/all/indicator/IT.NET.USER.ZS?format=json&per_page=20000&date=2020%3A2024
IRQ,IT.NET.USER.ZS,internet_users_percent,2022,78.71560926,https://api.worldbank.org/v2/country/all/indicator/IT.NET.USER.ZS?format=json&per_page=20000&date=2020%3A2024
IRQ,IT.NET.USER.ZS,internet_users_percent,2021,65.00219727,https://api.worldbank.org/v2/country/all/indicator/IT.NET.USER.ZS?format=json&per_page=20000&date=2020%3A2024
IRQ,IT.NET.USER.ZS,internet_users_percent,2020,53.67779922,https://api.worldbank.org/v2/country/all/indicator/IT.NET.USER.ZS?format=json&per_page=20000&date=2020%3A2024
IRL,IT.NET.USER.ZS,internet_users_percent,2024,97.18769836,https://api.worldbank.org/v2/country/all/indicator/IT.NET.USER.ZS?format=json&per_page=20000&date=2020%3A2024
IRL,IT.NET.USER.ZS,internet_users_percent,2023,96.8660965,https://api.worldbank.org/v2/country/all/indicator/IT.NET.USER.ZS?format=json&per_page=20000&date=2020%3A2024
IRL,IT.NET.USER.ZS,internet_users_percent,2022,95.03690338,https://api.worldbank.org/v2/country/all/indicator/IT.NET.USER.ZS?format=json&per_page=20000&date=2020%3A2024
IRL,IT.NET.USER.ZS,internet_users_percent,2021,93.50610352,https://api.worldbank.org/v2/country/all/indicator/IT.NET.USER.ZS?format=json&per_page=20000&date=2020%3A2024
IRL,IT.NET.USER.ZS,internet_users_percent,2020,91.99989097,https://api.worldbank.org/v2/country/all/indicator/IT.NET.USER.ZS?format=json&per_page=20000&date=2020%3A2024
IMN,IT.NET.USER.ZS,internet_users_percent,2024,,https://api.worldbank.org/v2/country/all/indicator/IT.NET.USER.ZS?format=json&per_page=20000&date=2020%3A2024
IMN,IT.NET.USER.ZS,internet_users_percent,2023,,https://api.worldbank.org/v2/country/all/indicator/IT.NET.USER.ZS?format=json&per_page=20000&date=2020%3A2024
IMN,IT.NET.USER.ZS,internet_users_percent,2022,,https://api.worldbank.org/v2/country/all/indicator/IT.NET.USER.ZS?format=json&per_page=20000&date=2020%3A2024
IMN,IT.NET.USER.ZS,internet_users_percent,2021,,https://api.worldbank.org/v2/country/all/indicator/IT.NET.USER.ZS?format=json&per_page=20000&date=2020%3A2024
IMN,IT.NET.USER.ZS,internet_users_percent,2020,,https://api.worldbank.org/v2/country/all/indicator/IT.NET.USER.ZS?format=json&per_page=20000&date=2020%3A2024
ISR,IT.NET.USER.ZS,internet_users_percent,2024,88.18242225,https://api.worldbank.org/v2/country/all/indicator/IT.NET.USER.ZS?format=json&per_page=20000&date=2020%3A2024
ISR,IT.NET.USER.ZS,internet_users_percent,2023,87.03842615,https://api.worldbank.org/v2/country/all/indicator/IT.NET.USER.ZS?format=json&per_page=20000&date=2020%3A2024
ISR,IT.NET.USER.ZS,internet_users_percent,2022,91.85079615,https://api.worldbank.org/v2/country/all/indicator/IT.NET.USER.ZS?format=json&per_page=20000&date=2020%3A2024
ISR,IT.NET.USER.ZS,internet_users_percent,2021,90.29689758,https://api.worldbank.org/v2/country/all/indicator/IT.NET.USER.ZS?format=json&per_page=20000&date=2020%3A2024
ISR,IT.NET.USER.ZS,internet_users_percent,2020,90.12734091,https://api.worldbank.org/v2/country/all/indicator/IT.NET.USER.ZS?format=json&per_page=20000&date=2020%3A2024
ITA,IT.NET.USER.ZS,internet_users_percent,2024,89.2207202,https://api.worldbank.org/v2/country/all/indicator/IT.NET.USER.ZS?format=json&per_page=20000&date=2020%3A2024
ITA,IT.NET.USER.ZS,internet_users_percent,2023,87.0278292,https://api.worldbank.org/v2/country/all/indicator/IT.NET.USER.ZS?format=json&per_page=20000&date=2020%3A2024
ITA,IT.NET.USER.ZS,internet_users_percent,2022,85.06074504,https://api.worldbank.org/v2/country/all/indicator/IT.NET.USER.ZS?format=json&per_page=20000&date=2020%3A2024
ITA,IT.NET.USER.ZS,internet_users_percent,2021,74.8623274,https://api.worldbank.org/v2/country/all/indicator/IT.NET.USER.ZS?format=json&per_page=20000&date=2020%3A2024
ITA,IT.NET.USER.ZS,internet_users_percent,2020,70.48342785,https://api.worldbank.org/v2/country/all/indicator/IT.NET.USER.ZS?format=json&per_page=20000&date=2020%3A2024
JAM,IT.NET.USER.ZS,internet_users_percent,2024,90.10870361,https://api.worldbank.org/v2/country/all/indicator/IT.NET.USER.ZS?format=json&per_page=20000&date=2020%3A2024
JAM,IT.NET.USER.ZS,internet_users_percent,2023,89.47304282,https://api.worldbank.org/v2/country/all/indicator/IT.NET.USER.ZS?format=json&per_page=20000&date=2020%3A2024
JAM,IT.NET.USER.ZS,internet_users_percent,2022,85.84329987,https://api.worldbank.org/v2/country/all/indicator/IT.NET.USER.ZS?format=json&per_page=20000&date=2020%3A2024
JAM,IT.NET.USER.ZS,internet_users_percent,2021,82.36071561,https://api.worldbank.org/v2/country/all/indicator/IT.NET.USER.ZS?format=json&per_page=20000&date=2020%3A2024
JAM,IT.NET.USER.ZS,internet_users_percent,2020,76.38400269,https://api.worldbank.org/v2/country/all/indicator/IT.NET.USER.ZS?format=json&per_page=20000&date=2020%3A2024
JPN,IT.NET.USER.ZS,internet_users_percent,2024,85.54153081,https://api.worldbank.org/v2/country/all/indicator/IT.NET.USER.ZS?format=json&per_page=20000&date=2020%3A2024
JPN,IT.NET.USER.ZS,internet_users_percent,2023,85.00990295,https://api.worldbank.org/v2/country/all/indicator/IT.NET.USER.ZS?format=json&per_page=20000&date=2020%3A2024
JPN,IT.NET.USER.ZS,internet_users_percent,2022,84.92343147,https://api.worldbank.org/v2/country/all/indicator/IT.NET.USER.ZS?format=json&per_page=20000&date=2020%3A2024
JPN,IT.NET.USER.ZS,internet_users_percent,2021,82.91407928,https://api.worldbank.org/v2/country/all/indicator/IT.NET.USER.ZS?format=json&per_page=20000&date=2020%3A2024
JPN,IT.NET.USER.ZS,internet_users_percent,2020,90.21945812,https://api.worldbank.org/v2/country/all/indicator/IT.NET.USER.ZS?format=json&per_page=20000&date=2020%3A2024
JOR,IT.NET.USER.ZS,internet_users_percent,2024,95.62244985,https://api.worldbank.org/v2/country/all/indicator/IT.NET.USER.ZS?format=json&per_page=20000&date=2020%3A2024
JOR,IT.NET.USER.ZS,internet_users_percent,2023,92.53443944,https://api.worldbank.org/v2/country/all/indicator/IT.NET.USER.ZS?format=json&per_page=20000&date=2020%3A2024
JOR,IT.NET.USER.ZS,internet_users_percent,2022,90.4999984,https://api.worldbank.org/v2/country/all/indicator/IT.NET.USER.ZS?format=json&per_page=20000&date=2020%3A2024
JOR,IT.NET.USER.ZS,internet_users_percent,2021,85.999997,https://api.worldbank.org/v2/country/all/indicator/IT.NET.USER.ZS?format=json&per_page=20000&date=2020%3A2024
JOR,IT.NET.USER.ZS,internet_users_percent,2020,78.4178009,https://api.worldbank.org/v2/country/all/indicator/IT.NET.USER.ZS?format=json&per_page=20000&date=2020%3A2024
KAZ,IT.NET.USER.ZS,internet_users_percent,2024,93.39167254,https://api.worldbank.org/v2/country/all/indicator/IT.NET.USER.ZS?format=json&per_page=20000&date=2020%3A2024
KAZ,IT.NET.USER.ZS,internet_users_percent,2023,92.87846096,https://api.worldbank.org/v2/country/all/indicator/IT.NET.USER.ZS?format=json&per_page=20000&date=2020%3A2024
KAZ,IT.NET.USER.ZS,internet_users_percent,2022,92.29685266,https://api.worldbank.org/v2/country/all/indicator/IT.NET.USER.ZS?format=json&per_page=20000&date=2020%3A2024
KAZ,IT.NET.USER.ZS,internet_users_percent,2021,90.9239507,https://api.worldbank.org/v2/country/all/indicator/IT.NET.USER.ZS?format=json&per_page=20000&date=2020%3A2024
KAZ,IT.NET.USER.ZS,internet_users_percent,2020,85.94259898,https://api.worldbank.org/v2/country/all/indicator/IT.NET.USER.ZS?format=json&per_page=20000&date=2020%3A2024
KEN,IT.NET.USER.ZS,internet_users_percent,2024,34.97622513,https://api.worldbank.org/v2/country/all/indicator/IT.NET.USER.ZS?format=json&per_page=20000&date=2020%3A2024
KEN,IT.NET.USER.ZS,internet_users_percent,2023,32.07040024,https://api.worldbank.org/v2/country/all/indicator/IT.NET.USER.ZS?format=json&per_page=20000&date=2020%3A2024
KEN,IT.NET.USER.ZS,internet_users_percent,2022,29.40589905,https://api.worldbank.org/v2/country/all/indicator/IT.NET.USER.ZS?format=json&per_page=20000&date=2020%3A2024
KEN,IT.NET.USER.ZS,internet_users_percent,2021,26.96290016,https://api.worldbank.org/v2/country/all/indicator/IT.NET.USER.ZS?format=json&per_page=20000&date=2020%3A2024
KEN,IT.NET.USER.ZS,internet_users_percent,2020,24.7227993,https://api.worldbank.org/v2/country/all/indicator/IT.NET.USER.ZS?format=json&per_page=20000&date=2020%3A2024
KIR,IT.NET.USER.ZS,internet_users_percent,2024,89.44029999,https://api.worldbank.org/v2/country/all/indicator/IT.NET.USER.ZS?format=json&per_page=20000&date=2020%3A2024
KIR,IT.NET.USER.ZS,internet_users_percent,2023,88.0,https://api.worldbank.org/v2/country/all/indicator/IT.NET.USER.ZS?format=json&per_page=20000&date=2020%3A2024
KIR,IT.NET.USER.ZS,internet_users_percent,2022,84.99849701,https://api.worldbank.org/v2/country/all/indicator/IT.NET.USER.ZS?format=json&per_page=20000&date=2020%3A2024
KIR,IT.NET.USER.ZS,internet_users_percent,2021,67.08760071,https://api.worldbank.org/v2/country/all/indicator/IT.NET.USER.ZS?format=json&per_page=20000&date=2020%3A2024
KIR,IT.NET.USER.ZS,internet_users_percent,2020,52.95090103,https://api.worldbank.org/v2/country/all/indicator/IT.NET.USER.ZS?format=json&per_page=20000&date=2020%3A2024
PRK,IT.NET.USER.ZS,internet_users_percent,2024,,https://api.worldbank.org/v2/country/all/indicator/IT.NET.USER.ZS?format=json&per_page=20000&date=2020%3A2024
PRK,IT.NET.USER.ZS,internet_users_percent,2023,,https://api.worldbank.org/v2/country/all/indicator/IT.NET.USER.ZS?format=json&per_page=20000&date=2020%3A2024
PRK,IT.NET.USER.ZS,internet_users_percent,2022,,https://api.worldbank.org/v2/country/all/indicator/IT.NET.USER.ZS?format=json&per_page=20000&date=2020%3A2024
PRK,IT.NET.USER.ZS,internet_users_percent,2021,,https://api.worldbank.org/v2/country/all/indicator/IT.NET.USER.ZS?format=json&per_page=20000&date=2020%3A2024
PRK,IT.NET.USER.ZS,internet_users_percent,2020,,https://api.worldbank.org/v2/country/all/indicator/IT.NET.USER.ZS?format=json&per_page=20000&date=2020%3A2024
KOR,IT.NET.USER.ZS,internet_users_percent,2024,97.89563777,https://api.worldbank.org/v2/country/all/indicator/IT.NET.USER.ZS?format=json&per_page=20000&date=2020%3A2024
KOR,IT.NET.USER.ZS,internet_users_percent,2023,97.41597478,https://api.worldbank.org/v2/country/all/indicator/IT.NET.USER.ZS?format=json&per_page=20000&date=2020%3A2024
KOR,IT.NET.USER.ZS,internet_users_percent,2022,97.16855335,https://api.worldbank.org/v2/country/all/indicator/IT.NET.USER.ZS?format=json&per_page=20000&date=2020%3A2024
KOR,IT.NET.USER.ZS,internet_users_percent,2021,97.57132698,https://api.worldbank.org/v2/country/all/indicator/IT.NET.USER.ZS?format=json&per_page=20000&date=2020%3A2024
KOR,IT.NET.USER.ZS,internet_users_percent,2020,96.50506052,https://api.worldbank.org/v2/country/all/indicator/IT.NET.USER.ZS?format=json&per_page=20000&date=2020%3A2024
XKX,IT.NET.USER.ZS,internet_users_percent,2024,,https://api.worldbank.org/v2/country/all/indicator/IT.NET.USER.ZS?format=json&per_page=20000&date=2020%3A2024
XKX,IT.NET.USER.ZS,internet_users_percent,2023,,https://api.worldbank.org/v2/country/all/indicator/IT.NET.USER.ZS?format=json&per_page=20000&date=2020%3A2024
XKX,IT.NET.USER.ZS,internet_users_percent,2022,,https://api.worldbank.org/v2/country/all/indicator/IT.NET.USER.ZS?format=json&per_page=20000&date=2020%3A2024
XKX,IT.NET.USER.ZS,internet_users_percent,2021,,https://api.worldbank.org/v2/country/all/indicator/IT.NET.USER.ZS?format=json&per_page=20000&date=2020%3A2024
XKX,IT.NET.USER.ZS,internet_users_percent,2020,,https://api.worldbank.org/v2/country/all/indicator/IT.NET.USER.ZS?format=json&per_page=20000&date=2020%3A2024
KWT,IT.NET.USER.ZS,internet_users_percent,2024,99.74729919,https://api.worldbank.org/v2/country/all/indicator/IT.NET.USER.ZS?format=json&per_page=20000&date=2020%3A2024
KWT,IT.NET.USER.ZS,internet_users_percent,2023,99.74731125,https://api.worldbank.org/v2/country/all/indicator/IT.NET.USER.ZS?format=json&per_page=20000&date=2020%3A2024
KWT,IT.NET.USER.ZS,internet_users_percent,2022,99.74729919,https://api.worldbank.org/v2/country/all/indicator/IT.NET.USER.ZS?format=json&per_page=20000&date=2020%3A2024
KWT,IT.NET.USER.ZS,internet_users_percent,2021,99.7,https://api.worldbank.org/v2/country/all/indicator/IT.NET.USER.ZS?format=json&per_page=20000&date=2020%3A2024
KWT,IT.NET.USER.ZS,internet_users_percent,2020,99.10587017,https://api.worldbank.org/v2/country/all/indicator/IT.NET.USER.ZS?format=json&per_page=20000&date=2020%3A2024
KGZ,IT.NET.USER.ZS,internet_users_percent,2024,92.0286026,https://api.worldbank.org/v2/country/all/indicator/IT.NET.USER.ZS?format=json&per_page=20000&date=2020%3A2024
KGZ,IT.NET.USER.ZS,internet_users_percent,2023,91.04440308,https://api.worldbank.org/v2/country/all/indicator/IT.NET.USER.ZS?format=json&per_page=20000&date=2020%3A2024
KGZ,IT.NET.USER.ZS,internet_users_percent,2022,84.1937027,https://api.worldbank.org/v2/country/all/indicator/IT.NET.USER.ZS?format=json&per_page=20000&date=2020%3A2024
KGZ,IT.NET.USER.ZS,internet_users_percent,2021,77.11769867,https://api.worldbank.org/v2/country/all/indicator/IT.NET.USER.ZS?format=json&per_page=20000&date=2020%3A2024
KGZ,IT.NET.USER.ZS,internet_users_percent,2020,72.0,https://api.worldbank.org/v2/country/all/indicator/IT.NET.USER.ZS?format=json&per_page=20000&date=2020%3A2024
LAO,IT.NET.USER.ZS,internet_users_percent,2024,65.59269714,https://api.worldbank.org/v2/country/all/indicator/IT.NET.USER.ZS?format=json&per_page=20000&date=2020%3A2024
LAO,IT.NET.USER.ZS,internet_users_percent,2023,64.39800262,https://api.worldbank.org/v2/country/all/indicator/IT.NET.USER.ZS?format=json&per_page=20000&date=2020%3A2024
LAO,IT.NET.USER.ZS,internet_users_percent,2022,64.54000092,https://api.worldbank.org/v2/country/all/indicator/IT.NET.USER.ZS?format=json&per_page=20000&date=2020%3A2024
LAO,IT.NET.USER.ZS,internet_users_percent,2021,62.0,https://api.worldbank.org/v2/country/all/indicator/IT.NET.USER.ZS?format=json&per_page=20000&date=2020%3A2024
LAO,IT.NET.USER.ZS,internet_users_percent,2020,54.0,https://api.worldbank.org/v2/country/all/indicator/IT.NET.USER.ZS?format=json&per_page=20000&date=2020%3A2024
LVA,IT.NET.USER.ZS,internet_users_percent,2024,92.70757011,https://api.worldbank.org/v2/country/all/indicator/IT.NET.USER.ZS?format=json&per_page=20000&date=2020%3A2024
LVA,IT.NET.USER.ZS,internet_users_percent,2023,92.18791291,https://api.worldbank.org/v2/country/all/indicator/IT.NET.USER.ZS?format=json&per_page=20000&date=2020%3A2024
LVA,IT.NET.USER.ZS,internet_users_percent,2022,91.03009059,https://api.worldbank.org/v2/country/all/indicator/IT.NET.USER.ZS?format=json&per_page=20000&date=2020%3A2024
LVA,IT.NET.USER.ZS,internet_users_percent,2021,91.17964988,https://api.worldbank.org/v2/country/all/indicator/IT.NET.USER.ZS?format=json&per_page=20000&date=2020%3A2024
LVA,IT.NET.USER.ZS,internet_users_percent,2020,88.89796078,https://api.worldbank.org/v2/country/all/indicator/IT.NET.USER.ZS?format=json&per_page=20000&date=2020%3A2024
LBN,IT.NET.USER.ZS,internet_users_percent,2024,80.63400269,https://api.worldbank.org/v2/country/all/indicator/IT.NET.USER.ZS?format=json&per_page=20000&date=2020%3A2024
LBN,IT.NET.USER.ZS,internet_users_percent,2023,81.7059021,https://api.worldbank.org/v2/country/all/indicator/IT.NET.USER.ZS?format=json&per_page=20000&date=2020%3A2024
LBN,IT.NET.USER.ZS,internet_users_percent,2022,81.46479797,https://api.worldbank.org/v2/country/all/indicator/IT.NET.USER.ZS?format=json&per_page=20000&date=2020%3A2024
LBN,IT.NET.USER.ZS,internet_users_percent,2021,82.65599823,https://api.worldbank.org/v2/country/all/indicator/IT.NET.USER.ZS?format=json&per_page=20000&date=2020%3A2024
LBN,IT.NET.USER.ZS,internet_users_percent,2020,82.0664978,https://api.worldbank.org/v2/country/all/indicator/IT.NET.USER.ZS?format=json&per_page=20000&date=2020%3A2024
LSO,IT.NET.USER.ZS,internet_users_percent,2024,51.79660034,https://api.worldbank.org/v2/country/all/indicator/IT.NET.USER.ZS?format=json&per_page=20000&date=2020%3A2024
LSO,IT.NET.USER.ZS,internet_users_percent,2023,48.98590088,https://api.worldbank.org/v2/country/all/indicator/IT.NET.USER.ZS?format=json&per_page=20000&date=2020%3A2024
LSO,IT.NET.USER.ZS,internet_users_percent,2022,48.06959915,https://api.worldbank.org/v2/country/all/indicator/IT.NET.USER.ZS?format=json&per_page=20000&date=2020%3A2024
LSO,IT.NET.USER.ZS,internet_users_percent,2021,45.05670166,https://api.worldbank.org/v2/country/all/indicator/IT.NET.USER.ZS?format=json&per_page=20000&date=2020%3A2024
LSO,IT.NET.USER.ZS,internet_users_percent,2020,43.65750122,https://api.worldbank.org/v2/country/all/indicator/IT.NET.USER.ZS?format=json&per_page=20000&date=2020%3A2024
LBR,IT.NET.USER.ZS,internet_users_percent,2024,32.23360062,https://api.worldbank.org/v2/country/all/indicator/IT.NET.USER.ZS?format=json&per_page=20000&date=2020%3A2024
LBR,IT.NET.USER.ZS,internet_users_percent,2023,31.22410011,https://api.worldbank.org/v2/country/all/indicator/IT.NET.USER.ZS?format=json&per_page=20000&date=2020%3A2024
LBR,IT.NET.USER.ZS,internet_users_percent,2022,30.38010025,https://api.worldbank.org/v2/country/all/indicator/IT.NET.USER.ZS?format=json&per_page=20000&date=2020%3A2024
LBR,IT.NET.USER.ZS,internet_users_percent,2021,26.38229942,https://api.worldbank.org/v2/country/all/indicator/IT.NET.USER.ZS?format=json&per_page=20000&date=2020%3A2024
LBR,IT.NET.USER.ZS,internet_users_percent,2020,22.91069984,https://api.worldbank.org/v2/country/all/indicator/IT.NET.USER.ZS?format=json&per_page=20000&date=2020%3A2024
LBY,IT.NET.USER.ZS,internet_users_percent,2024,81.95449829,https://api.worldbank.org/v2/country/all/indicator/IT.NET.USER.ZS?format=json&per_page=20000&date=2020%3A2024
LBY,IT.NET.USER.ZS,internet_users_percent,2023,82.10469818,https://api.worldbank.org/v2/country/all/indicator/IT.NET.USER.ZS?format=json&per_page=20000&date=2020%3A2024
LBY,IT.NET.USER.ZS,internet_users_percent,2022,80.64720154,https://api.worldbank.org/v2/country/all/indicator/IT.NET.USER.ZS?format=json&per_page=20000&date=2020%3A2024
LBY,IT.NET.USER.ZS,internet_users_percent,2021,77.438797,https://api.worldbank.org/v2/country/all/indicator/IT.NET.USER.ZS?format=json&per_page=20000&date=2020%3A2024
LBY,IT.NET.USER.ZS,internet_users_percent,2020,74.35810089,https://api.worldbank.org/v2/country/all/indicator/IT.NET.USER.ZS?format=json&per_page=20000&date=2020%3A2024
LIE,IT.NET.USER.ZS,internet_users_percent,2024,98.2641983,https://api.worldbank.org/v2/country/all/indicator/IT.NET.USER.ZS?format=json&per_page=20000&date=2020%3A2024
LIE,IT.NET.USER.ZS,internet_users_percent,2023,98.13230133,https://api.worldbank.org/v2/country/all/indicator/IT.NET.USER.ZS?format=json&per_page=20000&date=2020%3A2024
LIE,IT.NET.USER.ZS,internet_users_percent,2022,97.88069916,https://api.worldbank.org/v2/country/all/indicator/IT.NET.USER.ZS?format=json&per_page=20000&date=2020%3A2024
LIE,IT.NET.USER.ZS,internet_users_percent,2021,95.56939697,https://api.worldbank.org/v2/country/all/indicator/IT.NET.USER.ZS?format=json&per_page=20000&date=2020%3A2024
LIE,IT.NET.USER.ZS,internet_users_percent,2020,94.34999847,https://api.worldbank.org/v2/country/all/indicator/IT.NET.USER.ZS?format=json&per_page=20000&date=2020%3A2024
LTU,IT.NET.USER.ZS,internet_users_percent,2024,89.16116293,https://api.worldbank.org/v2/country/all/indicator/IT.NET.USER.ZS?format=json&per_page=20000&date=2020%3A2024
LTU,IT.NET.USER.ZS,internet_users_percent,2023,88.50287484,https://api.worldbank.org/v2/country/all/indicator/IT.NET.USER.ZS?format=json&per_page=20000&date=2020%3A2024
LTU,IT.NET.USER.ZS,internet_users_percent,2022,87.72420219,https://api.worldbank.org/v2/country/all/indicator/IT.NET.USER.ZS?format=json&per_page=20000&date=2020%3A2024
LTU,IT.NET.USER.ZS,internet_users_percent,2021,86.93054425,https://api.worldbank.org/v2/country/all/indicator/IT.NET.USER.ZS?format=json&per_page=20000&date=2020%3A2024
LTU,IT.NET.USER.ZS,internet_users_percent,2020,83.05554724,https://api.worldbank.org/v2/country/all/indicator/IT.NET.USER.ZS?format=json&per_page=20000&date=2020%3A2024
LUX,IT.NET.USER.ZS,internet_users_percent,2024,98.7606147,https://api.worldbank.org/v2/country/all/indicator/IT.NET.USER.ZS?format=json&per_page=20000&date=2020%3A2024
LUX,IT.NET.USER.ZS,internet_users_percent,2023,99.34785707,https://api.worldbank.org/v2/country/all/indicator/IT.NET.USER.ZS?format=json&per_page=20000&date=2020%3A2024
LUX,IT.NET.USER.ZS,internet_users_percent,2022,98.24203749,https://api.worldbank.org/v2/country/all/indicator/IT.NET.USER.ZS?format=json&per_page=20000&date=2020%3A2024
LUX,IT.NET.USER.ZS,internet_users_percent,2021,98.66086333,https://api.worldbank.org/v2/country/all/indicator/IT.NET.USER.ZS?format=json&per_page=20000&date=2020%3A2024
LUX,IT.NET.USER.ZS,internet_users_percent,2020,98.45962893,https://api.worldbank.org/v2/country/all/indicator/IT.NET.USER.ZS?format=json&per_page=20000&date=2020%3A2024
MAC,IT.NET.USER.ZS,internet_users_percent,2024,89.82640076,https://api.worldbank.org/v2/country/all/indicator/IT.NET.USER.ZS?format=json&per_page=20000&date=2020%3A2024
MAC,IT.NET.USER.ZS,internet_users_percent,2023,89.82640076,https://api.worldbank.org/v2/country/all/indicator/IT.NET.USER.ZS?format=json&per_page=20000&date=2020%3A2024
MAC,IT.NET.USER.ZS,internet_users_percent,2022,89.48549652,https://api.worldbank.org/v2/country/all/indicator/IT.NET.USER.ZS?format=json&per_page=20000&date=2020%3A2024
MAC,IT.NET.USER.ZS,internet_users_percent,2021,88.46810492,https://api.worldbank.org/v2/country/all/indicator/IT.NET.USER.ZS?format=json&per_page=20000&date=2020%3A2024
MAC,IT.NET.USER.ZS,internet_users_percent,2020,87.46230316,https://api.worldbank.org/v2/country/all/indicator/IT.NET.USER.ZS?format=json&per_page=20000&date=2020%3A2024
MDG,IT.NET.USER.ZS,internet_users_percent,2024,18.67790031,https://api.worldbank.org/v2/country/all/indicator/IT.NET.USER.ZS?format=json&per_page=20000&date=2020%3A2024
MDG,IT.NET.USER.ZS,internet_users_percent,2023,18.24080086,https://api.worldbank.org/v2/country/all/indicator/IT.NET.USER.ZS?format=json&per_page=20000&date=2020%3A2024
MDG,IT.NET.USER.ZS,internet_users_percent,2022,17.81170082,https://api.worldbank.org/v2/country/all/indicator/IT.NET.USER.ZS?format=json&per_page=20000&date=2020%3A2024
MDG,IT.NET.USER.ZS,internet_users_percent,2021,13.74590015,https://api.worldbank.org/v2/country/all/indicator/IT.NET.USER.ZS?format=json&per_page=20000&date=2020%3A2024
MDG,IT.NET.USER.ZS,internet_users_percent,2020,11.35470009,https://api.worldbank.org/v2/country/all/indicator/IT.NET.USER.ZS?format=json&per_page=20000&date=2020%3A2024
MWI,IT.NET.USER.ZS,internet_users_percent,2024,18.96159935,https://api.worldbank.org/v2/country/all/indicator/IT.NET.USER.ZS?format=json&per_page=20000&date=2020%3A2024
MWI,IT.NET.USER.ZS,internet_users_percent,2023,17.98810346,https://api.worldbank.org/v2/country/all/indicator/IT.NET.USER.ZS?format=json&per_page=20000&date=2020%3A2024
MWI,IT.NET.USER.ZS,internet_users_percent,2022,16.84830093,https://api.worldbank.org/v2/country/all/indicator/IT.NET.USER.ZS?format=json&per_page=20000&date=2020%3A2024
MWI,IT.NET.USER.ZS,internet_users_percent,2021,15.30300045,https://api.worldbank.org/v2/country/all/indicator/IT.NET.USER.ZS?format=json&per_page=20000&date=2020%3A2024
MWI,IT.NET.USER.ZS,internet_users_percent,2020,13.89949989,https://api.worldbank.org/v2/country/all/indicator/IT.NET.USER.ZS?format=json&per_page=20000&date=2020%3A2024
MYS,IT.NET.USER.ZS,internet_users_percent,2024,98.0206059,https://api.worldbank.org/v2/country/all/indicator/IT.NET.USER.ZS?format=json&per_page=20000&date=2020%3A2024
MYS,IT.NET.USER.ZS,internet_users_percent,2023,97.69272633,https://api.worldbank.org/v2/country/all/indicator/IT.NET.USER.ZS?format=json&per_page=20000&date=2020%3A2024
MYS,IT.NET.USER.ZS,internet_users_percent,2022,97.3986404,https://api.worldbank.org/v2/country/all/indicator/IT.NET.USER.ZS?format=json&per_page=20000&date=2020%3A2024
MYS,IT.NET.USER.ZS,internet_users_percent,2021,96.7514278,https://api.worldbank.org/v2/country/all/indicator/IT.NET.USER.ZS?format=json&per_page=20000&date=2020%3A2024
MYS,IT.NET.USER.ZS,internet_users_percent,2020,89.55501192,https://api.worldbank.org/v2/country/all/indicator/IT.NET.USER.ZS?format=json&per_page=20000&date=2020%3A2024
MDV,IT.NET.USER.ZS,internet_users_percent,2024,85.23999786,https://api.worldbank.org/v2/country/all/indicator/IT.NET.USER.ZS?format=json&per_page=20000&date=2020%3A2024
MDV,IT.NET.USER.ZS,internet_users_percent,2023,84.55290222,https://api.worldbank.org/v2/country/all/indicator/IT.NET.USER.ZS?format=json&per_page=20000&date=2020%3A2024
MDV,IT.NET.USER.ZS,internet_users_percent,2022,83.91189054,https://api.worldbank.org/v2/country/all/indicator/IT.NET.USER.ZS?format=json&per_page=20000&date=2020%3A2024
MDV,IT.NET.USER.ZS,internet_users_percent,2021,81.95760345,https://api.worldbank.org/v2/country/all/indicator/IT.NET.USER.ZS?format=json&per_page=20000&date=2020%3A2024
MDV,IT.NET.USER.ZS,internet_users_percent,2020,79.09780121,https://api.worldbank.org/v2/country/all/indicator/IT.NET.USER.ZS?format=json&per_page=20000&date=2020%3A2024
MLI,IT.NET.USER.ZS,internet_users_percent,2024,36.80149841,https://api.worldbank.org/v2/country/all/indicator/IT.NET.USER.ZS?format=json&per_page=20000&date=2020%3A2024
MLI,IT.NET.USER.ZS,internet_users_percent,2023,36.03879929,https://api.worldbank.org/v2/country/all/indicator/IT.NET.USER.ZS?format=json&per_page=20000&date=2020%3A2024
MLI,IT.NET.USER.ZS,internet_users_percent,2022,35.19919968,https://api.worldbank.org/v2/country/all/indicator/IT.NET.USER.ZS?format=json&per_page=20000&date=2020%3A2024
MLI,IT.NET.USER.ZS,internet_users_percent,2021,33.95650101,https://api.worldbank.org/v2/country/all/indicator/IT.NET.USER.ZS?format=json&per_page=20000&date=2020%3A2024
MLI,IT.NET.USER.ZS,internet_users_percent,2020,29.11300087,https://api.worldbank.org/v2/country/all/indicator/IT.NET.USER.ZS?format=json&per_page=20000&date=2020%3A2024
MLT,IT.NET.USER.ZS,internet_users_percent,2024,93.86029816,https://api.worldbank.org/v2/country/all/indicator/IT.NET.USER.ZS?format=json&per_page=20000&date=2020%3A2024
MLT,IT.NET.USER.ZS,internet_users_percent,2023,92.07266941,https://api.worldbank.org/v2/country/all/indicator/IT.NET.USER.ZS?format=json&per_page=20000&date=2020%3A2024
MLT,IT.NET.USER.ZS,internet_users_percent,2022,91.54062209,https://api.worldbank.org/v2/country/all/indicator/IT.NET.USER.ZS?format=json&per_page=20000&date=2020%3A2024
MLT,IT.NET.USER.ZS,internet_users_percent,2021,87.46977742,https://api.worldbank.org/v2/country/all/indicator/IT.NET.USER.ZS?format=json&per_page=20000&date=2020%3A2024
MLT,IT.NET.USER.ZS,internet_users_percent,2020,86.85876183,https://api.worldbank.org/v2/country/all/indicator/IT.NET.USER.ZS?format=json&per_page=20000&date=2020%3A2024
MHL,IT.NET.USER.ZS,internet_users_percent,2024,65.915802,https://api.worldbank.org/v2/country/all/indicator/IT.NET.USER.ZS?format=json&per_page=20000&date=2020%3A2024
MHL,IT.NET.USER.ZS,internet_users_percent,2023,64.07589722,https://api.worldbank.org/v2/country/all/indicator/IT.NET.USER.ZS?format=json&per_page=20000&date=2020%3A2024
MHL,IT.NET.USER.ZS,internet_users_percent,2022,64.26719666,https://api.worldbank.org/v2/country/all/indicator/IT.NET.USER.ZS?format=json&per_page=20000&date=2020%3A2024
MHL,IT.NET.USER.ZS,internet_users_percent,2021,63.97259903,https://api.worldbank.org/v2/country/all/indicator/IT.NET.USER.ZS?format=json&per_page=20000&date=2020%3A2024
MHL,IT.NET.USER.ZS,internet_users_percent,2020,56.41910172,https://api.worldbank.org/v2/country/all/indicator/IT.NET.USER.ZS?format=json&per_page=20000&date=2020%3A2024
MRT,IT.NET.USER.ZS,internet_users_percent,2024,45.77939987,https://api.worldbank.org/v2/country/all/indicator/IT.NET.USER.ZS?format=json&per_page=20000&date=2020%3A2024
MRT,IT.NET.USER.ZS,internet_users_percent,2023,44.95629883,https://api.worldbank.org/v2/country/all/indicator/IT.NET.USER.ZS?format=json&per_page=20000&date=2020%3A2024
MRT,IT.NET.USER.ZS,internet_users_percent,2022,42.46450043,https://api.worldbank.org/v2/country/all/indicator/IT.NET.USER.ZS?format=json&per_page=20000&date=2020%3A2024
MRT,IT.NET.USER.ZS,internet_users_percent,2021,35.63660049,https://api.worldbank.org/v2/country/all/indicator/IT.NET.USER.ZS?format=json&per_page=20000&date=2020%3A2024
MRT,IT.NET.USER.ZS,internet_users_percent,2020,29.90649986,https://api.worldbank.org/v2/country/all/indicator/IT.NET.USER.ZS?format=json&per_page=20000&date=2020%3A2024
MUS,IT.NET.USER.ZS,internet_users_percent,2024,73.30793533,https://api.worldbank.org/v2/country/all/indicator/IT.NET.USER.ZS?format=json&per_page=20000&date=2020%3A2024
MUS,IT.NET.USER.ZS,internet_users_percent,2023,79.5,https://api.worldbank.org/v2/country/all/indicator/IT.NET.USER.ZS?format=json&per_page=20000&date=2020%3A2024
MUS,IT.NET.USER.ZS,internet_users_percent,2022,75.5,https://api.worldbank.org/v2/country/all/indicator/IT.NET.USER.ZS?format=json&per_page=20000&date=2020%3A2024
MUS,IT.NET.USER.ZS,internet_users_percent,2021,71.59999847,https://api.worldbank.org/v2/country/all/indicator/IT.NET.USER.ZS?format=json&per_page=20000&date=2020%3A2024
MUS,IT.NET.USER.ZS,internet_users_percent,2020,67.73290684,https://api.worldbank.org/v2/country/all/indicator/IT.NET.USER.ZS?format=json&per_page=20000&date=2020%3A2024
MEX,IT.NET.USER.ZS,internet_users_percent,2024,83.12233799,https://api.worldbank.org/v2/country/all/indicator/IT.NET.USER.ZS?format=json&per_page=20000&date=2020%3A2024
MEX,IT.NET.USER.ZS,internet_users_percent,2023,81.18318755,https://api.worldbank.org/v2/country/all/indicator/IT.NET.USER.ZS?format=json&per_page=20000&date=2020%3A2024
MEX,IT.NET.USER.ZS,internet_users_percent,2022,78.63217894,https://api.worldbank.org/v2/country/all/indicator/IT.NET.USER.ZS?format=json&per_page=20000&date=2020%3A2024
MEX,IT.NET.USER.ZS,internet_users_percent,2021,75.62650476,https://api.worldbank.org/v2/country/all/indicator/IT.NET.USER.ZS?format=json&per_page=20000&date=2020%3A2024
MEX,IT.NET.USER.ZS,internet_users_percent,2020,71.49017499,https://api.worldbank.org/v2/country/all/indicator/IT.NET.USER.ZS?format=json&per_page=20000&date=2020%3A2024
FSM,IT.NET.USER.ZS,internet_users_percent,2024,39.52360153,https://api.worldbank.org/v2/country/all/indicator/IT.NET.USER.ZS?format=json&per_page=20000&date=2020%3A2024
FSM,IT.NET.USER.ZS,internet_users_percent,2023,39.39889908,https://api.worldbank.org/v2/country/all/indicator/IT.NET.USER.ZS?format=json&per_page=20000&date=2020%3A2024
FSM,IT.NET.USER.ZS,internet_users_percent,2022,39.0279007,https://api.worldbank.org/v2/country/all/indicator/IT.NET.USER.ZS?format=json&per_page=20000&date=2020%3A2024
FSM,IT.NET.USER.ZS,internet_users_percent,2021,,https://api.worldbank.org/v2/country/all/indicator/IT.NET.USER.ZS?format=json&per_page=20000&date=2020%3A2024
FSM,IT.NET.USER.ZS,internet_users_percent,2020,39.38330078,https://api.worldbank.org/v2/country/all/indicator/IT.NET.USER.ZS?format=json&per_page=20000&date=2020%3A2024
MDA,IT.NET.USER.ZS,internet_users_percent,2024,77.3687973,https://api.worldbank.org/v2/country/all/indicator/IT.NET.USER.ZS?format=json&per_page=20000&date=2020%3A2024
MDA,IT.NET.USER.ZS,internet_users_percent,2023,76.50330353,https://api.worldbank.org/v2/country/all/indicator/IT.NET.USER.ZS?format=json&per_page=20000&date=2020%3A2024
MDA,IT.NET.USER.ZS,internet_users_percent,2022,74.91899872,https://api.worldbank.org/v2/country/all/indicator/IT.NET.USER.ZS?format=json&per_page=20000&date=2020%3A2024
MDA,IT.NET.USER.ZS,internet_users_percent,2021,74.91899872,https://api.worldbank.org/v2/country/all/indicator/IT.NET.USER.ZS?format=json&per_page=20000&date=2020%3A2024
MDA,IT.NET.USER.ZS,internet_users_percent,2020,74.11830139,https://api.worldbank.org/v2/country/all/indicator/IT.NET.USER.ZS?format=json&per_page=20000&date=2020%3A2024
MCO,IT.NET.USER.ZS,internet_users_percent,2024,99.04489899,https://api.worldbank.org/v2/country/all/indicator/IT.NET.USER.ZS?format=json&per_page=20000&date=2020%3A2024
MCO,IT.NET.USER.ZS,internet_users_percent,2023,98.87049866,https://api.worldbank.org/v2/country/all/indicator/IT.NET.USER.ZS?format=json&per_page=20000&date=2020%3A2024
MCO,IT.NET.USER.ZS,internet_users_percent,2022,98.75189972,https://api.worldbank.org/v2/country/all/indicator/IT.NET.USER.ZS?format=json&per_page=20000&date=2020%3A2024
MCO,IT.NET.USER.ZS,internet_users_percent,2021,99.07759857,https://api.worldbank.org/v2/country/all/indicator/IT.NET.USER.ZS?format=json&per_page=20000&date=2020%3A2024
MCO,IT.NET.USER.ZS,internet_users_percent,2020,98.57080078,https://api.worldbank.org/v2/country/all/indicator/IT.NET.USER.ZS?format=json&per_page=20000&date=2020%3A2024
MNG,IT.NET.USER.ZS,internet_users_percent,2024,85.12349701,https://api.worldbank.org/v2/country/all/indicator/IT.NET.USER.ZS?format=json&per_page=20000&date=2020%3A2024
MNG,IT.NET.USER.ZS,internet_users_percent,2023,83.74320221,https://api.worldbank.org/v2/country/all/indicator/IT.NET.USER.ZS?format=json&per_page=20000&date=2020%3A2024
MNG,IT.NET.USER.ZS,internet_users_percent,2022,81.07720184,https://api.worldbank.org/v2/country/all/indicator/IT.NET.USER.ZS?format=json&per_page=20000&date=2020%3A2024
MNG,IT.NET.USER.ZS,internet_users_percent,2021,81.60682285,https://api.worldbank.org/v2/country/all/indicator/IT.NET.USER.ZS?format=json&per_page=20000&date=2020%3A2024
MNG,IT.NET.USER.ZS,internet_users_percent,2020,62.50002848,https://api.worldbank.org/v2/country/all/indicator/IT.NET.USER.ZS?format=json&per_page=20000&date=2020%3A2024
MNE,IT.NET.USER.ZS,internet_users_percent,2024,88.88258428,https://api.worldbank.org/v2/country/all/indicator/IT.NET.USER.ZS?format=json&per_page=20000&date=2020%3A2024
MNE,IT.NET.USER.ZS,internet_users_percent,2023,88.5515976,https://api.worldbank.org/v2/country/all/indicator/IT.NET.USER.ZS?format=json&per_page=20000&date=2020%3A2024
MNE,IT.NET.USER.ZS,internet_users_percent,2022,88.22192026,https://api.worldbank.org/v2/country/all/indicator/IT.NET.USER.ZS?format=json&per_page=20000&date=2020%3A2024
MNE,IT.NET.USER.ZS,internet_users_percent,2021,82.21969752,https://api.worldbank.org/v2/country/all/indicator/IT.NET.USER.ZS?format=json&per_page=20000&date=2020%3A2024
MNE,IT.NET.USER.ZS,internet_users_percent,2020,77.60879306,https://api.worldbank.org/v2/country/all/indicator/IT.NET.USER.ZS?format=json&per_page=20000&date=2020%3A2024
MAR,IT.NET.USER.ZS,internet_users_percent,2024,91.2,https://api.worldbank.org/v2/country/all/indicator/IT.NET.USER.ZS?format=json&per_page=20000&date=2020%3A2024
MAR,IT.NET.USER.ZS,internet_users_percent,2023,91.0,https://api.worldbank.org/v2/country/all/indicator/IT.NET.USER.ZS?format=json&per_page=20000&date=2020%3A2024
MAR,IT.NET.USER.ZS,internet_users_percent,2022,89.9,https://api.worldbank.org/v2/country/all/indicator/IT.NET.USER.ZS?format=json&per_page=20000&date=2020%3A2024
MAR,IT.NET.USER.ZS,internet_users_percent,2021,88.13031937,https://api.worldbank.org/v2/country/all/indicator/IT.NET.USER.ZS?format=json&per_page=20000&date=2020%3A2024
MAR,IT.NET.USER.ZS,internet_users_percent,2020,84.12036305,https://api.worldbank.org/v2/country/all/indicator/IT.NET.USER.ZS?format=json&per_page=20000&date=2020%3A2024
MOZ,IT.NET.USER.ZS,internet_users_percent,2024,20.52729988,https://api.worldbank.org/v2/country/all/indicator/IT.NET.USER.ZS?format=json&per_page=20000&date=2020%3A2024
MOZ,IT.NET.USER.ZS,internet_users_percent,2023,19.94560051,https://api.worldbank.org/v2/country/all/indicator/IT.NET.USER.ZS?format=json&per_page=20000&date=2020%3A2024
MOZ,IT.NET.USER.ZS,internet_users_percent,2022,18.96220016,https://api.worldbank.org/v2/country/all/indicator/IT.NET.USER.ZS?format=json&per_page=20000&date=2020%3A2024
MOZ,IT.NET.USER.ZS,internet_users_percent,2021,16.35759926,https://api.worldbank.org/v2/country/all/indicator/IT.NET.USER.ZS?format=json&per_page=20000&date=2020%3A2024
MOZ,IT.NET.USER.ZS,internet_users_percent,2020,14.28740025,https://api.worldbank.org/v2/country/all/indicator/IT.NET.USER.ZS?format=json&per_page=20000&date=2020%3A2024
MMR,IT.NET.USER.ZS,internet_users_percent,2024,,https://api.worldbank.org/v2/country/all/indicator/IT.NET.USER.ZS?format=json&per_page=20000&date=2020%3A2024
MMR,IT.NET.USER.ZS,internet_users_percent,2023,,https://api.worldbank.org/v2/country/all/indicator/IT.NET.USER.ZS?format=json&per_page=20000&date=2020%3A2024
MMR,IT.NET.USER.ZS,internet_users_percent,2022,,https://api.worldbank.org/v2/country/all/indicator/IT.NET.USER.ZS?format=json&per_page=20000&date=2020%3A2024
MMR,IT.NET.USER.ZS,internet_users_percent,2021,,https://api.worldbank.org/v2/country/all/indicator/IT.NET.USER.ZS?format=json&per_page=20000&date=2020%3A2024
MMR,IT.NET.USER.ZS,internet_users_percent,2020,45.4477005,https://api.worldbank.org/v2/country/all/indicator/IT.NET.USER.ZS?format=json&per_page=20000&date=2020%3A2024
NAM,IT.NET.USER.ZS,internet_users_percent,2024,64.87460327,https://api.worldbank.org/v2/country/all/indicator/IT.NET.USER.ZS?format=json&per_page=20000&date=2020%3A2024
NAM,IT.NET.USER.ZS,internet_users_percent,2023,63.69549942,https://api.worldbank.org/v2/country/all/indicator/IT.NET.USER.ZS?format=json&per_page=20000&date=2020%3A2024
NAM,IT.NET.USER.ZS,internet_users_percent,2022,62.99720001,https://api.worldbank.org/v2/country/all/indicator/IT.NET.USER.ZS?format=json&per_page=20000&date=2020%3A2024
NAM,IT.NET.USER.ZS,internet_users_percent,2021,60.25999832,https://api.worldbank.org/v2/country/all/indicator/IT.NET.USER.ZS?format=json&per_page=20000&date=2020%3A2024
NAM,IT.NET.USER.ZS,internet_users_percent,2020,57.8608017,https://api.worldbank.org/v2/country/all/indicator/IT.NET.USER.ZS?format=json&per_page=20000&date=2020%3A2024
NRU,IT.NET.USER.ZS,internet_users_percent,2024,83.01170349,https://api.worldbank.org/v2/country/all/indicator/IT.NET.USER.ZS?format=json&per_page=20000&date=2020%3A2024
NRU,IT.NET.USER.ZS,internet_users_percent,2023,83.03970337,https://api.worldbank.org/v2/country/all/indicator/IT.NET.USER.ZS?format=json&per_page=20000&date=2020%3A2024
NRU,IT.NET.USER.ZS,internet_users_percent,2022,83.22660065,https://api.worldbank.org/v2/country/all/indicator/IT.NET.USER.ZS?format=json&per_page=20000&date=2020%3A2024
NRU,IT.NET.USER.ZS,internet_users_percent,2021,80.29499817,https://api.worldbank.org/v2/country/all/indicator/IT.NET.USER.ZS?format=json&per_page=20000&date=2020%3A2024
NRU,IT.NET.USER.ZS,internet_users_percent,2020,77.46659851,https://api.worldbank.org/v2/country/all/indicator/IT.NET.USER.ZS?format=json&per_page=20000&date=2020%3A2024
NPL,IT.NET.USER.ZS,internet_users_percent,2024,46.32189941,https://api.worldbank.org/v2/country/all/indicator/IT.NET.USER.ZS?format=json&per_page=20000&date=2020%3A2024
NPL,IT.NET.USER.ZS,internet_users_percent,2023,45.80680084,https://api.worldbank.org/v2/country/all/indicator/IT.NET.USER.ZS?format=json&per_page=20000&date=2020%3A2024
NPL,IT.NET.USER.ZS,internet_users_percent,2022,45.45080185,https://api.worldbank.org/v2/country/all/indicator/IT.NET.USER.ZS?format=json&per_page=20000&date=2020%3A2024
NPL,IT.NET.USER.ZS,internet_users_percent,2021,40.98910141,https://api.worldbank.org/v2/country/all/indicator/IT.NET.USER.ZS?format=json&per_page=20000&date=2020%3A2024
NPL,IT.NET.USER.ZS,internet_users_percent,2020,36.96530151,https://api.worldbank.org/v2/country/all/indicator/IT.NET.USER.ZS?format=json&per_page=20000&date=2020%3A2024
NLD,IT.NET.USER.ZS,internet_users_percent,2024,97.00679779,https://api.worldbank.org/v2/country/all/indicator/IT.NET.USER.ZS?format=json&per_page=20000&date=2020%3A2024
NLD,IT.NET.USER.ZS,internet_users_percent,2023,97.00680272,https://api.worldbank.org/v2/country/all/indicator/IT.NET.USER.ZS?format=json&per_page=20000&date=2020%3A2024
NLD,IT.NET.USER.ZS,internet_users_percent,2022,92.51968504,https://api.worldbank.org/v2/country/all/indicator/IT.NET.USER.ZS?format=json&per_page=20000&date=2020%3A2024
NLD,IT.NET.USER.ZS,internet_users_percent,2021,92.05298013,https://api.worldbank.org/v2/country/all/indicator/IT.NET.USER.ZS?format=json&per_page=20000&date=2020%3A2024
NLD,IT.NET.USER.ZS,internet_users_percent,2020,91.33333333,https://api.worldbank.org/v2/country/all/indicator/IT.NET.USER.ZS?format=json&per_page=20000&date=2020%3A2024
NCL,IT.NET.USER.ZS,internet_users_percent,2024,,https://api.worldbank.org/v2/country/all/indicator/IT.NET.USER.ZS?format=json&per_page=20000&date=2020%3A2024
NCL,IT.NET.USER.ZS,internet_users_percent,2023,,https://api.worldbank.org/v2/country/all/indicator/IT.NET.USER.ZS?format=json&per_page=20000&date=2020%3A2024
NCL,IT.NET.USER.ZS,internet_users_percent,2022,,https://api.worldbank.org/v2/country/all/indicator/IT.NET.USER.ZS?format=json&per_page=20000&date=2020%3A2024
NCL,IT.NET.USER.ZS,internet_users_percent,2021,,https://api.worldbank.org/v2/country/all/indicator/IT.NET.USER.ZS?format=json&per_page=20000&date=2020%3A2024
NCL,IT.NET.USER.ZS,internet_users_percent,2020,,https://api.worldbank.org/v2/country/all/indicator/IT.NET.USER.ZS?format=json&per_page=20000&date=2020%3A2024
NZL,IT.NET.USER.ZS,internet_users_percent,2024,93.51930237,https://api.worldbank.org/v2/country/all/indicator/IT.NET.USER.ZS?format=json&per_page=20000&date=2020%3A2024
NZL,IT.NET.USER.ZS,internet_users_percent,2023,93.32610321,https://api.worldbank.org/v2/country/all/indicator/IT.NET.USER.ZS?format=json&per_page=20000&date=2020%3A2024
NZL,IT.NET.USER.ZS,internet_users_percent,2022,93.07289886,https://api.worldbank.org/v2/country/all/indicator/IT.NET.USER.ZS?format=json&per_page=20000&date=2020%3A2024
NZL,IT.NET.USER.ZS,internet_users_percent,2021,91.99060059,https://api.worldbank.org/v2/country/all/indicator/IT.NET.USER.ZS?format=json&per_page=20000&date=2020%3A2024
NZL,IT.NET.USER.ZS,internet_users_percent,2020,90.92099762,https://api.worldbank.org/v2/country/all/indicator/IT.NET.USER.ZS?format=json&per_page=20000&date=2020%3A2024
NIC,IT.NET.USER.ZS,internet_users_percent,2024,61.39550018,https://api.worldbank.org/v2/country/all/indicator/IT.NET.USER.ZS?format=json&per_page=20000&date=2020%3A2024
NIC,IT.NET.USER.ZS,internet_users_percent,2023,60.30120087,https://api.worldbank.org/v2/country/all/indicator/IT.NET.USER.ZS?format=json&per_page=20000&date=2020%3A2024
NIC,IT.NET.USER.ZS,internet_users_percent,2022,59.38000107,https://api.worldbank.org/v2/country/all/indicator/IT.NET.USER.ZS?format=json&per_page=20000&date=2020%3A2024
NIC,IT.NET.USER.ZS,internet_users_percent,2021,51.62039948,https://api.worldbank.org/v2/country/all/indicator/IT.NET.USER.ZS?format=json&per_page=20000&date=2020%3A2024
NIC,IT.NET.USER.ZS,internet_users_percent,2020,44.87490082,https://api.worldbank.org/v2/country/all/indicator/IT.NET.USER.ZS?format=json&per_page=20000&date=2020%3A2024
NER,IT.NET.USER.ZS,internet_users_percent,2024,15.55760002,https://api.worldbank.org/v2/country/all/indicator/IT.NET.USER.ZS?format=json&per_page=20000&date=2020%3A2024
NER,IT.NET.USER.ZS,internet_users_percent,2023,12.98079967,https://api.worldbank.org/v2/country/all/indicator/IT.NET.USER.ZS?format=json&per_page=20000&date=2020%3A2024
NER,IT.NET.USER.ZS,internet_users_percent,2022,13.08749962,https://api.worldbank.org/v2/country/all/indicator/IT.NET.USER.ZS?format=json&per_page=20000&date=2020%3A2024
NER,IT.NET.USER.ZS,internet_users_percent,2021,12.45689964,https://api.worldbank.org/v2/country/all/indicator/IT.NET.USER.ZS?format=json&per_page=20000&date=2020%3A2024
NER,IT.NET.USER.ZS,internet_users_percent,2020,11.85680008,https://api.worldbank.org/v2/country/all/indicator/IT.NET.USER.ZS?format=json&per_page=20000&date=2020%3A2024
NGA,IT.NET.USER.ZS,internet_users_percent,2024,41.21139908,https://api.worldbank.org/v2/country/all/indicator/IT.NET.USER.ZS?format=json&per_page=20000&date=2020%3A2024
NGA,IT.NET.USER.ZS,internet_users_percent,2023,40.06399918,https://api.worldbank.org/v2/country/all/indicator/IT.NET.USER.ZS?format=json&per_page=20000&date=2020%3A2024
NGA,IT.NET.USER.ZS,internet_users_percent,2022,39.14720154,https://api.worldbank.org/v2/country/all/indicator/IT.NET.USER.ZS?format=json&per_page=20000&date=2020%3A2024
NGA,IT.NET.USER.ZS,internet_users_percent,2021,35.50979996,https://api.worldbank.org/v2/country/all/indicator/IT.NET.USER.ZS?format=json&per_page=20000&date=2020%3A2024
NGA,IT.NET.USER.ZS,internet_users_percent,2020,31.88879967,https://api.worldbank.org/v2/country/all/indicator/IT.NET.USER.ZS?format=json&per_page=20000&date=2020%3A2024
MKD,IT.NET.USER.ZS,internet_users_percent,2024,93.6,https://api.worldbank.org/v2/country/all/indicator/IT.NET.USER.ZS?format=json&per_page=20000&date=2020%3A2024
MKD,IT.NET.USER.ZS,internet_users_percent,2023,88.5,https://api.worldbank.org/v2/country/all/indicator/IT.NET.USER.ZS?format=json&per_page=20000&date=2020%3A2024
MKD,IT.NET.USER.ZS,internet_users_percent,2022,83.85030365,https://api.worldbank.org/v2/country/all/indicator/IT.NET.USER.ZS?format=json&per_page=20000&date=2020%3A2024
MKD,IT.NET.USER.ZS,internet_users_percent,2021,81.873703,https://api.worldbank.org/v2/country/all/indicator/IT.NET.USER.ZS?format=json&per_page=20000&date=2020%3A2024
MKD,IT.NET.USER.ZS,internet_users_percent,2020,81.40553811,https://api.worldbank.org/v2/country/all/indicator/IT.NET.USER.ZS?format=json&per_page=20000&date=2020%3A2024
MNP,IT.NET.USER.ZS,internet_users_percent,2024,,https://api.worldbank.org/v2/country/all/indicator/IT.NET.USER.ZS?format=json&per_page=20000&date=2020%3A2024
MNP,IT.NET.USER.ZS,internet_users_percent,2023,,https://api.worldbank.org/v2/country/all/indicator/IT.NET.USER.ZS?format=json&per_page=20000&date=2020%3A2024
MNP,IT.NET.USER.ZS,internet_users_percent,2022,,https://api.worldbank.org/v2/country/all/indicator/IT.NET.USER.ZS?format=json&per_page=20000&date=2020%3A2024
MNP,IT.NET.USER.ZS,internet_users_percent,2021,,https://api.worldbank.org/v2/country/all/indicator/IT.NET.USER.ZS?format=json&per_page=20000&date=2020%3A2024
MNP,IT.NET.USER.ZS,internet_users_percent,2020,,https://api.worldbank.org/v2/country/all/indicator/IT.NET.USER.ZS?format=json&per_page=20000&date=2020%3A2024
NOR,IT.NET.USER.ZS,internet_users_percent,2024,99.0,https://api.worldbank.org/v2/country/all/indicator/IT.NET.USER.ZS?format=json&per_page=20000&date=2020%3A2024
NOR,IT.NET.USER.ZS,internet_users_percent,2023,99.00000258,https://api.worldbank.org/v2/country/all/indicator/IT.NET.USER.ZS?format=json&per_page=20000&date=2020%3A2024
NOR,IT.NET.USER.ZS,internet_users_percent,2022,98.99997764,https://api.worldbank.org/v2/country/all/indicator/IT.NET.USER.ZS?format=json&per_page=20000&date=2020%3A2024
NOR,IT.NET.USER.ZS,internet_users_percent,2021,99.0000036,https://api.worldbank.org/v2/country/all/indicator/IT.NET.USER.ZS?format=json&per_page=20000&date=2020%3A2024
NOR,IT.NET.USER.ZS,internet_users_percent,2020,94.60755647,https://api.worldbank.org/v2/country/all/indicator/IT.NET.USER.ZS?format=json&per_page=20000&date=2020%3A2024
OMN,IT.NET.USER.ZS,internet_users_percent,2024,95.25174678,https://api.worldbank.org/v2/country/all/indicator/IT.NET.USER.ZS?format=json&per_page=20000&date=2020%3A2024
OMN,IT.NET.USER.ZS,internet_users_percent,2023,95.25170135,https://api.worldbank.org/v2/country/all/indicator/IT.NET.USER.ZS?format=json&per_page=20000&date=2020%3A2024
OMN,IT.NET.USER.ZS,internet_users_percent,2022,95.24530029,https://api.worldbank.org/v2/country/all/indicator/IT.NET.USER.ZS?format=json&per_page=20000&date=2020%3A2024
OMN,IT.NET.USER.ZS,internet_users_percent,2021,95.23880005,https://api.worldbank.org/v2/country/all/indicator/IT.NET.USER.ZS?format=json&per_page=20000&date=2020%3A2024
OMN,IT.NET.USER.ZS,internet_users_percent,2020,95.23229321,https://api.worldbank.org/v2/country/all/indicator/IT.NET.USER.ZS?format=json&per_page=20000&date=2020%3A2024
PAK,IT.NET.USER.ZS,internet_users_percent,2024,57.253,https://api.worldbank.org/v2/country/all/indicator/IT.NET.USER.ZS?format=json&per_page=20000&date=2020%3A2024
PAK,IT.NET.USER.ZS,internet_users_percent,2023,,https://api.worldbank.org/v2/country/all/indicator/IT.NET.USER.ZS?format=json&per_page=20000&date=2020%3A2024
PAK,IT.NET.USER.ZS,internet_users_percent,2022,,https://api.worldbank.org/v2/country/all/indicator/IT.NET.USER.ZS?format=json&per_page=20000&date=2020%3A2024
PAK,IT.NET.USER.ZS,internet_users_percent,2021,,https://api.worldbank.org/v2/country/all/indicator/IT.NET.USER.ZS?format=json&per_page=20000&date=2020%3A2024
PAK,IT.NET.USER.ZS,internet_users_percent,2020,18.935,https://api.worldbank.org/v2/country/all/indicator/IT.NET.USER.ZS?format=json&per_page=20000&date=2020%3A2024
PLW,IT.NET.USER.ZS,internet_users_percent,2024,83.92549896,https://api.worldbank.org/v2/country/all/indicator/IT.NET.USER.ZS?format=json&per_page=20000&date=2020%3A2024
PLW,IT.NET.USER.ZS,internet_users_percent,2023,82.91629791,https://api.worldbank.org/v2/country/all/indicator/IT.NET.USER.ZS?format=json&per_page=20000&date=2020%3A2024
PLW,IT.NET.USER.ZS,internet_users_percent,2022,82.56749725,https://api.worldbank.org/v2/country/all/indicator/IT.NET.USER.ZS?format=json&per_page=20000&date=2020%3A2024
PLW,IT.NET.USER.ZS,internet_users_percent,2021,,https://api.worldbank.org/v2/country/all/indicator/IT.NET.USER.ZS?format=json&per_page=20000&date=2020%3A2024
PLW,IT.NET.USER.ZS,internet_users_percent,2020,,https://api.worldbank.org/v2/country/all/indicator/IT.NET.USER.ZS?format=json&per_page=20000&date=2020%3A2024
PAN,IT.NET.USER.ZS,internet_users_percent,2024,72.77149963,https://api.worldbank.org/v2/country/all/indicator/IT.NET.USER.ZS?format=json&per_page=20000&date=2020%3A2024
PAN,IT.NET.USER.ZS,internet_users_percent,2023,68.54851592,https://api.worldbank.org/v2/country/all/indicator/IT.NET.USER.ZS?format=json&per_page=20000&date=2020%3A2024
PAN,IT.NET.USER.ZS,internet_users_percent,2022,67.2838974,https://api.worldbank.org/v2/country/all/indicator/IT.NET.USER.ZS?format=json&per_page=20000&date=2020%3A2024
PAN,IT.NET.USER.ZS,internet_users_percent,2021,66.04270172,https://api.worldbank.org/v2/country/all/indicator/IT.NET.USER.ZS?format=json&per_page=20000&date=2020%3A2024
PAN,IT.NET.USER.ZS,internet_users_percent,2020,64.82430267,https://api.worldbank.org/v2/country/all/indicator/IT.NET.USER.ZS?format=json&per_page=20000&date=2020%3A2024
PNG,IT.NET.USER.ZS,internet_users_percent,2024,18.81159973,https://api.worldbank.org/v2/country/all/indicator/IT.NET.USER.ZS?format=json&per_page=20000&date=2020%3A2024
PNG,IT.NET.USER.ZS,internet_users_percent,2023,18.56130028,https://api.worldbank.org/v2/country/all/indicator/IT.NET.USER.ZS?format=json&per_page=20000&date=2020%3A2024
PNG,IT.NET.USER.ZS,internet_users_percent,2022,18.25659943,https://api.worldbank.org/v2/country/all/indicator/IT.NET.USER.ZS?format=json&per_page=20000&date=2020%3A2024
PNG,IT.NET.USER.ZS,internet_users_percent,2021,16.55960083,https://api.worldbank.org/v2/country/all/indicator/IT.NET.USER.ZS?format=json&per_page=20000&date=2020%3A2024
PNG,IT.NET.USER.ZS,internet_users_percent,2020,15.02040005,https://api.worldbank.org/v2/country/all/indicator/IT.NET.USER.ZS?format=json&per_page=20000&date=2020%3A2024
PRY,IT.NET.USER.ZS,internet_users_percent,2024,81.57806793,https://api.worldbank.org/v2/country/all/indicator/IT.NET.USER.ZS?format=json&per_page=20000&date=2020%3A2024
PRY,IT.NET.USER.ZS,internet_users_percent,2023,78.09481878,https://api.worldbank.org/v2/country/all/indicator/IT.NET.USER.ZS?format=json&per_page=20000&date=2020%3A2024
PRY,IT.NET.USER.ZS,internet_users_percent,2022,76.25916611,https://api.worldbank.org/v2/country/all/indicator/IT.NET.USER.ZS?format=json&per_page=20000&date=2020%3A2024
PRY,IT.NET.USER.ZS,internet_users_percent,2021,77.01838621,https://api.worldbank.org/v2/country/all/indicator/IT.NET.USER.ZS?format=json&per_page=20000&date=2020%3A2024
PRY,IT.NET.USER.ZS,internet_users_percent,2020,73.95751114,https://api.worldbank.org/v2/country/all/indicator/IT.NET.USER.ZS?format=json&per_page=20000&date=2020%3A2024
PER,IT.NET.USER.ZS,internet_users_percent,2024,81.95705992,https://api.worldbank.org/v2/country/all/indicator/IT.NET.USER.ZS?format=json&per_page=20000&date=2020%3A2024
PER,IT.NET.USER.ZS,internet_users_percent,2023,79.48484477,https://api.worldbank.org/v2/country/all/indicator/IT.NET.USER.ZS?format=json&per_page=20000&date=2020%3A2024
PER,IT.NET.USER.ZS,internet_users_percent,2022,74.67495213,https://api.worldbank.org/v2/country/all/indicator/IT.NET.USER.ZS?format=json&per_page=20000&date=2020%3A2024
PER,IT.NET.USER.ZS,internet_users_percent,2021,71.10782643,https://api.worldbank.org/v2/country/all/indicator/IT.NET.USER.ZS?format=json&per_page=20000&date=2020%3A2024
PER,IT.NET.USER.ZS,internet_users_percent,2020,65.25179796,https://api.worldbank.org/v2/country/all/indicator/IT.NET.USER.ZS?format=json&per_page=20000&date=2020%3A2024
PHL,IT.NET.USER.ZS,internet_users_percent,2024,67.26300914,https://api.worldbank.org/v2/country/all/indicator/IT.NET.USER.ZS?format=json&per_page=20000&date=2020%3A2024
PHL,IT.NET.USER.ZS,internet_users_percent,2023,77.86699677,https://api.worldbank.org/v2/country/all/indicator/IT.NET.USER.ZS?format=json&per_page=20000&date=2020%3A2024
PHL,IT.NET.USER.ZS,internet_users_percent,2022,75.21114422,https://api.worldbank.org/v2/country/all/indicator/IT.NET.USER.ZS?format=json&per_page=20000&date=2020%3A2024
PHL,IT.NET.USER.ZS,internet_users_percent,2021,66.90779877,https://api.worldbank.org/v2/country/all/indicator/IT.NET.USER.ZS?format=json&per_page=20000&date=2020%3A2024
PHL,IT.NET.USER.ZS,internet_users_percent,2020,53.76490021,https://api.worldbank.org/v2/country/all/indicator/IT.NET.USER.ZS?format=json&per_page=20000&date=2020%3A2024
POL,IT.NET.USER.ZS,internet_users_percent,2024,88.58496367,https://api.worldbank.org/v2/country/all/indicator/IT.NET.USER.ZS?format=json&per_page=20000&date=2020%3A2024
POL,IT.NET.USER.ZS,internet_users_percent,2023,86.414744,https://api.worldbank.org/v2/country/all/indicator/IT.NET.USER.ZS?format=json&per_page=20000&date=2020%3A2024
POL,IT.NET.USER.ZS,internet_users_percent,2022,86.94113479,https://api.worldbank.org/v2/country/all/indicator/IT.NET.USER.ZS?format=json&per_page=20000&date=2020%3A2024
POL,IT.NET.USER.ZS,internet_users_percent,2021,85.37490906,https://api.worldbank.org/v2/country/all/indicator/IT.NET.USER.ZS?format=json&per_page=20000&date=2020%3A2024
POL,IT.NET.USER.ZS,internet_users_percent,2020,83.18488715,https://api.worldbank.org/v2/country/all/indicator/IT.NET.USER.ZS?format=json&per_page=20000&date=2020%3A2024
PRT,IT.NET.USER.ZS,internet_users_percent,2024,88.48704454,https://api.worldbank.org/v2/country/all/indicator/IT.NET.USER.ZS?format=json&per_page=20000&date=2020%3A2024
PRT,IT.NET.USER.ZS,internet_users_percent,2023,85.79012676,https://api.worldbank.org/v2/country/all/indicator/IT.NET.USER.ZS?format=json&per_page=20000&date=2020%3A2024
PRT,IT.NET.USER.ZS,internet_users_percent,2022,84.49690644,https://api.worldbank.org/v2/country/all/indicator/IT.NET.USER.ZS?format=json&per_page=20000&date=2020%3A2024
PRT,IT.NET.USER.ZS,internet_users_percent,2021,82.30902804,https://api.worldbank.org/v2/country/all/indicator/IT.NET.USER.ZS?format=json&per_page=20000&date=2020%3A2024
PRT,IT.NET.USER.ZS,internet_users_percent,2020,78.26166044,https://api.worldbank.org/v2/country/all/indicator/IT.NET.USER.ZS?format=json&per_page=20000&date=2020%3A2024
PRI,IT.NET.USER.ZS,internet_users_percent,2024,,https://api.worldbank.org/v2/country/all/indicator/IT.NET.USER.ZS?format=json&per_page=20000&date=2020%3A2024
PRI,IT.NET.USER.ZS,internet_users_percent,2023,,https://api.worldbank.org/v2/country/all/indicator/IT.NET.USER.ZS?format=json&per_page=20000&date=2020%3A2024
PRI,IT.NET.USER.ZS,internet_users_percent,2022,87.29178106,https://api.worldbank.org/v2/country/all/indicator/IT.NET.USER.ZS?format=json&per_page=20000&date=2020%3A2024
PRI,IT.NET.USER.ZS,internet_users_percent,2021,84.78666399,https://api.worldbank.org/v2/country/all/indicator/IT.NET.USER.ZS?format=json&per_page=20000&date=2020%3A2024
PRI,IT.NET.USER.ZS,internet_users_percent,2020,,https://api.worldbank.org/v2/country/all/indicator/IT.NET.USER.ZS?format=json&per_page=20000&date=2020%3A2024
QAT,IT.NET.USER.ZS,internet_users_percent,2024,98.08540344,https://api.worldbank.org/v2/country/all/indicator/IT.NET.USER.ZS?format=json&per_page=20000&date=2020%3A2024
QAT,IT.NET.USER.ZS,internet_users_percent,2023,98.15229797,https://api.worldbank.org/v2/country/all/indicator/IT.NET.USER.ZS?format=json&per_page=20000&date=2020%3A2024
QAT,IT.NET.USER.ZS,internet_users_percent,2022,98.03800201,https://api.worldbank.org/v2/country/all/indicator/IT.NET.USER.ZS?format=json&per_page=20000&date=2020%3A2024
QAT,IT.NET.USER.ZS,internet_users_percent,2021,99.65280151,https://api.worldbank.org/v2/country/all/indicator/IT.NET.USER.ZS?format=json&per_page=20000&date=2020%3A2024
QAT,IT.NET.USER.ZS,internet_users_percent,2020,99.65284913,https://api.worldbank.org/v2/country/all/indicator/IT.NET.USER.ZS?format=json&per_page=20000&date=2020%3A2024
ROU,IT.NET.USER.ZS,internet_users_percent,2024,91.29048551,https://api.worldbank.org/v2/country/all/indicator/IT.NET.USER.ZS?format=json&per_page=20000&date=2020%3A2024
ROU,IT.NET.USER.ZS,internet_users_percent,2023,89.20335498,https://api.worldbank.org/v2/country/all/indicator/IT.NET.USER.ZS?format=json&per_page=20000&date=2020%3A2024
ROU,IT.NET.USER.ZS,internet_users_percent,2022,85.50309124,https://api.worldbank.org/v2/country/all/indicator/IT.NET.USER.ZS?format=json&per_page=20000&date=2020%3A2024
ROU,IT.NET.USER.ZS,internet_users_percent,2021,83.5904265,https://api.worldbank.org/v2/country/all/indicator/IT.NET.USER.ZS?format=json&per_page=20000&date=2020%3A2024
ROU,IT.NET.USER.ZS,internet_users_percent,2020,78.45526895,https://api.worldbank.org/v2/country/all/indicator/IT.NET.USER.ZS?format=json&per_page=20000&date=2020%3A2024
RUS,IT.NET.USER.ZS,internet_users_percent,2024,94.36495368,https://api.worldbank.org/v2/country/all/indicator/IT.NET.USER.ZS?format=json&per_page=20000&date=2020%3A2024
RUS,IT.NET.USER.ZS,internet_users_percent,2023,92.24496346,https://api.worldbank.org/v2/country/all/indicator/IT.NET.USER.ZS?format=json&per_page=20000&date=2020%3A2024
RUS,IT.NET.USER.ZS,internet_users_percent,2022,90.41799163,https://api.worldbank.org/v2/country/all/indicator/IT.NET.USER.ZS?format=json&per_page=20000&date=2020%3A2024
RUS,IT.NET.USER.ZS,internet_users_percent,2021,88.21384578,https://api.worldbank.org/v2/country/all/indicator/IT.NET.USER.ZS?format=json&per_page=20000&date=2020%3A2024
RUS,IT.NET.USER.ZS,internet_users_percent,2020,84.99466978,https://api.worldbank.org/v2/country/all/indicator/IT.NET.USER.ZS?format=json&per_page=20000&date=2020%3A2024
RWA,IT.NET.USER.ZS,internet_users_percent,2024,31.70330048,https://api.worldbank.org/v2/country/all/indicator/IT.NET.USER.ZS?format=json&per_page=20000&date=2020%3A2024
RWA,IT.NET.USER.ZS,internet_users_percent,2023,28.80579948,https://api.worldbank.org/v2/country/all/indicator/IT.NET.USER.ZS?format=json&per_page=20000&date=2020%3A2024
RWA,IT.NET.USER.ZS,internet_users_percent,2022,28.01679993,https://api.worldbank.org/v2/country/all/indicator/IT.NET.USER.ZS?format=json&per_page=20000&date=2020%3A2024
RWA,IT.NET.USER.ZS,internet_users_percent,2021,24.4416008,https://api.worldbank.org/v2/country/all/indicator/IT.NET.USER.ZS?format=json&per_page=20000&date=2020%3A2024
RWA,IT.NET.USER.ZS,internet_users_percent,2020,23.8,https://api.worldbank.org/v2/country/all/indicator/IT.NET.USER.ZS?format=json&per_page=20000&date=2020%3A2024
WSM,IT.NET.USER.ZS,internet_users_percent,2024,,https://api.worldbank.org/v2/country/all/indicator/IT.NET.USER.ZS?format=json&per_page=20000&date=2020%3A2024
WSM,IT.NET.USER.ZS,internet_users_percent,2023,,https://api.worldbank.org/v2/country/all/indicator/IT.NET.USER.ZS?format=json&per_page=20000&date=2020%3A2024
WSM,IT.NET.USER.ZS,internet_users_percent,2022,,https://api.worldbank.org/v2/country/all/indicator/IT.NET.USER.ZS?format=json&per_page=20000&date=2020%3A2024
WSM,IT.NET.USER.ZS,internet_users_percent,2021,,https://api.worldbank.org/v2/country/all/indicator/IT.NET.USER.ZS?format=json&per_page=20000&date=2020%3A2024
WSM,IT.NET.USER.ZS,internet_users_percent,2020,,https://api.worldbank.org/v2/country/all/indicator/IT.NET.USER.ZS?format=json&per_page=20000&date=2020%3A2024
SMR,IT.NET.USER.ZS,internet_users_percent,2024,97.35220337,https://api.worldbank.org/v2/country/all/indicator/IT.NET.USER.ZS?format=json&per_page=20000&date=2020%3A2024
SMR,IT.NET.USER.ZS,internet_users_percent,2023,97.33640289,https://api.worldbank.org/v2/country/all/indicator/IT.NET.USER.ZS?format=json&per_page=20000&date=2020%3A2024
SMR,IT.NET.USER.ZS,internet_users_percent,2022,97.32790375,https://api.worldbank.org/v2/country/all/indicator/IT.NET.USER.ZS?format=json&per_page=20000&date=2020%3A2024
SMR,IT.NET.USER.ZS,internet_users_percent,2021,81.66999817,https://api.worldbank.org/v2/country/all/indicator/IT.NET.USER.ZS?format=json&per_page=20000&date=2020%3A2024
SMR,IT.NET.USER.ZS,internet_users_percent,2020,77.94999695,https://api.worldbank.org/v2/country/all/indicator/IT.NET.USER.ZS?format=json&per_page=20000&date=2020%3A2024
STP,IT.NET.USER.ZS,internet_users_percent,2024,59.11759949,https://api.worldbank.org/v2/country/all/indicator/IT.NET.USER.ZS?format=json&per_page=20000&date=2020%3A2024
STP,IT.NET.USER.ZS,internet_users_percent,2023,58.70130157,https://api.worldbank.org/v2/country/all/indicator/IT.NET.USER.ZS?format=json&per_page=20000&date=2020%3A2024
STP,IT.NET.USER.ZS,internet_users_percent,2022,58.56779861,https://api.worldbank.org/v2/country/all/indicator/IT.NET.USER.ZS?format=json&per_page=20000&date=2020%3A2024
STP,IT.NET.USER.ZS,internet_users_percent,2021,54.94950104,https://api.worldbank.org/v2/country/all/indicator/IT.NET.USER.ZS?format=json&per_page=20000&date=2020%3A2024
STP,IT.NET.USER.ZS,internet_users_percent,2020,51.55469894,https://api.worldbank.org/v2/country/all/indicator/IT.NET.USER.ZS?format=json&per_page=20000&date=2020%3A2024
SAU,IT.NET.USER.ZS,internet_users_percent,2024,100.0,https://api.worldbank.org/v2/country/all/indicator/IT.NET.USER.ZS?format=json&per_page=20000&date=2020%3A2024
SAU,IT.NET.USER.ZS,internet_users_percent,2023,100.0,https://api.worldbank.org/v2/country/all/indicator/IT.NET.USER.ZS?format=json&per_page=20000&date=2020%3A2024
SAU,IT.NET.USER.ZS,internet_users_percent,2022,100.0,https://api.worldbank.org/v2/country/all/indicator/IT.NET.USER.ZS?format=json&per_page=20000&date=2020%3A2024
SAU,IT.NET.USER.ZS,internet_users_percent,2021,100.0,https://api.worldbank.org/v2/country/all/indicator/IT.NET.USER.ZS?format=json&per_page=20000&date=2020%3A2024
SAU,IT.NET.USER.ZS,internet_users_percent,2020,97.8623325,https://api.worldbank.org/v2/country/all/indicator/IT.NET.USER.ZS?format=json&per_page=20000&date=2020%3A2024
SEN,IT.NET.USER.ZS,internet_users_percent,2024,60.11780167,https://api.worldbank.org/v2/country/all/indicator/IT.NET.USER.ZS?format=json&per_page=20000&date=2020%3A2024
SEN,IT.NET.USER.ZS,internet_users_percent,2023,59.18740082,https://api.worldbank.org/v2/country/all/indicator/IT.NET.USER.ZS?format=json&per_page=20000&date=2020%3A2024
SEN,IT.NET.USER.ZS,internet_users_percent,2022,56.82830048,https://api.worldbank.org/v2/country/all/indicator/IT.NET.USER.ZS?format=json&per_page=20000&date=2020%3A2024
SEN,IT.NET.USER.ZS,internet_users_percent,2021,55.04040146,https://api.worldbank.org/v2/country/all/indicator/IT.NET.USER.ZS?format=json&per_page=20000&date=2020%3A2024
SEN,IT.NET.USER.ZS,internet_users_percent,2020,53.30879974,https://api.worldbank.org/v2/country/all/indicator/IT.NET.USER.ZS?format=json&per_page=20000&date=2020%3A2024
SRB,IT.NET.USER.ZS,internet_users_percent,2024,87.69071294,https://api.worldbank.org/v2/country/all/indicator/IT.NET.USER.ZS?format=json&per_page=20000&date=2020%3A2024
SRB,IT.NET.USER.ZS,internet_users_percent,2023,85.35746686,https://api.worldbank.org/v2/country/all/indicator/IT.NET.USER.ZS?format=json&per_page=20000&date=2020%3A2024
SRB,IT.NET.USER.ZS,internet_users_percent,2022,83.53825397,https://api.worldbank.org/v2/country/all/indicator/IT.NET.USER.ZS?format=json&per_page=20000&date=2020%3A2024
SRB,IT.NET.USER.ZS,internet_users_percent,2021,81.16588116,https://api.worldbank.org/v2/country/all/indicator/IT.NET.USER.ZS?format=json&per_page=20000&date=2020%3A2024
SRB,IT.NET.USER.ZS,internet_users_percent,2020,78.36804864,https://api.worldbank.org/v2/country/all/indicator/IT.NET.USER.ZS?format=json&per_page=20000&date=2020%3A2024
SYC,IT.NET.USER.ZS,internet_users_percent,2024,87.81800079,https://api.worldbank.org/v2/country/all/indicator/IT.NET.USER.ZS?format=json&per_page=20000&date=2020%3A2024
SYC,IT.NET.USER.ZS,internet_users_percent,2023,86.001297,https://api.worldbank.org/v2/country/all/indicator/IT.NET.USER.ZS?format=json&per_page=20000&date=2020%3A2024
SYC,IT.NET.USER.ZS,internet_users_percent,2022,84.83380127,https://api.worldbank.org/v2/country/all/indicator/IT.NET.USER.ZS?format=json&per_page=20000&date=2020%3A2024
SYC,IT.NET.USER.ZS,internet_users_percent,2021,81.99530029,https://api.worldbank.org/v2/country/all/indicator/IT.NET.USER.ZS?format=json&per_page=20000&date=2020%3A2024
SYC,IT.NET.USER.ZS,internet_users_percent,2020,79.25170135,https://api.worldbank.org/v2/country/all/indicator/IT.NET.USER.ZS?format=json&per_page=20000&date=2020%3A2024
SLE,IT.NET.USER.ZS,internet_users_percent,2024,25.10499954,https://api.worldbank.org/v2/country/all/indicator/IT.NET.USER.ZS?format=json&per_page=20000&date=2020%3A2024
SLE,IT.NET.USER.ZS,internet_users_percent,2023,23.71360016,https://api.worldbank.org/v2/country/all/indicator/IT.NET.USER.ZS?format=json&per_page=20000&date=2020%3A2024
SLE,IT.NET.USER.ZS,internet_users_percent,2022,21.50880051,https://api.worldbank.org/v2/country/all/indicator/IT.NET.USER.ZS?format=json&per_page=20000&date=2020%3A2024
SLE,IT.NET.USER.ZS,internet_users_percent,2021,18.65390015,https://api.worldbank.org/v2/country/all/indicator/IT.NET.USER.ZS?format=json&per_page=20000&date=2020%3A2024
SLE,IT.NET.USER.ZS,internet_users_percent,2020,17.12080002,https://api.worldbank.org/v2/country/all/indicator/IT.NET.USER.ZS?format=json&per_page=20000&date=2020%3A2024
SGP,IT.NET.USER.ZS,internet_users_percent,2024,94.37757178,https://api.worldbank.org/v2/country/all/indicator/IT.NET.USER.ZS?format=json&per_page=20000&date=2020%3A2024
SGP,IT.NET.USER.ZS,internet_users_percent,2023,94.28518987,https://api.worldbank.org/v2/country/all/indicator/IT.NET.USER.ZS?format=json&per_page=20000&date=2020%3A2024
SGP,IT.NET.USER.ZS,internet_users_percent,2022,95.95386476,https://api.worldbank.org/v2/country/all/indicator/IT.NET.USER.ZS?format=json&per_page=20000&date=2020%3A2024
SGP,IT.NET.USER.ZS,internet_users_percent,2021,96.92468156,https://api.worldbank.org/v2/country/all/indicator/IT.NET.USER.ZS?format=json&per_page=20000&date=2020%3A2024
SGP,IT.NET.USER.ZS,internet_users_percent,2020,92.00434653,https://api.worldbank.org/v2/country/all/indicator/IT.NET.USER.ZS?format=json&per_page=20000&date=2020%3A2024
SXM,IT.NET.USER.ZS,internet_users_percent,2024,,https://api.worldbank.org/v2/country/all/indicator/IT.NET.USER.ZS?format=json&per_page=20000&date=2020%3A2024
SXM,IT.NET.USER.ZS,internet_users_percent,2023,,https://api.worldbank.org/v2/country/all/indicator/IT.NET.USER.ZS?format=json&per_page=20000&date=2020%3A2024
SXM,IT.NET.USER.ZS,internet_users_percent,2022,,https://api.worldbank.org/v2/country/all/indicator/IT.NET.USER.ZS?format=json&per_page=20000&date=2020%3A2024
SXM,IT.NET.USER.ZS,internet_users_percent,2021,,https://api.worldbank.org/v2/country/all/indicator/IT.NET.USER.ZS?format=json&per_page=20000&date=2020%3A2024
SXM,IT.NET.USER.ZS,internet_users_percent,2020,,https://api.worldbank.org/v2/country/all/indicator/IT.NET.USER.ZS?format=json&per_page=20000&date=2020%3A2024
SVK,IT.NET.USER.ZS,internet_users_percent,2024,89.82507032,https://api.worldbank.org/v2/country/all/indicator/IT.NET.USER.ZS?format=json&per_page=20000&date=2020%3A2024
SVK,IT.NET.USER.ZS,internet_users_percent,2023,87.2131343,https://api.worldbank.org/v2/country/all/indicator/IT.NET.USER.ZS?format=json&per_page=20000&date=2020%3A2024
SVK,IT.NET.USER.ZS,internet_users_percent,2022,89.06766196,https://api.worldbank.org/v2/country/all/indicator/IT.NET.USER.ZS?format=json&per_page=20000&date=2020%3A2024
SVK,IT.NET.USER.ZS,internet_users_percent,2021,88.92560523,https://api.worldbank.org/v2/country/all/indicator/IT.NET.USER.ZS?format=json&per_page=20000&date=2020%3A2024
SVK,IT.NET.USER.ZS,internet_users_percent,2020,89.92090413,https://api.worldbank.org/v2/country/all/indicator/IT.NET.USER.ZS?format=json&per_page=20000&date=2020%3A2024
SVN,IT.NET.USER.ZS,internet_users_percent,2024,90.76355487,https://api.worldbank.org/v2/country/all/indicator/IT.NET.USER.ZS?format=json&per_page=20000&date=2020%3A2024
SVN,IT.NET.USER.ZS,internet_users_percent,2023,90.37794678,https://api.worldbank.org/v2/country/all/indicator/IT.NET.USER.ZS?format=json&per_page=20000&date=2020%3A2024
SVN,IT.NET.USER.ZS,internet_users_percent,2022,88.91248552,https://api.worldbank.org/v2/country/all/indicator/IT.NET.USER.ZS?format=json&per_page=20000&date=2020%3A2024
SVN,IT.NET.USER.ZS,internet_users_percent,2021,89.00399524,https://api.worldbank.org/v2/country/all/indicator/IT.NET.USER.ZS?format=json&per_page=20000&date=2020%3A2024
SVN,IT.NET.USER.ZS,internet_users_percent,2020,86.60130109,https://api.worldbank.org/v2/country/all/indicator/IT.NET.USER.ZS?format=json&per_page=20000&date=2020%3A2024
SLB,IT.NET.USER.ZS,internet_users_percent,2024,29.04070091,https://api.worldbank.org/v2/country/all/indicator/IT.NET.USER.ZS?format=json&per_page=20000&date=2020%3A2024
SLB,IT.NET.USER.ZS,internet_users_percent,2023,28.67239952,https://api.worldbank.org/v2/country/all/indicator/IT.NET.USER.ZS?format=json&per_page=20000&date=2020%3A2024
SLB,IT.NET.USER.ZS,internet_users_percent,2022,28.01729965,https://api.worldbank.org/v2/country/all/indicator/IT.NET.USER.ZS?format=json&per_page=20000&date=2020%3A2024
SLB,IT.NET.USER.ZS,internet_users_percent,2021,26.03790092,https://api.worldbank.org/v2/country/all/indicator/IT.NET.USER.ZS?format=json&per_page=20000&date=2020%3A2024
SLB,IT.NET.USER.ZS,internet_users_percent,2020,24.1984005,https://api.worldbank.org/v2/country/all/indicator/IT.NET.USER.ZS?format=json&per_page=20000&date=2020%3A2024
SOM,IT.NET.USER.ZS,internet_users_percent,2024,27.94020081,https://api.worldbank.org/v2/country/all/indicator/IT.NET.USER.ZS?format=json&per_page=20000&date=2020%3A2024
SOM,IT.NET.USER.ZS,internet_users_percent,2023,26.12010002,https://api.worldbank.org/v2/country/all/indicator/IT.NET.USER.ZS?format=json&per_page=20000&date=2020%3A2024
SOM,IT.NET.USER.ZS,internet_users_percent,2022,27.6,https://api.worldbank.org/v2/country/all/indicator/IT.NET.USER.ZS?format=json&per_page=20000&date=2020%3A2024
SOM,IT.NET.USER.ZS,internet_users_percent,2021,23.87479973,https://api.worldbank.org/v2/country/all/indicator/IT.NET.USER.ZS?format=json&per_page=20000&date=2020%3A2024
SOM,IT.NET.USER.ZS,internet_users_percent,2020,15.02369976,https://api.worldbank.org/v2/country/all/indicator/IT.NET.USER.ZS?format=json&per_page=20000&date=2020%3A2024
ZAF,IT.NET.USER.ZS,internet_users_percent,2024,78.35759735,https://api.worldbank.org/v2/country/all/indicator/IT.NET.USER.ZS?format=json&per_page=20000&date=2020%3A2024
ZAF,IT.NET.USER.ZS,internet_users_percent,2023,78.33670044,https://api.worldbank.org/v2/country/all/indicator/IT.NET.USER.ZS?format=json&per_page=20000&date=2020%3A2024
ZAF,IT.NET.USER.ZS,internet_users_percent,2022,78.29319763,https://api.worldbank.org/v2/country/all/indicator/IT.NET.USER.ZS?format=json&per_page=20000&date=2020%3A2024
ZAF,IT.NET.USER.ZS,internet_users_percent,2021,74.96859741,https://api.worldbank.org/v2/country/all/indicator/IT.NET.USER.ZS?format=json&per_page=20000&date=2020%3A2024
ZAF,IT.NET.USER.ZS,internet_users_percent,2020,72.1128006,https://api.worldbank.org/v2/country/all/indicator/IT.NET.USER.ZS?format=json&per_page=20000&date=2020%3A2024
SSD,IT.NET.USER.ZS,internet_users_percent,2024,,https://api.worldbank.org/v2/country/all/indicator/IT.NET.USER.ZS?format=json&per_page=20000&date=2020%3A2024
SSD,IT.NET.USER.ZS,internet_users_percent,2023,,https://api.worldbank.org/v2/country/all/indicator/IT.NET.USER.ZS?format=json&per_page=20000&date=2020%3A2024
SSD,IT.NET.USER.ZS,internet_users_percent,2022,,https://api.worldbank.org/v2/country/all/indicator/IT.NET.USER.ZS?format=json&per_page=20000&date=2020%3A2024
SSD,IT.NET.USER.ZS,internet_users_percent,2021,,https://api.worldbank.org/v2/country/all/indicator/IT.NET.USER.ZS?format=json&per_page=20000&date=2020%3A2024
SSD,IT.NET.USER.ZS,internet_users_percent,2020,,https://api.worldbank.org/v2/country/all/indicator/IT.NET.USER.ZS?format=json&per_page=20000&date=2020%3A2024
ESP,IT.NET.USER.ZS,internet_users_percent,2024,95.7574516,https://api.worldbank.org/v2/country/all/indicator/IT.NET.USER.ZS?format=json&per_page=20000&date=2020%3A2024
ESP,IT.NET.USER.ZS,internet_users_percent,2023,95.44564516,https://api.worldbank.org/v2/country/all/indicator/IT.NET.USER.ZS?format=json&per_page=20000&date=2020%3A2024
ESP,IT.NET.USER.ZS,internet_users_percent,2022,94.4855432,https://api.worldbank.org/v2/country/all/indicator/IT.NET.USER.ZS?format=json&per_page=20000&date=2020%3A2024
ESP,IT.NET.USER.ZS,internet_users_percent,2021,93.89752157,https://api.worldbank.org/v2/country/all/indicator/IT.NET.USER.ZS?format=json&per_page=20000&date=2020%3A2024
ESP,IT.NET.USER.ZS,internet_users_percent,2020,93.20564892,https://api.worldbank.org/v2/country/all/indicator/IT.NET.USER.ZS?format=json&per_page=20000&date=2020%3A2024
LKA,IT.NET.USER.ZS,internet_users_percent,2024,54.59,https://api.worldbank.org/v2/country/all/indicator/IT.NET.USER.ZS?format=json&per_page=20000&date=2020%3A2024
LKA,IT.NET.USER.ZS,internet_users_percent,2023,51.2,https://api.worldbank.org/v2/country/all/indicator/IT.NET.USER.ZS?format=json&per_page=20000&date=2020%3A2024
LKA,IT.NET.USER.ZS,internet_users_percent,2022,48.3,https://api.worldbank.org/v2/country/all/indicator/IT.NET.USER.ZS?format=json&per_page=20000&date=2020%3A2024
LKA,IT.NET.USER.ZS,internet_users_percent,2021,44.45308724,https://api.worldbank.org/v2/country/all/indicator/IT.NET.USER.ZS?format=json&per_page=20000&date=2020%3A2024
LKA,IT.NET.USER.ZS,internet_users_percent,2020,36.18473435,https://api.worldbank.org/v2/country/all/indicator/IT.NET.USER.ZS?format=json&per_page=20000&date=2020%3A2024
KNA,IT.NET.USER.ZS,internet_users_percent,2024,76.88400269,https://api.worldbank.org/v2/country/all/indicator/IT.NET.USER.ZS?format=json&per_page=20000&date=2020%3A2024
KNA,IT.NET.USER.ZS,internet_users_percent,2023,76.58950043,https://api.worldbank.org/v2/country/all/indicator/IT.NET.USER.ZS?format=json&per_page=20000&date=2020%3A2024
KNA,IT.NET.USER.ZS,internet_users_percent,2022,75.76229858,https://api.worldbank.org/v2/country/all/indicator/IT.NET.USER.ZS?format=json&per_page=20000&date=2020%3A2024
KNA,IT.NET.USER.ZS,internet_users_percent,2021,74.37159729,https://api.worldbank.org/v2/country/all/indicator/IT.NET.USER.ZS?format=json&per_page=20000&date=2020%3A2024
KNA,IT.NET.USER.ZS,internet_users_percent,2020,70.27529907,https://api.worldbank.org/v2/country/all/indicator/IT.NET.USER.ZS?format=json&per_page=20000&date=2020%3A2024
LCA,IT.NET.USER.ZS,internet_users_percent,2024,68.20500183,https://api.worldbank.org/v2/country/all/indicator/IT.NET.USER.ZS?format=json&per_page=20000&date=2020%3A2024
LCA,IT.NET.USER.ZS,internet_users_percent,2023,67.44390106,https://api.worldbank.org/v2/country/all/indicator/IT.NET.USER.ZS?format=json&per_page=20000&date=2020%3A2024
LCA,IT.NET.USER.ZS,internet_users_percent,2022,66.95159912,https://api.worldbank.org/v2/country/all/indicator/IT.NET.USER.ZS?format=json&per_page=20000&date=2020%3A2024
LCA,IT.NET.USER.ZS,internet_users_percent,2021,63.06330109,https://api.worldbank.org/v2/country/all/indicator/IT.NET.USER.ZS?format=json&per_page=20000&date=2020%3A2024
LCA,IT.NET.USER.ZS,internet_users_percent,2020,62.06399918,https://api.worldbank.org/v2/country/all/indicator/IT.NET.USER.ZS?format=json&per_page=20000&date=2020%3A2024
MAF,IT.NET.USER.ZS,internet_users_percent,2024,,https://api.worldbank.org/v2/country/all/indicator/IT.NET.USER.ZS?format=json&per_page=20000&date=2020%3A2024
MAF,IT.NET.USER.ZS,internet_users_percent,2023,,https://api.worldbank.org/v2/country/all/indicator/IT.NET.USER.ZS?format=json&per_page=20000&date=2020%3A2024
MAF,IT.NET.USER.ZS,internet_users_percent,2022,,https://api.worldbank.org/v2/country/all/indicator/IT.NET.USER.ZS?format=json&per_page=20000&date=2020%3A2024
MAF,IT.NET.USER.ZS,internet_users_percent,2021,,https://api.worldbank.org/v2/country/all/indicator/IT.NET.USER.ZS?format=json&per_page=20000&date=2020%3A2024
MAF,IT.NET.USER.ZS,internet_users_percent,2020,,https://api.worldbank.org/v2/country/all/indicator/IT.NET.USER.ZS?format=json&per_page=20000&date=2020%3A2024
VCT,IT.NET.USER.ZS,internet_users_percent,2024,76.19010162,https://api.worldbank.org/v2/country/all/indicator/IT.NET.USER.ZS?format=json&per_page=20000&date=2020%3A2024
VCT,IT.NET.USER.ZS,internet_users_percent,2023,75.53679657,https://api.worldbank.org/v2/country/all/indicator/IT.NET.USER.ZS?format=json&per_page=20000&date=2020%3A2024
VCT,IT.NET.USER.ZS,internet_users_percent,2022,74.75479889,https://api.worldbank.org/v2/country/all/indicator/IT.NET.USER.ZS?format=json&per_page=20000&date=2020%3A2024
VCT,IT.NET.USER.ZS,internet_users_percent,2021,68.83339691,https://api.worldbank.org/v2/country/all/indicator/IT.NET.USER.ZS?format=json&per_page=20000&date=2020%3A2024
VCT,IT.NET.USER.ZS,internet_users_percent,2020,63.38100052,https://api.worldbank.org/v2/country/all/indicator/IT.NET.USER.ZS?format=json&per_page=20000&date=2020%3A2024
SDN,IT.NET.USER.ZS,internet_users_percent,2024,,https://api.worldbank.org/v2/country/all/indicator/IT.NET.USER.ZS?format=json&per_page=20000&date=2020%3A2024
SDN,IT.NET.USER.ZS,internet_users_percent,2023,,https://api.worldbank.org/v2/country/all/indicator/IT.NET.USER.ZS?format=json&per_page=20000&date=2020%3A2024
SDN,IT.NET.USER.ZS,internet_users_percent,2022,,https://api.worldbank.org/v2/country/all/indicator/IT.NET.USER.ZS?format=json&per_page=20000&date=2020%3A2024
SDN,IT.NET.USER.ZS,internet_users_percent,2021,,https://api.worldbank.org/v2/country/all/indicator/IT.NET.USER.ZS?format=json&per_page=20000&date=2020%3A2024
SDN,IT.NET.USER.ZS,internet_users_percent,2020,,https://api.worldbank.org/v2/country/all/indicator/IT.NET.USER.ZS?format=json&per_page=20000&date=2020%3A2024
SUR,IT.NET.USER.ZS,internet_users_percent,2024,,https://api.worldbank.org/v2/country/all/indicator/IT.NET.USER.ZS?format=json&per_page=20000&date=2020%3A2024
SUR,IT.NET.USER.ZS,internet_users_percent,2023,87.4,https://api.worldbank.org/v2/country/all/indicator/IT.NET.USER.ZS?format=json&per_page=20000&date=2020%3A2024
SUR,IT.NET.USER.ZS,internet_users_percent,2022,,https://api.worldbank.org/v2/country/all/indicator/IT.NET.USER.ZS?format=json&per_page=20000&date=2020%3A2024
SUR,IT.NET.USER.ZS,internet_users_percent,2021,,https://api.worldbank.org/v2/country/all/indicator/IT.NET.USER.ZS?format=json&per_page=20000&date=2020%3A2024
SUR,IT.NET.USER.ZS,internet_users_percent,2020,,https://api.worldbank.org/v2/country/all/indicator/IT.NET.USER.ZS?format=json&per_page=20000&date=2020%3A2024
SWE,IT.NET.USER.ZS,internet_users_percent,2024,95.52930428,https://api.worldbank.org/v2/country/all/indicator/IT.NET.USER.ZS?format=json&per_page=20000&date=2020%3A2024
SWE,IT.NET.USER.ZS,internet_users_percent,2023,95.70327461,https://api.worldbank.org/v2/country/all/indicator/IT.NET.USER.ZS?format=json&per_page=20000&date=2020%3A2024
SWE,IT.NET.USER.ZS,internet_users_percent,2022,95.00970335,https://api.worldbank.org/v2/country/all/indicator/IT.NET.USER.ZS?format=json&per_page=20000&date=2020%3A2024
SWE,IT.NET.USER.ZS,internet_users_percent,2021,94.6703163,https://api.worldbank.org/v2/country/all/indicator/IT.NET.USER.ZS?format=json&per_page=20000&date=2020%3A2024
SWE,IT.NET.USER.ZS,internet_users_percent,2020,94.53943122,https://api.worldbank.org/v2/country/all/indicator/IT.NET.USER.ZS?format=json&per_page=20000&date=2020%3A2024
CHE,IT.NET.USER.ZS,internet_users_percent,2024,97.3443985,https://api.worldbank.org/v2/country/all/indicator/IT.NET.USER.ZS?format=json&per_page=20000&date=2020%3A2024
CHE,IT.NET.USER.ZS,internet_users_percent,2023,97.34436623,https://api.worldbank.org/v2/country/all/indicator/IT.NET.USER.ZS?format=json&per_page=20000&date=2020%3A2024
CHE,IT.NET.USER.ZS,internet_users_percent,2022,96.45279694,https://api.worldbank.org/v2/country/all/indicator/IT.NET.USER.ZS?format=json&per_page=20000&date=2020%3A2024
CHE,IT.NET.USER.ZS,internet_users_percent,2021,95.56937154,https://api.worldbank.org/v2/country/all/indicator/IT.NET.USER.ZS?format=json&per_page=20000&date=2020%3A2024
CHE,IT.NET.USER.ZS,internet_users_percent,2020,94.34999847,https://api.worldbank.org/v2/country/all/indicator/IT.NET.USER.ZS?format=json&per_page=20000&date=2020%3A2024
SYR,IT.NET.USER.ZS,internet_users_percent,2024,,https://api.worldbank.org/v2/country/all/indicator/IT.NET.USER.ZS?format=json&per_page=20000&date=2020%3A2024
SYR,IT.NET.USER.ZS,internet_users_percent,2023,,https://api.worldbank.org/v2/country/all/indicator/IT.NET.USER.ZS?format=json&per_page=20000&date=2020%3A2024
SYR,IT.NET.USER.ZS,internet_users_percent,2022,,https://api.worldbank.org/v2/country/all/indicator/IT.NET.USER.ZS?format=json&per_page=20000&date=2020%3A2024
SYR,IT.NET.USER.ZS,internet_users_percent,2021,,https://api.worldbank.org/v2/country/all/indicator/IT.NET.USER.ZS?format=json&per_page=20000&date=2020%3A2024
SYR,IT.NET.USER.ZS,internet_users_percent,2020,,https://api.worldbank.org/v2/country/all/indicator/IT.NET.USER.ZS?format=json&per_page=20000&date=2020%3A2024
TJK,IT.NET.USER.ZS,internet_users_percent,2024,55.79339981,https://api.worldbank.org/v2/country/all/indicator/IT.NET.USER.ZS?format=json&per_page=20000&date=2020%3A2024
TJK,IT.NET.USER.ZS,internet_users_percent,2023,54.41550064,https://api.worldbank.org/v2/country/all/indicator/IT.NET.USER.ZS?format=json&per_page=20000&date=2020%3A2024
TJK,IT.NET.USER.ZS,internet_users_percent,2022,48.91429901,https://api.worldbank.org/v2/country/all/indicator/IT.NET.USER.ZS?format=json&per_page=20000&date=2020%3A2024
TJK,IT.NET.USER.ZS,internet_users_percent,2021,36.70560074,https://api.worldbank.org/v2/country/all/indicator/IT.NET.USER.ZS?format=json&per_page=20000&date=2020%3A2024
TJK,IT.NET.USER.ZS,internet_users_percent,2020,27.54409981,https://api.worldbank.org/v2/country/all/indicator/IT.NET.USER.ZS?format=json&per_page=20000&date=2020%3A2024
TZA,IT.NET.USER.ZS,internet_users_percent,2024,31.16209984,https://api.worldbank.org/v2/country/all/indicator/IT.NET.USER.ZS?format=json&per_page=20000&date=2020%3A2024
TZA,IT.NET.USER.ZS,internet_users_percent,2023,28.43190002,https://api.worldbank.org/v2/country/all/indicator/IT.NET.USER.ZS?format=json&per_page=20000&date=2020%3A2024
TZA,IT.NET.USER.ZS,internet_users_percent,2022,26.86059952,https://api.worldbank.org/v2/country/all/indicator/IT.NET.USER.ZS?format=json&per_page=20000&date=2020%3A2024
TZA,IT.NET.USER.ZS,internet_users_percent,2021,22.87540054,https://api.worldbank.org/v2/country/all/indicator/IT.NET.USER.ZS?format=json&per_page=20000&date=2020%3A2024
TZA,IT.NET.USER.ZS,internet_users_percent,2020,19.48139954,https://api.worldbank.org/v2/country/all/indicator/IT.NET.USER.ZS?format=json&per_page=20000&date=2020%3A2024
THA,IT.NET.USER.ZS,internet_users_percent,2024,90.86718789,https://api.worldbank.org/v2/country/all/indicator/IT.NET.USER.ZS?format=json&per_page=20000&date=2020%3A2024
THA,IT.NET.USER.ZS,internet_users_percent,2023,89.53525238,https://api.worldbank.org/v2/country/all/indicator/IT.NET.USER.ZS?format=json&per_page=20000&date=2020%3A2024
THA,IT.NET.USER.ZS,internet_users_percent,2022,87.97724503,https://api.worldbank.org/v2/country/all/indicator/IT.NET.USER.ZS?format=json&per_page=20000&date=2020%3A2024
THA,IT.NET.USER.ZS,internet_users_percent,2021,85.26956666,https://api.worldbank.org/v2/country/all/indicator/IT.NET.USER.ZS?format=json&per_page=20000&date=2020%3A2024
THA,IT.NET.USER.ZS,internet_users_percent,2020,77.84374066,https://api.worldbank.org/v2/country/all/indicator/IT.NET.USER.ZS?format=json&per_page=20000&date=2020%3A2024
TLS,IT.NET.USER.ZS,internet_users_percent,2024,,https://api.worldbank.org/v2/country/all/indicator/IT.NET.USER.ZS?format=json&per_page=20000&date=2020%3A2024
TLS,IT.NET.USER.ZS,internet_users_percent,2023,,https://api.worldbank.org/v2/country/all/indicator/IT.NET.USER.ZS?format=json&per_page=20000&date=2020%3A2024
TLS,IT.NET.USER.ZS,internet_users_percent,2022,,https://api.worldbank.org/v2/country/all/indicator/IT.NET.USER.ZS?format=json&per_page=20000&date=2020%3A2024
TLS,IT.NET.USER.ZS,internet_users_percent,2021,35.04199982,https://api.worldbank.org/v2/country/all/indicator/IT.NET.USER.ZS?format=json&per_page=20000&date=2020%3A2024
TLS,IT.NET.USER.ZS,internet_users_percent,2020,32.01269913,https://api.worldbank.org/v2/country/all/indicator/IT.NET.USER.ZS?format=json&per_page=20000&date=2020%3A2024
TGO,IT.NET.USER.ZS,internet_users_percent,2024,39.48320007,https://api.worldbank.org/v2/country/all/indicator/IT.NET.USER.ZS?format=json&per_page=20000&date=2020%3A2024
TGO,IT.NET.USER.ZS,internet_users_percent,2023,37.57020187,https://api.worldbank.org/v2/country/all/indicator/IT.NET.USER.ZS?format=json&per_page=20000&date=2020%3A2024
TGO,IT.NET.USER.ZS,internet_users_percent,2022,35.60749817,https://api.worldbank.org/v2/country/all/indicator/IT.NET.USER.ZS?format=json&per_page=20000&date=2020%3A2024
TGO,IT.NET.USER.ZS,internet_users_percent,2021,30.33839989,https://api.worldbank.org/v2/country/all/indicator/IT.NET.USER.ZS?format=json&per_page=20000&date=2020%3A2024
TGO,IT.NET.USER.ZS,internet_users_percent,2020,29.02370071,https://api.worldbank.org/v2/country/all/indicator/IT.NET.USER.ZS?format=json&per_page=20000&date=2020%3A2024
TON,IT.NET.USER.ZS,internet_users_percent,2024,67.4417038,https://api.worldbank.org/v2/country/all/indicator/IT.NET.USER.ZS?format=json&per_page=20000&date=2020%3A2024
TON,IT.NET.USER.ZS,internet_users_percent,2023,64.13140106,https://api.worldbank.org/v2/country/all/indicator/IT.NET.USER.ZS?format=json&per_page=20000&date=2020%3A2024
TON,IT.NET.USER.ZS,internet_users_percent,2022,61.60739899,https://api.worldbank.org/v2/country/all/indicator/IT.NET.USER.ZS?format=json&per_page=20000&date=2020%3A2024
TON,IT.NET.USER.ZS,internet_users_percent,2021,57.549,https://api.worldbank.org/v2/country/all/indicator/IT.NET.USER.ZS?format=json&per_page=20000&date=2020%3A2024
TON,IT.NET.USER.ZS,internet_users_percent,2020,54.47370148,https://api.worldbank.org/v2/country/all/indicator/IT.NET.USER.ZS?format=json&per_page=20000&date=2020%3A2024
TTO,IT.NET.USER.ZS,internet_users_percent,2024,82.15989685,https://api.worldbank.org/v2/country/all/indicator/IT.NET.USER.ZS?format=json&per_page=20000&date=2020%3A2024
TTO,IT.NET.USER.ZS,internet_users_percent,2023,81.9681015,https://api.worldbank.org/v2/country/all/indicator/IT.NET.USER.ZS?format=json&per_page=20000&date=2020%3A2024
TTO,IT.NET.USER.ZS,internet_users_percent,2022,81.69760132,https://api.worldbank.org/v2/country/all/indicator/IT.NET.USER.ZS?format=json&per_page=20000&date=2020%3A2024
TTO,IT.NET.USER.ZS,internet_users_percent,2021,84.36576986,https://api.worldbank.org/v2/country/all/indicator/IT.NET.USER.ZS?format=json&per_page=20000&date=2020%3A2024
TTO,IT.NET.USER.ZS,internet_users_percent,2020,77.28130341,https://api.worldbank.org/v2/country/all/indicator/IT.NET.USER.ZS?format=json&per_page=20000&date=2020%3A2024
TUN,IT.NET.USER.ZS,internet_users_percent,2024,76.5,https://api.worldbank.org/v2/country/all/indicator/IT.NET.USER.ZS?format=json&per_page=20000&date=2020%3A2024
TUN,IT.NET.USER.ZS,internet_users_percent,2023,,https://api.worldbank.org/v2/country/all/indicator/IT.NET.USER.ZS?format=json&per_page=20000&date=2020%3A2024
TUN,IT.NET.USER.ZS,internet_users_percent,2022,,https://api.worldbank.org/v2/country/all/indicator/IT.NET.USER.ZS?format=json&per_page=20000&date=2020%3A2024
TUN,IT.NET.USER.ZS,internet_users_percent,2021,68.31552226,https://api.worldbank.org/v2/country/all/indicator/IT.NET.USER.ZS?format=json&per_page=20000&date=2020%3A2024
TUN,IT.NET.USER.ZS,internet_users_percent,2020,68.55639648,https://api.worldbank.org/v2/country/all/indicator/IT.NET.USER.ZS?format=json&per_page=20000&date=2020%3A2024
TUR,IT.NET.USER.ZS,internet_users_percent,2024,87.3078767,https://api.worldbank.org/v2/country/all/indicator/IT.NET.USER.ZS?format=json&per_page=20000&date=2020%3A2024
TUR,IT.NET.USER.ZS,internet_users_percent,2023,85.96074155,https://api.worldbank.org/v2/country/all/indicator/IT.NET.USER.ZS?format=json&per_page=20000&date=2020%3A2024
TUR,IT.NET.USER.ZS,internet_users_percent,2022,83.43716576,https://api.worldbank.org/v2/country/all/indicator/IT.NET.USER.ZS?format=json&per_page=20000&date=2020%3A2024
TUR,IT.NET.USER.ZS,internet_users_percent,2021,81.40843745,https://api.worldbank.org/v2/country/all/indicator/IT.NET.USER.ZS?format=json&per_page=20000&date=2020%3A2024
TUR,IT.NET.USER.ZS,internet_users_percent,2020,77.6695605,https://api.worldbank.org/v2/country/all/indicator/IT.NET.USER.ZS?format=json&per_page=20000&date=2020%3A2024
TKM,IT.NET.USER.ZS,internet_users_percent,2024,,https://api.worldbank.org/v2/country/all/indicator/IT.NET.USER.ZS?format=json&per_page=20000&date=2020%3A2024
TKM,IT.NET.USER.ZS,internet_users_percent,2023,,https://api.worldbank.org/v2/country/all/indicator/IT.NET.USER.ZS?format=json&per_page=20000&date=2020%3A2024
TKM,IT.NET.USER.ZS,internet_users_percent,2022,,https://api.worldbank.org/v2/country/all/indicator/IT.NET.USER.ZS?format=json&per_page=20000&date=2020%3A2024
TKM,IT.NET.USER.ZS,internet_users_percent,2021,,https://api.worldbank.org/v2/country/all/indicator/IT.NET.USER.ZS?format=json&per_page=20000&date=2020%3A2024
TKM,IT.NET.USER.ZS,internet_users_percent,2020,,https://api.worldbank.org/v2/country/all/indicator/IT.NET.USER.ZS?format=json&per_page=20000&date=2020%3A2024
TCA,IT.NET.USER.ZS,internet_users_percent,2024,,https://api.worldbank.org/v2/country/all/indicator/IT.NET.USER.ZS?format=json&per_page=20000&date=2020%3A2024
TCA,IT.NET.USER.ZS,internet_users_percent,2023,,https://api.worldbank.org/v2/country/all/indicator/IT.NET.USER.ZS?format=json&per_page=20000&date=2020%3A2024
TCA,IT.NET.USER.ZS,internet_users_percent,2022,,https://api.worldbank.org/v2/country/all/indicator/IT.NET.USER.ZS?format=json&per_page=20000&date=2020%3A2024
TCA,IT.NET.USER.ZS,internet_users_percent,2021,,https://api.worldbank.org/v2/country/all/indicator/IT.NET.USER.ZS?format=json&per_page=20000&date=2020%3A2024
TCA,IT.NET.USER.ZS,internet_users_percent,2020,,https://api.worldbank.org/v2/country/all/indicator/IT.NET.USER.ZS?format=json&per_page=20000&date=2020%3A2024
TUV,IT.NET.USER.ZS,internet_users_percent,2024,,https://api.worldbank.org/v2/country/all/indicator/IT.NET.USER.ZS?format=json&per_page=20000&date=2020%3A2024
TUV,IT.NET.USER.ZS,internet_users_percent,2023,,https://api.worldbank.org/v2/country/all/indicator/IT.NET.USER.ZS?format=json&per_page=20000&date=2020%3A2024
TUV,IT.NET.USER.ZS,internet_users_percent,2022,,https://api.worldbank.org/v2/country/all/indicator/IT.NET.USER.ZS?format=json&per_page=20000&date=2020%3A2024
TUV,IT.NET.USER.ZS,internet_users_percent,2021,,https://api.worldbank.org/v2/country/all/indicator/IT.NET.USER.ZS?format=json&per_page=20000&date=2020%3A2024
TUV,IT.NET.USER.ZS,internet_users_percent,2020,,https://api.worldbank.org/v2/country/all/indicator/IT.NET.USER.ZS?format=json&per_page=20000&date=2020%3A2024
UGA,IT.NET.USER.ZS,internet_users_percent,2024,8.949831061,https://api.worldbank.org/v2/country/all/indicator/IT.NET.USER.ZS?format=json&per_page=20000&date=2020%3A2024
UGA,IT.NET.USER.ZS,internet_users_percent,2023,9.286999702,https://api.worldbank.org/v2/country/all/indicator/IT.NET.USER.ZS?format=json&per_page=20000&date=2020%3A2024
UGA,IT.NET.USER.ZS,internet_users_percent,2022,9.636899948,https://api.worldbank.org/v2/country/all/indicator/IT.NET.USER.ZS?format=json&per_page=20000&date=2020%3A2024
UGA,IT.NET.USER.ZS,internet_users_percent,2021,10.0,https://api.worldbank.org/v2/country/all/indicator/IT.NET.USER.ZS?format=json&per_page=20000&date=2020%3A2024
UGA,IT.NET.USER.ZS,internet_users_percent,2020,7.4,https://api.worldbank.org/v2/country/all/indicator/IT.NET.USER.ZS?format=json&per_page=20000&date=2020%3A2024
UKR,IT.NET.USER.ZS,internet_users_percent,2024,82.47489929,https://api.worldbank.org/v2/country/all/indicator/IT.NET.USER.ZS?format=json&per_page=20000&date=2020%3A2024
UKR,IT.NET.USER.ZS,internet_users_percent,2023,81.58059692,https://api.worldbank.org/v2/country/all/indicator/IT.NET.USER.ZS?format=json&per_page=20000&date=2020%3A2024
UKR,IT.NET.USER.ZS,internet_users_percent,2022,80.47429657,https://api.worldbank.org/v2/country/all/indicator/IT.NET.USER.ZS?format=json&per_page=20000&date=2020%3A2024
UKR,IT.NET.USER.ZS,internet_users_percent,2021,79.21829353,https://api.worldbank.org/v2/country/all/indicator/IT.NET.USER.ZS?format=json&per_page=20000&date=2020%3A2024
UKR,IT.NET.USER.ZS,internet_users_percent,2020,75.03790912,https://api.worldbank.org/v2/country/all/indicator/IT.NET.USER.ZS?format=json&per_page=20000&date=2020%3A2024
ARE,IT.NET.USER.ZS,internet_users_percent,2024,100.0,https://api.worldbank.org/v2/country/all/indicator/IT.NET.USER.ZS?format=json&per_page=20000&date=2020%3A2024
ARE,IT.NET.USER.ZS,internet_users_percent,2023,100.0,https://api.worldbank.org/v2/country/all/indicator/IT.NET.USER.ZS?format=json&per_page=20000&date=2020%3A2024
ARE,IT.NET.USER.ZS,internet_users_percent,2022,100.0,https://api.worldbank.org/v2/country/all/indicator/IT.NET.USER.ZS?format=json&per_page=20000&date=2020%3A2024
ARE,IT.NET.USER.ZS,internet_users_percent,2021,100.0,https://api.worldbank.org/v2/country/all/indicator/IT.NET.USER.ZS?format=json&per_page=20000&date=2020%3A2024
ARE,IT.NET.USER.ZS,internet_users_percent,2020,100.0,https://api.worldbank.org/v2/country/all/indicator/IT.NET.USER.ZS?format=json&per_page=20000&date=2020%3A2024
GBR,IT.NET.USER.ZS,internet_users_percent,2024,95.4720993,https://api.worldbank.org/v2/country/all/indicator/IT.NET.USER.ZS?format=json&per_page=20000&date=2020%3A2024
GBR,IT.NET.USER.ZS,internet_users_percent,2023,95.44719696,https://api.worldbank.org/v2/country/all/indicator/IT.NET.USER.ZS?format=json&per_page=20000&date=2020%3A2024
GBR,IT.NET.USER.ZS,internet_users_percent,2022,95.46530151,https://api.worldbank.org/v2/country/all/indicator/IT.NET.USER.ZS?format=json&per_page=20000&date=2020%3A2024
GBR,IT.NET.USER.ZS,internet_users_percent,2021,96.19650269,https://api.worldbank.org/v2/country/all/indicator/IT.NET.USER.ZS?format=json&per_page=20000&date=2020%3A2024
GBR,IT.NET.USER.ZS,internet_users_percent,2020,94.81820132,https://api.worldbank.org/v2/country/all/indicator/IT.NET.USER.ZS?format=json&per_page=20000&date=2020%3A2024
USA,IT.NET.USER.ZS,internet_users_percent,2024,94.69380188,https://api.worldbank.org/v2/country/all/indicator/IT.NET.USER.ZS?format=json&per_page=20000&date=2020%3A2024
USA,IT.NET.USER.ZS,internet_users_percent,2023,93.52559662,https://api.worldbank.org/v2/country/all/indicator/IT.NET.USER.ZS?format=json&per_page=20000&date=2020%3A2024
USA,IT.NET.USER.ZS,internet_users_percent,2022,92.72850037,https://api.worldbank.org/v2/country/all/indicator/IT.NET.USER.ZS?format=json&per_page=20000&date=2020%3A2024
USA,IT.NET.USER.ZS,internet_users_percent,2021,91.2684021,https://api.worldbank.org/v2/country/all/indicator/IT.NET.USER.ZS?format=json&per_page=20000&date=2020%3A2024
USA,IT.NET.USER.ZS,internet_users_percent,2020,90.34470367,https://api.worldbank.org/v2/country/all/indicator/IT.NET.USER.ZS?format=json&per_page=20000&date=2020%3A2024
URY,IT.NET.USER.ZS,internet_users_percent,2024,91.99109007,https://api.worldbank.org/v2/country/all/indicator/IT.NET.USER.ZS?format=json&per_page=20000&date=2020%3A2024
URY,IT.NET.USER.ZS,internet_users_percent,2023,90.92590332,https://api.worldbank.org/v2/country/all/indicator/IT.NET.USER.ZS?format=json&per_page=20000&date=2020%3A2024
URY,IT.NET.USER.ZS,internet_users_percent,2022,89.87304314,https://api.worldbank.org/v2/country/all/indicator/IT.NET.USER.ZS?format=json&per_page=20000&date=2020%3A2024
URY,IT.NET.USER.ZS,internet_users_percent,2021,87.64440155,https://api.worldbank.org/v2/country/all/indicator/IT.NET.USER.ZS?format=json&per_page=20000&date=2020%3A2024
URY,IT.NET.USER.ZS,internet_users_percent,2020,85.47100067,https://api.worldbank.org/v2/country/all/indicator/IT.NET.USER.ZS?format=json&per_page=20000&date=2020%3A2024
UZB,IT.NET.USER.ZS,internet_users_percent,2024,89.50550079,https://api.worldbank.org/v2/country/all/indicator/IT.NET.USER.ZS?format=json&per_page=20000&date=2020%3A2024
UZB,IT.NET.USER.ZS,internet_users_percent,2023,89.01361047,https://api.worldbank.org/v2/country/all/indicator/IT.NET.USER.ZS?format=json&per_page=20000&date=2020%3A2024
UZB,IT.NET.USER.ZS,internet_users_percent,2022,83.90000012,https://api.worldbank.org/v2/country/all/indicator/IT.NET.USER.ZS?format=json&per_page=20000&date=2020%3A2024
UZB,IT.NET.USER.ZS,internet_users_percent,2021,76.59043014,https://api.worldbank.org/v2/country/all/indicator/IT.NET.USER.ZS?format=json&per_page=20000&date=2020%3A2024
UZB,IT.NET.USER.ZS,internet_users_percent,2020,71.09999824,https://api.worldbank.org/v2/country/all/indicator/IT.NET.USER.ZS?format=json&per_page=20000&date=2020%3A2024
VUT,IT.NET.USER.ZS,internet_users_percent,2024,,https://api.worldbank.org/v2/country/all/indicator/IT.NET.USER.ZS?format=json&per_page=20000&date=2020%3A2024
VUT,IT.NET.USER.ZS,internet_users_percent,2023,,https://api.worldbank.org/v2/country/all/indicator/IT.NET.USER.ZS?format=json&per_page=20000&date=2020%3A2024
VUT,IT.NET.USER.ZS,internet_users_percent,2022,,https://api.worldbank.org/v2/country/all/indicator/IT.NET.USER.ZS?format=json&per_page=20000&date=2020%3A2024
VUT,IT.NET.USER.ZS,internet_users_percent,2021,,https://api.worldbank.org/v2/country/all/indicator/IT.NET.USER.ZS?format=json&per_page=20000&date=2020%3A2024
VUT,IT.NET.USER.ZS,internet_users_percent,2020,,https://api.worldbank.org/v2/country/all/indicator/IT.NET.USER.ZS?format=json&per_page=20000&date=2020%3A2024
VEN,IT.NET.USER.ZS,internet_users_percent,2024,76.67890167,https://api.worldbank.org/v2/country/all/indicator/IT.NET.USER.ZS?format=json&per_page=20000&date=2020%3A2024
VEN,IT.NET.USER.ZS,internet_users_percent,2023,76.33190155,https://api.worldbank.org/v2/country/all/indicator/IT.NET.USER.ZS?format=json&per_page=20000&date=2020%3A2024
VEN,IT.NET.USER.ZS,internet_users_percent,2022,75.82180023,https://api.worldbank.org/v2/country/all/indicator/IT.NET.USER.ZS?format=json&per_page=20000&date=2020%3A2024
VEN,IT.NET.USER.ZS,internet_users_percent,2021,74.11219788,https://api.worldbank.org/v2/country/all/indicator/IT.NET.USER.ZS?format=json&per_page=20000&date=2020%3A2024
VEN,IT.NET.USER.ZS,internet_users_percent,2020,72.44110107,https://api.worldbank.org/v2/country/all/indicator/IT.NET.USER.ZS?format=json&per_page=20000&date=2020%3A2024
VNM,IT.NET.USER.ZS,internet_users_percent,2024,84.15,https://api.worldbank.org/v2/country/all/indicator/IT.NET.USER.ZS?format=json&per_page=20000&date=2020%3A2024
VNM,IT.NET.USER.ZS,internet_users_percent,2023,78.08,https://api.worldbank.org/v2/country/all/indicator/IT.NET.USER.ZS?format=json&per_page=20000&date=2020%3A2024
VNM,IT.NET.USER.ZS,internet_users_percent,2022,78.58999918,https://api.worldbank.org/v2/country/all/indicator/IT.NET.USER.ZS?format=json&per_page=20000&date=2020%3A2024
VNM,IT.NET.USER.ZS,internet_users_percent,2021,74.20999985,https://api.worldbank.org/v2/country/all/indicator/IT.NET.USER.ZS?format=json&per_page=20000&date=2020%3A2024
VNM,IT.NET.USER.ZS,internet_users_percent,2020,70.30000012,https://api.worldbank.org/v2/country/all/indicator/IT.NET.USER.ZS?format=json&per_page=20000&date=2020%3A2024
VIR,IT.NET.USER.ZS,internet_users_percent,2024,,https://api.worldbank.org/v2/country/all/indicator/IT.NET.USER.ZS?format=json&per_page=20000&date=2020%3A2024
VIR,IT.NET.USER.ZS,internet_users_percent,2023,,https://api.worldbank.org/v2/country/all/indicator/IT.NET.USER.ZS?format=json&per_page=20000&date=2020%3A2024
VIR,IT.NET.USER.ZS,internet_users_percent,2022,,https://api.worldbank.org/v2/country/all/indicator/IT.NET.USER.ZS?format=json&per_page=20000&date=2020%3A2024
VIR,IT.NET.USER.ZS,internet_users_percent,2021,,https://api.worldbank.org/v2/country/all/indicator/IT.NET.USER.ZS?format=json&per_page=20000&date=2020%3A2024
VIR,IT.NET.USER.ZS,internet_users_percent,2020,,https://api.worldbank.org/v2/country/all/indicator/IT.NET.USER.ZS?format=json&per_page=20000&date=2020%3A2024
PSE,IT.NET.USER.ZS,internet_users_percent,2024,,https://api.worldbank.org/v2/country/all/indicator/IT.NET.USER.ZS?format=json&per_page=20000&date=2020%3A2024
PSE,IT.NET.USER.ZS,internet_users_percent,2023,86.63765334,https://api.worldbank.org/v2/country/all/indicator/IT.NET.USER.ZS?format=json&per_page=20000&date=2020%3A2024
PSE,IT.NET.USER.ZS,internet_users_percent,2022,88.64690554,https://api.worldbank.org/v2/country/all/indicator/IT.NET.USER.ZS?format=json&per_page=20000&date=2020%3A2024
PSE,IT.NET.USER.ZS,internet_users_percent,2021,,https://api.worldbank.org/v2/country/all/indicator/IT.NET.USER.ZS?format=json&per_page=20000&date=2020%3A2024
PSE,IT.NET.USER.ZS,internet_users_percent,2020,76.18160248,https://api.worldbank.org/v2/country/all/indicator/IT.NET.USER.ZS?format=json&per_page=20000&date=2020%3A2024
YEM,IT.NET.USER.ZS,internet_users_percent,2024,,https://api.worldbank.org/v2/country/all/indicator/IT.NET.USER.ZS?format=json&per_page=20000&date=2020%3A2024
YEM,IT.NET.USER.ZS,internet_users_percent,2023,,https://api.worldbank.org/v2/country/all/indicator/IT.NET.USER.ZS?format=json&per_page=20000&date=2020%3A2024
YEM,IT.NET.USER.ZS,internet_users_percent,2022,,https://api.worldbank.org/v2/country/all/indicator/IT.NET.USER.ZS?format=json&per_page=20000&date=2020%3A2024
YEM,IT.NET.USER.ZS,internet_users_percent,2021,,https://api.worldbank.org/v2/country/all/indicator/IT.NET.USER.ZS?format=json&per_page=20000&date=2020%3A2024
YEM,IT.NET.USER.ZS,internet_users_percent,2020,,https://api.worldbank.org/v2/country/all/indicator/IT.NET.USER.ZS?format=json&per_page=20000&date=2020%3A2024
ZMB,IT.NET.USER.ZS,internet_users_percent,2024,17.10099983,https://api.worldbank.org/v2/country/all/indicator/IT.NET.USER.ZS?format=json&per_page=20000&date=2020%3A2024
ZMB,IT.NET.USER.ZS,internet_users_percent,2023,16.45070076,https://api.worldbank.org/v2/country/all/indicator/IT.NET.USER.ZS?format=json&per_page=20000&date=2020%3A2024
ZMB,IT.NET.USER.ZS,internet_users_percent,2022,15.0,https://api.worldbank.org/v2/country/all/indicator/IT.NET.USER.ZS?format=json&per_page=20000&date=2020%3A2024
ZMB,IT.NET.USER.ZS,internet_users_percent,2021,14.82190037,https://api.worldbank.org/v2/country/all/indicator/IT.NET.USER.ZS?format=json&per_page=20000&date=2020%3A2024
ZMB,IT.NET.USER.ZS,internet_users_percent,2020,14.64579964,https://api.worldbank.org/v2/country/all/indicator/IT.NET.USER.ZS?format=json&per_page=20000&date=2020%3A2024
ZWE,IT.NET.USER.ZS,internet_users_percent,2024,41.64279938,https://api.worldbank.org/v2/country/all/indicator/IT.NET.USER.ZS?format=json&per_page=20000&date=2020%3A2024
ZWE,IT.NET.USER.ZS,internet_users_percent,2023,38.67480087,https://api.worldbank.org/v2/country/all/indicator/IT.NET.USER.ZS?format=json&per_page=20000&date=2020%3A2024
ZWE,IT.NET.USER.ZS,internet_users_percent,2022,36.25650024,https://api.worldbank.org/v2/country/all/indicator/IT.NET.USER.ZS?format=json&per_page=20000&date=2020%3A2024
ZWE,IT.NET.USER.ZS,internet_users_percent,2021,32.5923996,https://api.worldbank.org/v2/country/all/indicator/IT.NET.USER.ZS?format=json&per_page=20000&date=2020%3A2024
ZWE,IT.NET.USER.ZS,internet_users_percent,2020,29.29856532,https://api.worldbank.org/v2/country/all/indicator/IT.NET.USER.ZS?format=json&per_page=20000&date=2020%3A2024
AFG,IT.NET.BBND.P2,fixed_broadband_per_100,2024,,https://api.worldbank.org/v2/country/all/indicator/IT.NET.BBND.P2?format=json&per_page=20000&date=2020%3A2024
AFG,IT.NET.BBND.P2,fixed_broadband_per_100,2023,0.0800873028793967,https://api.worldbank.org/v2/country/all/indicator/IT.NET.BBND.P2?format=json&per_page=20000&date=2020%3A2024
AFG,IT.NET.BBND.P2,fixed_broadband_per_100,2022,0.0796301678593983,https://api.worldbank.org/v2/country/all/indicator/IT.NET.BBND.P2?format=json&per_page=20000&date=2020%3A2024
AFG,IT.NET.BBND.P2,fixed_broadband_per_100,2021,0.066424315829547,https://api.worldbank.org/v2/country/all/indicator/IT.NET.BBND.P2?format=json&per_page=20000&date=2020%3A2024
AFG,IT.NET.BBND.P2,fixed_broadband_per_100,2020,0.0680079200431626,https://api.worldbank.org/v2/country/all/indicator/IT.NET.BBND.P2?format=json&per_page=20000&date=2020%3A2024
ALB,IT.NET.BBND.P2,fixed_broadband_per_100,2024,24.8815713356962,https://api.worldbank.org/v2/country/all/indicator/IT.NET.BBND.P2?format=json&per_page=20000&date=2020%3A2024
ALB,IT.NET.BBND.P2,fixed_broadband_per_100,2023,22.5048592377088,https://api.worldbank.org/v2/country/all/indicator/IT.NET.BBND.P2?format=json&per_page=20000&date=2020%3A2024
ALB,IT.NET.BBND.P2,fixed_broadband_per_100,2022,20.6989441252111,https://api.worldbank.org/v2/country/all/indicator/IT.NET.BBND.P2?format=json&per_page=20000&date=2020%3A2024
ALB,IT.NET.BBND.P2,fixed_broadband_per_100,2021,19.6303737145283,https://api.worldbank.org/v2/country/all/indicator/IT.NET.BBND.P2?format=json&per_page=20000&date=2020%3A2024
ALB,IT.NET.BBND.P2,fixed_broadband_per_100,2020,17.720931463387,https://api.worldbank.org/v2/country/all/indicator/IT.NET.BBND.P2?format=json&per_page=20000&date=2020%3A2024
DZA,IT.NET.BBND.P2,fixed_broadband_per_100,2024,13.3173088877016,https://api.worldbank.org/v2/country/all/indicator/IT.NET.BBND.P2?format=json&per_page=20000&date=2020%3A2024
DZA,IT.NET.BBND.P2,fixed_broadband_per_100,2023,12.0086836084024,https://api.worldbank.org/v2/country/all/indicator/IT.NET.BBND.P2?format=json&per_page=20000&date=2020%3A2024
DZA,IT.NET.BBND.P2,fixed_broadband_per_100,2022,10.3517244580598,https://api.worldbank.org/v2/country/all/indicator/IT.NET.BBND.P2?format=json&per_page=20000&date=2020%3A2024
DZA,IT.NET.BBND.P2,fixed_broadband_per_100,2021,9.33184191925225,https://api.worldbank.org/v2/country/all/indicator/IT.NET.BBND.P2?format=json&per_page=20000&date=2020%3A2024
DZA,IT.NET.BBND.P2,fixed_broadband_per_100,2020,8.6064465013707,https://api.worldbank.org/v2/country/all/indicator/IT.NET.BBND.P2?format=json&per_page=20000&date=2020%3A2024
ASM,IT.NET.BBND.P2,fixed_broadband_per_100,2024,,https://api.worldbank.org/v2/country/all/indicator/IT.NET.BBND.P2?format=json&per_page=20000&date=2020%3A2024
ASM,IT.NET.BBND.P2,fixed_broadband_per_100,2023,,https://api.worldbank.org/v2/country/all/indicator/IT.NET.BBND.P2?format=json&per_page=20000&date=2020%3A2024
ASM,IT.NET.BBND.P2,fixed_broadband_per_100,2022,,https://api.worldbank.org/v2/country/all/indicator/IT.NET.BBND.P2?format=json&per_page=20000&date=2020%3A2024
ASM,IT.NET.BBND.P2,fixed_broadband_per_100,2021,,https://api.worldbank.org/v2/country/all/indicator/IT.NET.BBND.P2?format=json&per_page=20000&date=2020%3A2024
ASM,IT.NET.BBND.P2,fixed_broadband_per_100,2020,,https://api.worldbank.org/v2/country/all/indicator/IT.NET.BBND.P2?format=json&per_page=20000&date=2020%3A2024
AND,IT.NET.BBND.P2,fixed_broadband_per_100,2024,52.3554394786302,https://api.worldbank.org/v2/country/all/indicator/IT.NET.BBND.P2?format=json&per_page=20000&date=2020%3A2024
AND,IT.NET.BBND.P2,fixed_broadband_per_100,2023,51.7401306025527,https://api.worldbank.org/v2/country/all/indicator/IT.NET.BBND.P2?format=json&per_page=20000&date=2020%3A2024
AND,IT.NET.BBND.P2,fixed_broadband_per_100,2022,51.2050686907973,https://api.worldbank.org/v2/country/all/indicator/IT.NET.BBND.P2?format=json&per_page=20000&date=2020%3A2024
AND,IT.NET.BBND.P2,fixed_broadband_per_100,2021,50.2769128681537,https://api.worldbank.org/v2/country/all/indicator/IT.NET.BBND.P2?format=json&per_page=20000&date=2020%3A2024
AND,IT.NET.BBND.P2,fixed_broadband_per_100,2020,48.6559834582579,https://api.worldbank.org/v2/country/all/indicator/IT.NET.BBND.P2?format=json&per_page=20000&date=2020%3A2024
AGO,IT.NET.BBND.P2,fixed_broadband_per_100,2024,0.362845240712436,https://api.worldbank.org/v2/country/all/indicator/IT.NET.BBND.P2?format=json&per_page=20000&date=2020%3A2024
AGO,IT.NET.BBND.P2,fixed_broadband_per_100,2023,0.373668982990052,https://api.worldbank.org/v2/country/all/indicator/IT.NET.BBND.P2?format=json&per_page=20000&date=2020%3A2024
AGO,IT.NET.BBND.P2,fixed_broadband_per_100,2022,0.386698155907211,https://api.worldbank.org/v2/country/all/indicator/IT.NET.BBND.P2?format=json&per_page=20000&date=2020%3A2024
AGO,IT.NET.BBND.P2,fixed_broadband_per_100,2021,0.39092529517689,https://api.worldbank.org/v2/country/all/indicator/IT.NET.BBND.P2?format=json&per_page=20000&date=2020%3A2024
AGO,IT.NET.BBND.P2,fixed_broadband_per_100,2020,0.363264238710965,https://api.worldbank.org/v2/country/all/indicator/IT.NET.BBND.P2?format=json&per_page=20000&date=2020%3A2024
ATG,IT.NET.BBND.P2,fixed_broadband_per_100,2024,,https://api.worldbank.org/v2/country/all/indicator/IT.NET.BBND.P2?format=json&per_page=20000&date=2020%3A2024
ATG,IT.NET.BBND.P2,fixed_broadband_per_100,2023,,https://api.worldbank.org/v2/country/all/indicator/IT.NET.BBND.P2?format=json&per_page=20000&date=2020%3A2024
ATG,IT.NET.BBND.P2,fixed_broadband_per_100,2022,10.6818181818182,https://api.worldbank.org/v2/country/all/indicator/IT.NET.BBND.P2?format=json&per_page=20000&date=2020%3A2024
ATG,IT.NET.BBND.P2,fixed_broadband_per_100,2021,8.66279006811119,https://api.worldbank.org/v2/country/all/indicator/IT.NET.BBND.P2?format=json&per_page=20000&date=2020%3A2024
ATG,IT.NET.BBND.P2,fixed_broadband_per_100,2020,8.71023234544781,https://api.worldbank.org/v2/country/all/indicator/IT.NET.BBND.P2?format=json&per_page=20000&date=2020%3A2024
ARG,IT.NET.BBND.P2,fixed_broadband_per_100,2024,26.0976420359532,https://api.worldbank.org/v2/country/all/indicator/IT.NET.BBND.P2?format=json&per_page=20000&date=2020%3A2024
ARG,IT.NET.BBND.P2,fixed_broadband_per_100,2023,25.3580730689248,https://api.worldbank.org/v2/country/all/indicator/IT.NET.BBND.P2?format=json&per_page=20000&date=2020%3A2024
ARG,IT.NET.BBND.P2,fixed_broadband_per_100,2022,24.6831785056628,https://api.worldbank.org/v2/country/all/indicator/IT.NET.BBND.P2?format=json&per_page=20000&date=2020%3A2024
ARG,IT.NET.BBND.P2,fixed_broadband_per_100,2021,23.1500020932515,https://api.worldbank.org/v2/country/all/indicator/IT.NET.BBND.P2?format=json&per_page=20000&date=2020%3A2024
ARG,IT.NET.BBND.P2,fixed_broadband_per_100,2020,21.1797871590669,https://api.worldbank.org/v2/country/all/indicator/IT.NET.BBND.P2?format=json&per_page=20000&date=2020%3A2024
ARM,IT.NET.BBND.P2,fixed_broadband_per_100,2024,20.3090953111129,https://api.worldbank.org/v2/country/all/indicator/IT.NET.BBND.P2?format=json&per_page=20000&date=2020%3A2024
ARM,IT.NET.BBND.P2,fixed_broadband_per_100,2023,18.5458075085454,https://api.worldbank.org/v2/country/all/indicator/IT.NET.BBND.P2?format=json&per_page=20000&date=2020%3A2024
ARM,IT.NET.BBND.P2,fixed_broadband_per_100,2022,17.7300708049016,https://api.worldbank.org/v2/country/all/indicator/IT.NET.BBND.P2?format=json&per_page=20000&date=2020%3A2024
ARM,IT.NET.BBND.P2,fixed_broadband_per_100,2021,16.2565945813558,https://api.worldbank.org/v2/country/all/indicator/IT.NET.BBND.P2?format=json&per_page=20000&date=2020%3A2024
ARM,IT.NET.BBND.P2,fixed_broadband_per_100,2020,14.8883804721864,https://api.worldbank.org/v2/country/all/indicator/IT.NET.BBND.P2?format=json&per_page=20000&date=2020%3A2024
ABW,IT.NET.BBND.P2,fixed_broadband_per_100,2024,,https://api.worldbank.org/v2/country/all/indicator/IT.NET.BBND.P2?format=json&per_page=20000&date=2020%3A2024
ABW,IT.NET.BBND.P2,fixed_broadband_per_100,2023,,https://api.worldbank.org/v2/country/all/indicator/IT.NET.BBND.P2?format=json&per_page=20000&date=2020%3A2024
ABW,IT.NET.BBND.P2,fixed_broadband_per_100,2022,17.4862221892338,https://api.worldbank.org/v2/country/all/indicator/IT.NET.BBND.P2?format=json&per_page=20000&date=2020%3A2024
ABW,IT.NET.BBND.P2,fixed_broadband_per_100,2021,17.664887781476,https://api.worldbank.org/v2/country/all/indicator/IT.NET.BBND.P2?format=json&per_page=20000&date=2020%3A2024
ABW,IT.NET.BBND.P2,fixed_broadband_per_100,2020,17.6908752327747,https://api.worldbank.org/v2/country/all/indicator/IT.NET.BBND.P2?format=json&per_page=20000&date=2020%3A2024
AUS,IT.NET.BBND.P2,fixed_broadband_per_100,2024,36.4788276060473,https://api.worldbank.org/v2/country/all/indicator/IT.NET.BBND.P2?format=json&per_page=20000&date=2020%3A2024
AUS,IT.NET.BBND.P2,fixed_broadband_per_100,2023,36.627426494239,https://api.worldbank.org/v2/country/all/indicator/IT.NET.BBND.P2?format=json&per_page=20000&date=2020%3A2024
AUS,IT.NET.BBND.P2,fixed_broadband_per_100,2022,36.3933201898066,https://api.worldbank.org/v2/country/all/indicator/IT.NET.BBND.P2?format=json&per_page=20000&date=2020%3A2024
AUS,IT.NET.BBND.P2,fixed_broadband_per_100,2021,35.8359861455454,https://api.worldbank.org/v2/country/all/indicator/IT.NET.BBND.P2?format=json&per_page=20000&date=2020%3A2024
AUS,IT.NET.BBND.P2,fixed_broadband_per_100,2020,35.346849265518,https://api.worldbank.org/v2/country/all/indicator/IT.NET.BBND.P2?format=json&per_page=20000&date=2020%3A2024
AUT,IT.NET.BBND.P2,fixed_broadband_per_100,2024,30.12779672163,https://api.worldbank.org/v2/country/all/indicator/IT.NET.BBND.P2?format=json&per_page=20000&date=2020%3A2024
AUT,IT.NET.BBND.P2,fixed_broadband_per_100,2023,29.3725409835617,https://api.worldbank.org/v2/country/all/indicator/IT.NET.BBND.P2?format=json&per_page=20000&date=2020%3A2024
AUT,IT.NET.BBND.P2,fixed_broadband_per_100,2022,29.2342573265435,https://api.worldbank.org/v2/country/all/indicator/IT.NET.BBND.P2?format=json&per_page=20000&date=2020%3A2024
AUT,IT.NET.BBND.P2,fixed_broadband_per_100,2021,29.2537339731419,https://api.worldbank.org/v2/country/all/indicator/IT.NET.BBND.P2?format=json&per_page=20000&date=2020%3A2024
AUT,IT.NET.BBND.P2,fixed_broadband_per_100,2020,29.2106456326106,https://api.worldbank.org/v2/country/all/indicator/IT.NET.BBND.P2?format=json&per_page=20000&date=2020%3A2024
AZE,IT.NET.BBND.P2,fixed_broadband_per_100,2024,21.7534102440295,https://api.worldbank.org/v2/country/all/indicator/IT.NET.BBND.P2?format=json&per_page=20000&date=2020%3A2024
AZE,IT.NET.BBND.P2,fixed_broadband_per_100,2023,20.8825041017301,https://api.worldbank.org/v2/country/all/indicator/IT.NET.BBND.P2?format=json&per_page=20000&date=2020%3A2024
AZE,IT.NET.BBND.P2,fixed_broadband_per_100,2022,20.3655958095069,https://api.worldbank.org/v2/country/all/indicator/IT.NET.BBND.P2?format=json&per_page=20000&date=2020%3A2024
AZE,IT.NET.BBND.P2,fixed_broadband_per_100,2021,20.0856994533421,https://api.worldbank.org/v2/country/all/indicator/IT.NET.BBND.P2?format=json&per_page=20000&date=2020%3A2024
AZE,IT.NET.BBND.P2,fixed_broadband_per_100,2020,19.5985750948022,https://api.worldbank.org/v2/country/all/indicator/IT.NET.BBND.P2?format=json&per_page=20000&date=2020%3A2024
BHS,IT.NET.BBND.P2,fixed_broadband_per_100,2024,25.2679530406222,https://api.worldbank.org/v2/country/all/indicator/IT.NET.BBND.P2?format=json&per_page=20000&date=2020%3A2024
BHS,IT.NET.BBND.P2,fixed_broadband_per_100,2023,23.816342880032,https://api.worldbank.org/v2/country/all/indicator/IT.NET.BBND.P2?format=json&per_page=20000&date=2020%3A2024
BHS,IT.NET.BBND.P2,fixed_broadband_per_100,2022,21.135589553703,https://api.worldbank.org/v2/country/all/indicator/IT.NET.BBND.P2?format=json&per_page=20000&date=2020%3A2024
BHS,IT.NET.BBND.P2,fixed_broadband_per_100,2021,20.7423310871326,https://api.worldbank.org/v2/country/all/indicator/IT.NET.BBND.P2?format=json&per_page=20000&date=2020%3A2024
BHS,IT.NET.BBND.P2,fixed_broadband_per_100,2020,20.9668496424268,https://api.worldbank.org/v2/country/all/indicator/IT.NET.BBND.P2?format=json&per_page=20000&date=2020%3A2024
BHR,IT.NET.BBND.P2,fixed_broadband_per_100,2024,16.9915789748788,https://api.worldbank.org/v2/country/all/indicator/IT.NET.BBND.P2?format=json&per_page=20000&date=2020%3A2024
BHR,IT.NET.BBND.P2,fixed_broadband_per_100,2023,17.1582362107608,https://api.worldbank.org/v2/country/all/indicator/IT.NET.BBND.P2?format=json&per_page=20000&date=2020%3A2024
BHR,IT.NET.BBND.P2,fixed_broadband_per_100,2022,18.0025680504011,https://api.worldbank.org/v2/country/all/indicator/IT.NET.BBND.P2?format=json&per_page=20000&date=2020%3A2024
BHR,IT.NET.BBND.P2,fixed_broadband_per_100,2021,16.5057891919103,https://api.worldbank.org/v2/country/all/indicator/IT.NET.BBND.P2?format=json&per_page=20000&date=2020%3A2024
BHR,IT.NET.BBND.P2,fixed_broadband_per_100,2020,10.1824112975928,https://api.worldbank.org/v2/country/all/indicator/IT.NET.BBND.P2?format=json&per_page=20000&date=2020%3A2024
BGD,IT.NET.BBND.P2,fixed_broadband_per_100,2024,8.08931134401926,https://api.worldbank.org/v2/country/all/indicator/IT.NET.BBND.P2?format=json&per_page=20000&date=2020%3A2024
BGD,IT.NET.BBND.P2,fixed_broadband_per_100,2023,7.89245848428319,https://api.worldbank.org/v2/country/all/indicator/IT.NET.BBND.P2?format=json&per_page=20000&date=2020%3A2024
BGD,IT.NET.BBND.P2,fixed_broadband_per_100,2022,7.17020479104462,https://api.worldbank.org/v2/country/all/indicator/IT.NET.BBND.P2?format=json&per_page=20000&date=2020%3A2024
BGD,IT.NET.BBND.P2,fixed_broadband_per_100,2021,6.64246518111116,https://api.worldbank.org/v2/country/all/indicator/IT.NET.BBND.P2?format=json&per_page=20000&date=2020%3A2024
BGD,IT.NET.BBND.P2,fixed_broadband_per_100,2020,6.04506220711318,https://api.worldbank.org/v2/country/all/indicator/IT.NET.BBND.P2?format=json&per_page=20000&date=2020%3A2024
BRB,IT.NET.BBND.P2,fixed_broadband_per_100,2024,,https://api.worldbank.org/v2/country/all/indicator/IT.NET.BBND.P2?format=json&per_page=20000&date=2020%3A2024
BRB,IT.NET.BBND.P2,fixed_broadband_per_100,2023,,https://api.worldbank.org/v2/country/all/indicator/IT.NET.BBND.P2?format=json&per_page=20000&date=2020%3A2024
BRB,IT.NET.BBND.P2,fixed_broadband_per_100,2022,37.4843261853654,https://api.worldbank.org/v2/country/all/indicator/IT.NET.BBND.P2?format=json&per_page=20000&date=2020%3A2024
BRB,IT.NET.BBND.P2,fixed_broadband_per_100,2021,36.3512637029634,https://api.worldbank.org/v2/country/all/indicator/IT.NET.BBND.P2?format=json&per_page=20000&date=2020%3A2024
BRB,IT.NET.BBND.P2,fixed_broadband_per_100,2020,45.43873225937,https://api.worldbank.org/v2/country/all/indicator/IT.NET.BBND.P2?format=json&per_page=20000&date=2020%3A2024
BLR,IT.NET.BBND.P2,fixed_broadband_per_100,2024,36.2627055164488,https://api.worldbank.org/v2/country/all/indicator/IT.NET.BBND.P2?format=json&per_page=20000&date=2020%3A2024
BLR,IT.NET.BBND.P2,fixed_broadband_per_100,2023,35.0931910729644,https://api.worldbank.org/v2/country/all/indicator/IT.NET.BBND.P2?format=json&per_page=20000&date=2020%3A2024
BLR,IT.NET.BBND.P2,fixed_broadband_per_100,2022,34.0671782490739,https://api.worldbank.org/v2/country/all/indicator/IT.NET.BBND.P2?format=json&per_page=20000&date=2020%3A2024
BLR,IT.NET.BBND.P2,fixed_broadband_per_100,2021,35.0097634241001,https://api.worldbank.org/v2/country/all/indicator/IT.NET.BBND.P2?format=json&per_page=20000&date=2020%3A2024
BLR,IT.NET.BBND.P2,fixed_broadband_per_100,2020,34.8152229336418,https://api.worldbank.org/v2/country/all/indicator/IT.NET.BBND.P2?format=json&per_page=20000&date=2020%3A2024
BEL,IT.NET.BBND.P2,fixed_broadband_per_100,2024,44.2321563183446,https://api.worldbank.org/v2/country/all/indicator/IT.NET.BBND.P2?format=json&per_page=20000&date=2020%3A2024
BEL,IT.NET.BBND.P2,fixed_broadband_per_100,2023,43.7026445985633,https://api.worldbank.org/v2/country/all/indicator/IT.NET.BBND.P2?format=json&per_page=20000&date=2020%3A2024
BEL,IT.NET.BBND.P2,fixed_broadband_per_100,2022,43.5657139519422,https://api.worldbank.org/v2/country/all/indicator/IT.NET.BBND.P2?format=json&per_page=20000&date=2020%3A2024
BEL,IT.NET.BBND.P2,fixed_broadband_per_100,2021,43.0218054966431,https://api.worldbank.org/v2/country/all/indicator/IT.NET.BBND.P2?format=json&per_page=20000&date=2020%3A2024
BEL,IT.NET.BBND.P2,fixed_broadband_per_100,2020,41.0239697084264,https://api.worldbank.org/v2/country/all/indicator/IT.NET.BBND.P2?format=json&per_page=20000&date=2020%3A2024
BLZ,IT.NET.BBND.P2,fixed_broadband_per_100,2024,,https://api.worldbank.org/v2/country/all/indicator/IT.NET.BBND.P2?format=json&per_page=20000&date=2020%3A2024
BLZ,IT.NET.BBND.P2,fixed_broadband_per_100,2023,,https://api.worldbank.org/v2/country/all/indicator/IT.NET.BBND.P2?format=json&per_page=20000&date=2020%3A2024
BLZ,IT.NET.BBND.P2,fixed_broadband_per_100,2022,9.75385677359442,https://api.worldbank.org/v2/country/all/indicator/IT.NET.BBND.P2?format=json&per_page=20000&date=2020%3A2024
BLZ,IT.NET.BBND.P2,fixed_broadband_per_100,2021,9.10594770150703,https://api.worldbank.org/v2/country/all/indicator/IT.NET.BBND.P2?format=json&per_page=20000&date=2020%3A2024
BLZ,IT.NET.BBND.P2,fixed_broadband_per_100,2020,9.21159022752628,https://api.worldbank.org/v2/country/all/indicator/IT.NET.BBND.P2?format=json&per_page=20000&date=2020%3A2024
BEN,IT.NET.BBND.P2,fixed_broadband_per_100,2024,0.277382047807868,https://api.worldbank.org/v2/country/all/indicator/IT.NET.BBND.P2?format=json&per_page=20000&date=2020%3A2024
BEN,IT.NET.BBND.P2,fixed_broadband_per_100,2023,0.170880461346773,https://api.worldbank.org/v2/country/all/indicator/IT.NET.BBND.P2?format=json&per_page=20000&date=2020%3A2024
BEN,IT.NET.BBND.P2,fixed_broadband_per_100,2022,0.153072411564925,https://api.worldbank.org/v2/country/all/indicator/IT.NET.BBND.P2?format=json&per_page=20000&date=2020%3A2024
BEN,IT.NET.BBND.P2,fixed_broadband_per_100,2021,0.154166533404575,https://api.worldbank.org/v2/country/all/indicator/IT.NET.BBND.P2?format=json&per_page=20000&date=2020%3A2024
BEN,IT.NET.BBND.P2,fixed_broadband_per_100,2020,0.229384945213792,https://api.worldbank.org/v2/country/all/indicator/IT.NET.BBND.P2?format=json&per_page=20000&date=2020%3A2024
BMU,IT.NET.BBND.P2,fixed_broadband_per_100,2024,51.3026796212637,https://api.worldbank.org/v2/country/all/indicator/IT.NET.BBND.P2?format=json&per_page=20000&date=2020%3A2024
BMU,IT.NET.BBND.P2,fixed_broadband_per_100,2023,,https://api.worldbank.org/v2/country/all/indicator/IT.NET.BBND.P2?format=json&per_page=20000&date=2020%3A2024
BMU,IT.NET.BBND.P2,fixed_broadband_per_100,2022,35.5804722852863,https://api.worldbank.org/v2/country/all/indicator/IT.NET.BBND.P2?format=json&per_page=20000&date=2020%3A2024
BMU,IT.NET.BBND.P2,fixed_broadband_per_100,2021,35.5772800395991,https://api.worldbank.org/v2/country/all/indicator/IT.NET.BBND.P2?format=json&per_page=20000&date=2020%3A2024
BMU,IT.NET.BBND.P2,fixed_broadband_per_100,2020,35.7242707589078,https://api.worldbank.org/v2/country/all/indicator/IT.NET.BBND.P2?format=json&per_page=20000&date=2020%3A2024
BTN,IT.NET.BBND.P2,fixed_broadband_per_100,2024,2.92069476099272,https://api.worldbank.org/v2/country/all/indicator/IT.NET.BBND.P2?format=json&per_page=20000&date=2020%3A2024
BTN,IT.NET.BBND.P2,fixed_broadband_per_100,2023,1.31881966212479,https://api.worldbank.org/v2/country/all/indicator/IT.NET.BBND.P2?format=json&per_page=20000&date=2020%3A2024
BTN,IT.NET.BBND.P2,fixed_broadband_per_100,2022,0.631823734751842,https://api.worldbank.org/v2/country/all/indicator/IT.NET.BBND.P2?format=json&per_page=20000&date=2020%3A2024
BTN,IT.NET.BBND.P2,fixed_broadband_per_100,2021,0.364566273170656,https://api.worldbank.org/v2/country/all/indicator/IT.NET.BBND.P2?format=json&per_page=20000&date=2020%3A2024
BTN,IT.NET.BBND.P2,fixed_broadband_per_100,2020,0.414152616992595,https://api.worldbank.org/v2/country/all/indicator/IT.NET.BBND.P2?format=json&per_page=20000&date=2020%3A2024
BOL,IT.NET.BBND.P2,fixed_broadband_per_100,2024,12.0711429622144,https://api.worldbank.org/v2/country/all/indicator/IT.NET.BBND.P2?format=json&per_page=20000&date=2020%3A2024
BOL,IT.NET.BBND.P2,fixed_broadband_per_100,2023,11.1529423948186,https://api.worldbank.org/v2/country/all/indicator/IT.NET.BBND.P2?format=json&per_page=20000&date=2020%3A2024
BOL,IT.NET.BBND.P2,fixed_broadband_per_100,2022,10.9975247479663,https://api.worldbank.org/v2/country/all/indicator/IT.NET.BBND.P2?format=json&per_page=20000&date=2020%3A2024
BOL,IT.NET.BBND.P2,fixed_broadband_per_100,2021,9.44574009663778,https://api.worldbank.org/v2/country/all/indicator/IT.NET.BBND.P2?format=json&per_page=20000&date=2020%3A2024
BOL,IT.NET.BBND.P2,fixed_broadband_per_100,2020,7.88671647526861,https://api.worldbank.org/v2/country/all/indicator/IT.NET.BBND.P2?format=json&per_page=20000&date=2020%3A2024
BIH,IT.NET.BBND.P2,fixed_broadband_per_100,2024,29.3909178564419,https://api.worldbank.org/v2/country/all/indicator/IT.NET.BBND.P2?format=json&per_page=20000&date=2020%3A2024
BIH,IT.NET.BBND.P2,fixed_broadband_per_100,2023,28.440133083292,https://api.worldbank.org/v2/country/all/indicator/IT.NET.BBND.P2?format=json&per_page=20000&date=2020%3A2024
BIH,IT.NET.BBND.P2,fixed_broadband_per_100,2022,27.3190356221695,https://api.worldbank.org/v2/country/all/indicator/IT.NET.BBND.P2?format=json&per_page=20000&date=2020%3A2024
BIH,IT.NET.BBND.P2,fixed_broadband_per_100,2021,24.5890868366952,https://api.worldbank.org/v2/country/all/indicator/IT.NET.BBND.P2?format=json&per_page=20000&date=2020%3A2024
BIH,IT.NET.BBND.P2,fixed_broadband_per_100,2020,23.3507882918721,https://api.worldbank.org/v2/country/all/indicator/IT.NET.BBND.P2?format=json&per_page=20000&date=2020%3A2024
BWA,IT.NET.BBND.P2,fixed_broadband_per_100,2024,7.4409622000215,https://api.worldbank.org/v2/country/all/indicator/IT.NET.BBND.P2?format=json&per_page=20000&date=2020%3A2024
BWA,IT.NET.BBND.P2,fixed_broadband_per_100,2023,6.16495796381324,https://api.worldbank.org/v2/country/all/indicator/IT.NET.BBND.P2?format=json&per_page=20000&date=2020%3A2024
BWA,IT.NET.BBND.P2,fixed_broadband_per_100,2022,4.53192190474005,https://api.worldbank.org/v2/country/all/indicator/IT.NET.BBND.P2?format=json&per_page=20000&date=2020%3A2024
BWA,IT.NET.BBND.P2,fixed_broadband_per_100,2021,5.5483769953124,https://api.worldbank.org/v2/country/all/indicator/IT.NET.BBND.P2?format=json&per_page=20000&date=2020%3A2024
BWA,IT.NET.BBND.P2,fixed_broadband_per_100,2020,3.58604400704343,https://api.worldbank.org/v2/country/all/indicator/IT.NET.BBND.P2?format=json&per_page=20000&date=2020%3A2024
BRA,IT.NET.BBND.P2,fixed_broadband_per_100,2024,24.079199344422,https://api.worldbank.org/v2/country/all/indicator/IT.NET.BBND.P2?format=json&per_page=20000&date=2020%3A2024
BRA,IT.NET.BBND.P2,fixed_broadband_per_100,2023,22.4192301618889,https://api.worldbank.org/v2/country/all/indicator/IT.NET.BBND.P2?format=json&per_page=20000&date=2020%3A2024
BRA,IT.NET.BBND.P2,fixed_broadband_per_100,2022,20.9534469027015,https://api.worldbank.org/v2/country/all/indicator/IT.NET.BBND.P2?format=json&per_page=20000&date=2020%3A2024
BRA,IT.NET.BBND.P2,fixed_broadband_per_100,2021,19.8363162401481,https://api.worldbank.org/v2/country/all/indicator/IT.NET.BBND.P2?format=json&per_page=20000&date=2020%3A2024
BRA,IT.NET.BBND.P2,fixed_broadband_per_100,2020,17.418059685583,https://api.worldbank.org/v2/country/all/indicator/IT.NET.BBND.P2?format=json&per_page=20000&date=2020%3A2024
VGB,IT.NET.BBND.P2,fixed_broadband_per_100,2024,24.9119606799929,https://api.worldbank.org/v2/country/all/indicator/IT.NET.BBND.P2?format=json&per_page=20000&date=2020%3A2024
VGB,IT.NET.BBND.P2,fixed_broadband_per_100,2023,23.5269975631653,https://api.worldbank.org/v2/country/all/indicator/IT.NET.BBND.P2?format=json&per_page=20000&date=2020%3A2024
VGB,IT.NET.BBND.P2,fixed_broadband_per_100,2022,20.5485529371852,https://api.worldbank.org/v2/country/all/indicator/IT.NET.BBND.P2?format=json&per_page=20000&date=2020%3A2024
VGB,IT.NET.BBND.P2,fixed_broadband_per_100,2021,20.8865614007247,https://api.worldbank.org/v2/country/all/indicator/IT.NET.BBND.P2?format=json&per_page=20000&date=2020%3A2024
VGB,IT.NET.BBND.P2,fixed_broadband_per_100,2020,19.0925003366097,https://api.worldbank.org/v2/country/all/indicator/IT.NET.BBND.P2?format=json&per_page=20000&date=2020%3A2024
BRN,IT.NET.BBND.P2,fixed_broadband_per_100,2024,21.1771240120937,https://api.worldbank.org/v2/country/all/indicator/IT.NET.BBND.P2?format=json&per_page=20000&date=2020%3A2024
BRN,IT.NET.BBND.P2,fixed_broadband_per_100,2023,20.2120497048692,https://api.worldbank.org/v2/country/all/indicator/IT.NET.BBND.P2?format=json&per_page=20000&date=2020%3A2024
BRN,IT.NET.BBND.P2,fixed_broadband_per_100,2022,19.8049937413532,https://api.worldbank.org/v2/country/all/indicator/IT.NET.BBND.P2?format=json&per_page=20000&date=2020%3A2024
BRN,IT.NET.BBND.P2,fixed_broadband_per_100,2021,17.580984722871,https://api.worldbank.org/v2/country/all/indicator/IT.NET.BBND.P2?format=json&per_page=20000&date=2020%3A2024
BRN,IT.NET.BBND.P2,fixed_broadband_per_100,2020,15.886760064729,https://api.worldbank.org/v2/country/all/indicator/IT.NET.BBND.P2?format=json&per_page=20000&date=2020%3A2024
BGR,IT.NET.BBND.P2,fixed_broadband_per_100,2024,,https://api.worldbank.org/v2/country/all/indicator/IT.NET.BBND.P2?format=json&per_page=20000&date=2020%3A2024
BGR,IT.NET.BBND.P2,fixed_broadband_per_100,2023,37.0235717545079,https://api.worldbank.org/v2/country/all/indicator/IT.NET.BBND.P2?format=json&per_page=20000&date=2020%3A2024
BGR,IT.NET.BBND.P2,fixed_broadband_per_100,2022,34.9667968772891,https://api.worldbank.org/v2/country/all/indicator/IT.NET.BBND.P2?format=json&per_page=20000&date=2020%3A2024
BGR,IT.NET.BBND.P2,fixed_broadband_per_100,2021,32.7688420838347,https://api.worldbank.org/v2/country/all/indicator/IT.NET.BBND.P2?format=json&per_page=20000&date=2020%3A2024
BGR,IT.NET.BBND.P2,fixed_broadband_per_100,2020,30.5042854761098,https://api.worldbank.org/v2/country/all/indicator/IT.NET.BBND.P2?format=json&per_page=20000&date=2020%3A2024
BFA,IT.NET.BBND.P2,fixed_broadband_per_100,2024,0.851360416490348,https://api.worldbank.org/v2/country/all/indicator/IT.NET.BBND.P2?format=json&per_page=20000&date=2020%3A2024
BFA,IT.NET.BBND.P2,fixed_broadband_per_100,2023,0.459463342299517,https://api.worldbank.org/v2/country/all/indicator/IT.NET.BBND.P2?format=json&per_page=20000&date=2020%3A2024
BFA,IT.NET.BBND.P2,fixed_broadband_per_100,2022,0.214398323020291,https://api.worldbank.org/v2/country/all/indicator/IT.NET.BBND.P2?format=json&per_page=20000&date=2020%3A2024
BFA,IT.NET.BBND.P2,fixed_broadband_per_100,2021,0.0740660150924452,https://api.worldbank.org/v2/country/all/indicator/IT.NET.BBND.P2?format=json&per_page=20000&date=2020%3A2024
BFA,IT.NET.BBND.P2,fixed_broadband_per_100,2020,0.0650831126106853,https://api.worldbank.org/v2/country/all/indicator/IT.NET.BBND.P2?format=json&per_page=20000&date=2020%3A2024
BDI,IT.NET.BBND.P2,fixed_broadband_per_100,2024,,https://api.worldbank.org/v2/country/all/indicator/IT.NET.BBND.P2?format=json&per_page=20000&date=2020%3A2024
BDI,IT.NET.BBND.P2,fixed_broadband_per_100,2023,0.0203441336211462,https://api.worldbank.org/v2/country/all/indicator/IT.NET.BBND.P2?format=json&per_page=20000&date=2020%3A2024
BDI,IT.NET.BBND.P2,fixed_broadband_per_100,2022,0.0300650914860841,https://api.worldbank.org/v2/country/all/indicator/IT.NET.BBND.P2?format=json&per_page=20000&date=2020%3A2024
BDI,IT.NET.BBND.P2,fixed_broadband_per_100,2021,0.0304886490520483,https://api.worldbank.org/v2/country/all/indicator/IT.NET.BBND.P2?format=json&per_page=20000&date=2020%3A2024
BDI,IT.NET.BBND.P2,fixed_broadband_per_100,2020,0.0335260991567275,https://api.worldbank.org/v2/country/all/indicator/IT.NET.BBND.P2?format=json&per_page=20000&date=2020%3A2024
CPV,IT.NET.BBND.P2,fixed_broadband_per_100,2024,8.30537440200276,https://api.worldbank.org/v2/country/all/indicator/IT.NET.BBND.P2?format=json&per_page=20000&date=2020%3A2024
CPV,IT.NET.BBND.P2,fixed_broadband_per_100,2023,7.23008973237277,https://api.worldbank.org/v2/country/all/indicator/IT.NET.BBND.P2?format=json&per_page=20000&date=2020%3A2024
CPV,IT.NET.BBND.P2,fixed_broadband_per_100,2022,6.56769429388869,https://api.worldbank.org/v2/country/all/indicator/IT.NET.BBND.P2?format=json&per_page=20000&date=2020%3A2024
CPV,IT.NET.BBND.P2,fixed_broadband_per_100,2021,5.90962142576488,https://api.worldbank.org/v2/country/all/indicator/IT.NET.BBND.P2?format=json&per_page=20000&date=2020%3A2024
CPV,IT.NET.BBND.P2,fixed_broadband_per_100,2020,4.82611491823059,https://api.worldbank.org/v2/country/all/indicator/IT.NET.BBND.P2?format=json&per_page=20000&date=2020%3A2024
KHM,IT.NET.BBND.P2,fixed_broadband_per_100,2024,4.14566160137529,https://api.worldbank.org/v2/country/all/indicator/IT.NET.BBND.P2?format=json&per_page=20000&date=2020%3A2024
KHM,IT.NET.BBND.P2,fixed_broadband_per_100,2023,3.64181801068419,https://api.worldbank.org/v2/country/all/indicator/IT.NET.BBND.P2?format=json&per_page=20000&date=2020%3A2024
KHM,IT.NET.BBND.P2,fixed_broadband_per_100,2022,2.9638308346303,https://api.worldbank.org/v2/country/all/indicator/IT.NET.BBND.P2?format=json&per_page=20000&date=2020%3A2024
KHM,IT.NET.BBND.P2,fixed_broadband_per_100,2021,1.98089406311481,https://api.worldbank.org/v2/country/all/indicator/IT.NET.BBND.P2?format=json&per_page=20000&date=2020%3A2024
KHM,IT.NET.BBND.P2,fixed_broadband_per_100,2020,1.39770029835926,https://api.worldbank.org/v2/country/all/indicator/IT.NET.BBND.P2?format=json&per_page=20000&date=2020%3A2024
CMR,IT.NET.BBND.P2,fixed_broadband_per_100,2024,,https://api.worldbank.org/v2/country/all/indicator/IT.NET.BBND.P2?format=json&per_page=20000&date=2020%3A2024
CMR,IT.NET.BBND.P2,fixed_broadband_per_100,2023,,https://api.worldbank.org/v2/country/all/indicator/IT.NET.BBND.P2?format=json&per_page=20000&date=2020%3A2024
CMR,IT.NET.BBND.P2,fixed_broadband_per_100,2022,2.12862474053,https://api.worldbank.org/v2/country/all/indicator/IT.NET.BBND.P2?format=json&per_page=20000&date=2020%3A2024
CMR,IT.NET.BBND.P2,fixed_broadband_per_100,2021,2.23385126289217,https://api.worldbank.org/v2/country/all/indicator/IT.NET.BBND.P2?format=json&per_page=20000&date=2020%3A2024
CMR,IT.NET.BBND.P2,fixed_broadband_per_100,2020,2.75682417749367,https://api.worldbank.org/v2/country/all/indicator/IT.NET.BBND.P2?format=json&per_page=20000&date=2020%3A2024
CAN,IT.NET.BBND.P2,fixed_broadband_per_100,2024,42.5238215177079,https://api.worldbank.org/v2/country/all/indicator/IT.NET.BBND.P2?format=json&per_page=20000&date=2020%3A2024
CAN,IT.NET.BBND.P2,fixed_broadband_per_100,2023,42.5241770773151,https://api.worldbank.org/v2/country/all/indicator/IT.NET.BBND.P2?format=json&per_page=20000&date=2020%3A2024
CAN,IT.NET.BBND.P2,fixed_broadband_per_100,2022,42.1792116530791,https://api.worldbank.org/v2/country/all/indicator/IT.NET.BBND.P2?format=json&per_page=20000&date=2020%3A2024
CAN,IT.NET.BBND.P2,fixed_broadband_per_100,2021,41.6930962576979,https://api.worldbank.org/v2/country/all/indicator/IT.NET.BBND.P2?format=json&per_page=20000&date=2020%3A2024
CAN,IT.NET.BBND.P2,fixed_broadband_per_100,2020,40.7949805592606,https://api.worldbank.org/v2/country/all/indicator/IT.NET.BBND.P2?format=json&per_page=20000&date=2020%3A2024
CYM,IT.NET.BBND.P2,fixed_broadband_per_100,2024,,https://api.worldbank.org/v2/country/all/indicator/IT.NET.BBND.P2?format=json&per_page=20000&date=2020%3A2024
CYM,IT.NET.BBND.P2,fixed_broadband_per_100,2023,,https://api.worldbank.org/v2/country/all/indicator/IT.NET.BBND.P2?format=json&per_page=20000&date=2020%3A2024
CYM,IT.NET.BBND.P2,fixed_broadband_per_100,2022,56.3604363676998,https://api.worldbank.org/v2/country/all/indicator/IT.NET.BBND.P2?format=json&per_page=20000&date=2020%3A2024
CYM,IT.NET.BBND.P2,fixed_broadband_per_100,2021,45.6438637530667,https://api.worldbank.org/v2/country/all/indicator/IT.NET.BBND.P2?format=json&per_page=20000&date=2020%3A2024
CYM,IT.NET.BBND.P2,fixed_broadband_per_100,2020,46.5901811193291,https://api.worldbank.org/v2/country/all/indicator/IT.NET.BBND.P2?format=json&per_page=20000&date=2020%3A2024
CAF,IT.NET.BBND.P2,fixed_broadband_per_100,2024,,https://api.worldbank.org/v2/country/all/indicator/IT.NET.BBND.P2?format=json&per_page=20000&date=2020%3A2024
CAF,IT.NET.BBND.P2,fixed_broadband_per_100,2023,,https://api.worldbank.org/v2/country/all/indicator/IT.NET.BBND.P2?format=json&per_page=20000&date=2020%3A2024
CAF,IT.NET.BBND.P2,fixed_broadband_per_100,2022,0.0160846160651184,https://api.worldbank.org/v2/country/all/indicator/IT.NET.BBND.P2?format=json&per_page=20000&date=2020%3A2024
CAF,IT.NET.BBND.P2,fixed_broadband_per_100,2021,0.00976115490698539,https://api.worldbank.org/v2/country/all/indicator/IT.NET.BBND.P2?format=json&per_page=20000&date=2020%3A2024
CAF,IT.NET.BBND.P2,fixed_broadband_per_100,2020,,https://api.worldbank.org/v2/country/all/indicator/IT.NET.BBND.P2?format=json&per_page=20000&date=2020%3A2024
TCD,IT.NET.BBND.P2,fixed_broadband_per_100,2024,0.0,https://api.worldbank.org/v2/country/all/indicator/IT.NET.BBND.P2?format=json&per_page=20000&date=2020%3A2024
TCD,IT.NET.BBND.P2,fixed_broadband_per_100,2023,0.0,https://api.worldbank.org/v2/country/all/indicator/IT.NET.BBND.P2?format=json&per_page=20000&date=2020%3A2024
TCD,IT.NET.BBND.P2,fixed_broadband_per_100,2022,0.0,https://api.worldbank.org/v2/country/all/indicator/IT.NET.BBND.P2?format=json&per_page=20000&date=2020%3A2024
TCD,IT.NET.BBND.P2,fixed_broadband_per_100,2021,0.0,https://api.worldbank.org/v2/country/all/indicator/IT.NET.BBND.P2?format=json&per_page=20000&date=2020%3A2024
TCD,IT.NET.BBND.P2,fixed_broadband_per_100,2020,0.0,https://api.worldbank.org/v2/country/all/indicator/IT.NET.BBND.P2?format=json&per_page=20000&date=2020%3A2024
CHI,IT.NET.BBND.P2,fixed_broadband_per_100,2024,,https://api.worldbank.org/v2/country/all/indicator/IT.NET.BBND.P2?format=json&per_page=20000&date=2020%3A2024
CHI,IT.NET.BBND.P2,fixed_broadband_per_100,2023,,https://api.worldbank.org/v2/country/all/indicator/IT.NET.BBND.P2?format=json&per_page=20000&date=2020%3A2024
CHI,IT.NET.BBND.P2,fixed_broadband_per_100,2022,,https://api.worldbank.org/v2/country/all/indicator/IT.NET.BBND.P2?format=json&per_page=20000&date=2020%3A2024
CHI,IT.NET.BBND.P2,fixed_broadband_per_100,2021,,https://api.worldbank.org/v2/country/all/indicator/IT.NET.BBND.P2?format=json&per_page=20000&date=2020%3A2024
CHI,IT.NET.BBND.P2,fixed_broadband_per_100,2020,,https://api.worldbank.org/v2/country/all/indicator/IT.NET.BBND.P2?format=json&per_page=20000&date=2020%3A2024
CHL,IT.NET.BBND.P2,fixed_broadband_per_100,2024,23.731405742065,https://api.worldbank.org/v2/country/all/indicator/IT.NET.BBND.P2?format=json&per_page=20000&date=2020%3A2024
CHL,IT.NET.BBND.P2,fixed_broadband_per_100,2023,22.9954165646133,https://api.worldbank.org/v2/country/all/indicator/IT.NET.BBND.P2?format=json&per_page=20000&date=2020%3A2024
CHL,IT.NET.BBND.P2,fixed_broadband_per_100,2022,22.7901897178525,https://api.worldbank.org/v2/country/all/indicator/IT.NET.BBND.P2?format=json&per_page=20000&date=2020%3A2024
CHL,IT.NET.BBND.P2,fixed_broadband_per_100,2021,22.0140443723879,https://api.worldbank.org/v2/country/all/indicator/IT.NET.BBND.P2?format=json&per_page=20000&date=2020%3A2024
CHL,IT.NET.BBND.P2,fixed_broadband_per_100,2020,19.4305872645094,https://api.worldbank.org/v2/country/all/indicator/IT.NET.BBND.P2?format=json&per_page=20000&date=2020%3A2024
CHN,IT.NET.BBND.P2,fixed_broadband_per_100,2024,47.1933952081567,https://api.worldbank.org/v2/country/all/indicator/IT.NET.BBND.P2?format=json&per_page=20000&date=2020%3A2024
CHN,IT.NET.BBND.P2,fixed_broadband_per_100,2023,44.728886496649,https://api.worldbank.org/v2/country/all/indicator/IT.NET.BBND.P2?format=json&per_page=20000&date=2020%3A2024
CHN,IT.NET.BBND.P2,fixed_broadband_per_100,2022,41.3736197056022,https://api.worldbank.org/v2/country/all/indicator/IT.NET.BBND.P2?format=json&per_page=20000&date=2020%3A2024
CHN,IT.NET.BBND.P2,fixed_broadband_per_100,2021,37.5611751315805,https://api.worldbank.org/v2/country/all/indicator/IT.NET.BBND.P2?format=json&per_page=20000&date=2020%3A2024
CHN,IT.NET.BBND.P2,fixed_broadband_per_100,2020,33.9069794578039,https://api.worldbank.org/v2/country/all/indicator/IT.NET.BBND.P2?format=json&per_page=20000&date=2020%3A2024
COL,IT.NET.BBND.P2,fixed_broadband_per_100,2024,17.2244156778185,https://api.worldbank.org/v2/country/all/indicator/IT.NET.BBND.P2?format=json&per_page=20000&date=2020%3A2024
COL,IT.NET.BBND.P2,fixed_broadband_per_100,2023,17.0369815251774,https://api.worldbank.org/v2/country/all/indicator/IT.NET.BBND.P2?format=json&per_page=20000&date=2020%3A2024
COL,IT.NET.BBND.P2,fixed_broadband_per_100,2022,17.007465545983,https://api.worldbank.org/v2/country/all/indicator/IT.NET.BBND.P2?format=json&per_page=20000&date=2020%3A2024
COL,IT.NET.BBND.P2,fixed_broadband_per_100,2021,16.4767904492313,https://api.worldbank.org/v2/country/all/indicator/IT.NET.BBND.P2?format=json&per_page=20000&date=2020%3A2024
COL,IT.NET.BBND.P2,fixed_broadband_per_100,2020,15.3363074463544,https://api.worldbank.org/v2/country/all/indicator/IT.NET.BBND.P2?format=json&per_page=20000&date=2020%3A2024
COM,IT.NET.BBND.P2,fixed_broadband_per_100,2024,,https://api.worldbank.org/v2/country/all/indicator/IT.NET.BBND.P2?format=json&per_page=20000&date=2020%3A2024
COM,IT.NET.BBND.P2,fixed_broadband_per_100,2023,0.387941019794517,https://api.worldbank.org/v2/country/all/indicator/IT.NET.BBND.P2?format=json&per_page=20000&date=2020%3A2024
COM,IT.NET.BBND.P2,fixed_broadband_per_100,2022,0.219375008990779,https://api.worldbank.org/v2/country/all/indicator/IT.NET.BBND.P2?format=json&per_page=20000&date=2020%3A2024
COM,IT.NET.BBND.P2,fixed_broadband_per_100,2021,0.150456993255713,https://api.worldbank.org/v2/country/all/indicator/IT.NET.BBND.P2?format=json&per_page=20000&date=2020%3A2024
COM,IT.NET.BBND.P2,fixed_broadband_per_100,2020,0.148099575772006,https://api.worldbank.org/v2/country/all/indicator/IT.NET.BBND.P2?format=json&per_page=20000&date=2020%3A2024
COD,IT.NET.BBND.P2,fixed_broadband_per_100,2024,0.0320289131404702,https://api.worldbank.org/v2/country/all/indicator/IT.NET.BBND.P2?format=json&per_page=20000&date=2020%3A2024
COD,IT.NET.BBND.P2,fixed_broadband_per_100,2023,0.0219936280960956,https://api.worldbank.org/v2/country/all/indicator/IT.NET.BBND.P2?format=json&per_page=20000&date=2020%3A2024
COD,IT.NET.BBND.P2,fixed_broadband_per_100,2022,0.0322275167366284,https://api.worldbank.org/v2/country/all/indicator/IT.NET.BBND.P2?format=json&per_page=20000&date=2020%3A2024
COD,IT.NET.BBND.P2,fixed_broadband_per_100,2021,0.0312660957356555,https://api.worldbank.org/v2/country/all/indicator/IT.NET.BBND.P2?format=json&per_page=20000&date=2020%3A2024
COD,IT.NET.BBND.P2,fixed_broadband_per_100,2020,0.0322950314052512,https://api.worldbank.org/v2/country/all/indicator/IT.NET.BBND.P2?format=json&per_page=20000&date=2020%3A2024
COG,IT.NET.BBND.P2,fixed_broadband_per_100,2024,,https://api.worldbank.org/v2/country/all/indicator/IT.NET.BBND.P2?format=json&per_page=20000&date=2020%3A2024
COG,IT.NET.BBND.P2,fixed_broadband_per_100,2023,1.26798412068153,https://api.worldbank.org/v2/country/all/indicator/IT.NET.BBND.P2?format=json&per_page=20000&date=2020%3A2024
COG,IT.NET.BBND.P2,fixed_broadband_per_100,2022,0.435883126454822,https://api.worldbank.org/v2/country/all/indicator/IT.NET.BBND.P2?format=json&per_page=20000&date=2020%3A2024
COG,IT.NET.BBND.P2,fixed_broadband_per_100,2021,0.256899692355108,https://api.worldbank.org/v2/country/all/indicator/IT.NET.BBND.P2?format=json&per_page=20000&date=2020%3A2024
COG,IT.NET.BBND.P2,fixed_broadband_per_100,2020,,https://api.worldbank.org/v2/country/all/indicator/IT.NET.BBND.P2?format=json&per_page=20000&date=2020%3A2024
CRI,IT.NET.BBND.P2,fixed_broadband_per_100,2024,23.287699004466,https://api.worldbank.org/v2/country/all/indicator/IT.NET.BBND.P2?format=json&per_page=20000&date=2020%3A2024
CRI,IT.NET.BBND.P2,fixed_broadband_per_100,2023,22.5231293549635,https://api.worldbank.org/v2/country/all/indicator/IT.NET.BBND.P2?format=json&per_page=20000&date=2020%3A2024
CRI,IT.NET.BBND.P2,fixed_broadband_per_100,2022,21.7575979999075,https://api.worldbank.org/v2/country/all/indicator/IT.NET.BBND.P2?format=json&per_page=20000&date=2020%3A2024
CRI,IT.NET.BBND.P2,fixed_broadband_per_100,2021,20.9242986347003,https://api.worldbank.org/v2/country/all/indicator/IT.NET.BBND.P2?format=json&per_page=20000&date=2020%3A2024
CRI,IT.NET.BBND.P2,fixed_broadband_per_100,2020,19.7191477697087,https://api.worldbank.org/v2/country/all/indicator/IT.NET.BBND.P2?format=json&per_page=20000&date=2020%3A2024
CIV,IT.NET.BBND.P2,fixed_broadband_per_100,2024,1.60153227430253,https://api.worldbank.org/v2/country/all/indicator/IT.NET.BBND.P2?format=json&per_page=20000&date=2020%3A2024
CIV,IT.NET.BBND.P2,fixed_broadband_per_100,2023,1.36336622359986,https://api.worldbank.org/v2/country/all/indicator/IT.NET.BBND.P2?format=json&per_page=20000&date=2020%3A2024
CIV,IT.NET.BBND.P2,fixed_broadband_per_100,2022,1.25179133069312,https://api.worldbank.org/v2/country/all/indicator/IT.NET.BBND.P2?format=json&per_page=20000&date=2020%3A2024
CIV,IT.NET.BBND.P2,fixed_broadband_per_100,2021,1.13037781443128,https://api.worldbank.org/v2/country/all/indicator/IT.NET.BBND.P2?format=json&per_page=20000&date=2020%3A2024
CIV,IT.NET.BBND.P2,fixed_broadband_per_100,2020,0.903911262107671,https://api.worldbank.org/v2/country/all/indicator/IT.NET.BBND.P2?format=json&per_page=20000&date=2020%3A2024
HRV,IT.NET.BBND.P2,fixed_broadband_per_100,2024,29.5997367962687,https://api.worldbank.org/v2/country/all/indicator/IT.NET.BBND.P2?format=json&per_page=20000&date=2020%3A2024
HRV,IT.NET.BBND.P2,fixed_broadband_per_100,2023,28.4709561519529,https://api.worldbank.org/v2/country/all/indicator/IT.NET.BBND.P2?format=json&per_page=20000&date=2020%3A2024
HRV,IT.NET.BBND.P2,fixed_broadband_per_100,2022,27.6606739600213,https://api.worldbank.org/v2/country/all/indicator/IT.NET.BBND.P2?format=json&per_page=20000&date=2020%3A2024
HRV,IT.NET.BBND.P2,fixed_broadband_per_100,2021,26.7157501000099,https://api.worldbank.org/v2/country/all/indicator/IT.NET.BBND.P2?format=json&per_page=20000&date=2020%3A2024
HRV,IT.NET.BBND.P2,fixed_broadband_per_100,2020,26.0744550144438,https://api.worldbank.org/v2/country/all/indicator/IT.NET.BBND.P2?format=json&per_page=20000&date=2020%3A2024
CUB,IT.NET.BBND.P2,fixed_broadband_per_100,2024,3.08297531927544,https://api.worldbank.org/v2/country/all/indicator/IT.NET.BBND.P2?format=json&per_page=20000&date=2020%3A2024
CUB,IT.NET.BBND.P2,fixed_broadband_per_100,2023,2.97118012807884,https://api.worldbank.org/v2/country/all/indicator/IT.NET.BBND.P2?format=json&per_page=20000&date=2020%3A2024
CUB,IT.NET.BBND.P2,fixed_broadband_per_100,2022,2.89200005063374,https://api.worldbank.org/v2/country/all/indicator/IT.NET.BBND.P2?format=json&per_page=20000&date=2020%3A2024
CUB,IT.NET.BBND.P2,fixed_broadband_per_100,2021,2.67322881654008,https://api.worldbank.org/v2/country/all/indicator/IT.NET.BBND.P2?format=json&per_page=20000&date=2020%3A2024
CUB,IT.NET.BBND.P2,fixed_broadband_per_100,2020,2.07271530590388,https://api.worldbank.org/v2/country/all/indicator/IT.NET.BBND.P2?format=json&per_page=20000&date=2020%3A2024
CUW,IT.NET.BBND.P2,fixed_broadband_per_100,2024,,https://api.worldbank.org/v2/country/all/indicator/IT.NET.BBND.P2?format=json&per_page=20000&date=2020%3A2024
CUW,IT.NET.BBND.P2,fixed_broadband_per_100,2023,31.5126707545287,https://api.worldbank.org/v2/country/all/indicator/IT.NET.BBND.P2?format=json&per_page=20000&date=2020%3A2024
CUW,IT.NET.BBND.P2,fixed_broadband_per_100,2022,32.9115972915374,https://api.worldbank.org/v2/country/all/indicator/IT.NET.BBND.P2?format=json&per_page=20000&date=2020%3A2024
CUW,IT.NET.BBND.P2,fixed_broadband_per_100,2021,32.5704880878504,https://api.worldbank.org/v2/country/all/indicator/IT.NET.BBND.P2?format=json&per_page=20000&date=2020%3A2024
CUW,IT.NET.BBND.P2,fixed_broadband_per_100,2020,31.5936827768109,https://api.worldbank.org/v2/country/all/indicator/IT.NET.BBND.P2?format=json&per_page=20000&date=2020%3A2024
CYP,IT.NET.BBND.P2,fixed_broadband_per_100,2024,37.5627069536424,https://api.worldbank.org/v2/country/all/indicator/IT.NET.BBND.P2?format=json&per_page=20000&date=2020%3A2024
CYP,IT.NET.BBND.P2,fixed_broadband_per_100,2023,36.9005587748344,https://api.worldbank.org/v2/country/all/indicator/IT.NET.BBND.P2?format=json&per_page=20000&date=2020%3A2024
CYP,IT.NET.BBND.P2,fixed_broadband_per_100,2022,36.7656727425982,https://api.worldbank.org/v2/country/all/indicator/IT.NET.BBND.P2?format=json&per_page=20000&date=2020%3A2024
CYP,IT.NET.BBND.P2,fixed_broadband_per_100,2021,36.6502473650247,https://api.worldbank.org/v2/country/all/indicator/IT.NET.BBND.P2?format=json&per_page=20000&date=2020%3A2024
CYP,IT.NET.BBND.P2,fixed_broadband_per_100,2020,36.3127392017496,https://api.worldbank.org/v2/country/all/indicator/IT.NET.BBND.P2?format=json&per_page=20000&date=2020%3A2024
CZE,IT.NET.BBND.P2,fixed_broadband_per_100,2024,38.8656371139002,https://api.worldbank.org/v2/country/all/indicator/IT.NET.BBND.P2?format=json&per_page=20000&date=2020%3A2024
CZE,IT.NET.BBND.P2,fixed_broadband_per_100,2023,37.9099783935119,https://api.worldbank.org/v2/country/all/indicator/IT.NET.BBND.P2?format=json&per_page=20000&date=2020%3A2024
CZE,IT.NET.BBND.P2,fixed_broadband_per_100,2022,37.7136856539825,https://api.worldbank.org/v2/country/all/indicator/IT.NET.BBND.P2?format=json&per_page=20000&date=2020%3A2024
CZE,IT.NET.BBND.P2,fixed_broadband_per_100,2021,37.4984794433561,https://api.worldbank.org/v2/country/all/indicator/IT.NET.BBND.P2?format=json&per_page=20000&date=2020%3A2024
CZE,IT.NET.BBND.P2,fixed_broadband_per_100,2020,36.4490898642092,https://api.worldbank.org/v2/country/all/indicator/IT.NET.BBND.P2?format=json&per_page=20000&date=2020%3A2024
DNK,IT.NET.BBND.P2,fixed_broadband_per_100,2024,43.3933280824544,https://api.worldbank.org/v2/country/all/indicator/IT.NET.BBND.P2?format=json&per_page=20000&date=2020%3A2024
DNK,IT.NET.BBND.P2,fixed_broadband_per_100,2023,44.0352069959396,https://api.worldbank.org/v2/country/all/indicator/IT.NET.BBND.P2?format=json&per_page=20000&date=2020%3A2024
DNK,IT.NET.BBND.P2,fixed_broadband_per_100,2022,44.8863644064006,https://api.worldbank.org/v2/country/all/indicator/IT.NET.BBND.P2?format=json&per_page=20000&date=2020%3A2024
DNK,IT.NET.BBND.P2,fixed_broadband_per_100,2021,44.9598379722906,https://api.worldbank.org/v2/country/all/indicator/IT.NET.BBND.P2?format=json&per_page=20000&date=2020%3A2024
DNK,IT.NET.BBND.P2,fixed_broadband_per_100,2020,44.4185659681079,https://api.worldbank.org/v2/country/all/indicator/IT.NET.BBND.P2?format=json&per_page=20000&date=2020%3A2024
DJI,IT.NET.BBND.P2,fixed_broadband_per_100,2024,,https://api.worldbank.org/v2/country/all/indicator/IT.NET.BBND.P2?format=json&per_page=20000&date=2020%3A2024
DJI,IT.NET.BBND.P2,fixed_broadband_per_100,2023,1.47205761945073,https://api.worldbank.org/v2/country/all/indicator/IT.NET.BBND.P2?format=json&per_page=20000&date=2020%3A2024
DJI,IT.NET.BBND.P2,fixed_broadband_per_100,2022,1.41245769926198,https://api.worldbank.org/v2/country/all/indicator/IT.NET.BBND.P2?format=json&per_page=20000&date=2020%3A2024
DJI,IT.NET.BBND.P2,fixed_broadband_per_100,2021,1.39112845686235,https://api.worldbank.org/v2/country/all/indicator/IT.NET.BBND.P2?format=json&per_page=20000&date=2020%3A2024
DJI,IT.NET.BBND.P2,fixed_broadband_per_100,2020,2.26685414608193,https://api.worldbank.org/v2/country/all/indicator/IT.NET.BBND.P2?format=json&per_page=20000&date=2020%3A2024
DMA,IT.NET.BBND.P2,fixed_broadband_per_100,2024,,https://api.worldbank.org/v2/country/all/indicator/IT.NET.BBND.P2?format=json&per_page=20000&date=2020%3A2024
DMA,IT.NET.BBND.P2,fixed_broadband_per_100,2023,,https://api.worldbank.org/v2/country/all/indicator/IT.NET.BBND.P2?format=json&per_page=20000&date=2020%3A2024
DMA,IT.NET.BBND.P2,fixed_broadband_per_100,2022,20.86014425523,https://api.worldbank.org/v2/country/all/indicator/IT.NET.BBND.P2?format=json&per_page=20000&date=2020%3A2024
DMA,IT.NET.BBND.P2,fixed_broadband_per_100,2021,20.9562215410256,https://api.worldbank.org/v2/country/all/indicator/IT.NET.BBND.P2?format=json&per_page=20000&date=2020%3A2024
DMA,IT.NET.BBND.P2,fixed_broadband_per_100,2020,27.0611042872153,https://api.worldbank.org/v2/country/all/indicator/IT.NET.BBND.P2?format=json&per_page=20000&date=2020%3A2024
DOM,IT.NET.BBND.P2,fixed_broadband_per_100,2024,11.2045645451604,https://api.worldbank.org/v2/country/all/indicator/IT.NET.BBND.P2?format=json&per_page=20000&date=2020%3A2024
DOM,IT.NET.BBND.P2,fixed_broadband_per_100,2023,11.1345555858062,https://api.worldbank.org/v2/country/all/indicator/IT.NET.BBND.P2?format=json&per_page=20000&date=2020%3A2024
DOM,IT.NET.BBND.P2,fixed_broadband_per_100,2022,10.6744492390257,https://api.worldbank.org/v2/country/all/indicator/IT.NET.BBND.P2?format=json&per_page=20000&date=2020%3A2024
DOM,IT.NET.BBND.P2,fixed_broadband_per_100,2021,10.3195260186654,https://api.worldbank.org/v2/country/all/indicator/IT.NET.BBND.P2?format=json&per_page=20000&date=2020%3A2024
DOM,IT.NET.BBND.P2,fixed_broadband_per_100,2020,9.37345457518418,https://api.worldbank.org/v2/country/all/indicator/IT.NET.BBND.P2?format=json&per_page=20000&date=2020%3A2024
ECU,IT.NET.BBND.P2,fixed_broadband_per_100,2024,17.246394056997,https://api.worldbank.org/v2/country/all/indicator/IT.NET.BBND.P2?format=json&per_page=20000&date=2020%3A2024
ECU,IT.NET.BBND.P2,fixed_broadband_per_100,2023,16.0678902316524,https://api.worldbank.org/v2/country/all/indicator/IT.NET.BBND.P2?format=json&per_page=20000&date=2020%3A2024
ECU,IT.NET.BBND.P2,fixed_broadband_per_100,2022,15.1128846850944,https://api.worldbank.org/v2/country/all/indicator/IT.NET.BBND.P2?format=json&per_page=20000&date=2020%3A2024
ECU,IT.NET.BBND.P2,fixed_broadband_per_100,2021,14.0284374555704,https://api.worldbank.org/v2/country/all/indicator/IT.NET.BBND.P2?format=json&per_page=20000&date=2020%3A2024
ECU,IT.NET.BBND.P2,fixed_broadband_per_100,2020,13.5146940353863,https://api.worldbank.org/v2/country/all/indicator/IT.NET.BBND.P2?format=json&per_page=20000&date=2020%3A2024
EGY,IT.NET.BBND.P2,fixed_broadband_per_100,2024,11.6871225241757,https://api.worldbank.org/v2/country/all/indicator/IT.NET.BBND.P2?format=json&per_page=20000&date=2020%3A2024
EGY,IT.NET.BBND.P2,fixed_broadband_per_100,2023,10.8642477216638,https://api.worldbank.org/v2/country/all/indicator/IT.NET.BBND.P2?format=json&per_page=20000&date=2020%3A2024
EGY,IT.NET.BBND.P2,fixed_broadband_per_100,2022,10.6832498285136,https://api.worldbank.org/v2/country/all/indicator/IT.NET.BBND.P2?format=json&per_page=20000&date=2020%3A2024
EGY,IT.NET.BBND.P2,fixed_broadband_per_100,2021,9.76582299335252,https://api.worldbank.org/v2/country/all/indicator/IT.NET.BBND.P2?format=json&per_page=20000&date=2020%3A2024
EGY,IT.NET.BBND.P2,fixed_broadband_per_100,2020,8.5396308016812,https://api.worldbank.org/v2/country/all/indicator/IT.NET.BBND.P2?format=json&per_page=20000&date=2020%3A2024
SLV,IT.NET.BBND.P2,fixed_broadband_per_100,2024,12.4640729621203,https://api.worldbank.org/v2/country/all/indicator/IT.NET.BBND.P2?format=json&per_page=20000&date=2020%3A2024
SLV,IT.NET.BBND.P2,fixed_broadband_per_100,2023,11.6271746145254,https://api.worldbank.org/v2/country/all/indicator/IT.NET.BBND.P2?format=json&per_page=20000&date=2020%3A2024
SLV,IT.NET.BBND.P2,fixed_broadband_per_100,2022,9.73832698625659,https://api.worldbank.org/v2/country/all/indicator/IT.NET.BBND.P2?format=json&per_page=20000&date=2020%3A2024
SLV,IT.NET.BBND.P2,fixed_broadband_per_100,2021,9.07178351163771,https://api.worldbank.org/v2/country/all/indicator/IT.NET.BBND.P2?format=json&per_page=20000&date=2020%3A2024
SLV,IT.NET.BBND.P2,fixed_broadband_per_100,2020,8.53679094316574,https://api.worldbank.org/v2/country/all/indicator/IT.NET.BBND.P2?format=json&per_page=20000&date=2020%3A2024
GNQ,IT.NET.BBND.P2,fixed_broadband_per_100,2024,,https://api.worldbank.org/v2/country/all/indicator/IT.NET.BBND.P2?format=json&per_page=20000&date=2020%3A2024
GNQ,IT.NET.BBND.P2,fixed_broadband_per_100,2023,,https://api.worldbank.org/v2/country/all/indicator/IT.NET.BBND.P2?format=json&per_page=20000&date=2020%3A2024
GNQ,IT.NET.BBND.P2,fixed_broadband_per_100,2022,0.10069058437688,https://api.worldbank.org/v2/country/all/indicator/IT.NET.BBND.P2?format=json&per_page=20000&date=2020%3A2024
GNQ,IT.NET.BBND.P2,fixed_broadband_per_100,2021,0.0976810140631094,https://api.worldbank.org/v2/country/all/indicator/IT.NET.BBND.P2?format=json&per_page=20000&date=2020%3A2024
GNQ,IT.NET.BBND.P2,fixed_broadband_per_100,2020,0.107371649223871,https://api.worldbank.org/v2/country/all/indicator/IT.NET.BBND.P2?format=json&per_page=20000&date=2020%3A2024
ERI,IT.NET.BBND.P2,fixed_broadband_per_100,2024,,https://api.worldbank.org/v2/country/all/indicator/IT.NET.BBND.P2?format=json&per_page=20000&date=2020%3A2024
ERI,IT.NET.BBND.P2,fixed_broadband_per_100,2023,,https://api.worldbank.org/v2/country/all/indicator/IT.NET.BBND.P2?format=json&per_page=20000&date=2020%3A2024
ERI,IT.NET.BBND.P2,fixed_broadband_per_100,2022,0.165393390775689,https://api.worldbank.org/v2/country/all/indicator/IT.NET.BBND.P2?format=json&per_page=20000&date=2020%3A2024
ERI,IT.NET.BBND.P2,fixed_broadband_per_100,2021,0.149245578525113,https://api.worldbank.org/v2/country/all/indicator/IT.NET.BBND.P2?format=json&per_page=20000&date=2020%3A2024
ERI,IT.NET.BBND.P2,fixed_broadband_per_100,2020,0.151916994984612,https://api.worldbank.org/v2/country/all/indicator/IT.NET.BBND.P2?format=json&per_page=20000&date=2020%3A2024
EST,IT.NET.BBND.P2,fixed_broadband_per_100,2024,35.3527186879385,https://api.worldbank.org/v2/country/all/indicator/IT.NET.BBND.P2?format=json&per_page=20000&date=2020%3A2024
EST,IT.NET.BBND.P2,fixed_broadband_per_100,2023,35.2539796781149,https://api.worldbank.org/v2/country/all/indicator/IT.NET.BBND.P2?format=json&per_page=20000&date=2020%3A2024
EST,IT.NET.BBND.P2,fixed_broadband_per_100,2022,39.7219150412824,https://api.worldbank.org/v2/country/all/indicator/IT.NET.BBND.P2?format=json&per_page=20000&date=2020%3A2024
EST,IT.NET.BBND.P2,fixed_broadband_per_100,2021,37.357189680638,https://api.worldbank.org/v2/country/all/indicator/IT.NET.BBND.P2?format=json&per_page=20000&date=2020%3A2024
EST,IT.NET.BBND.P2,fixed_broadband_per_100,2020,34.2700326171401,https://api.worldbank.org/v2/country/all/indicator/IT.NET.BBND.P2?format=json&per_page=20000&date=2020%3A2024
SWZ,IT.NET.BBND.P2,fixed_broadband_per_100,2024,2.5065536335855,https://api.worldbank.org/v2/country/all/indicator/IT.NET.BBND.P2?format=json&per_page=20000&date=2020%3A2024
SWZ,IT.NET.BBND.P2,fixed_broadband_per_100,2023,2.76365982774566,https://api.worldbank.org/v2/country/all/indicator/IT.NET.BBND.P2?format=json&per_page=20000&date=2020%3A2024
SWZ,IT.NET.BBND.P2,fixed_broadband_per_100,2022,2.18530055779024,https://api.worldbank.org/v2/country/all/indicator/IT.NET.BBND.P2?format=json&per_page=20000&date=2020%3A2024
SWZ,IT.NET.BBND.P2,fixed_broadband_per_100,2021,2.55280778191155,https://api.worldbank.org/v2/country/all/indicator/IT.NET.BBND.P2?format=json&per_page=20000&date=2020%3A2024
SWZ,IT.NET.BBND.P2,fixed_broadband_per_100,2020,2.29004241533492,https://api.worldbank.org/v2/country/all/indicator/IT.NET.BBND.P2?format=json&per_page=20000&date=2020%3A2024
ETH,IT.NET.BBND.P2,fixed_broadband_per_100,2024,0.593917449513598,https://api.worldbank.org/v2/country/all/indicator/IT.NET.BBND.P2?format=json&per_page=20000&date=2020%3A2024
ETH,IT.NET.BBND.P2,fixed_broadband_per_100,2023,0.534823180349513,https://api.worldbank.org/v2/country/all/indicator/IT.NET.BBND.P2?format=json&per_page=20000&date=2020%3A2024
ETH,IT.NET.BBND.P2,fixed_broadband_per_100,2022,0.45157652011053,https://api.worldbank.org/v2/country/all/indicator/IT.NET.BBND.P2?format=json&per_page=20000&date=2020%3A2024
ETH,IT.NET.BBND.P2,fixed_broadband_per_100,2021,0.399382380284272,https://api.worldbank.org/v2/country/all/indicator/IT.NET.BBND.P2?format=json&per_page=20000&date=2020%3A2024
ETH,IT.NET.BBND.P2,fixed_broadband_per_100,2020,0.178274598062049,https://api.worldbank.org/v2/country/all/indicator/IT.NET.BBND.P2?format=json&per_page=20000&date=2020%3A2024
FRO,IT.NET.BBND.P2,fixed_broadband_per_100,2024,,https://api.worldbank.org/v2/country/all/indicator/IT.NET.BBND.P2?format=json&per_page=20000&date=2020%3A2024
FRO,IT.NET.BBND.P2,fixed_broadband_per_100,2023,,https://api.worldbank.org/v2/country/all/indicator/IT.NET.BBND.P2?format=json&per_page=20000&date=2020%3A2024
FRO,IT.NET.BBND.P2,fixed_broadband_per_100,2022,34.5873988631945,https://api.worldbank.org/v2/country/all/indicator/IT.NET.BBND.P2?format=json&per_page=20000&date=2020%3A2024
FRO,IT.NET.BBND.P2,fixed_broadband_per_100,2021,34.6022514071295,https://api.worldbank.org/v2/country/all/indicator/IT.NET.BBND.P2?format=json&per_page=20000&date=2020%3A2024
FRO,IT.NET.BBND.P2,fixed_broadband_per_100,2020,35.0714054804419,https://api.worldbank.org/v2/country/all/indicator/IT.NET.BBND.P2?format=json&per_page=20000&date=2020%3A2024
FJI,IT.NET.BBND.P2,fixed_broadband_per_100,2024,1.80009560888215,https://api.worldbank.org/v2/country/all/indicator/IT.NET.BBND.P2?format=json&per_page=20000&date=2020%3A2024
FJI,IT.NET.BBND.P2,fixed_broadband_per_100,2023,1.82947481185312,https://api.worldbank.org/v2/country/all/indicator/IT.NET.BBND.P2?format=json&per_page=20000&date=2020%3A2024
FJI,IT.NET.BBND.P2,fixed_broadband_per_100,2022,2.53376577893503,https://api.worldbank.org/v2/country/all/indicator/IT.NET.BBND.P2?format=json&per_page=20000&date=2020%3A2024
FJI,IT.NET.BBND.P2,fixed_broadband_per_100,2021,2.51573287546457,https://api.worldbank.org/v2/country/all/indicator/IT.NET.BBND.P2?format=json&per_page=20000&date=2020%3A2024
FJI,IT.NET.BBND.P2,fixed_broadband_per_100,2020,2.52053908190823,https://api.worldbank.org/v2/country/all/indicator/IT.NET.BBND.P2?format=json&per_page=20000&date=2020%3A2024
FIN,IT.NET.BBND.P2,fixed_broadband_per_100,2024,36.4765341417867,https://api.worldbank.org/v2/country/all/indicator/IT.NET.BBND.P2?format=json&per_page=20000&date=2020%3A2024
FIN,IT.NET.BBND.P2,fixed_broadband_per_100,2023,35.3318092510781,https://api.worldbank.org/v2/country/all/indicator/IT.NET.BBND.P2?format=json&per_page=20000&date=2020%3A2024
FIN,IT.NET.BBND.P2,fixed_broadband_per_100,2022,34.2951599474189,https://api.worldbank.org/v2/country/all/indicator/IT.NET.BBND.P2?format=json&per_page=20000&date=2020%3A2024
FIN,IT.NET.BBND.P2,fixed_broadband_per_100,2021,33.6396818306917,https://api.worldbank.org/v2/country/all/indicator/IT.NET.BBND.P2?format=json&per_page=20000&date=2020%3A2024
FIN,IT.NET.BBND.P2,fixed_broadband_per_100,2020,33.3838974597133,https://api.worldbank.org/v2/country/all/indicator/IT.NET.BBND.P2?format=json&per_page=20000&date=2020%3A2024
FRA,IT.NET.BBND.P2,fixed_broadband_per_100,2024,48.9251978969333,https://api.worldbank.org/v2/country/all/indicator/IT.NET.BBND.P2?format=json&per_page=20000&date=2020%3A2024
FRA,IT.NET.BBND.P2,fixed_broadband_per_100,2023,48.6688340139444,https://api.worldbank.org/v2/country/all/indicator/IT.NET.BBND.P2?format=json&per_page=20000&date=2020%3A2024
FRA,IT.NET.BBND.P2,fixed_broadband_per_100,2022,48.250226559098,https://api.worldbank.org/v2/country/all/indicator/IT.NET.BBND.P2?format=json&per_page=20000&date=2020%3A2024
FRA,IT.NET.BBND.P2,fixed_broadband_per_100,2021,47.6442336298287,https://api.worldbank.org/v2/country/all/indicator/IT.NET.BBND.P2?format=json&per_page=20000&date=2020%3A2024
FRA,IT.NET.BBND.P2,fixed_broadband_per_100,2020,46.471240838575,https://api.worldbank.org/v2/country/all/indicator/IT.NET.BBND.P2?format=json&per_page=20000&date=2020%3A2024
PYF,IT.NET.BBND.P2,fixed_broadband_per_100,2024,,https://api.worldbank.org/v2/country/all/indicator/IT.NET.BBND.P2?format=json&per_page=20000&date=2020%3A2024
PYF,IT.NET.BBND.P2,fixed_broadband_per_100,2023,35.5533975056738,https://api.worldbank.org/v2/country/all/indicator/IT.NET.BBND.P2?format=json&per_page=20000&date=2020%3A2024
PYF,IT.NET.BBND.P2,fixed_broadband_per_100,2022,27.914458338386,https://api.worldbank.org/v2/country/all/indicator/IT.NET.BBND.P2?format=json&per_page=20000&date=2020%3A2024
PYF,IT.NET.BBND.P2,fixed_broadband_per_100,2021,26.724495339395,https://api.worldbank.org/v2/country/all/indicator/IT.NET.BBND.P2?format=json&per_page=20000&date=2020%3A2024
PYF,IT.NET.BBND.P2,fixed_broadband_per_100,2020,22.9218972167803,https://api.worldbank.org/v2/country/all/indicator/IT.NET.BBND.P2?format=json&per_page=20000&date=2020%3A2024
GAB,IT.NET.BBND.P2,fixed_broadband_per_100,2024,4.6941021334787,https://api.worldbank.org/v2/country/all/indicator/IT.NET.BBND.P2?format=json&per_page=20000&date=2020%3A2024
GAB,IT.NET.BBND.P2,fixed_broadband_per_100,2023,3.97293291301595,https://api.worldbank.org/v2/country/all/indicator/IT.NET.BBND.P2?format=json&per_page=20000&date=2020%3A2024
GAB,IT.NET.BBND.P2,fixed_broadband_per_100,2022,3.3054859267542,https://api.worldbank.org/v2/country/all/indicator/IT.NET.BBND.P2?format=json&per_page=20000&date=2020%3A2024
GAB,IT.NET.BBND.P2,fixed_broadband_per_100,2021,2.65142494578668,https://api.worldbank.org/v2/country/all/indicator/IT.NET.BBND.P2?format=json&per_page=20000&date=2020%3A2024
GAB,IT.NET.BBND.P2,fixed_broadband_per_100,2020,1.9206136043356,https://api.worldbank.org/v2/country/all/indicator/IT.NET.BBND.P2?format=json&per_page=20000&date=2020%3A2024
GMB,IT.NET.BBND.P2,fixed_broadband_per_100,2024,0.518552979215852,https://api.worldbank.org/v2/country/all/indicator/IT.NET.BBND.P2?format=json&per_page=20000&date=2020%3A2024
GMB,IT.NET.BBND.P2,fixed_broadband_per_100,2023,0.502141524068284,https://api.worldbank.org/v2/country/all/indicator/IT.NET.BBND.P2?format=json&per_page=20000&date=2020%3A2024
GMB,IT.NET.BBND.P2,fixed_broadband_per_100,2022,0.215818879031432,https://api.worldbank.org/v2/country/all/indicator/IT.NET.BBND.P2?format=json&per_page=20000&date=2020%3A2024
GMB,IT.NET.BBND.P2,fixed_broadband_per_100,2021,0.194098625393535,https://api.worldbank.org/v2/country/all/indicator/IT.NET.BBND.P2?format=json&per_page=20000&date=2020%3A2024
GMB,IT.NET.BBND.P2,fixed_broadband_per_100,2020,0.198749231337348,https://api.worldbank.org/v2/country/all/indicator/IT.NET.BBND.P2?format=json&per_page=20000&date=2020%3A2024
GEO,IT.NET.BBND.P2,fixed_broadband_per_100,2024,30.4157660721649,https://api.worldbank.org/v2/country/all/indicator/IT.NET.BBND.P2?format=json&per_page=20000&date=2020%3A2024
GEO,IT.NET.BBND.P2,fixed_broadband_per_100,2023,29.3086367614167,https://api.worldbank.org/v2/country/all/indicator/IT.NET.BBND.P2?format=json&per_page=20000&date=2020%3A2024
GEO,IT.NET.BBND.P2,fixed_broadband_per_100,2022,28.3337075311796,https://api.worldbank.org/v2/country/all/indicator/IT.NET.BBND.P2?format=json&per_page=20000&date=2020%3A2024
GEO,IT.NET.BBND.P2,fixed_broadband_per_100,2021,26.6463786914494,https://api.worldbank.org/v2/country/all/indicator/IT.NET.BBND.P2?format=json&per_page=20000&date=2020%3A2024
GEO,IT.NET.BBND.P2,fixed_broadband_per_100,2020,25.5120429077493,https://api.worldbank.org/v2/country/all/indicator/IT.NET.BBND.P2?format=json&per_page=20000&date=2020%3A2024
DEU,IT.NET.BBND.P2,fixed_broadband_per_100,2024,45.6069242965787,https://api.worldbank.org/v2/country/all/indicator/IT.NET.BBND.P2?format=json&per_page=20000&date=2020%3A2024
DEU,IT.NET.BBND.P2,fixed_broadband_per_100,2023,45.380522509099,https://api.worldbank.org/v2/country/all/indicator/IT.NET.BBND.P2?format=json&per_page=20000&date=2020%3A2024
DEU,IT.NET.BBND.P2,fixed_broadband_per_100,2022,44.6186317766404,https://api.worldbank.org/v2/country/all/indicator/IT.NET.BBND.P2?format=json&per_page=20000&date=2020%3A2024
DEU,IT.NET.BBND.P2,fixed_broadband_per_100,2021,44.0643361489671,https://api.worldbank.org/v2/country/all/indicator/IT.NET.BBND.P2?format=json&per_page=20000&date=2020%3A2024
DEU,IT.NET.BBND.P2,fixed_broadband_per_100,2020,43.3048696627,https://api.worldbank.org/v2/country/all/indicator/IT.NET.BBND.P2?format=json&per_page=20000&date=2020%3A2024
GHA,IT.NET.BBND.P2,fixed_broadband_per_100,2024,0.664728986034211,https://api.worldbank.org/v2/country/all/indicator/IT.NET.BBND.P2?format=json&per_page=20000&date=2020%3A2024
GHA,IT.NET.BBND.P2,fixed_broadband_per_100,2023,0.555476730525596,https://api.worldbank.org/v2/country/all/indicator/IT.NET.BBND.P2?format=json&per_page=20000&date=2020%3A2024
GHA,IT.NET.BBND.P2,fixed_broadband_per_100,2022,0.62494509663475,https://api.worldbank.org/v2/country/all/indicator/IT.NET.BBND.P2?format=json&per_page=20000&date=2020%3A2024
GHA,IT.NET.BBND.P2,fixed_broadband_per_100,2021,0.352237707175248,https://api.worldbank.org/v2/country/all/indicator/IT.NET.BBND.P2?format=json&per_page=20000&date=2020%3A2024
GHA,IT.NET.BBND.P2,fixed_broadband_per_100,2020,0.245771040587956,https://api.worldbank.org/v2/country/all/indicator/IT.NET.BBND.P2?format=json&per_page=20000&date=2020%3A2024
GIB,IT.NET.BBND.P2,fixed_broadband_per_100,2024,,https://api.worldbank.org/v2/country/all/indicator/IT.NET.BBND.P2?format=json&per_page=20000&date=2020%3A2024
GIB,IT.NET.BBND.P2,fixed_broadband_per_100,2023,,https://api.worldbank.org/v2/country/all/indicator/IT.NET.BBND.P2?format=json&per_page=20000&date=2020%3A2024
GIB,IT.NET.BBND.P2,fixed_broadband_per_100,2022,60.9747666781887,https://api.worldbank.org/v2/country/all/indicator/IT.NET.BBND.P2?format=json&per_page=20000&date=2020%3A2024
GIB,IT.NET.BBND.P2,fixed_broadband_per_100,2021,59.8567475174996,https://api.worldbank.org/v2/country/all/indicator/IT.NET.BBND.P2?format=json&per_page=20000&date=2020%3A2024
GIB,IT.NET.BBND.P2,fixed_broadband_per_100,2020,58.0792303651895,https://api.worldbank.org/v2/country/all/indicator/IT.NET.BBND.P2?format=json&per_page=20000&date=2020%3A2024
GRC,IT.NET.BBND.P2,fixed_broadband_per_100,2024,44.6759828527928,https://api.worldbank.org/v2/country/all/indicator/IT.NET.BBND.P2?format=json&per_page=20000&date=2020%3A2024
GRC,IT.NET.BBND.P2,fixed_broadband_per_100,2023,43.8539621755853,https://api.worldbank.org/v2/country/all/indicator/IT.NET.BBND.P2?format=json&per_page=20000&date=2020%3A2024
GRC,IT.NET.BBND.P2,fixed_broadband_per_100,2022,42.923040428409,https://api.worldbank.org/v2/country/all/indicator/IT.NET.BBND.P2?format=json&per_page=20000&date=2020%3A2024
GRC,IT.NET.BBND.P2,fixed_broadband_per_100,2021,41.9213046741732,https://api.worldbank.org/v2/country/all/indicator/IT.NET.BBND.P2?format=json&per_page=20000&date=2020%3A2024
GRC,IT.NET.BBND.P2,fixed_broadband_per_100,2020,39.7876360746134,https://api.worldbank.org/v2/country/all/indicator/IT.NET.BBND.P2?format=json&per_page=20000&date=2020%3A2024
GRL,IT.NET.BBND.P2,fixed_broadband_per_100,2024,,https://api.worldbank.org/v2/country/all/indicator/IT.NET.BBND.P2?format=json&per_page=20000&date=2020%3A2024
GRL,IT.NET.BBND.P2,fixed_broadband_per_100,2023,,https://api.worldbank.org/v2/country/all/indicator/IT.NET.BBND.P2?format=json&per_page=20000&date=2020%3A2024
GRL,IT.NET.BBND.P2,fixed_broadband_per_100,2022,31.9842829076621,https://api.worldbank.org/v2/country/all/indicator/IT.NET.BBND.P2?format=json&per_page=20000&date=2020%3A2024
GRL,IT.NET.BBND.P2,fixed_broadband_per_100,2021,29.9441480344748,https://api.worldbank.org/v2/country/all/indicator/IT.NET.BBND.P2?format=json&per_page=20000&date=2020%3A2024
GRL,IT.NET.BBND.P2,fixed_broadband_per_100,2020,27.9190442225392,https://api.worldbank.org/v2/country/all/indicator/IT.NET.BBND.P2?format=json&per_page=20000&date=2020%3A2024
GRD,IT.NET.BBND.P2,fixed_broadband_per_100,2024,,https://api.worldbank.org/v2/country/all/indicator/IT.NET.BBND.P2?format=json&per_page=20000&date=2020%3A2024
GRD,IT.NET.BBND.P2,fixed_broadband_per_100,2023,,https://api.worldbank.org/v2/country/all/indicator/IT.NET.BBND.P2?format=json&per_page=20000&date=2020%3A2024
GRD,IT.NET.BBND.P2,fixed_broadband_per_100,2022,29.767433903843,https://api.worldbank.org/v2/country/all/indicator/IT.NET.BBND.P2?format=json&per_page=20000&date=2020%3A2024
GRD,IT.NET.BBND.P2,fixed_broadband_per_100,2021,26.1175099410394,https://api.worldbank.org/v2/country/all/indicator/IT.NET.BBND.P2?format=json&per_page=20000&date=2020%3A2024
GRD,IT.NET.BBND.P2,fixed_broadband_per_100,2020,27.4640926242683,https://api.worldbank.org/v2/country/all/indicator/IT.NET.BBND.P2?format=json&per_page=20000&date=2020%3A2024
GUM,IT.NET.BBND.P2,fixed_broadband_per_100,2024,,https://api.worldbank.org/v2/country/all/indicator/IT.NET.BBND.P2?format=json&per_page=20000&date=2020%3A2024
GUM,IT.NET.BBND.P2,fixed_broadband_per_100,2023,,https://api.worldbank.org/v2/country/all/indicator/IT.NET.BBND.P2?format=json&per_page=20000&date=2020%3A2024
GUM,IT.NET.BBND.P2,fixed_broadband_per_100,2022,1.8392057149776,https://api.worldbank.org/v2/country/all/indicator/IT.NET.BBND.P2?format=json&per_page=20000&date=2020%3A2024
GUM,IT.NET.BBND.P2,fixed_broadband_per_100,2021,1.83228485921945,https://api.worldbank.org/v2/country/all/indicator/IT.NET.BBND.P2?format=json&per_page=20000&date=2020%3A2024
GUM,IT.NET.BBND.P2,fixed_broadband_per_100,2020,1.8500474845521,https://api.worldbank.org/v2/country/all/indicator/IT.NET.BBND.P2?format=json&per_page=20000&date=2020%3A2024
GTM,IT.NET.BBND.P2,fixed_broadband_per_100,2024,5.33792153027114,https://api.worldbank.org/v2/country/all/indicator/IT.NET.BBND.P2?format=json&per_page=20000&date=2020%3A2024
GTM,IT.NET.BBND.P2,fixed_broadband_per_100,2023,5.08082886037381,https://api.worldbank.org/v2/country/all/indicator/IT.NET.BBND.P2?format=json&per_page=20000&date=2020%3A2024
GTM,IT.NET.BBND.P2,fixed_broadband_per_100,2022,5.02439029583182,https://api.worldbank.org/v2/country/all/indicator/IT.NET.BBND.P2?format=json&per_page=20000&date=2020%3A2024
GTM,IT.NET.BBND.P2,fixed_broadband_per_100,2021,3.4775394703571,https://api.worldbank.org/v2/country/all/indicator/IT.NET.BBND.P2?format=json&per_page=20000&date=2020%3A2024
GTM,IT.NET.BBND.P2,fixed_broadband_per_100,2020,3.52588892585695,https://api.worldbank.org/v2/country/all/indicator/IT.NET.BBND.P2?format=json&per_page=20000&date=2020%3A2024
GIN,IT.NET.BBND.P2,fixed_broadband_per_100,2024,,https://api.worldbank.org/v2/country/all/indicator/IT.NET.BBND.P2?format=json&per_page=20000&date=2020%3A2024
GIN,IT.NET.BBND.P2,fixed_broadband_per_100,2023,,https://api.worldbank.org/v2/country/all/indicator/IT.NET.BBND.P2?format=json&per_page=20000&date=2020%3A2024
GIN,IT.NET.BBND.P2,fixed_broadband_per_100,2022,0.00627528568380372,https://api.worldbank.org/v2/country/all/indicator/IT.NET.BBND.P2?format=json&per_page=20000&date=2020%3A2024
GIN,IT.NET.BBND.P2,fixed_broadband_per_100,2021,0.00729367311055392,https://api.worldbank.org/v2/country/all/indicator/IT.NET.BBND.P2?format=json&per_page=20000&date=2020%3A2024
GIN,IT.NET.BBND.P2,fixed_broadband_per_100,2020,0.00747876982911684,https://api.worldbank.org/v2/country/all/indicator/IT.NET.BBND.P2?format=json&per_page=20000&date=2020%3A2024
GNB,IT.NET.BBND.P2,fixed_broadband_per_100,2024,0.386080917545218,https://api.worldbank.org/v2/country/all/indicator/IT.NET.BBND.P2?format=json&per_page=20000&date=2020%3A2024
GNB,IT.NET.BBND.P2,fixed_broadband_per_100,2023,0.310448099439986,https://api.worldbank.org/v2/country/all/indicator/IT.NET.BBND.P2?format=json&per_page=20000&date=2020%3A2024
GNB,IT.NET.BBND.P2,fixed_broadband_per_100,2022,0.219184822436547,https://api.worldbank.org/v2/country/all/indicator/IT.NET.BBND.P2?format=json&per_page=20000&date=2020%3A2024
GNB,IT.NET.BBND.P2,fixed_broadband_per_100,2021,0.160430067207715,https://api.worldbank.org/v2/country/all/indicator/IT.NET.BBND.P2?format=json&per_page=20000&date=2020%3A2024
GNB,IT.NET.BBND.P2,fixed_broadband_per_100,2020,0.118365532433795,https://api.worldbank.org/v2/country/all/indicator/IT.NET.BBND.P2?format=json&per_page=20000&date=2020%3A2024
GUY,IT.NET.BBND.P2,fixed_broadband_per_100,2024,,https://api.worldbank.org/v2/country/all/indicator/IT.NET.BBND.P2?format=json&per_page=20000&date=2020%3A2024
GUY,IT.NET.BBND.P2,fixed_broadband_per_100,2023,,https://api.worldbank.org/v2/country/all/indicator/IT.NET.BBND.P2?format=json&per_page=20000&date=2020%3A2024
GUY,IT.NET.BBND.P2,fixed_broadband_per_100,2022,12.9356394612219,https://api.worldbank.org/v2/country/all/indicator/IT.NET.BBND.P2?format=json&per_page=20000&date=2020%3A2024
GUY,IT.NET.BBND.P2,fixed_broadband_per_100,2021,11.6495520440672,https://api.worldbank.org/v2/country/all/indicator/IT.NET.BBND.P2?format=json&per_page=20000&date=2020%3A2024
GUY,IT.NET.BBND.P2,fixed_broadband_per_100,2020,11.7649827054754,https://api.worldbank.org/v2/country/all/indicator/IT.NET.BBND.P2?format=json&per_page=20000&date=2020%3A2024
HTI,IT.NET.BBND.P2,fixed_broadband_per_100,2024,,https://api.worldbank.org/v2/country/all/indicator/IT.NET.BBND.P2?format=json&per_page=20000&date=2020%3A2024
HTI,IT.NET.BBND.P2,fixed_broadband_per_100,2023,,https://api.worldbank.org/v2/country/all/indicator/IT.NET.BBND.P2?format=json&per_page=20000&date=2020%3A2024
HTI,IT.NET.BBND.P2,fixed_broadband_per_100,2022,0.306790757611135,https://api.worldbank.org/v2/country/all/indicator/IT.NET.BBND.P2?format=json&per_page=20000&date=2020%3A2024
HTI,IT.NET.BBND.P2,fixed_broadband_per_100,2021,0.272537391690564,https://api.worldbank.org/v2/country/all/indicator/IT.NET.BBND.P2?format=json&per_page=20000&date=2020%3A2024
HTI,IT.NET.BBND.P2,fixed_broadband_per_100,2020,0.275706324027148,https://api.worldbank.org/v2/country/all/indicator/IT.NET.BBND.P2?format=json&per_page=20000&date=2020%3A2024
HND,IT.NET.BBND.P2,fixed_broadband_per_100,2024,4.57914834722512,https://api.worldbank.org/v2/country/all/indicator/IT.NET.BBND.P2?format=json&per_page=20000&date=2020%3A2024
HND,IT.NET.BBND.P2,fixed_broadband_per_100,2023,4.36212775547539,https://api.worldbank.org/v2/country/all/indicator/IT.NET.BBND.P2?format=json&per_page=20000&date=2020%3A2024
HND,IT.NET.BBND.P2,fixed_broadband_per_100,2022,4.40980164894983,https://api.worldbank.org/v2/country/all/indicator/IT.NET.BBND.P2?format=json&per_page=20000&date=2020%3A2024
HND,IT.NET.BBND.P2,fixed_broadband_per_100,2021,4.0958409901304,https://api.worldbank.org/v2/country/all/indicator/IT.NET.BBND.P2?format=json&per_page=20000&date=2020%3A2024
HND,IT.NET.BBND.P2,fixed_broadband_per_100,2020,3.92223438778455,https://api.worldbank.org/v2/country/all/indicator/IT.NET.BBND.P2?format=json&per_page=20000&date=2020%3A2024
HKG,IT.NET.BBND.P2,fixed_broadband_per_100,2024,40.2724025338679,https://api.worldbank.org/v2/country/all/indicator/IT.NET.BBND.P2?format=json&per_page=20000&date=2020%3A2024
HKG,IT.NET.BBND.P2,fixed_broadband_per_100,2023,39.8839727444243,https://api.worldbank.org/v2/country/all/indicator/IT.NET.BBND.P2?format=json&per_page=20000&date=2020%3A2024
HKG,IT.NET.BBND.P2,fixed_broadband_per_100,2022,39.9517808600821,https://api.worldbank.org/v2/country/all/indicator/IT.NET.BBND.P2?format=json&per_page=20000&date=2020%3A2024
HKG,IT.NET.BBND.P2,fixed_broadband_per_100,2021,39.2188975738319,https://api.worldbank.org/v2/country/all/indicator/IT.NET.BBND.P2?format=json&per_page=20000&date=2020%3A2024
HKG,IT.NET.BBND.P2,fixed_broadband_per_100,2020,38.5246390800823,https://api.worldbank.org/v2/country/all/indicator/IT.NET.BBND.P2?format=json&per_page=20000&date=2020%3A2024
HUN,IT.NET.BBND.P2,fixed_broadband_per_100,2024,37.542262483936,https://api.worldbank.org/v2/country/all/indicator/IT.NET.BBND.P2?format=json&per_page=20000&date=2020%3A2024
HUN,IT.NET.BBND.P2,fixed_broadband_per_100,2023,36.7901885342462,https://api.worldbank.org/v2/country/all/indicator/IT.NET.BBND.P2?format=json&per_page=20000&date=2020%3A2024
HUN,IT.NET.BBND.P2,fixed_broadband_per_100,2022,36.5338104764554,https://api.worldbank.org/v2/country/all/indicator/IT.NET.BBND.P2?format=json&per_page=20000&date=2020%3A2024
HUN,IT.NET.BBND.P2,fixed_broadband_per_100,2021,34.8391868436369,https://api.worldbank.org/v2/country/all/indicator/IT.NET.BBND.P2?format=json&per_page=20000&date=2020%3A2024
HUN,IT.NET.BBND.P2,fixed_broadband_per_100,2020,33.4922037196533,https://api.worldbank.org/v2/country/all/indicator/IT.NET.BBND.P2?format=json&per_page=20000&date=2020%3A2024
ISL,IT.NET.BBND.P2,fixed_broadband_per_100,2024,37.5242757933482,https://api.worldbank.org/v2/country/all/indicator/IT.NET.BBND.P2?format=json&per_page=20000&date=2020%3A2024
ISL,IT.NET.BBND.P2,fixed_broadband_per_100,2023,37.4245919320463,https://api.worldbank.org/v2/country/all/indicator/IT.NET.BBND.P2?format=json&per_page=20000&date=2020%3A2024
ISL,IT.NET.BBND.P2,fixed_broadband_per_100,2022,37.4212579793667,https://api.worldbank.org/v2/country/all/indicator/IT.NET.BBND.P2?format=json&per_page=20000&date=2020%3A2024
ISL,IT.NET.BBND.P2,fixed_broadband_per_100,2021,38.4077027940877,https://api.worldbank.org/v2/country/all/indicator/IT.NET.BBND.P2?format=json&per_page=20000&date=2020%3A2024
ISL,IT.NET.BBND.P2,fixed_broadband_per_100,2020,38.6826471438625,https://api.worldbank.org/v2/country/all/indicator/IT.NET.BBND.P2?format=json&per_page=20000&date=2020%3A2024
IND,IT.NET.BBND.P2,fixed_broadband_per_100,2024,3.15046250037677,https://api.worldbank.org/v2/country/all/indicator/IT.NET.BBND.P2?format=json&per_page=20000&date=2020%3A2024
IND,IT.NET.BBND.P2,fixed_broadband_per_100,2023,2.74534696441771,https://api.worldbank.org/v2/country/all/indicator/IT.NET.BBND.P2?format=json&per_page=20000&date=2020%3A2024
IND,IT.NET.BBND.P2,fixed_broadband_per_100,2022,2.35231555917724,https://api.worldbank.org/v2/country/all/indicator/IT.NET.BBND.P2?format=json&per_page=20000&date=2020%3A2024
IND,IT.NET.BBND.P2,fixed_broadband_per_100,2021,1.9487996093033,https://api.worldbank.org/v2/country/all/indicator/IT.NET.BBND.P2?format=json&per_page=20000&date=2020%3A2024
IND,IT.NET.BBND.P2,fixed_broadband_per_100,2020,1.63622632751685,https://api.worldbank.org/v2/country/all/indicator/IT.NET.BBND.P2?format=json&per_page=20000&date=2020%3A2024
IDN,IT.NET.BBND.P2,fixed_broadband_per_100,2024,4.92196685438436,https://api.worldbank.org/v2/country/all/indicator/IT.NET.BBND.P2?format=json&per_page=20000&date=2020%3A2024
IDN,IT.NET.BBND.P2,fixed_broadband_per_100,2023,4.81663955789733,https://api.worldbank.org/v2/country/all/indicator/IT.NET.BBND.P2?format=json&per_page=20000&date=2020%3A2024
IDN,IT.NET.BBND.P2,fixed_broadband_per_100,2022,4.82151507878823,https://api.worldbank.org/v2/country/all/indicator/IT.NET.BBND.P2?format=json&per_page=20000&date=2020%3A2024
IDN,IT.NET.BBND.P2,fixed_broadband_per_100,2021,4.4874632789818,https://api.worldbank.org/v2/country/all/indicator/IT.NET.BBND.P2?format=json&per_page=20000&date=2020%3A2024
IDN,IT.NET.BBND.P2,fixed_broadband_per_100,2020,3.92993769121646,https://api.worldbank.org/v2/country/all/indicator/IT.NET.BBND.P2?format=json&per_page=20000&date=2020%3A2024
IRN,IT.NET.BBND.P2,fixed_broadband_per_100,2024,12.0603874696566,https://api.worldbank.org/v2/country/all/indicator/IT.NET.BBND.P2?format=json&per_page=20000&date=2020%3A2024
IRN,IT.NET.BBND.P2,fixed_broadband_per_100,2023,12.0205942239083,https://api.worldbank.org/v2/country/all/indicator/IT.NET.BBND.P2?format=json&per_page=20000&date=2020%3A2024
IRN,IT.NET.BBND.P2,fixed_broadband_per_100,2022,12.2102486068411,https://api.worldbank.org/v2/country/all/indicator/IT.NET.BBND.P2?format=json&per_page=20000&date=2020%3A2024
IRN,IT.NET.BBND.P2,fixed_broadband_per_100,2021,12.068102546673,https://api.worldbank.org/v2/country/all/indicator/IT.NET.BBND.P2?format=json&per_page=20000&date=2020%3A2024
IRN,IT.NET.BBND.P2,fixed_broadband_per_100,2020,10.9026671467968,https://api.worldbank.org/v2/country/all/indicator/IT.NET.BBND.P2?format=json&per_page=20000&date=2020%3A2024
IRQ,IT.NET.BBND.P2,fixed_broadband_per_100,2024,17.6333290365333,https://api.worldbank.org/v2/country/all/indicator/IT.NET.BBND.P2?format=json&per_page=20000&date=2020%3A2024
IRQ,IT.NET.BBND.P2,fixed_broadband_per_100,2023,17.2312565041583,https://api.worldbank.org/v2/country/all/indicator/IT.NET.BBND.P2?format=json&per_page=20000&date=2020%3A2024
IRQ,IT.NET.BBND.P2,fixed_broadband_per_100,2022,14.4912960130678,https://api.worldbank.org/v2/country/all/indicator/IT.NET.BBND.P2?format=json&per_page=20000&date=2020%3A2024
IRQ,IT.NET.BBND.P2,fixed_broadband_per_100,2021,14.8275236561145,https://api.worldbank.org/v2/country/all/indicator/IT.NET.BBND.P2?format=json&per_page=20000&date=2020%3A2024
IRQ,IT.NET.BBND.P2,fixed_broadband_per_100,2020,14.8494851377503,https://api.worldbank.org/v2/country/all/indicator/IT.NET.BBND.P2?format=json&per_page=20000&date=2020%3A2024
IRL,IT.NET.BBND.P2,fixed_broadband_per_100,2024,32.3023693358176,https://api.worldbank.org/v2/country/all/indicator/IT.NET.BBND.P2?format=json&per_page=20000&date=2020%3A2024
IRL,IT.NET.BBND.P2,fixed_broadband_per_100,2023,31.8907830651788,https://api.worldbank.org/v2/country/all/indicator/IT.NET.BBND.P2?format=json&per_page=20000&date=2020%3A2024
IRL,IT.NET.BBND.P2,fixed_broadband_per_100,2022,31.5362809040128,https://api.worldbank.org/v2/country/all/indicator/IT.NET.BBND.P2?format=json&per_page=20000&date=2020%3A2024
IRL,IT.NET.BBND.P2,fixed_broadband_per_100,2021,31.3616427884193,https://api.worldbank.org/v2/country/all/indicator/IT.NET.BBND.P2?format=json&per_page=20000&date=2020%3A2024
IRL,IT.NET.BBND.P2,fixed_broadband_per_100,2020,30.4353384554187,https://api.worldbank.org/v2/country/all/indicator/IT.NET.BBND.P2?format=json&per_page=20000&date=2020%3A2024
IMN,IT.NET.BBND.P2,fixed_broadband_per_100,2024,,https://api.worldbank.org/v2/country/all/indicator/IT.NET.BBND.P2?format=json&per_page=20000&date=2020%3A2024
IMN,IT.NET.BBND.P2,fixed_broadband_per_100,2023,,https://api.worldbank.org/v2/country/all/indicator/IT.NET.BBND.P2?format=json&per_page=20000&date=2020%3A2024
IMN,IT.NET.BBND.P2,fixed_broadband_per_100,2022,,https://api.worldbank.org/v2/country/all/indicator/IT.NET.BBND.P2?format=json&per_page=20000&date=2020%3A2024
IMN,IT.NET.BBND.P2,fixed_broadband_per_100,2021,,https://api.worldbank.org/v2/country/all/indicator/IT.NET.BBND.P2?format=json&per_page=20000&date=2020%3A2024
IMN,IT.NET.BBND.P2,fixed_broadband_per_100,2020,,https://api.worldbank.org/v2/country/all/indicator/IT.NET.BBND.P2?format=json&per_page=20000&date=2020%3A2024
ISR,IT.NET.BBND.P2,fixed_broadband_per_100,2024,29.1837101461688,https://api.worldbank.org/v2/country/all/indicator/IT.NET.BBND.P2?format=json&per_page=20000&date=2020%3A2024
ISR,IT.NET.BBND.P2,fixed_broadband_per_100,2023,29.4357235504327,https://api.worldbank.org/v2/country/all/indicator/IT.NET.BBND.P2?format=json&per_page=20000&date=2020%3A2024
ISR,IT.NET.BBND.P2,fixed_broadband_per_100,2022,29.1676695245416,https://api.worldbank.org/v2/country/all/indicator/IT.NET.BBND.P2?format=json&per_page=20000&date=2020%3A2024
ISR,IT.NET.BBND.P2,fixed_broadband_per_100,2021,29.7078785417387,https://api.worldbank.org/v2/country/all/indicator/IT.NET.BBND.P2?format=json&per_page=20000&date=2020%3A2024
ISR,IT.NET.BBND.P2,fixed_broadband_per_100,2020,29.5678161933081,https://api.worldbank.org/v2/country/all/indicator/IT.NET.BBND.P2?format=json&per_page=20000&date=2020%3A2024
ITA,IT.NET.BBND.P2,fixed_broadband_per_100,2024,31.7807732477772,https://api.worldbank.org/v2/country/all/indicator/IT.NET.BBND.P2?format=json&per_page=20000&date=2020%3A2024
ITA,IT.NET.BBND.P2,fixed_broadband_per_100,2023,31.8410876819321,https://api.worldbank.org/v2/country/all/indicator/IT.NET.BBND.P2?format=json&per_page=20000&date=2020%3A2024
ITA,IT.NET.BBND.P2,fixed_broadband_per_100,2022,31.19136706407,https://api.worldbank.org/v2/country/all/indicator/IT.NET.BBND.P2?format=json&per_page=20000&date=2020%3A2024
ITA,IT.NET.BBND.P2,fixed_broadband_per_100,2021,31.2852927413407,https://api.worldbank.org/v2/country/all/indicator/IT.NET.BBND.P2?format=json&per_page=20000&date=2020%3A2024
ITA,IT.NET.BBND.P2,fixed_broadband_per_100,2020,30.2586365187027,https://api.worldbank.org/v2/country/all/indicator/IT.NET.BBND.P2?format=json&per_page=20000&date=2020%3A2024
JAM,IT.NET.BBND.P2,fixed_broadband_per_100,2024,15.981614377416,https://api.worldbank.org/v2/country/all/indicator/IT.NET.BBND.P2?format=json&per_page=20000&date=2020%3A2024
JAM,IT.NET.BBND.P2,fixed_broadband_per_100,2023,15.7852035329423,https://api.worldbank.org/v2/country/all/indicator/IT.NET.BBND.P2?format=json&per_page=20000&date=2020%3A2024
JAM,IT.NET.BBND.P2,fixed_broadband_per_100,2022,14.9601781381994,https://api.worldbank.org/v2/country/all/indicator/IT.NET.BBND.P2?format=json&per_page=20000&date=2020%3A2024
JAM,IT.NET.BBND.P2,fixed_broadband_per_100,2021,14.5717525783368,https://api.worldbank.org/v2/country/all/indicator/IT.NET.BBND.P2?format=json&per_page=20000&date=2020%3A2024
JAM,IT.NET.BBND.P2,fixed_broadband_per_100,2020,13.6219905826712,https://api.worldbank.org/v2/country/all/indicator/IT.NET.BBND.P2?format=json&per_page=20000&date=2020%3A2024
JPN,IT.NET.BBND.P2,fixed_broadband_per_100,2024,,https://api.worldbank.org/v2/country/all/indicator/IT.NET.BBND.P2?format=json&per_page=20000&date=2020%3A2024
JPN,IT.NET.BBND.P2,fixed_broadband_per_100,2023,38.6312383711286,https://api.worldbank.org/v2/country/all/indicator/IT.NET.BBND.P2?format=json&per_page=20000&date=2020%3A2024
JPN,IT.NET.BBND.P2,fixed_broadband_per_100,2022,36.8414210393741,https://api.worldbank.org/v2/country/all/indicator/IT.NET.BBND.P2?format=json&per_page=20000&date=2020%3A2024
JPN,IT.NET.BBND.P2,fixed_broadband_per_100,2021,35.9391724358064,https://api.worldbank.org/v2/country/all/indicator/IT.NET.BBND.P2?format=json&per_page=20000&date=2020%3A2024
JPN,IT.NET.BBND.P2,fixed_broadband_per_100,2020,34.8370612448992,https://api.worldbank.org/v2/country/all/indicator/IT.NET.BBND.P2?format=json&per_page=20000&date=2020%3A2024
JOR,IT.NET.BBND.P2,fixed_broadband_per_100,2024,7.01801006087142,https://api.worldbank.org/v2/country/all/indicator/IT.NET.BBND.P2?format=json&per_page=20000&date=2020%3A2024
JOR,IT.NET.BBND.P2,fixed_broadband_per_100,2023,7.03749462484875,https://api.worldbank.org/v2/country/all/indicator/IT.NET.BBND.P2?format=json&per_page=20000&date=2020%3A2024
JOR,IT.NET.BBND.P2,fixed_broadband_per_100,2022,7.0736531298176,https://api.worldbank.org/v2/country/all/indicator/IT.NET.BBND.P2?format=json&per_page=20000&date=2020%3A2024
JOR,IT.NET.BBND.P2,fixed_broadband_per_100,2021,6.45876564968631,https://api.worldbank.org/v2/country/all/indicator/IT.NET.BBND.P2?format=json&per_page=20000&date=2020%3A2024
JOR,IT.NET.BBND.P2,fixed_broadband_per_100,2020,5.80332966781737,https://api.worldbank.org/v2/country/all/indicator/IT.NET.BBND.P2?format=json&per_page=20000&date=2020%3A2024
KAZ,IT.NET.BBND.P2,fixed_broadband_per_100,2024,15.3162031103353,https://api.worldbank.org/v2/country/all/indicator/IT.NET.BBND.P2?format=json&per_page=20000&date=2020%3A2024
KAZ,IT.NET.BBND.P2,fixed_broadband_per_100,2023,14.3457210056574,https://api.worldbank.org/v2/country/all/indicator/IT.NET.BBND.P2?format=json&per_page=20000&date=2020%3A2024
KAZ,IT.NET.BBND.P2,fixed_broadband_per_100,2022,14.4739535470844,https://api.worldbank.org/v2/country/all/indicator/IT.NET.BBND.P2?format=json&per_page=20000&date=2020%3A2024
KAZ,IT.NET.BBND.P2,fixed_broadband_per_100,2021,13.946795830528,https://api.worldbank.org/v2/country/all/indicator/IT.NET.BBND.P2?format=json&per_page=20000&date=2020%3A2024
KAZ,IT.NET.BBND.P2,fixed_broadband_per_100,2020,13.4502836627046,https://api.worldbank.org/v2/country/all/indicator/IT.NET.BBND.P2?format=json&per_page=20000&date=2020%3A2024
KEN,IT.NET.BBND.P2,fixed_broadband_per_100,2024,3.04382666975517,https://api.worldbank.org/v2/country/all/indicator/IT.NET.BBND.P2?format=json&per_page=20000&date=2020%3A2024
KEN,IT.NET.BBND.P2,fixed_broadband_per_100,2023,2.38882511128724,https://api.worldbank.org/v2/country/all/indicator/IT.NET.BBND.P2?format=json&per_page=20000&date=2020%3A2024
KEN,IT.NET.BBND.P2,fixed_broadband_per_100,2022,1.47646942688922,https://api.worldbank.org/v2/country/all/indicator/IT.NET.BBND.P2?format=json&per_page=20000&date=2020%3A2024
KEN,IT.NET.BBND.P2,fixed_broadband_per_100,2021,1.48254108303764,https://api.worldbank.org/v2/country/all/indicator/IT.NET.BBND.P2?format=json&per_page=20000&date=2020%3A2024
KEN,IT.NET.BBND.P2,fixed_broadband_per_100,2020,1.29112489733773,https://api.worldbank.org/v2/country/all/indicator/IT.NET.BBND.P2?format=json&per_page=20000&date=2020%3A2024
KIR,IT.NET.BBND.P2,fixed_broadband_per_100,2024,0.0349395619917037,https://api.worldbank.org/v2/country/all/indicator/IT.NET.BBND.P2?format=json&per_page=20000&date=2020%3A2024
KIR,IT.NET.BBND.P2,fixed_broadband_per_100,2023,0.039990945446314,https://api.worldbank.org/v2/country/all/indicator/IT.NET.BBND.P2?format=json&per_page=20000&date=2020%3A2024
KIR,IT.NET.BBND.P2,fixed_broadband_per_100,2022,0.0689819037472503,https://api.worldbank.org/v2/country/all/indicator/IT.NET.BBND.P2?format=json&per_page=20000&date=2020%3A2024
KIR,IT.NET.BBND.P2,fixed_broadband_per_100,2021,0.0864640862459786,https://api.worldbank.org/v2/country/all/indicator/IT.NET.BBND.P2?format=json&per_page=20000&date=2020%3A2024
KIR,IT.NET.BBND.P2,fixed_broadband_per_100,2020,0.146710124584652,https://api.worldbank.org/v2/country/all/indicator/IT.NET.BBND.P2?format=json&per_page=20000&date=2020%3A2024
PRK,IT.NET.BBND.P2,fixed_broadband_per_100,2024,,https://api.worldbank.org/v2/country/all/indicator/IT.NET.BBND.P2?format=json&per_page=20000&date=2020%3A2024
PRK,IT.NET.BBND.P2,fixed_broadband_per_100,2023,,https://api.worldbank.org/v2/country/all/indicator/IT.NET.BBND.P2?format=json&per_page=20000&date=2020%3A2024
PRK,IT.NET.BBND.P2,fixed_broadband_per_100,2022,,https://api.worldbank.org/v2/country/all/indicator/IT.NET.BBND.P2?format=json&per_page=20000&date=2020%3A2024
PRK,IT.NET.BBND.P2,fixed_broadband_per_100,2021,,https://api.worldbank.org/v2/country/all/indicator/IT.NET.BBND.P2?format=json&per_page=20000&date=2020%3A2024
PRK,IT.NET.BBND.P2,fixed_broadband_per_100,2020,,https://api.worldbank.org/v2/country/all/indicator/IT.NET.BBND.P2?format=json&per_page=20000&date=2020%3A2024
KOR,IT.NET.BBND.P2,fixed_broadband_per_100,2024,47.8014965507867,https://api.worldbank.org/v2/country/all/indicator/IT.NET.BBND.P2?format=json&per_page=20000&date=2020%3A2024
KOR,IT.NET.BBND.P2,fixed_broadband_per_100,2023,46.5676352036327,https://api.worldbank.org/v2/country/all/indicator/IT.NET.BBND.P2?format=json&per_page=20000&date=2020%3A2024
KOR,IT.NET.BBND.P2,fixed_broadband_per_100,2022,45.4542124182774,https://api.worldbank.org/v2/country/all/indicator/IT.NET.BBND.P2?format=json&per_page=20000&date=2020%3A2024
KOR,IT.NET.BBND.P2,fixed_broadband_per_100,2021,44.2526082339633,https://api.worldbank.org/v2/country/all/indicator/IT.NET.BBND.P2?format=json&per_page=20000&date=2020%3A2024
KOR,IT.NET.BBND.P2,fixed_broadband_per_100,2020,43.0540600860627,https://api.worldbank.org/v2/country/all/indicator/IT.NET.BBND.P2?format=json&per_page=20000&date=2020%3A2024
XKX,IT.NET.BBND.P2,fixed_broadband_per_100,2024,,https://api.worldbank.org/v2/country/all/indicator/IT.NET.BBND.P2?format=json&per_page=20000&date=2020%3A2024
XKX,IT.NET.BBND.P2,fixed_broadband_per_100,2023,,https://api.worldbank.org/v2/country/all/indicator/IT.NET.BBND.P2?format=json&per_page=20000&date=2020%3A2024
XKX,IT.NET.BBND.P2,fixed_broadband_per_100,2022,,https://api.worldbank.org/v2/country/all/indicator/IT.NET.BBND.P2?format=json&per_page=20000&date=2020%3A2024
XKX,IT.NET.BBND.P2,fixed_broadband_per_100,2021,,https://api.worldbank.org/v2/country/all/indicator/IT.NET.BBND.P2?format=json&per_page=20000&date=2020%3A2024
XKX,IT.NET.BBND.P2,fixed_broadband_per_100,2020,,https://api.worldbank.org/v2/country/all/indicator/IT.NET.BBND.P2?format=json&per_page=20000&date=2020%3A2024
KWT,IT.NET.BBND.P2,fixed_broadband_per_100,2024,,https://api.worldbank.org/v2/country/all/indicator/IT.NET.BBND.P2?format=json&per_page=20000&date=2020%3A2024
KWT,IT.NET.BBND.P2,fixed_broadband_per_100,2023,1.01366418243269,https://api.worldbank.org/v2/country/all/indicator/IT.NET.BBND.P2?format=json&per_page=20000&date=2020%3A2024
KWT,IT.NET.BBND.P2,fixed_broadband_per_100,2022,1.36328249349441,https://api.worldbank.org/v2/country/all/indicator/IT.NET.BBND.P2?format=json&per_page=20000&date=2020%3A2024
KWT,IT.NET.BBND.P2,fixed_broadband_per_100,2021,1.61587179429556,https://api.worldbank.org/v2/country/all/indicator/IT.NET.BBND.P2?format=json&per_page=20000&date=2020%3A2024
KWT,IT.NET.BBND.P2,fixed_broadband_per_100,2020,1.68058136279176,https://api.worldbank.org/v2/country/all/indicator/IT.NET.BBND.P2?format=json&per_page=20000&date=2020%3A2024
KGZ,IT.NET.BBND.P2,fixed_broadband_per_100,2024,7.79695655822307,https://api.worldbank.org/v2/country/all/indicator/IT.NET.BBND.P2?format=json&per_page=20000&date=2020%3A2024
KGZ,IT.NET.BBND.P2,fixed_broadband_per_100,2023,6.44652532064676,https://api.worldbank.org/v2/country/all/indicator/IT.NET.BBND.P2?format=json&per_page=20000&date=2020%3A2024
KGZ,IT.NET.BBND.P2,fixed_broadband_per_100,2022,5.60484304582026,https://api.worldbank.org/v2/country/all/indicator/IT.NET.BBND.P2?format=json&per_page=20000&date=2020%3A2024
KGZ,IT.NET.BBND.P2,fixed_broadband_per_100,2021,4.43257724274204,https://api.worldbank.org/v2/country/all/indicator/IT.NET.BBND.P2?format=json&per_page=20000&date=2020%3A2024
KGZ,IT.NET.BBND.P2,fixed_broadband_per_100,2020,4.33664358791982,https://api.worldbank.org/v2/country/all/indicator/IT.NET.BBND.P2?format=json&per_page=20000&date=2020%3A2024
LAO,IT.NET.BBND.P2,fixed_broadband_per_100,2024,,https://api.worldbank.org/v2/country/all/indicator/IT.NET.BBND.P2?format=json&per_page=20000&date=2020%3A2024
LAO,IT.NET.BBND.P2,fixed_broadband_per_100,2023,2.72021122524182,https://api.worldbank.org/v2/country/all/indicator/IT.NET.BBND.P2?format=json&per_page=20000&date=2020%3A2024
LAO,IT.NET.BBND.P2,fixed_broadband_per_100,2022,2.38186047453058,https://api.worldbank.org/v2/country/all/indicator/IT.NET.BBND.P2?format=json&per_page=20000&date=2020%3A2024
LAO,IT.NET.BBND.P2,fixed_broadband_per_100,2021,2.0226898696049,https://api.worldbank.org/v2/country/all/indicator/IT.NET.BBND.P2?format=json&per_page=20000&date=2020%3A2024
LAO,IT.NET.BBND.P2,fixed_broadband_per_100,2020,1.67210846259045,https://api.worldbank.org/v2/country/all/indicator/IT.NET.BBND.P2?format=json&per_page=20000&date=2020%3A2024
LVA,IT.NET.BBND.P2,fixed_broadband_per_100,2024,25.7542854181725,https://api.worldbank.org/v2/country/all/indicator/IT.NET.BBND.P2?format=json&per_page=20000&date=2020%3A2024
LVA,IT.NET.BBND.P2,fixed_broadband_per_100,2023,25.9948491178264,https://api.worldbank.org/v2/country/all/indicator/IT.NET.BBND.P2?format=json&per_page=20000&date=2020%3A2024
LVA,IT.NET.BBND.P2,fixed_broadband_per_100,2022,25.989241189689,https://api.worldbank.org/v2/country/all/indicator/IT.NET.BBND.P2?format=json&per_page=20000&date=2020%3A2024
LVA,IT.NET.BBND.P2,fixed_broadband_per_100,2021,25.9761549056076,https://api.worldbank.org/v2/country/all/indicator/IT.NET.BBND.P2?format=json&per_page=20000&date=2020%3A2024
LVA,IT.NET.BBND.P2,fixed_broadband_per_100,2020,25.804169430384,https://api.worldbank.org/v2/country/all/indicator/IT.NET.BBND.P2?format=json&per_page=20000&date=2020%3A2024
LBN,IT.NET.BBND.P2,fixed_broadband_per_100,2024,,https://api.worldbank.org/v2/country/all/indicator/IT.NET.BBND.P2?format=json&per_page=20000&date=2020%3A2024
LBN,IT.NET.BBND.P2,fixed_broadband_per_100,2023,,https://api.worldbank.org/v2/country/all/indicator/IT.NET.BBND.P2?format=json&per_page=20000&date=2020%3A2024
LBN,IT.NET.BBND.P2,fixed_broadband_per_100,2022,7.29166684799988,https://api.worldbank.org/v2/country/all/indicator/IT.NET.BBND.P2?format=json&per_page=20000&date=2020%3A2024
LBN,IT.NET.BBND.P2,fixed_broadband_per_100,2021,7.55615217723581,https://api.worldbank.org/v2/country/all/indicator/IT.NET.BBND.P2?format=json&per_page=20000&date=2020%3A2024
LBN,IT.NET.BBND.P2,fixed_broadband_per_100,2020,7.57698778654173,https://api.worldbank.org/v2/country/all/indicator/IT.NET.BBND.P2?format=json&per_page=20000&date=2020%3A2024
LSO,IT.NET.BBND.P2,fixed_broadband_per_100,2024,0.379434958926989,https://api.worldbank.org/v2/country/all/indicator/IT.NET.BBND.P2?format=json&per_page=20000&date=2020%3A2024
LSO,IT.NET.BBND.P2,fixed_broadband_per_100,2023,0.383738154734299,https://api.worldbank.org/v2/country/all/indicator/IT.NET.BBND.P2?format=json&per_page=20000&date=2020%3A2024
LSO,IT.NET.BBND.P2,fixed_broadband_per_100,2022,0.39753117741491,https://api.worldbank.org/v2/country/all/indicator/IT.NET.BBND.P2?format=json&per_page=20000&date=2020%3A2024
LSO,IT.NET.BBND.P2,fixed_broadband_per_100,2021,0.353652507890634,https://api.worldbank.org/v2/country/all/indicator/IT.NET.BBND.P2?format=json&per_page=20000&date=2020%3A2024
LSO,IT.NET.BBND.P2,fixed_broadband_per_100,2020,0.226324591508713,https://api.worldbank.org/v2/country/all/indicator/IT.NET.BBND.P2?format=json&per_page=20000&date=2020%3A2024
LBR,IT.NET.BBND.P2,fixed_broadband_per_100,2024,,https://api.worldbank.org/v2/country/all/indicator/IT.NET.BBND.P2?format=json&per_page=20000&date=2020%3A2024
LBR,IT.NET.BBND.P2,fixed_broadband_per_100,2023,,https://api.worldbank.org/v2/country/all/indicator/IT.NET.BBND.P2?format=json&per_page=20000&date=2020%3A2024
LBR,IT.NET.BBND.P2,fixed_broadband_per_100,2022,0.274673226516174,https://api.worldbank.org/v2/country/all/indicator/IT.NET.BBND.P2?format=json&per_page=20000&date=2020%3A2024
LBR,IT.NET.BBND.P2,fixed_broadband_per_100,2021,0.247180102838331,https://api.worldbank.org/v2/country/all/indicator/IT.NET.BBND.P2?format=json&per_page=20000&date=2020%3A2024
LBR,IT.NET.BBND.P2,fixed_broadband_per_100,2020,0.252453508259017,https://api.worldbank.org/v2/country/all/indicator/IT.NET.BBND.P2?format=json&per_page=20000&date=2020%3A2024
LBY,IT.NET.BBND.P2,fixed_broadband_per_100,2024,,https://api.worldbank.org/v2/country/all/indicator/IT.NET.BBND.P2?format=json&per_page=20000&date=2020%3A2024
LBY,IT.NET.BBND.P2,fixed_broadband_per_100,2023,,https://api.worldbank.org/v2/country/all/indicator/IT.NET.BBND.P2?format=json&per_page=20000&date=2020%3A2024
LBY,IT.NET.BBND.P2,fixed_broadband_per_100,2022,4.51840823499527,https://api.worldbank.org/v2/country/all/indicator/IT.NET.BBND.P2?format=json&per_page=20000&date=2020%3A2024
LBY,IT.NET.BBND.P2,fixed_broadband_per_100,2021,4.65300430613124,https://api.worldbank.org/v2/country/all/indicator/IT.NET.BBND.P2?format=json&per_page=20000&date=2020%3A2024
LBY,IT.NET.BBND.P2,fixed_broadband_per_100,2020,4.71229521564357,https://api.worldbank.org/v2/country/all/indicator/IT.NET.BBND.P2?format=json&per_page=20000&date=2020%3A2024
LIE,IT.NET.BBND.P2,fixed_broadband_per_100,2024,50.0050163029847,https://api.worldbank.org/v2/country/all/indicator/IT.NET.BBND.P2?format=json&per_page=20000&date=2020%3A2024
LIE,IT.NET.BBND.P2,fixed_broadband_per_100,2023,49.4065356836204,https://api.worldbank.org/v2/country/all/indicator/IT.NET.BBND.P2?format=json&per_page=20000&date=2020%3A2024
LIE,IT.NET.BBND.P2,fixed_broadband_per_100,2022,48.9304880840349,https://api.worldbank.org/v2/country/all/indicator/IT.NET.BBND.P2?format=json&per_page=20000&date=2020%3A2024
LIE,IT.NET.BBND.P2,fixed_broadband_per_100,2021,47.5207458252228,https://api.worldbank.org/v2/country/all/indicator/IT.NET.BBND.P2?format=json&per_page=20000&date=2020%3A2024
LIE,IT.NET.BBND.P2,fixed_broadband_per_100,2020,46.5602187427451,https://api.worldbank.org/v2/country/all/indicator/IT.NET.BBND.P2?format=json&per_page=20000&date=2020%3A2024
LTU,IT.NET.BBND.P2,fixed_broadband_per_100,2024,27.8460080234758,https://api.worldbank.org/v2/country/all/indicator/IT.NET.BBND.P2?format=json&per_page=20000&date=2020%3A2024
LTU,IT.NET.BBND.P2,fixed_broadband_per_100,2023,27.9638162516437,https://api.worldbank.org/v2/country/all/indicator/IT.NET.BBND.P2?format=json&per_page=20000&date=2020%3A2024
LTU,IT.NET.BBND.P2,fixed_broadband_per_100,2022,28.4400438919259,https://api.worldbank.org/v2/country/all/indicator/IT.NET.BBND.P2?format=json&per_page=20000&date=2020%3A2024
LTU,IT.NET.BBND.P2,fixed_broadband_per_100,2021,28.712701575387,https://api.worldbank.org/v2/country/all/indicator/IT.NET.BBND.P2?format=json&per_page=20000&date=2020%3A2024
LTU,IT.NET.BBND.P2,fixed_broadband_per_100,2020,28.4988545174577,https://api.worldbank.org/v2/country/all/indicator/IT.NET.BBND.P2?format=json&per_page=20000&date=2020%3A2024
LUX,IT.NET.BBND.P2,fixed_broadband_per_100,2024,40.3174570156723,https://api.worldbank.org/v2/country/all/indicator/IT.NET.BBND.P2?format=json&per_page=20000&date=2020%3A2024
LUX,IT.NET.BBND.P2,fixed_broadband_per_100,2023,38.3793065082138,https://api.worldbank.org/v2/country/all/indicator/IT.NET.BBND.P2?format=json&per_page=20000&date=2020%3A2024
LUX,IT.NET.BBND.P2,fixed_broadband_per_100,2022,38.3269581349215,https://api.worldbank.org/v2/country/all/indicator/IT.NET.BBND.P2?format=json&per_page=20000&date=2020%3A2024
LUX,IT.NET.BBND.P2,fixed_broadband_per_100,2021,38.0399641403524,https://api.worldbank.org/v2/country/all/indicator/IT.NET.BBND.P2?format=json&per_page=20000&date=2020%3A2024
LUX,IT.NET.BBND.P2,fixed_broadband_per_100,2020,37.2960860898482,https://api.worldbank.org/v2/country/all/indicator/IT.NET.BBND.P2?format=json&per_page=20000&date=2020%3A2024
MAC,IT.NET.BBND.P2,fixed_broadband_per_100,2024,29.8553859567768,https://api.worldbank.org/v2/country/all/indicator/IT.NET.BBND.P2?format=json&per_page=20000&date=2020%3A2024
MAC,IT.NET.BBND.P2,fixed_broadband_per_100,2023,29.6759264447159,https://api.worldbank.org/v2/country/all/indicator/IT.NET.BBND.P2?format=json&per_page=20000&date=2020%3A2024
MAC,IT.NET.BBND.P2,fixed_broadband_per_100,2022,29.6066193799726,https://api.worldbank.org/v2/country/all/indicator/IT.NET.BBND.P2?format=json&per_page=20000&date=2020%3A2024
MAC,IT.NET.BBND.P2,fixed_broadband_per_100,2021,29.6158421202704,https://api.worldbank.org/v2/country/all/indicator/IT.NET.BBND.P2?format=json&per_page=20000&date=2020%3A2024
MAC,IT.NET.BBND.P2,fixed_broadband_per_100,2020,30.4508928113933,https://api.worldbank.org/v2/country/all/indicator/IT.NET.BBND.P2?format=json&per_page=20000&date=2020%3A2024
MDG,IT.NET.BBND.P2,fixed_broadband_per_100,2024,,https://api.worldbank.org/v2/country/all/indicator/IT.NET.BBND.P2?format=json&per_page=20000&date=2020%3A2024
MDG,IT.NET.BBND.P2,fixed_broadband_per_100,2023,0.124487385085979,https://api.worldbank.org/v2/country/all/indicator/IT.NET.BBND.P2?format=json&per_page=20000&date=2020%3A2024
MDG,IT.NET.BBND.P2,fixed_broadband_per_100,2022,0.10748996107107,https://api.worldbank.org/v2/country/all/indicator/IT.NET.BBND.P2?format=json&per_page=20000&date=2020%3A2024
MDG,IT.NET.BBND.P2,fixed_broadband_per_100,2021,0.104182794544746,https://api.worldbank.org/v2/country/all/indicator/IT.NET.BBND.P2?format=json&per_page=20000&date=2020%3A2024
MDG,IT.NET.BBND.P2,fixed_broadband_per_100,2020,0.110521830202826,https://api.worldbank.org/v2/country/all/indicator/IT.NET.BBND.P2?format=json&per_page=20000&date=2020%3A2024
MWI,IT.NET.BBND.P2,fixed_broadband_per_100,2024,0.0863853749149284,https://api.worldbank.org/v2/country/all/indicator/IT.NET.BBND.P2?format=json&per_page=20000&date=2020%3A2024
MWI,IT.NET.BBND.P2,fixed_broadband_per_100,2023,0.079556560544817,https://api.worldbank.org/v2/country/all/indicator/IT.NET.BBND.P2?format=json&per_page=20000&date=2020%3A2024
MWI,IT.NET.BBND.P2,fixed_broadband_per_100,2022,0.0724060330808983,https://api.worldbank.org/v2/country/all/indicator/IT.NET.BBND.P2?format=json&per_page=20000&date=2020%3A2024
MWI,IT.NET.BBND.P2,fixed_broadband_per_100,2021,0.0670814931398598,https://api.worldbank.org/v2/country/all/indicator/IT.NET.BBND.P2?format=json&per_page=20000&date=2020%3A2024
MWI,IT.NET.BBND.P2,fixed_broadband_per_100,2020,0.0627371263723842,https://api.worldbank.org/v2/country/all/indicator/IT.NET.BBND.P2?format=json&per_page=20000&date=2020%3A2024
MYS,IT.NET.BBND.P2,fixed_broadband_per_100,2024,13.5464432669708,https://api.worldbank.org/v2/country/all/indicator/IT.NET.BBND.P2?format=json&per_page=20000&date=2020%3A2024
MYS,IT.NET.BBND.P2,fixed_broadband_per_100,2023,13.0287000355119,https://api.worldbank.org/v2/country/all/indicator/IT.NET.BBND.P2?format=json&per_page=20000&date=2020%3A2024
MYS,IT.NET.BBND.P2,fixed_broadband_per_100,2022,12.1753566089982,https://api.worldbank.org/v2/country/all/indicator/IT.NET.BBND.P2?format=json&per_page=20000&date=2020%3A2024
MYS,IT.NET.BBND.P2,fixed_broadband_per_100,2021,10.8921782282506,https://api.worldbank.org/v2/country/all/indicator/IT.NET.BBND.P2?format=json&per_page=20000&date=2020%3A2024
MYS,IT.NET.BBND.P2,fixed_broadband_per_100,2020,9.91101742902637,https://api.worldbank.org/v2/country/all/indicator/IT.NET.BBND.P2?format=json&per_page=20000&date=2020%3A2024
MDV,IT.NET.BBND.P2,fixed_broadband_per_100,2024,19.6489572735075,https://api.worldbank.org/v2/country/all/indicator/IT.NET.BBND.P2?format=json&per_page=20000&date=2020%3A2024
MDV,IT.NET.BBND.P2,fixed_broadband_per_100,2023,18.6292999539919,https://api.worldbank.org/v2/country/all/indicator/IT.NET.BBND.P2?format=json&per_page=20000&date=2020%3A2024
MDV,IT.NET.BBND.P2,fixed_broadband_per_100,2022,17.3997244832152,https://api.worldbank.org/v2/country/all/indicator/IT.NET.BBND.P2?format=json&per_page=20000&date=2020%3A2024
MDV,IT.NET.BBND.P2,fixed_broadband_per_100,2021,14.8246453577808,https://api.worldbank.org/v2/country/all/indicator/IT.NET.BBND.P2?format=json&per_page=20000&date=2020%3A2024
MDV,IT.NET.BBND.P2,fixed_broadband_per_100,2020,12.6832736528067,https://api.worldbank.org/v2/country/all/indicator/IT.NET.BBND.P2?format=json&per_page=20000&date=2020%3A2024
MLI,IT.NET.BBND.P2,fixed_broadband_per_100,2024,,https://api.worldbank.org/v2/country/all/indicator/IT.NET.BBND.P2?format=json&per_page=20000&date=2020%3A2024
MLI,IT.NET.BBND.P2,fixed_broadband_per_100,2023,,https://api.worldbank.org/v2/country/all/indicator/IT.NET.BBND.P2?format=json&per_page=20000&date=2020%3A2024
MLI,IT.NET.BBND.P2,fixed_broadband_per_100,2022,0.774220028570636,https://api.worldbank.org/v2/country/all/indicator/IT.NET.BBND.P2?format=json&per_page=20000&date=2020%3A2024
MLI,IT.NET.BBND.P2,fixed_broadband_per_100,2021,0.648338018002888,https://api.worldbank.org/v2/country/all/indicator/IT.NET.BBND.P2?format=json&per_page=20000&date=2020%3A2024
MLI,IT.NET.BBND.P2,fixed_broadband_per_100,2020,1.12281404354348,https://api.worldbank.org/v2/country/all/indicator/IT.NET.BBND.P2?format=json&per_page=20000&date=2020%3A2024
MLT,IT.NET.BBND.P2,fixed_broadband_per_100,2024,44.5068355303026,https://api.worldbank.org/v2/country/all/indicator/IT.NET.BBND.P2?format=json&per_page=20000&date=2020%3A2024
MLT,IT.NET.BBND.P2,fixed_broadband_per_100,2023,44.282454836797,https://api.worldbank.org/v2/country/all/indicator/IT.NET.BBND.P2?format=json&per_page=20000&date=2020%3A2024
MLT,IT.NET.BBND.P2,fixed_broadband_per_100,2022,43.4449972737186,https://api.worldbank.org/v2/country/all/indicator/IT.NET.BBND.P2?format=json&per_page=20000&date=2020%3A2024
MLT,IT.NET.BBND.P2,fixed_broadband_per_100,2021,42.1830899964911,https://api.worldbank.org/v2/country/all/indicator/IT.NET.BBND.P2?format=json&per_page=20000&date=2020%3A2024
MLT,IT.NET.BBND.P2,fixed_broadband_per_100,2020,41.1094408219109,https://api.worldbank.org/v2/country/all/indicator/IT.NET.BBND.P2?format=json&per_page=20000&date=2020%3A2024
MHL,IT.NET.BBND.P2,fixed_broadband_per_100,2024,,https://api.worldbank.org/v2/country/all/indicator/IT.NET.BBND.P2?format=json&per_page=20000&date=2020%3A2024
MHL,IT.NET.BBND.P2,fixed_broadband_per_100,2023,,https://api.worldbank.org/v2/country/all/indicator/IT.NET.BBND.P2?format=json&per_page=20000&date=2020%3A2024
MHL,IT.NET.BBND.P2,fixed_broadband_per_100,2022,2.35047533498016,https://api.worldbank.org/v2/country/all/indicator/IT.NET.BBND.P2?format=json&per_page=20000&date=2020%3A2024
MHL,IT.NET.BBND.P2,fixed_broadband_per_100,2021,2.27717746029444,https://api.worldbank.org/v2/country/all/indicator/IT.NET.BBND.P2?format=json&per_page=20000&date=2020%3A2024
MHL,IT.NET.BBND.P2,fixed_broadband_per_100,2020,2.34159134547839,https://api.worldbank.org/v2/country/all/indicator/IT.NET.BBND.P2?format=json&per_page=20000&date=2020%3A2024
MRT,IT.NET.BBND.P2,fixed_broadband_per_100,2024,0.946513083252489,https://api.worldbank.org/v2/country/all/indicator/IT.NET.BBND.P2?format=json&per_page=20000&date=2020%3A2024
MRT,IT.NET.BBND.P2,fixed_broadband_per_100,2023,0.59041012129361,https://api.worldbank.org/v2/country/all/indicator/IT.NET.BBND.P2?format=json&per_page=20000&date=2020%3A2024
MRT,IT.NET.BBND.P2,fixed_broadband_per_100,2022,0.415227794850191,https://api.worldbank.org/v2/country/all/indicator/IT.NET.BBND.P2?format=json&per_page=20000&date=2020%3A2024
MRT,IT.NET.BBND.P2,fixed_broadband_per_100,2021,0.405903092669414,https://api.worldbank.org/v2/country/all/indicator/IT.NET.BBND.P2?format=json&per_page=20000&date=2020%3A2024
MRT,IT.NET.BBND.P2,fixed_broadband_per_100,2020,0.401227704167555,https://api.worldbank.org/v2/country/all/indicator/IT.NET.BBND.P2?format=json&per_page=20000&date=2020%3A2024
MUS,IT.NET.BBND.P2,fixed_broadband_per_100,2024,27.9742504733832,https://api.worldbank.org/v2/country/all/indicator/IT.NET.BBND.P2?format=json&per_page=20000&date=2020%3A2024
MUS,IT.NET.BBND.P2,fixed_broadband_per_100,2023,26.9082309192612,https://api.worldbank.org/v2/country/all/indicator/IT.NET.BBND.P2?format=json&per_page=20000&date=2020%3A2024
MUS,IT.NET.BBND.P2,fixed_broadband_per_100,2022,26.1963906498554,https://api.worldbank.org/v2/country/all/indicator/IT.NET.BBND.P2?format=json&per_page=20000&date=2020%3A2024
MUS,IT.NET.BBND.P2,fixed_broadband_per_100,2021,25.7028828022003,https://api.worldbank.org/v2/country/all/indicator/IT.NET.BBND.P2?format=json&per_page=20000&date=2020%3A2024
MUS,IT.NET.BBND.P2,fixed_broadband_per_100,2020,25.1865809761826,https://api.worldbank.org/v2/country/all/indicator/IT.NET.BBND.P2?format=json&per_page=20000&date=2020%3A2024
MEX,IT.NET.BBND.P2,fixed_broadband_per_100,2024,21.7367225364543,https://api.worldbank.org/v2/country/all/indicator/IT.NET.BBND.P2?format=json&per_page=20000&date=2020%3A2024
MEX,IT.NET.BBND.P2,fixed_broadband_per_100,2023,20.752917384408,https://api.worldbank.org/v2/country/all/indicator/IT.NET.BBND.P2?format=json&per_page=20000&date=2020%3A2024
MEX,IT.NET.BBND.P2,fixed_broadband_per_100,2022,20.6070256426489,https://api.worldbank.org/v2/country/all/indicator/IT.NET.BBND.P2?format=json&per_page=20000&date=2020%3A2024
MEX,IT.NET.BBND.P2,fixed_broadband_per_100,2021,19.2796725887476,https://api.worldbank.org/v2/country/all/indicator/IT.NET.BBND.P2?format=json&per_page=20000&date=2020%3A2024
MEX,IT.NET.BBND.P2,fixed_broadband_per_100,2020,17.7520559419946,https://api.worldbank.org/v2/country/all/indicator/IT.NET.BBND.P2?format=json&per_page=20000&date=2020%3A2024
FSM,IT.NET.BBND.P2,fixed_broadband_per_100,2024,,https://api.worldbank.org/v2/country/all/indicator/IT.NET.BBND.P2?format=json&per_page=20000&date=2020%3A2024
FSM,IT.NET.BBND.P2,fixed_broadband_per_100,2023,,https://api.worldbank.org/v2/country/all/indicator/IT.NET.BBND.P2?format=json&per_page=20000&date=2020%3A2024
FSM,IT.NET.BBND.P2,fixed_broadband_per_100,2022,5.81818506163369,https://api.worldbank.org/v2/country/all/indicator/IT.NET.BBND.P2?format=json&per_page=20000&date=2020%3A2024
FSM,IT.NET.BBND.P2,fixed_broadband_per_100,2021,5.37518813158461,https://api.worldbank.org/v2/country/all/indicator/IT.NET.BBND.P2?format=json&per_page=20000&date=2020%3A2024
FSM,IT.NET.BBND.P2,fixed_broadband_per_100,2020,5.40949908038516,https://api.worldbank.org/v2/country/all/indicator/IT.NET.BBND.P2?format=json&per_page=20000&date=2020%3A2024
MDA,IT.NET.BBND.P2,fixed_broadband_per_100,2024,29.6324400873685,https://api.worldbank.org/v2/country/all/indicator/IT.NET.BBND.P2?format=json&per_page=20000&date=2020%3A2024
MDA,IT.NET.BBND.P2,fixed_broadband_per_100,2023,27.3086365814931,https://api.worldbank.org/v2/country/all/indicator/IT.NET.BBND.P2?format=json&per_page=20000&date=2020%3A2024
MDA,IT.NET.BBND.P2,fixed_broadband_per_100,2022,26.317794331222,https://api.worldbank.org/v2/country/all/indicator/IT.NET.BBND.P2?format=json&per_page=20000&date=2020%3A2024
MDA,IT.NET.BBND.P2,fixed_broadband_per_100,2021,25.2112754309344,https://api.worldbank.org/v2/country/all/indicator/IT.NET.BBND.P2?format=json&per_page=20000&date=2020%3A2024
MDA,IT.NET.BBND.P2,fixed_broadband_per_100,2020,23.4268592640718,https://api.worldbank.org/v2/country/all/indicator/IT.NET.BBND.P2?format=json&per_page=20000&date=2020%3A2024
MCO,IT.NET.BBND.P2,fixed_broadband_per_100,2024,55.6780823690818,https://api.worldbank.org/v2/country/all/indicator/IT.NET.BBND.P2?format=json&per_page=20000&date=2020%3A2024
MCO,IT.NET.BBND.P2,fixed_broadband_per_100,2023,55.8835609405483,https://api.worldbank.org/v2/country/all/indicator/IT.NET.BBND.P2?format=json&per_page=20000&date=2020%3A2024
MCO,IT.NET.BBND.P2,fixed_broadband_per_100,2022,55.2284811589736,https://api.worldbank.org/v2/country/all/indicator/IT.NET.BBND.P2?format=json&per_page=20000&date=2020%3A2024
MCO,IT.NET.BBND.P2,fixed_broadband_per_100,2021,54.9173307031433,https://api.worldbank.org/v2/country/all/indicator/IT.NET.BBND.P2?format=json&per_page=20000&date=2020%3A2024
MCO,IT.NET.BBND.P2,fixed_broadband_per_100,2020,54.8672798948752,https://api.worldbank.org/v2/country/all/indicator/IT.NET.BBND.P2?format=json&per_page=20000&date=2020%3A2024
MNG,IT.NET.BBND.P2,fixed_broadband_per_100,2024,15.7837343261767,https://api.worldbank.org/v2/country/all/indicator/IT.NET.BBND.P2?format=json&per_page=20000&date=2020%3A2024
MNG,IT.NET.BBND.P2,fixed_broadband_per_100,2023,14.5529107220073,https://api.worldbank.org/v2/country/all/indicator/IT.NET.BBND.P2?format=json&per_page=20000&date=2020%3A2024
MNG,IT.NET.BBND.P2,fixed_broadband_per_100,2022,12.9008288504333,https://api.worldbank.org/v2/country/all/indicator/IT.NET.BBND.P2?format=json&per_page=20000&date=2020%3A2024
MNG,IT.NET.BBND.P2,fixed_broadband_per_100,2021,11.3929982387502,https://api.worldbank.org/v2/country/all/indicator/IT.NET.BBND.P2?format=json&per_page=20000&date=2020%3A2024
MNG,IT.NET.BBND.P2,fixed_broadband_per_100,2020,9.3475568899214,https://api.worldbank.org/v2/country/all/indicator/IT.NET.BBND.P2?format=json&per_page=20000&date=2020%3A2024
MNE,IT.NET.BBND.P2,fixed_broadband_per_100,2024,32.305369479654,https://api.worldbank.org/v2/country/all/indicator/IT.NET.BBND.P2?format=json&per_page=20000&date=2020%3A2024
MNE,IT.NET.BBND.P2,fixed_broadband_per_100,2023,32.0155251660479,https://api.worldbank.org/v2/country/all/indicator/IT.NET.BBND.P2?format=json&per_page=20000&date=2020%3A2024
MNE,IT.NET.BBND.P2,fixed_broadband_per_100,2022,31.8922375082974,https://api.worldbank.org/v2/country/all/indicator/IT.NET.BBND.P2?format=json&per_page=20000&date=2020%3A2024
MNE,IT.NET.BBND.P2,fixed_broadband_per_100,2021,31.180870777725,https://api.worldbank.org/v2/country/all/indicator/IT.NET.BBND.P2?format=json&per_page=20000&date=2020%3A2024
MNE,IT.NET.BBND.P2,fixed_broadband_per_100,2020,30.2953440746132,https://api.worldbank.org/v2/country/all/indicator/IT.NET.BBND.P2?format=json&per_page=20000&date=2020%3A2024
MAR,IT.NET.BBND.P2,fixed_broadband_per_100,2024,7.30282126551091,https://api.worldbank.org/v2/country/all/indicator/IT.NET.BBND.P2?format=json&per_page=20000&date=2020%3A2024
MAR,IT.NET.BBND.P2,fixed_broadband_per_100,2023,7.02184328513844,https://api.worldbank.org/v2/country/all/indicator/IT.NET.BBND.P2?format=json&per_page=20000&date=2020%3A2024
MAR,IT.NET.BBND.P2,fixed_broadband_per_100,2022,6.47150166958379,https://api.worldbank.org/v2/country/all/indicator/IT.NET.BBND.P2?format=json&per_page=20000&date=2020%3A2024
MAR,IT.NET.BBND.P2,fixed_broadband_per_100,2021,6.14617858388986,https://api.worldbank.org/v2/country/all/indicator/IT.NET.BBND.P2?format=json&per_page=20000&date=2020%3A2024
MAR,IT.NET.BBND.P2,fixed_broadband_per_100,2020,5.74683480916137,https://api.worldbank.org/v2/country/all/indicator/IT.NET.BBND.P2?format=json&per_page=20000&date=2020%3A2024
MOZ,IT.NET.BBND.P2,fixed_broadband_per_100,2024,0.141999688956087,https://api.worldbank.org/v2/country/all/indicator/IT.NET.BBND.P2?format=json&per_page=20000&date=2020%3A2024
MOZ,IT.NET.BBND.P2,fixed_broadband_per_100,2023,0.149001818335337,https://api.worldbank.org/v2/country/all/indicator/IT.NET.BBND.P2?format=json&per_page=20000&date=2020%3A2024
MOZ,IT.NET.BBND.P2,fixed_broadband_per_100,2022,0.197784521833894,https://api.worldbank.org/v2/country/all/indicator/IT.NET.BBND.P2?format=json&per_page=20000&date=2020%3A2024
MOZ,IT.NET.BBND.P2,fixed_broadband_per_100,2021,0.206558007808804,https://api.worldbank.org/v2/country/all/indicator/IT.NET.BBND.P2?format=json&per_page=20000&date=2020%3A2024
MOZ,IT.NET.BBND.P2,fixed_broadband_per_100,2020,0.227393157051228,https://api.worldbank.org/v2/country/all/indicator/IT.NET.BBND.P2?format=json&per_page=20000&date=2020%3A2024
MMR,IT.NET.BBND.P2,fixed_broadband_per_100,2024,2.86965759378273,https://api.worldbank.org/v2/country/all/indicator/IT.NET.BBND.P2?format=json&per_page=20000&date=2020%3A2024
MMR,IT.NET.BBND.P2,fixed_broadband_per_100,2023,2.79829802446154,https://api.worldbank.org/v2/country/all/indicator/IT.NET.BBND.P2?format=json&per_page=20000&date=2020%3A2024
MMR,IT.NET.BBND.P2,fixed_broadband_per_100,2022,2.09694638185872,https://api.worldbank.org/v2/country/all/indicator/IT.NET.BBND.P2?format=json&per_page=20000&date=2020%3A2024
MMR,IT.NET.BBND.P2,fixed_broadband_per_100,2021,1.67276170937317,https://api.worldbank.org/v2/country/all/indicator/IT.NET.BBND.P2?format=json&per_page=20000&date=2020%3A2024
MMR,IT.NET.BBND.P2,fixed_broadband_per_100,2020,1.29924592186564,https://api.worldbank.org/v2/country/all/indicator/IT.NET.BBND.P2?format=json&per_page=20000&date=2020%3A2024
NAM,IT.NET.BBND.P2,fixed_broadband_per_100,2024,2.83462992194067,https://api.worldbank.org/v2/country/all/indicator/IT.NET.BBND.P2?format=json&per_page=20000&date=2020%3A2024
NAM,IT.NET.BBND.P2,fixed_broadband_per_100,2023,3.52006938690795,https://api.worldbank.org/v2/country/all/indicator/IT.NET.BBND.P2?format=json&per_page=20000&date=2020%3A2024
NAM,IT.NET.BBND.P2,fixed_broadband_per_100,2022,3.29190749644768,https://api.worldbank.org/v2/country/all/indicator/IT.NET.BBND.P2?format=json&per_page=20000&date=2020%3A2024
NAM,IT.NET.BBND.P2,fixed_broadband_per_100,2021,3.1781346555903,https://api.worldbank.org/v2/country/all/indicator/IT.NET.BBND.P2?format=json&per_page=20000&date=2020%3A2024
NAM,IT.NET.BBND.P2,fixed_broadband_per_100,2020,2.88695019939445,https://api.worldbank.org/v2/country/all/indicator/IT.NET.BBND.P2?format=json&per_page=20000&date=2020%3A2024
NRU,IT.NET.BBND.P2,fixed_broadband_per_100,2024,,https://api.worldbank.org/v2/country/all/indicator/IT.NET.BBND.P2?format=json&per_page=20000&date=2020%3A2024
NRU,IT.NET.BBND.P2,fixed_broadband_per_100,2023,,https://api.worldbank.org/v2/country/all/indicator/IT.NET.BBND.P2?format=json&per_page=20000&date=2020%3A2024
NRU,IT.NET.BBND.P2,fixed_broadband_per_100,2022,9.95678332344717,https://api.worldbank.org/v2/country/all/indicator/IT.NET.BBND.P2?format=json&per_page=20000&date=2020%3A2024
NRU,IT.NET.BBND.P2,fixed_broadband_per_100,2021,,https://api.worldbank.org/v2/country/all/indicator/IT.NET.BBND.P2?format=json&per_page=20000&date=2020%3A2024
NRU,IT.NET.BBND.P2,fixed_broadband_per_100,2020,,https://api.worldbank.org/v2/country/all/indicator/IT.NET.BBND.P2?format=json&per_page=20000&date=2020%3A2024
NPL,IT.NET.BBND.P2,fixed_broadband_per_100,2024,10.0656152054494,https://api.worldbank.org/v2/country/all/indicator/IT.NET.BBND.P2?format=json&per_page=20000&date=2020%3A2024
NPL,IT.NET.BBND.P2,fixed_broadband_per_100,2023,10.6751345547041,https://api.worldbank.org/v2/country/all/indicator/IT.NET.BBND.P2?format=json&per_page=20000&date=2020%3A2024
NPL,IT.NET.BBND.P2,fixed_broadband_per_100,2022,8.51809813593178,https://api.worldbank.org/v2/country/all/indicator/IT.NET.BBND.P2?format=json&per_page=20000&date=2020%3A2024
NPL,IT.NET.BBND.P2,fixed_broadband_per_100,2021,4.30873475530627,https://api.worldbank.org/v2/country/all/indicator/IT.NET.BBND.P2?format=json&per_page=20000&date=2020%3A2024
NPL,IT.NET.BBND.P2,fixed_broadband_per_100,2020,4.38436385331589,https://api.worldbank.org/v2/country/all/indicator/IT.NET.BBND.P2?format=json&per_page=20000&date=2020%3A2024
NLD,IT.NET.BBND.P2,fixed_broadband_per_100,2024,42.9782483069868,https://api.worldbank.org/v2/country/all/indicator/IT.NET.BBND.P2?format=json&per_page=20000&date=2020%3A2024
NLD,IT.NET.BBND.P2,fixed_broadband_per_100,2023,43.2644444744139,https://api.worldbank.org/v2/country/all/indicator/IT.NET.BBND.P2?format=json&per_page=20000&date=2020%3A2024
NLD,IT.NET.BBND.P2,fixed_broadband_per_100,2022,43.5643185557355,https://api.worldbank.org/v2/country/all/indicator/IT.NET.BBND.P2?format=json&per_page=20000&date=2020%3A2024
NLD,IT.NET.BBND.P2,fixed_broadband_per_100,2021,42.9460563127039,https://api.worldbank.org/v2/country/all/indicator/IT.NET.BBND.P2?format=json&per_page=20000&date=2020%3A2024
NLD,IT.NET.BBND.P2,fixed_broadband_per_100,2020,42.6667277513049,https://api.worldbank.org/v2/country/all/indicator/IT.NET.BBND.P2?format=json&per_page=20000&date=2020%3A2024
NCL,IT.NET.BBND.P2,fixed_broadband_per_100,2024,,https://api.worldbank.org/v2/country/all/indicator/IT.NET.BBND.P2?format=json&per_page=20000&date=2020%3A2024
NCL,IT.NET.BBND.P2,fixed_broadband_per_100,2023,,https://api.worldbank.org/v2/country/all/indicator/IT.NET.BBND.P2?format=json&per_page=20000&date=2020%3A2024
NCL,IT.NET.BBND.P2,fixed_broadband_per_100,2022,19.372882005273,https://api.worldbank.org/v2/country/all/indicator/IT.NET.BBND.P2?format=json&per_page=20000&date=2020%3A2024
NCL,IT.NET.BBND.P2,fixed_broadband_per_100,2021,19.2837658740455,https://api.worldbank.org/v2/country/all/indicator/IT.NET.BBND.P2?format=json&per_page=20000&date=2020%3A2024
NCL,IT.NET.BBND.P2,fixed_broadband_per_100,2020,19.3542030291087,https://api.worldbank.org/v2/country/all/indicator/IT.NET.BBND.P2?format=json&per_page=20000&date=2020%3A2024
NZL,IT.NET.BBND.P2,fixed_broadband_per_100,2024,38.048298946057,https://api.worldbank.org/v2/country/all/indicator/IT.NET.BBND.P2?format=json&per_page=20000&date=2020%3A2024
NZL,IT.NET.BBND.P2,fixed_broadband_per_100,2023,37.8530848455277,https://api.worldbank.org/v2/country/all/indicator/IT.NET.BBND.P2?format=json&per_page=20000&date=2020%3A2024
NZL,IT.NET.BBND.P2,fixed_broadband_per_100,2022,36.3044927893768,https://api.worldbank.org/v2/country/all/indicator/IT.NET.BBND.P2?format=json&per_page=20000&date=2020%3A2024
NZL,IT.NET.BBND.P2,fixed_broadband_per_100,2021,35.262820014578,https://api.worldbank.org/v2/country/all/indicator/IT.NET.BBND.P2?format=json&per_page=20000&date=2020%3A2024
NZL,IT.NET.BBND.P2,fixed_broadband_per_100,2020,34.8130286721914,https://api.worldbank.org/v2/country/all/indicator/IT.NET.BBND.P2?format=json&per_page=20000&date=2020%3A2024
NIC,IT.NET.BBND.P2,fixed_broadband_per_100,2024,5.77624223916809,https://api.worldbank.org/v2/country/all/indicator/IT.NET.BBND.P2?format=json&per_page=20000&date=2020%3A2024
NIC,IT.NET.BBND.P2,fixed_broadband_per_100,2023,5.43030503048751,https://api.worldbank.org/v2/country/all/indicator/IT.NET.BBND.P2?format=json&per_page=20000&date=2020%3A2024
NIC,IT.NET.BBND.P2,fixed_broadband_per_100,2022,5.00781944815467,https://api.worldbank.org/v2/country/all/indicator/IT.NET.BBND.P2?format=json&per_page=20000&date=2020%3A2024
NIC,IT.NET.BBND.P2,fixed_broadband_per_100,2021,4.51379519532816,https://api.worldbank.org/v2/country/all/indicator/IT.NET.BBND.P2?format=json&per_page=20000&date=2020%3A2024
NIC,IT.NET.BBND.P2,fixed_broadband_per_100,2020,4.42253148272568,https://api.worldbank.org/v2/country/all/indicator/IT.NET.BBND.P2?format=json&per_page=20000&date=2020%3A2024
NER,IT.NET.BBND.P2,fixed_broadband_per_100,2024,0.111273829357144,https://api.worldbank.org/v2/country/all/indicator/IT.NET.BBND.P2?format=json&per_page=20000&date=2020%3A2024
NER,IT.NET.BBND.P2,fixed_broadband_per_100,2023,0.107619048674827,https://api.worldbank.org/v2/country/all/indicator/IT.NET.BBND.P2?format=json&per_page=20000&date=2020%3A2024
NER,IT.NET.BBND.P2,fixed_broadband_per_100,2022,,https://api.worldbank.org/v2/country/all/indicator/IT.NET.BBND.P2?format=json&per_page=20000&date=2020%3A2024
NER,IT.NET.BBND.P2,fixed_broadband_per_100,2021,,https://api.worldbank.org/v2/country/all/indicator/IT.NET.BBND.P2?format=json&per_page=20000&date=2020%3A2024
NER,IT.NET.BBND.P2,fixed_broadband_per_100,2020,0.0505953107507067,https://api.worldbank.org/v2/country/all/indicator/IT.NET.BBND.P2?format=json&per_page=20000&date=2020%3A2024
NGA,IT.NET.BBND.P2,fixed_broadband_per_100,2024,0.0787379280608494,https://api.worldbank.org/v2/country/all/indicator/IT.NET.BBND.P2?format=json&per_page=20000&date=2020%3A2024
NGA,IT.NET.BBND.P2,fixed_broadband_per_100,2023,0.051283785190682,https://api.worldbank.org/v2/country/all/indicator/IT.NET.BBND.P2?format=json&per_page=20000&date=2020%3A2024
NGA,IT.NET.BBND.P2,fixed_broadband_per_100,2022,0.0433814077089791,https://api.worldbank.org/v2/country/all/indicator/IT.NET.BBND.P2?format=json&per_page=20000&date=2020%3A2024
NGA,IT.NET.BBND.P2,fixed_broadband_per_100,2021,0.0301639204550369,https://api.worldbank.org/v2/country/all/indicator/IT.NET.BBND.P2?format=json&per_page=20000&date=2020%3A2024
NGA,IT.NET.BBND.P2,fixed_broadband_per_100,2020,0.0305206381229766,https://api.worldbank.org/v2/country/all/indicator/IT.NET.BBND.P2?format=json&per_page=20000&date=2020%3A2024
MKD,IT.NET.BBND.P2,fixed_broadband_per_100,2024,29.8921727758887,https://api.worldbank.org/v2/country/all/indicator/IT.NET.BBND.P2?format=json&per_page=20000&date=2020%3A2024
MKD,IT.NET.BBND.P2,fixed_broadband_per_100,2023,29.1771708951077,https://api.worldbank.org/v2/country/all/indicator/IT.NET.BBND.P2?format=json&per_page=20000&date=2020%3A2024
MKD,IT.NET.BBND.P2,fixed_broadband_per_100,2022,28.0035734605346,https://api.worldbank.org/v2/country/all/indicator/IT.NET.BBND.P2?format=json&per_page=20000&date=2020%3A2024
MKD,IT.NET.BBND.P2,fixed_broadband_per_100,2021,26.9448892231031,https://api.worldbank.org/v2/country/all/indicator/IT.NET.BBND.P2?format=json&per_page=20000&date=2020%3A2024
MKD,IT.NET.BBND.P2,fixed_broadband_per_100,2020,25.4041233643961,https://api.worldbank.org/v2/country/all/indicator/IT.NET.BBND.P2?format=json&per_page=20000&date=2020%3A2024
MNP,IT.NET.BBND.P2,fixed_broadband_per_100,2024,,https://api.worldbank.org/v2/country/all/indicator/IT.NET.BBND.P2?format=json&per_page=20000&date=2020%3A2024
MNP,IT.NET.BBND.P2,fixed_broadband_per_100,2023,,https://api.worldbank.org/v2/country/all/indicator/IT.NET.BBND.P2?format=json&per_page=20000&date=2020%3A2024
MNP,IT.NET.BBND.P2,fixed_broadband_per_100,2022,,https://api.worldbank.org/v2/country/all/indicator/IT.NET.BBND.P2?format=json&per_page=20000&date=2020%3A2024
MNP,IT.NET.BBND.P2,fixed_broadband_per_100,2021,,https://api.worldbank.org/v2/country/all/indicator/IT.NET.BBND.P2?format=json&per_page=20000&date=2020%3A2024
MNP,IT.NET.BBND.P2,fixed_broadband_per_100,2020,,https://api.worldbank.org/v2/country/all/indicator/IT.NET.BBND.P2?format=json&per_page=20000&date=2020%3A2024
NOR,IT.NET.BBND.P2,fixed_broadband_per_100,2024,45.1633056345554,https://api.worldbank.org/v2/country/all/indicator/IT.NET.BBND.P2?format=json&per_page=20000&date=2020%3A2024
NOR,IT.NET.BBND.P2,fixed_broadband_per_100,2023,45.4377082628592,https://api.worldbank.org/v2/country/all/indicator/IT.NET.BBND.P2?format=json&per_page=20000&date=2020%3A2024
NOR,IT.NET.BBND.P2,fixed_broadband_per_100,2022,45.6644653158508,https://api.worldbank.org/v2/country/all/indicator/IT.NET.BBND.P2?format=json&per_page=20000&date=2020%3A2024
NOR,IT.NET.BBND.P2,fixed_broadband_per_100,2021,44.9392216218255,https://api.worldbank.org/v2/country/all/indicator/IT.NET.BBND.P2?format=json&per_page=20000&date=2020%3A2024
NOR,IT.NET.BBND.P2,fixed_broadband_per_100,2020,44.3863056613216,https://api.worldbank.org/v2/country/all/indicator/IT.NET.BBND.P2?format=json&per_page=20000&date=2020%3A2024
OMN,IT.NET.BBND.P2,fixed_broadband_per_100,2024,11.0647690464367,https://api.worldbank.org/v2/country/all/indicator/IT.NET.BBND.P2?format=json&per_page=20000&date=2020%3A2024
OMN,IT.NET.BBND.P2,fixed_broadband_per_100,2023,10.8793321668994,https://api.worldbank.org/v2/country/all/indicator/IT.NET.BBND.P2?format=json&per_page=20000&date=2020%3A2024
OMN,IT.NET.BBND.P2,fixed_broadband_per_100,2022,10.8833264083829,https://api.worldbank.org/v2/country/all/indicator/IT.NET.BBND.P2?format=json&per_page=20000&date=2020%3A2024
OMN,IT.NET.BBND.P2,fixed_broadband_per_100,2021,11.5852955507366,https://api.worldbank.org/v2/country/all/indicator/IT.NET.BBND.P2?format=json&per_page=20000&date=2020%3A2024
OMN,IT.NET.BBND.P2,fixed_broadband_per_100,2020,11.3829602598706,https://api.worldbank.org/v2/country/all/indicator/IT.NET.BBND.P2?format=json&per_page=20000&date=2020%3A2024
PAK,IT.NET.BBND.P2,fixed_broadband_per_100,2024,1.46559368502535,https://api.worldbank.org/v2/country/all/indicator/IT.NET.BBND.P2?format=json&per_page=20000&date=2020%3A2024
PAK,IT.NET.BBND.P2,fixed_broadband_per_100,2023,1.35622425766449,https://api.worldbank.org/v2/country/all/indicator/IT.NET.BBND.P2?format=json&per_page=20000&date=2020%3A2024
PAK,IT.NET.BBND.P2,fixed_broadband_per_100,2022,1.28371909626329,https://api.worldbank.org/v2/country/all/indicator/IT.NET.BBND.P2?format=json&per_page=20000&date=2020%3A2024
PAK,IT.NET.BBND.P2,fixed_broadband_per_100,2021,1.23144065449307,https://api.worldbank.org/v2/country/all/indicator/IT.NET.BBND.P2?format=json&per_page=20000&date=2020%3A2024
PAK,IT.NET.BBND.P2,fixed_broadband_per_100,2020,1.03954036154268,https://api.worldbank.org/v2/country/all/indicator/IT.NET.BBND.P2?format=json&per_page=20000&date=2020%3A2024
PLW,IT.NET.BBND.P2,fixed_broadband_per_100,2024,,https://api.worldbank.org/v2/country/all/indicator/IT.NET.BBND.P2?format=json&per_page=20000&date=2020%3A2024
PLW,IT.NET.BBND.P2,fixed_broadband_per_100,2023,7.33344615558188,https://api.worldbank.org/v2/country/all/indicator/IT.NET.BBND.P2?format=json&per_page=20000&date=2020%3A2024
PLW,IT.NET.BBND.P2,fixed_broadband_per_100,2022,6.993637029112,https://api.worldbank.org/v2/country/all/indicator/IT.NET.BBND.P2?format=json&per_page=20000&date=2020%3A2024
PLW,IT.NET.BBND.P2,fixed_broadband_per_100,2021,,https://api.worldbank.org/v2/country/all/indicator/IT.NET.BBND.P2?format=json&per_page=20000&date=2020%3A2024
PLW,IT.NET.BBND.P2,fixed_broadband_per_100,2020,,https://api.worldbank.org/v2/country/all/indicator/IT.NET.BBND.P2?format=json&per_page=20000&date=2020%3A2024
PAN,IT.NET.BBND.P2,fixed_broadband_per_100,2024,,https://api.worldbank.org/v2/country/all/indicator/IT.NET.BBND.P2?format=json&per_page=20000&date=2020%3A2024
PAN,IT.NET.BBND.P2,fixed_broadband_per_100,2023,18.1341265585334,https://api.worldbank.org/v2/country/all/indicator/IT.NET.BBND.P2?format=json&per_page=20000&date=2020%3A2024
PAN,IT.NET.BBND.P2,fixed_broadband_per_100,2022,16.3861439797054,https://api.worldbank.org/v2/country/all/indicator/IT.NET.BBND.P2?format=json&per_page=20000&date=2020%3A2024
PAN,IT.NET.BBND.P2,fixed_broadband_per_100,2021,14.8381106018887,https://api.worldbank.org/v2/country/all/indicator/IT.NET.BBND.P2?format=json&per_page=20000&date=2020%3A2024
PAN,IT.NET.BBND.P2,fixed_broadband_per_100,2020,13.8346818420776,https://api.worldbank.org/v2/country/all/indicator/IT.NET.BBND.P2?format=json&per_page=20000&date=2020%3A2024
PNG,IT.NET.BBND.P2,fixed_broadband_per_100,2024,0.232591077844073,https://api.worldbank.org/v2/country/all/indicator/IT.NET.BBND.P2?format=json&per_page=20000&date=2020%3A2024
PNG,IT.NET.BBND.P2,fixed_broadband_per_100,2023,0.228111959659795,https://api.worldbank.org/v2/country/all/indicator/IT.NET.BBND.P2?format=json&per_page=20000&date=2020%3A2024
PNG,IT.NET.BBND.P2,fixed_broadband_per_100,2022,0.214639196900492,https://api.worldbank.org/v2/country/all/indicator/IT.NET.BBND.P2?format=json&per_page=20000&date=2020%3A2024
PNG,IT.NET.BBND.P2,fixed_broadband_per_100,2021,0.209729532794508,https://api.worldbank.org/v2/country/all/indicator/IT.NET.BBND.P2?format=json&per_page=20000&date=2020%3A2024
PNG,IT.NET.BBND.P2,fixed_broadband_per_100,2020,0.213941966305974,https://api.worldbank.org/v2/country/all/indicator/IT.NET.BBND.P2?format=json&per_page=20000&date=2020%3A2024
PRY,IT.NET.BBND.P2,fixed_broadband_per_100,2024,,https://api.worldbank.org/v2/country/all/indicator/IT.NET.BBND.P2?format=json&per_page=20000&date=2020%3A2024
PRY,IT.NET.BBND.P2,fixed_broadband_per_100,2023,12.8835504093571,https://api.worldbank.org/v2/country/all/indicator/IT.NET.BBND.P2?format=json&per_page=20000&date=2020%3A2024
PRY,IT.NET.BBND.P2,fixed_broadband_per_100,2022,11.1527995711537,https://api.worldbank.org/v2/country/all/indicator/IT.NET.BBND.P2?format=json&per_page=20000&date=2020%3A2024
PRY,IT.NET.BBND.P2,fixed_broadband_per_100,2021,10.8118689766377,https://api.worldbank.org/v2/country/all/indicator/IT.NET.BBND.P2?format=json&per_page=20000&date=2020%3A2024
PRY,IT.NET.BBND.P2,fixed_broadband_per_100,2020,8.5159180276507,https://api.worldbank.org/v2/country/all/indicator/IT.NET.BBND.P2?format=json&per_page=20000&date=2020%3A2024
PER,IT.NET.BBND.P2,fixed_broadband_per_100,2024,11.6788671222106,https://api.worldbank.org/v2/country/all/indicator/IT.NET.BBND.P2?format=json&per_page=20000&date=2020%3A2024
PER,IT.NET.BBND.P2,fixed_broadband_per_100,2023,10.4364266723222,https://api.worldbank.org/v2/country/all/indicator/IT.NET.BBND.P2?format=json&per_page=20000&date=2020%3A2024
PER,IT.NET.BBND.P2,fixed_broadband_per_100,2022,9.45023631953673,https://api.worldbank.org/v2/country/all/indicator/IT.NET.BBND.P2?format=json&per_page=20000&date=2020%3A2024
PER,IT.NET.BBND.P2,fixed_broadband_per_100,2021,9.05771410333768,https://api.worldbank.org/v2/country/all/indicator/IT.NET.BBND.P2?format=json&per_page=20000&date=2020%3A2024
PER,IT.NET.BBND.P2,fixed_broadband_per_100,2020,8.41186520281526,https://api.worldbank.org/v2/country/all/indicator/IT.NET.BBND.P2?format=json&per_page=20000&date=2020%3A2024
PHL,IT.NET.BBND.P2,fixed_broadband_per_100,2024,7.13893301204977,https://api.worldbank.org/v2/country/all/indicator/IT.NET.BBND.P2?format=json&per_page=20000&date=2020%3A2024
PHL,IT.NET.BBND.P2,fixed_broadband_per_100,2023,6.5393085505183,https://api.worldbank.org/v2/country/all/indicator/IT.NET.BBND.P2?format=json&per_page=20000&date=2020%3A2024
PHL,IT.NET.BBND.P2,fixed_broadband_per_100,2022,7.63946525096298,https://api.worldbank.org/v2/country/all/indicator/IT.NET.BBND.P2?format=json&per_page=20000&date=2020%3A2024
PHL,IT.NET.BBND.P2,fixed_broadband_per_100,2021,8.50897715713263,https://api.worldbank.org/v2/country/all/indicator/IT.NET.BBND.P2?format=json&per_page=20000&date=2020%3A2024
PHL,IT.NET.BBND.P2,fixed_broadband_per_100,2020,7.08108894988907,https://api.worldbank.org/v2/country/all/indicator/IT.NET.BBND.P2?format=json&per_page=20000&date=2020%3A2024
POL,IT.NET.BBND.P2,fixed_broadband_per_100,2024,25.3612522999634,https://api.worldbank.org/v2/country/all/indicator/IT.NET.BBND.P2?format=json&per_page=20000&date=2020%3A2024
POL,IT.NET.BBND.P2,fixed_broadband_per_100,2023,24.526154479274,https://api.worldbank.org/v2/country/all/indicator/IT.NET.BBND.P2?format=json&per_page=20000&date=2020%3A2024
POL,IT.NET.BBND.P2,fixed_broadband_per_100,2022,23.8373449056172,https://api.worldbank.org/v2/country/all/indicator/IT.NET.BBND.P2?format=json&per_page=20000&date=2020%3A2024
POL,IT.NET.BBND.P2,fixed_broadband_per_100,2021,22.8165643900514,https://api.worldbank.org/v2/country/all/indicator/IT.NET.BBND.P2?format=json&per_page=20000&date=2020%3A2024
POL,IT.NET.BBND.P2,fixed_broadband_per_100,2020,21.9255858346119,https://api.worldbank.org/v2/country/all/indicator/IT.NET.BBND.P2?format=json&per_page=20000&date=2020%3A2024
PRT,IT.NET.BBND.P2,fixed_broadband_per_100,2024,45.2439221846256,https://api.worldbank.org/v2/country/all/indicator/IT.NET.BBND.P2?format=json&per_page=20000&date=2020%3A2024
PRT,IT.NET.BBND.P2,fixed_broadband_per_100,2023,44.1107426914567,https://api.worldbank.org/v2/country/all/indicator/IT.NET.BBND.P2?format=json&per_page=20000&date=2020%3A2024
PRT,IT.NET.BBND.P2,fixed_broadband_per_100,2022,42.937003513367,https://api.worldbank.org/v2/country/all/indicator/IT.NET.BBND.P2?format=json&per_page=20000&date=2020%3A2024
PRT,IT.NET.BBND.P2,fixed_broadband_per_100,2021,41.5145728650954,https://api.worldbank.org/v2/country/all/indicator/IT.NET.BBND.P2?format=json&per_page=20000&date=2020%3A2024
PRT,IT.NET.BBND.P2,fixed_broadband_per_100,2020,40.1215406866329,https://api.worldbank.org/v2/country/all/indicator/IT.NET.BBND.P2?format=json&per_page=20000&date=2020%3A2024
PRI,IT.NET.BBND.P2,fixed_broadband_per_100,2024,27.9891394865962,https://api.worldbank.org/v2/country/all/indicator/IT.NET.BBND.P2?format=json&per_page=20000&date=2020%3A2024
PRI,IT.NET.BBND.P2,fixed_broadband_per_100,2023,23.1595519217476,https://api.worldbank.org/v2/country/all/indicator/IT.NET.BBND.P2?format=json&per_page=20000&date=2020%3A2024
PRI,IT.NET.BBND.P2,fixed_broadband_per_100,2022,22.2824477131524,https://api.worldbank.org/v2/country/all/indicator/IT.NET.BBND.P2?format=json&per_page=20000&date=2020%3A2024
PRI,IT.NET.BBND.P2,fixed_broadband_per_100,2021,23.6440930650035,https://api.worldbank.org/v2/country/all/indicator/IT.NET.BBND.P2?format=json&per_page=20000&date=2020%3A2024
PRI,IT.NET.BBND.P2,fixed_broadband_per_100,2020,20.438273950983,https://api.worldbank.org/v2/country/all/indicator/IT.NET.BBND.P2?format=json&per_page=20000&date=2020%3A2024
QAT,IT.NET.BBND.P2,fixed_broadband_per_100,2024,11.8175200751339,https://api.worldbank.org/v2/country/all/indicator/IT.NET.BBND.P2?format=json&per_page=20000&date=2020%3A2024
QAT,IT.NET.BBND.P2,fixed_broadband_per_100,2023,11.641102863231,https://api.worldbank.org/v2/country/all/indicator/IT.NET.BBND.P2?format=json&per_page=20000&date=2020%3A2024
QAT,IT.NET.BBND.P2,fixed_broadband_per_100,2022,12.6414412670206,https://api.worldbank.org/v2/country/all/indicator/IT.NET.BBND.P2?format=json&per_page=20000&date=2020%3A2024
QAT,IT.NET.BBND.P2,fixed_broadband_per_100,2021,11.0795735105944,https://api.worldbank.org/v2/country/all/indicator/IT.NET.BBND.P2?format=json&per_page=20000&date=2020%3A2024
QAT,IT.NET.BBND.P2,fixed_broadband_per_100,2020,10.5631961475008,https://api.worldbank.org/v2/country/all/indicator/IT.NET.BBND.P2?format=json&per_page=20000&date=2020%3A2024
ROU,IT.NET.BBND.P2,fixed_broadband_per_100,2024,35.7995871488999,https://api.worldbank.org/v2/country/all/indicator/IT.NET.BBND.P2?format=json&per_page=20000&date=2020%3A2024
ROU,IT.NET.BBND.P2,fixed_broadband_per_100,2023,34.6706189336505,https://api.worldbank.org/v2/country/all/indicator/IT.NET.BBND.P2?format=json&per_page=20000&date=2020%3A2024
ROU,IT.NET.BBND.P2,fixed_broadband_per_100,2022,33.2115600895132,https://api.worldbank.org/v2/country/all/indicator/IT.NET.BBND.P2?format=json&per_page=20000&date=2020%3A2024
ROU,IT.NET.BBND.P2,fixed_broadband_per_100,2021,31.6949603653045,https://api.worldbank.org/v2/country/all/indicator/IT.NET.BBND.P2?format=json&per_page=20000&date=2020%3A2024
ROU,IT.NET.BBND.P2,fixed_broadband_per_100,2020,29.314080636148,https://api.worldbank.org/v2/country/all/indicator/IT.NET.BBND.P2?format=json&per_page=20000&date=2020%3A2024
RUS,IT.NET.BBND.P2,fixed_broadband_per_100,2024,27.1333512124875,https://api.worldbank.org/v2/country/all/indicator/IT.NET.BBND.P2?format=json&per_page=20000&date=2020%3A2024
RUS,IT.NET.BBND.P2,fixed_broadband_per_100,2023,25.8238695549039,https://api.worldbank.org/v2/country/all/indicator/IT.NET.BBND.P2?format=json&per_page=20000&date=2020%3A2024
RUS,IT.NET.BBND.P2,fixed_broadband_per_100,2022,24.6345568628262,https://api.worldbank.org/v2/country/all/indicator/IT.NET.BBND.P2?format=json&per_page=20000&date=2020%3A2024
RUS,IT.NET.BBND.P2,fixed_broadband_per_100,2021,23.7409106485411,https://api.worldbank.org/v2/country/all/indicator/IT.NET.BBND.P2?format=json&per_page=20000&date=2020%3A2024
RUS,IT.NET.BBND.P2,fixed_broadband_per_100,2020,23.1557041794102,https://api.worldbank.org/v2/country/all/indicator/IT.NET.BBND.P2?format=json&per_page=20000&date=2020%3A2024
RWA,IT.NET.BBND.P2,fixed_broadband_per_100,2024,0.595648307197658,https://api.worldbank.org/v2/country/all/indicator/IT.NET.BBND.P2?format=json&per_page=20000&date=2020%3A2024
RWA,IT.NET.BBND.P2,fixed_broadband_per_100,2023,0.445556123195211,https://api.worldbank.org/v2/country/all/indicator/IT.NET.BBND.P2?format=json&per_page=20000&date=2020%3A2024
RWA,IT.NET.BBND.P2,fixed_broadband_per_100,2022,0.349951615372613,https://api.worldbank.org/v2/country/all/indicator/IT.NET.BBND.P2?format=json&per_page=20000&date=2020%3A2024
RWA,IT.NET.BBND.P2,fixed_broadband_per_100,2021,0.238872174708692,https://api.worldbank.org/v2/country/all/indicator/IT.NET.BBND.P2?format=json&per_page=20000&date=2020%3A2024
RWA,IT.NET.BBND.P2,fixed_broadband_per_100,2020,0.135352981978881,https://api.worldbank.org/v2/country/all/indicator/IT.NET.BBND.P2?format=json&per_page=20000&date=2020%3A2024
WSM,IT.NET.BBND.P2,fixed_broadband_per_100,2024,,https://api.worldbank.org/v2/country/all/indicator/IT.NET.BBND.P2?format=json&per_page=20000&date=2020%3A2024
WSM,IT.NET.BBND.P2,fixed_broadband_per_100,2023,,https://api.worldbank.org/v2/country/all/indicator/IT.NET.BBND.P2?format=json&per_page=20000&date=2020%3A2024
WSM,IT.NET.BBND.P2,fixed_broadband_per_100,2022,0.87753935919651,https://api.worldbank.org/v2/country/all/indicator/IT.NET.BBND.P2?format=json&per_page=20000&date=2020%3A2024
WSM,IT.NET.BBND.P2,fixed_broadband_per_100,2021,0.791471566430753,https://api.worldbank.org/v2/country/all/indicator/IT.NET.BBND.P2?format=json&per_page=20000&date=2020%3A2024
WSM,IT.NET.BBND.P2,fixed_broadband_per_100,2020,0.798324085607519,https://api.worldbank.org/v2/country/all/indicator/IT.NET.BBND.P2?format=json&per_page=20000&date=2020%3A2024
SMR,IT.NET.BBND.P2,fixed_broadband_per_100,2024,,https://api.worldbank.org/v2/country/all/indicator/IT.NET.BBND.P2?format=json&per_page=20000&date=2020%3A2024
SMR,IT.NET.BBND.P2,fixed_broadband_per_100,2023,,https://api.worldbank.org/v2/country/all/indicator/IT.NET.BBND.P2?format=json&per_page=20000&date=2020%3A2024
SMR,IT.NET.BBND.P2,fixed_broadband_per_100,2022,35.7876210032268,https://api.worldbank.org/v2/country/all/indicator/IT.NET.BBND.P2?format=json&per_page=20000&date=2020%3A2024
SMR,IT.NET.BBND.P2,fixed_broadband_per_100,2021,34.7101700798334,https://api.worldbank.org/v2/country/all/indicator/IT.NET.BBND.P2?format=json&per_page=20000&date=2020%3A2024
SMR,IT.NET.BBND.P2,fixed_broadband_per_100,2020,31.6373781241911,https://api.worldbank.org/v2/country/all/indicator/IT.NET.BBND.P2?format=json&per_page=20000&date=2020%3A2024
STP,IT.NET.BBND.P2,fixed_broadband_per_100,2024,2.9940221452347,https://api.worldbank.org/v2/country/all/indicator/IT.NET.BBND.P2?format=json&per_page=20000&date=2020%3A2024
STP,IT.NET.BBND.P2,fixed_broadband_per_100,2023,2.50139688397417,https://api.worldbank.org/v2/country/all/indicator/IT.NET.BBND.P2?format=json&per_page=20000&date=2020%3A2024
STP,IT.NET.BBND.P2,fixed_broadband_per_100,2022,2.02470117761428,https://api.worldbank.org/v2/country/all/indicator/IT.NET.BBND.P2?format=json&per_page=20000&date=2020%3A2024
STP,IT.NET.BBND.P2,fixed_broadband_per_100,2021,1.54216281238596,https://api.worldbank.org/v2/country/all/indicator/IT.NET.BBND.P2?format=json&per_page=20000&date=2020%3A2024
STP,IT.NET.BBND.P2,fixed_broadband_per_100,2020,1.15528778715478,https://api.worldbank.org/v2/country/all/indicator/IT.NET.BBND.P2?format=json&per_page=20000&date=2020%3A2024
SAU,IT.NET.BBND.P2,fixed_broadband_per_100,2024,44.0705800179885,https://api.worldbank.org/v2/country/all/indicator/IT.NET.BBND.P2?format=json&per_page=20000&date=2020%3A2024
SAU,IT.NET.BBND.P2,fixed_broadband_per_100,2023,43.5732045642216,https://api.worldbank.org/v2/country/all/indicator/IT.NET.BBND.P2?format=json&per_page=20000&date=2020%3A2024
SAU,IT.NET.BBND.P2,fixed_broadband_per_100,2022,41.8230078726101,https://api.worldbank.org/v2/country/all/indicator/IT.NET.BBND.P2?format=json&per_page=20000&date=2020%3A2024
SAU,IT.NET.BBND.P2,fixed_broadband_per_100,2021,33.7973610185654,https://api.worldbank.org/v2/country/all/indicator/IT.NET.BBND.P2?format=json&per_page=20000&date=2020%3A2024
SAU,IT.NET.BBND.P2,fixed_broadband_per_100,2020,25.4596763527151,https://api.worldbank.org/v2/country/all/indicator/IT.NET.BBND.P2?format=json&per_page=20000&date=2020%3A2024
SEN,IT.NET.BBND.P2,fixed_broadband_per_100,2024,4.03828584004829,https://api.worldbank.org/v2/country/all/indicator/IT.NET.BBND.P2?format=json&per_page=20000&date=2020%3A2024
SEN,IT.NET.BBND.P2,fixed_broadband_per_100,2023,1.97393200956788,https://api.worldbank.org/v2/country/all/indicator/IT.NET.BBND.P2?format=json&per_page=20000&date=2020%3A2024
SEN,IT.NET.BBND.P2,fixed_broadband_per_100,2022,1.40365165848276,https://api.worldbank.org/v2/country/all/indicator/IT.NET.BBND.P2?format=json&per_page=20000&date=2020%3A2024
SEN,IT.NET.BBND.P2,fixed_broadband_per_100,2021,1.20966034985347,https://api.worldbank.org/v2/country/all/indicator/IT.NET.BBND.P2?format=json&per_page=20000&date=2020%3A2024
SEN,IT.NET.BBND.P2,fixed_broadband_per_100,2020,1.05641006886622,https://api.worldbank.org/v2/country/all/indicator/IT.NET.BBND.P2?format=json&per_page=20000&date=2020%3A2024
SRB,IT.NET.BBND.P2,fixed_broadband_per_100,2024,33.3746847922718,https://api.worldbank.org/v2/country/all/indicator/IT.NET.BBND.P2?format=json&per_page=20000&date=2020%3A2024
SRB,IT.NET.BBND.P2,fixed_broadband_per_100,2023,31.2695286708104,https://api.worldbank.org/v2/country/all/indicator/IT.NET.BBND.P2?format=json&per_page=20000&date=2020%3A2024
SRB,IT.NET.BBND.P2,fixed_broadband_per_100,2022,29.3457941392192,https://api.worldbank.org/v2/country/all/indicator/IT.NET.BBND.P2?format=json&per_page=20000&date=2020%3A2024
SRB,IT.NET.BBND.P2,fixed_broadband_per_100,2021,26.4794202826056,https://api.worldbank.org/v2/country/all/indicator/IT.NET.BBND.P2?format=json&per_page=20000&date=2020%3A2024
SRB,IT.NET.BBND.P2,fixed_broadband_per_100,2020,25.1834994361532,https://api.worldbank.org/v2/country/all/indicator/IT.NET.BBND.P2?format=json&per_page=20000&date=2020%3A2024
SYC,IT.NET.BBND.P2,fixed_broadband_per_100,2024,31.5968654633563,https://api.worldbank.org/v2/country/all/indicator/IT.NET.BBND.P2?format=json&per_page=20000&date=2020%3A2024
SYC,IT.NET.BBND.P2,fixed_broadband_per_100,2023,30.7719361318005,https://api.worldbank.org/v2/country/all/indicator/IT.NET.BBND.P2?format=json&per_page=20000&date=2020%3A2024
SYC,IT.NET.BBND.P2,fixed_broadband_per_100,2022,29.8314239734867,https://api.worldbank.org/v2/country/all/indicator/IT.NET.BBND.P2?format=json&per_page=20000&date=2020%3A2024
SYC,IT.NET.BBND.P2,fixed_broadband_per_100,2021,33.5645230796751,https://api.worldbank.org/v2/country/all/indicator/IT.NET.BBND.P2?format=json&per_page=20000&date=2020%3A2024
SYC,IT.NET.BBND.P2,fixed_broadband_per_100,2020,29.067843812089,https://api.worldbank.org/v2/country/all/indicator/IT.NET.BBND.P2?format=json&per_page=20000&date=2020%3A2024
SLE,IT.NET.BBND.P2,fixed_broadband_per_100,2024,,https://api.worldbank.org/v2/country/all/indicator/IT.NET.BBND.P2?format=json&per_page=20000&date=2020%3A2024
SLE,IT.NET.BBND.P2,fixed_broadband_per_100,2023,,https://api.worldbank.org/v2/country/all/indicator/IT.NET.BBND.P2?format=json&per_page=20000&date=2020%3A2024
SLE,IT.NET.BBND.P2,fixed_broadband_per_100,2022,,https://api.worldbank.org/v2/country/all/indicator/IT.NET.BBND.P2?format=json&per_page=20000&date=2020%3A2024
SLE,IT.NET.BBND.P2,fixed_broadband_per_100,2021,0.00227311979020093,https://api.worldbank.org/v2/country/all/indicator/IT.NET.BBND.P2?format=json&per_page=20000&date=2020%3A2024
SLE,IT.NET.BBND.P2,fixed_broadband_per_100,2020,0.00227486484143307,https://api.worldbank.org/v2/country/all/indicator/IT.NET.BBND.P2?format=json&per_page=20000&date=2020%3A2024
SGP,IT.NET.BBND.P2,fixed_broadband_per_100,2024,27.813655026664,https://api.worldbank.org/v2/country/all/indicator/IT.NET.BBND.P2?format=json&per_page=20000&date=2020%3A2024
SGP,IT.NET.BBND.P2,fixed_broadband_per_100,2023,27.4343636046425,https://api.worldbank.org/v2/country/all/indicator/IT.NET.BBND.P2?format=json&per_page=20000&date=2020%3A2024
SGP,IT.NET.BBND.P2,fixed_broadband_per_100,2022,27.5510032505086,https://api.worldbank.org/v2/country/all/indicator/IT.NET.BBND.P2?format=json&per_page=20000&date=2020%3A2024
SGP,IT.NET.BBND.P2,fixed_broadband_per_100,2021,27.5210996900631,https://api.worldbank.org/v2/country/all/indicator/IT.NET.BBND.P2?format=json&per_page=20000&date=2020%3A2024
SGP,IT.NET.BBND.P2,fixed_broadband_per_100,2020,26.8622723592787,https://api.worldbank.org/v2/country/all/indicator/IT.NET.BBND.P2?format=json&per_page=20000&date=2020%3A2024
SXM,IT.NET.BBND.P2,fixed_broadband_per_100,2024,,https://api.worldbank.org/v2/country/all/indicator/IT.NET.BBND.P2?format=json&per_page=20000&date=2020%3A2024
SXM,IT.NET.BBND.P2,fixed_broadband_per_100,2023,,https://api.worldbank.org/v2/country/all/indicator/IT.NET.BBND.P2?format=json&per_page=20000&date=2020%3A2024
SXM,IT.NET.BBND.P2,fixed_broadband_per_100,2022,,https://api.worldbank.org/v2/country/all/indicator/IT.NET.BBND.P2?format=json&per_page=20000&date=2020%3A2024
SXM,IT.NET.BBND.P2,fixed_broadband_per_100,2021,,https://api.worldbank.org/v2/country/all/indicator/IT.NET.BBND.P2?format=json&per_page=20000&date=2020%3A2024
SXM,IT.NET.BBND.P2,fixed_broadband_per_100,2020,,https://api.worldbank.org/v2/country/all/indicator/IT.NET.BBND.P2?format=json&per_page=20000&date=2020%3A2024
SVK,IT.NET.BBND.P2,fixed_broadband_per_100,2024,33.8136036435218,https://api.worldbank.org/v2/country/all/indicator/IT.NET.BBND.P2?format=json&per_page=20000&date=2020%3A2024
SVK,IT.NET.BBND.P2,fixed_broadband_per_100,2023,33.17259432898,https://api.worldbank.org/v2/country/all/indicator/IT.NET.BBND.P2?format=json&per_page=20000&date=2020%3A2024
SVK,IT.NET.BBND.P2,fixed_broadband_per_100,2022,33.9988127597088,https://api.worldbank.org/v2/country/all/indicator/IT.NET.BBND.P2?format=json&per_page=20000&date=2020%3A2024
SVK,IT.NET.BBND.P2,fixed_broadband_per_100,2021,32.6060735005904,https://api.worldbank.org/v2/country/all/indicator/IT.NET.BBND.P2?format=json&per_page=20000&date=2020%3A2024
SVK,IT.NET.BBND.P2,fixed_broadband_per_100,2020,31.192548373756,https://api.worldbank.org/v2/country/all/indicator/IT.NET.BBND.P2?format=json&per_page=20000&date=2020%3A2024
SVN,IT.NET.BBND.P2,fixed_broadband_per_100,2024,34.2332575162942,https://api.worldbank.org/v2/country/all/indicator/IT.NET.BBND.P2?format=json&per_page=20000&date=2020%3A2024
SVN,IT.NET.BBND.P2,fixed_broadband_per_100,2023,31.8814801387465,https://api.worldbank.org/v2/country/all/indicator/IT.NET.BBND.P2?format=json&per_page=20000&date=2020%3A2024
SVN,IT.NET.BBND.P2,fixed_broadband_per_100,2022,32.0104972135392,https://api.worldbank.org/v2/country/all/indicator/IT.NET.BBND.P2?format=json&per_page=20000&date=2020%3A2024
SVN,IT.NET.BBND.P2,fixed_broadband_per_100,2021,31.5502669986288,https://api.worldbank.org/v2/country/all/indicator/IT.NET.BBND.P2?format=json&per_page=20000&date=2020%3A2024
SVN,IT.NET.BBND.P2,fixed_broadband_per_100,2020,30.9930132861242,https://api.worldbank.org/v2/country/all/indicator/IT.NET.BBND.P2?format=json&per_page=20000&date=2020%3A2024
SLB,IT.NET.BBND.P2,fixed_broadband_per_100,2024,,https://api.worldbank.org/v2/country/all/indicator/IT.NET.BBND.P2?format=json&per_page=20000&date=2020%3A2024
SLB,IT.NET.BBND.P2,fixed_broadband_per_100,2023,,https://api.worldbank.org/v2/country/all/indicator/IT.NET.BBND.P2?format=json&per_page=20000&date=2020%3A2024
SLB,IT.NET.BBND.P2,fixed_broadband_per_100,2022,0.107033208461257,https://api.worldbank.org/v2/country/all/indicator/IT.NET.BBND.P2?format=json&per_page=20000&date=2020%3A2024
SLB,IT.NET.BBND.P2,fixed_broadband_per_100,2021,0.131131891144795,https://api.worldbank.org/v2/country/all/indicator/IT.NET.BBND.P2?format=json&per_page=20000&date=2020%3A2024
SLB,IT.NET.BBND.P2,fixed_broadband_per_100,2020,0.134318695281922,https://api.worldbank.org/v2/country/all/indicator/IT.NET.BBND.P2?format=json&per_page=20000&date=2020%3A2024
SOM,IT.NET.BBND.P2,fixed_broadband_per_100,2024,,https://api.worldbank.org/v2/country/all/indicator/IT.NET.BBND.P2?format=json&per_page=20000&date=2020%3A2024
SOM,IT.NET.BBND.P2,fixed_broadband_per_100,2023,0.722963033976147,https://api.worldbank.org/v2/country/all/indicator/IT.NET.BBND.P2?format=json&per_page=20000&date=2020%3A2024
SOM,IT.NET.BBND.P2,fixed_broadband_per_100,2022,0.668468085170923,https://api.worldbank.org/v2/country/all/indicator/IT.NET.BBND.P2?format=json&per_page=20000&date=2020%3A2024
SOM,IT.NET.BBND.P2,fixed_broadband_per_100,2021,0.68899907598855,https://api.worldbank.org/v2/country/all/indicator/IT.NET.BBND.P2?format=json&per_page=20000&date=2020%3A2024
SOM,IT.NET.BBND.P2,fixed_broadband_per_100,2020,0.714663593733325,https://api.worldbank.org/v2/country/all/indicator/IT.NET.BBND.P2?format=json&per_page=20000&date=2020%3A2024
ZAF,IT.NET.BBND.P2,fixed_broadband_per_100,2024,5.34791194620067,https://api.worldbank.org/v2/country/all/indicator/IT.NET.BBND.P2?format=json&per_page=20000&date=2020%3A2024
ZAF,IT.NET.BBND.P2,fixed_broadband_per_100,2023,3.4056617766544,https://api.worldbank.org/v2/country/all/indicator/IT.NET.BBND.P2?format=json&per_page=20000&date=2020%3A2024
ZAF,IT.NET.BBND.P2,fixed_broadband_per_100,2022,3.12297476001713,https://api.worldbank.org/v2/country/all/indicator/IT.NET.BBND.P2?format=json&per_page=20000&date=2020%3A2024
ZAF,IT.NET.BBND.P2,fixed_broadband_per_100,2021,2.75540858002384,https://api.worldbank.org/v2/country/all/indicator/IT.NET.BBND.P2?format=json&per_page=20000&date=2020%3A2024
ZAF,IT.NET.BBND.P2,fixed_broadband_per_100,2020,2.15159473337087,https://api.worldbank.org/v2/country/all/indicator/IT.NET.BBND.P2?format=json&per_page=20000&date=2020%3A2024
SSD,IT.NET.BBND.P2,fixed_broadband_per_100,2024,,https://api.worldbank.org/v2/country/all/indicator/IT.NET.BBND.P2?format=json&per_page=20000&date=2020%3A2024
SSD,IT.NET.BBND.P2,fixed_broadband_per_100,2023,0.00174164840403178,https://api.worldbank.org/v2/country/all/indicator/IT.NET.BBND.P2?format=json&per_page=20000&date=2020%3A2024
SSD,IT.NET.BBND.P2,fixed_broadband_per_100,2022,0.00181468821342766,https://api.worldbank.org/v2/country/all/indicator/IT.NET.BBND.P2?format=json&per_page=20000&date=2020%3A2024
SSD,IT.NET.BBND.P2,fixed_broadband_per_100,2021,0.00184064098481655,https://api.worldbank.org/v2/country/all/indicator/IT.NET.BBND.P2?format=json&per_page=20000&date=2020%3A2024
SSD,IT.NET.BBND.P2,fixed_broadband_per_100,2020,,https://api.worldbank.org/v2/country/all/indicator/IT.NET.BBND.P2?format=json&per_page=20000&date=2020%3A2024
ESP,IT.NET.BBND.P2,fixed_broadband_per_100,2024,39.2337541858756,https://api.worldbank.org/v2/country/all/indicator/IT.NET.BBND.P2?format=json&per_page=20000&date=2020%3A2024
ESP,IT.NET.BBND.P2,fixed_broadband_per_100,2023,37.2148181549182,https://api.worldbank.org/v2/country/all/indicator/IT.NET.BBND.P2?format=json&per_page=20000&date=2020%3A2024
ESP,IT.NET.BBND.P2,fixed_broadband_per_100,2022,35.7846414290159,https://api.worldbank.org/v2/country/all/indicator/IT.NET.BBND.P2?format=json&per_page=20000&date=2020%3A2024
ESP,IT.NET.BBND.P2,fixed_broadband_per_100,2021,34.9302420932073,https://api.worldbank.org/v2/country/all/indicator/IT.NET.BBND.P2?format=json&per_page=20000&date=2020%3A2024
ESP,IT.NET.BBND.P2,fixed_broadband_per_100,2020,33.9527590155171,https://api.worldbank.org/v2/country/all/indicator/IT.NET.BBND.P2?format=json&per_page=20000&date=2020%3A2024
LKA,IT.NET.BBND.P2,fixed_broadband_per_100,2024,8.4682688580745,https://api.worldbank.org/v2/country/all/indicator/IT.NET.BBND.P2?format=json&per_page=20000&date=2020%3A2024
LKA,IT.NET.BBND.P2,fixed_broadband_per_100,2023,8.76545173115153,https://api.worldbank.org/v2/country/all/indicator/IT.NET.BBND.P2?format=json&per_page=20000&date=2020%3A2024
LKA,IT.NET.BBND.P2,fixed_broadband_per_100,2022,9.63609972688813,https://api.worldbank.org/v2/country/all/indicator/IT.NET.BBND.P2?format=json&per_page=20000&date=2020%3A2024
LKA,IT.NET.BBND.P2,fixed_broadband_per_100,2021,10.5401488574725,https://api.worldbank.org/v2/country/all/indicator/IT.NET.BBND.P2?format=json&per_page=20000&date=2020%3A2024
LKA,IT.NET.BBND.P2,fixed_broadband_per_100,2020,7.8962203692284,https://api.worldbank.org/v2/country/all/indicator/IT.NET.BBND.P2?format=json&per_page=20000&date=2020%3A2024
KNA,IT.NET.BBND.P2,fixed_broadband_per_100,2024,,https://api.worldbank.org/v2/country/all/indicator/IT.NET.BBND.P2?format=json&per_page=20000&date=2020%3A2024
KNA,IT.NET.BBND.P2,fixed_broadband_per_100,2023,,https://api.worldbank.org/v2/country/all/indicator/IT.NET.BBND.P2?format=json&per_page=20000&date=2020%3A2024
KNA,IT.NET.BBND.P2,fixed_broadband_per_100,2022,46.7447387013209,https://api.worldbank.org/v2/country/all/indicator/IT.NET.BBND.P2?format=json&per_page=20000&date=2020%3A2024
KNA,IT.NET.BBND.P2,fixed_broadband_per_100,2021,43.0254688535808,https://api.worldbank.org/v2/country/all/indicator/IT.NET.BBND.P2?format=json&per_page=20000&date=2020%3A2024
KNA,IT.NET.BBND.P2,fixed_broadband_per_100,2020,45.9569020695541,https://api.worldbank.org/v2/country/all/indicator/IT.NET.BBND.P2?format=json&per_page=20000&date=2020%3A2024
LCA,IT.NET.BBND.P2,fixed_broadband_per_100,2024,,https://api.worldbank.org/v2/country/all/indicator/IT.NET.BBND.P2?format=json&per_page=20000&date=2020%3A2024
LCA,IT.NET.BBND.P2,fixed_broadband_per_100,2023,,https://api.worldbank.org/v2/country/all/indicator/IT.NET.BBND.P2?format=json&per_page=20000&date=2020%3A2024
LCA,IT.NET.BBND.P2,fixed_broadband_per_100,2022,13.571912004072,https://api.worldbank.org/v2/country/all/indicator/IT.NET.BBND.P2?format=json&per_page=20000&date=2020%3A2024
LCA,IT.NET.BBND.P2,fixed_broadband_per_100,2021,10.675434960397,https://api.worldbank.org/v2/country/all/indicator/IT.NET.BBND.P2?format=json&per_page=20000&date=2020%3A2024
LCA,IT.NET.BBND.P2,fixed_broadband_per_100,2020,19.9725105189341,https://api.worldbank.org/v2/country/all/indicator/IT.NET.BBND.P2?format=json&per_page=20000&date=2020%3A2024
MAF,IT.NET.BBND.P2,fixed_broadband_per_100,2024,,https://api.worldbank.org/v2/country/all/indicator/IT.NET.BBND.P2?format=json&per_page=20000&date=2020%3A2024
MAF,IT.NET.BBND.P2,fixed_broadband_per_100,2023,,https://api.worldbank.org/v2/country/all/indicator/IT.NET.BBND.P2?format=json&per_page=20000&date=2020%3A2024
MAF,IT.NET.BBND.P2,fixed_broadband_per_100,2022,,https://api.worldbank.org/v2/country/all/indicator/IT.NET.BBND.P2?format=json&per_page=20000&date=2020%3A2024
MAF,IT.NET.BBND.P2,fixed_broadband_per_100,2021,,https://api.worldbank.org/v2/country/all/indicator/IT.NET.BBND.P2?format=json&per_page=20000&date=2020%3A2024
MAF,IT.NET.BBND.P2,fixed_broadband_per_100,2020,,https://api.worldbank.org/v2/country/all/indicator/IT.NET.BBND.P2?format=json&per_page=20000&date=2020%3A2024
VCT,IT.NET.BBND.P2,fixed_broadband_per_100,2024,29.4605231772283,https://api.worldbank.org/v2/country/all/indicator/IT.NET.BBND.P2?format=json&per_page=20000&date=2020%3A2024
VCT,IT.NET.BBND.P2,fixed_broadband_per_100,2023,30.4935700680004,https://api.worldbank.org/v2/country/all/indicator/IT.NET.BBND.P2?format=json&per_page=20000&date=2020%3A2024
VCT,IT.NET.BBND.P2,fixed_broadband_per_100,2022,28.9967269662701,https://api.worldbank.org/v2/country/all/indicator/IT.NET.BBND.P2?format=json&per_page=20000&date=2020%3A2024
VCT,IT.NET.BBND.P2,fixed_broadband_per_100,2021,27.1020312910221,https://api.worldbank.org/v2/country/all/indicator/IT.NET.BBND.P2?format=json&per_page=20000&date=2020%3A2024
VCT,IT.NET.BBND.P2,fixed_broadband_per_100,2020,23.8906168498735,https://api.worldbank.org/v2/country/all/indicator/IT.NET.BBND.P2?format=json&per_page=20000&date=2020%3A2024
SDN,IT.NET.BBND.P2,fixed_broadband_per_100,2024,,https://api.worldbank.org/v2/country/all/indicator/IT.NET.BBND.P2?format=json&per_page=20000&date=2020%3A2024
SDN,IT.NET.BBND.P2,fixed_broadband_per_100,2023,,https://api.worldbank.org/v2/country/all/indicator/IT.NET.BBND.P2?format=json&per_page=20000&date=2020%3A2024
SDN,IT.NET.BBND.P2,fixed_broadband_per_100,2022,0.0604394040047428,https://api.worldbank.org/v2/country/all/indicator/IT.NET.BBND.P2?format=json&per_page=20000&date=2020%3A2024
SDN,IT.NET.BBND.P2,fixed_broadband_per_100,2021,0.0632992450276202,https://api.worldbank.org/v2/country/all/indicator/IT.NET.BBND.P2?format=json&per_page=20000&date=2020%3A2024
SDN,IT.NET.BBND.P2,fixed_broadband_per_100,2020,0.0615141548276354,https://api.worldbank.org/v2/country/all/indicator/IT.NET.BBND.P2?format=json&per_page=20000&date=2020%3A2024
SUR,IT.NET.BBND.P2,fixed_broadband_per_100,2024,18.7523938773484,https://api.worldbank.org/v2/country/all/indicator/IT.NET.BBND.P2?format=json&per_page=20000&date=2020%3A2024
SUR,IT.NET.BBND.P2,fixed_broadband_per_100,2023,17.5373597122531,https://api.worldbank.org/v2/country/all/indicator/IT.NET.BBND.P2?format=json&per_page=20000&date=2020%3A2024
SUR,IT.NET.BBND.P2,fixed_broadband_per_100,2022,20.0260284612076,https://api.worldbank.org/v2/country/all/indicator/IT.NET.BBND.P2?format=json&per_page=20000&date=2020%3A2024
SUR,IT.NET.BBND.P2,fixed_broadband_per_100,2021,19.899950800782,https://api.worldbank.org/v2/country/all/indicator/IT.NET.BBND.P2?format=json&per_page=20000&date=2020%3A2024
SUR,IT.NET.BBND.P2,fixed_broadband_per_100,2020,15.0689920417039,https://api.worldbank.org/v2/country/all/indicator/IT.NET.BBND.P2?format=json&per_page=20000&date=2020%3A2024
SWE,IT.NET.BBND.P2,fixed_broadband_per_100,2024,40.6156538715616,https://api.worldbank.org/v2/country/all/indicator/IT.NET.BBND.P2?format=json&per_page=20000&date=2020%3A2024
SWE,IT.NET.BBND.P2,fixed_broadband_per_100,2023,40.7340135908716,https://api.worldbank.org/v2/country/all/indicator/IT.NET.BBND.P2?format=json&per_page=20000&date=2020%3A2024
SWE,IT.NET.BBND.P2,fixed_broadband_per_100,2022,40.6093424279832,https://api.worldbank.org/v2/country/all/indicator/IT.NET.BBND.P2?format=json&per_page=20000&date=2020%3A2024
SWE,IT.NET.BBND.P2,fixed_broadband_per_100,2021,40.8351431063991,https://api.worldbank.org/v2/country/all/indicator/IT.NET.BBND.P2?format=json&per_page=20000&date=2020%3A2024
SWE,IT.NET.BBND.P2,fixed_broadband_per_100,2020,40.3679810262741,https://api.worldbank.org/v2/country/all/indicator/IT.NET.BBND.P2?format=json&per_page=20000&date=2020%3A2024
CHE,IT.NET.BBND.P2,fixed_broadband_per_100,2024,47.0197818175134,https://api.worldbank.org/v2/country/all/indicator/IT.NET.BBND.P2?format=json&per_page=20000&date=2020%3A2024
CHE,IT.NET.BBND.P2,fixed_broadband_per_100,2023,46.8364627671237,https://api.worldbank.org/v2/country/all/indicator/IT.NET.BBND.P2?format=json&per_page=20000&date=2020%3A2024
CHE,IT.NET.BBND.P2,fixed_broadband_per_100,2022,46.6747503634479,https://api.worldbank.org/v2/country/all/indicator/IT.NET.BBND.P2?format=json&per_page=20000&date=2020%3A2024
CHE,IT.NET.BBND.P2,fixed_broadband_per_100,2021,47.9433096708255,https://api.worldbank.org/v2/country/all/indicator/IT.NET.BBND.P2?format=json&per_page=20000&date=2020%3A2024
CHE,IT.NET.BBND.P2,fixed_broadband_per_100,2020,46.4813712779996,https://api.worldbank.org/v2/country/all/indicator/IT.NET.BBND.P2?format=json&per_page=20000&date=2020%3A2024
SYR,IT.NET.BBND.P2,fixed_broadband_per_100,2024,,https://api.worldbank.org/v2/country/all/indicator/IT.NET.BBND.P2?format=json&per_page=20000&date=2020%3A2024
SYR,IT.NET.BBND.P2,fixed_broadband_per_100,2023,6.86124546257849,https://api.worldbank.org/v2/country/all/indicator/IT.NET.BBND.P2?format=json&per_page=20000&date=2020%3A2024
SYR,IT.NET.BBND.P2,fixed_broadband_per_100,2022,7.16283326639858,https://api.worldbank.org/v2/country/all/indicator/IT.NET.BBND.P2?format=json&per_page=20000&date=2020%3A2024
SYR,IT.NET.BBND.P2,fixed_broadband_per_100,2021,7.28562915466706,https://api.worldbank.org/v2/country/all/indicator/IT.NET.BBND.P2?format=json&per_page=20000&date=2020%3A2024
SYR,IT.NET.BBND.P2,fixed_broadband_per_100,2020,7.35459379919522,https://api.worldbank.org/v2/country/all/indicator/IT.NET.BBND.P2?format=json&per_page=20000&date=2020%3A2024
TJK,IT.NET.BBND.P2,fixed_broadband_per_100,2024,,https://api.worldbank.org/v2/country/all/indicator/IT.NET.BBND.P2?format=json&per_page=20000&date=2020%3A2024
TJK,IT.NET.BBND.P2,fixed_broadband_per_100,2023,0.983936262867068,https://api.worldbank.org/v2/country/all/indicator/IT.NET.BBND.P2?format=json&per_page=20000&date=2020%3A2024
TJK,IT.NET.BBND.P2,fixed_broadband_per_100,2022,0.585196433548591,https://api.worldbank.org/v2/country/all/indicator/IT.NET.BBND.P2?format=json&per_page=20000&date=2020%3A2024
TJK,IT.NET.BBND.P2,fixed_broadband_per_100,2021,0.495991334524208,https://api.worldbank.org/v2/country/all/indicator/IT.NET.BBND.P2?format=json&per_page=20000&date=2020%3A2024
TJK,IT.NET.BBND.P2,fixed_broadband_per_100,2020,0.369964643651705,https://api.worldbank.org/v2/country/all/indicator/IT.NET.BBND.P2?format=json&per_page=20000&date=2020%3A2024
TZA,IT.NET.BBND.P2,fixed_broadband_per_100,2024,0.246433216306666,https://api.worldbank.org/v2/country/all/indicator/IT.NET.BBND.P2?format=json&per_page=20000&date=2020%3A2024
TZA,IT.NET.BBND.P2,fixed_broadband_per_100,2023,0.10501728326893,https://api.worldbank.org/v2/country/all/indicator/IT.NET.BBND.P2?format=json&per_page=20000&date=2020%3A2024
TZA,IT.NET.BBND.P2,fixed_broadband_per_100,2022,0.110774196881278,https://api.worldbank.org/v2/country/all/indicator/IT.NET.BBND.P2?format=json&per_page=20000&date=2020%3A2024
TZA,IT.NET.BBND.P2,fixed_broadband_per_100,2021,1.97842,https://api.worldbank.org/v2/country/all/indicator/IT.NET.BBND.P2?format=json&per_page=20000&date=2020%3A2024
TZA,IT.NET.BBND.P2,fixed_broadband_per_100,2020,1.86248,https://api.worldbank.org/v2/country/all/indicator/IT.NET.BBND.P2?format=json&per_page=20000&date=2020%3A2024
THA,IT.NET.BBND.P2,fixed_broadband_per_100,2024,14.8870491187484,https://api.worldbank.org/v2/country/all/indicator/IT.NET.BBND.P2?format=json&per_page=20000&date=2020%3A2024
THA,IT.NET.BBND.P2,fixed_broadband_per_100,2023,14.5089451983046,https://api.worldbank.org/v2/country/all/indicator/IT.NET.BBND.P2?format=json&per_page=20000&date=2020%3A2024
THA,IT.NET.BBND.P2,fixed_broadband_per_100,2022,17.5125815621477,https://api.worldbank.org/v2/country/all/indicator/IT.NET.BBND.P2?format=json&per_page=20000&date=2020%3A2024
THA,IT.NET.BBND.P2,fixed_broadband_per_100,2021,17.3168855632327,https://api.worldbank.org/v2/country/all/indicator/IT.NET.BBND.P2?format=json&per_page=20000&date=2020%3A2024
THA,IT.NET.BBND.P2,fixed_broadband_per_100,2020,16.021813562656,https://api.worldbank.org/v2/country/all/indicator/IT.NET.BBND.P2?format=json&per_page=20000&date=2020%3A2024
TLS,IT.NET.BBND.P2,fixed_broadband_per_100,2024,0.00599726695977119,https://api.worldbank.org/v2/country/all/indicator/IT.NET.BBND.P2?format=json&per_page=20000&date=2020%3A2024
TLS,IT.NET.BBND.P2,fixed_broadband_per_100,2023,0.00577915257396232,https://api.worldbank.org/v2/country/all/indicator/IT.NET.BBND.P2?format=json&per_page=20000&date=2020%3A2024
TLS,IT.NET.BBND.P2,fixed_broadband_per_100,2022,0.0100051486348815,https://api.worldbank.org/v2/country/all/indicator/IT.NET.BBND.P2?format=json&per_page=20000&date=2020%3A2024
TLS,IT.NET.BBND.P2,fixed_broadband_per_100,2021,0.0101471033723194,https://api.worldbank.org/v2/country/all/indicator/IT.NET.BBND.P2?format=json&per_page=20000&date=2020%3A2024
TLS,IT.NET.BBND.P2,fixed_broadband_per_100,2020,0.00625917666940914,https://api.worldbank.org/v2/country/all/indicator/IT.NET.BBND.P2?format=json&per_page=20000&date=2020%3A2024
TGO,IT.NET.BBND.P2,fixed_broadband_per_100,2024,1.41538265577438,https://api.worldbank.org/v2/country/all/indicator/IT.NET.BBND.P2?format=json&per_page=20000&date=2020%3A2024
TGO,IT.NET.BBND.P2,fixed_broadband_per_100,2023,1.22815843837127,https://api.worldbank.org/v2/country/all/indicator/IT.NET.BBND.P2?format=json&per_page=20000&date=2020%3A2024
TGO,IT.NET.BBND.P2,fixed_broadband_per_100,2022,1.03723561669214,https://api.worldbank.org/v2/country/all/indicator/IT.NET.BBND.P2?format=json&per_page=20000&date=2020%3A2024
TGO,IT.NET.BBND.P2,fixed_broadband_per_100,2021,0.749325974933037,https://api.worldbank.org/v2/country/all/indicator/IT.NET.BBND.P2?format=json&per_page=20000&date=2020%3A2024
TGO,IT.NET.BBND.P2,fixed_broadband_per_100,2020,0.607931974735055,https://api.worldbank.org/v2/country/all/indicator/IT.NET.BBND.P2?format=json&per_page=20000&date=2020%3A2024
TON,IT.NET.BBND.P2,fixed_broadband_per_100,2024,,https://api.worldbank.org/v2/country/all/indicator/IT.NET.BBND.P2?format=json&per_page=20000&date=2020%3A2024
TON,IT.NET.BBND.P2,fixed_broadband_per_100,2023,,https://api.worldbank.org/v2/country/all/indicator/IT.NET.BBND.P2?format=json&per_page=20000&date=2020%3A2024
TON,IT.NET.BBND.P2,fixed_broadband_per_100,2022,8.17387330781973,https://api.worldbank.org/v2/country/all/indicator/IT.NET.BBND.P2?format=json&per_page=20000&date=2020%3A2024
TON,IT.NET.BBND.P2,fixed_broadband_per_100,2021,6.4574841217177,https://api.worldbank.org/v2/country/all/indicator/IT.NET.BBND.P2?format=json&per_page=20000&date=2020%3A2024
TON,IT.NET.BBND.P2,fixed_broadband_per_100,2020,4.73018996442897,https://api.worldbank.org/v2/country/all/indicator/IT.NET.BBND.P2?format=json&per_page=20000&date=2020%3A2024
TTO,IT.NET.BBND.P2,fixed_broadband_per_100,2024,27.0294379426204,https://api.worldbank.org/v2/country/all/indicator/IT.NET.BBND.P2?format=json&per_page=20000&date=2020%3A2024
TTO,IT.NET.BBND.P2,fixed_broadband_per_100,2023,26.8942307436398,https://api.worldbank.org/v2/country/all/indicator/IT.NET.BBND.P2?format=json&per_page=20000&date=2020%3A2024
TTO,IT.NET.BBND.P2,fixed_broadband_per_100,2022,26.0331929293058,https://api.worldbank.org/v2/country/all/indicator/IT.NET.BBND.P2?format=json&per_page=20000&date=2020%3A2024
TTO,IT.NET.BBND.P2,fixed_broadband_per_100,2021,24.9299429931902,https://api.worldbank.org/v2/country/all/indicator/IT.NET.BBND.P2?format=json&per_page=20000&date=2020%3A2024
TTO,IT.NET.BBND.P2,fixed_broadband_per_100,2020,25.4398983406076,https://api.worldbank.org/v2/country/all/indicator/IT.NET.BBND.P2?format=json&per_page=20000&date=2020%3A2024
TUN,IT.NET.BBND.P2,fixed_broadband_per_100,2024,14.9741523024679,https://api.worldbank.org/v2/country/all/indicator/IT.NET.BBND.P2?format=json&per_page=20000&date=2020%3A2024
TUN,IT.NET.BBND.P2,fixed_broadband_per_100,2023,14.0829860846719,https://api.worldbank.org/v2/country/all/indicator/IT.NET.BBND.P2?format=json&per_page=20000&date=2020%3A2024
TUN,IT.NET.BBND.P2,fixed_broadband_per_100,2022,13.9309222767522,https://api.worldbank.org/v2/country/all/indicator/IT.NET.BBND.P2?format=json&per_page=20000&date=2020%3A2024
TUN,IT.NET.BBND.P2,fixed_broadband_per_100,2021,12.4220429522978,https://api.worldbank.org/v2/country/all/indicator/IT.NET.BBND.P2?format=json&per_page=20000&date=2020%3A2024
TUN,IT.NET.BBND.P2,fixed_broadband_per_100,2020,11.1467984493476,https://api.worldbank.org/v2/country/all/indicator/IT.NET.BBND.P2?format=json&per_page=20000&date=2020%3A2024
TUR,IT.NET.BBND.P2,fixed_broadband_per_100,2024,23.4317347919186,https://api.worldbank.org/v2/country/all/indicator/IT.NET.BBND.P2?format=json&per_page=20000&date=2020%3A2024
TUR,IT.NET.BBND.P2,fixed_broadband_per_100,2023,22.4591697943845,https://api.worldbank.org/v2/country/all/indicator/IT.NET.BBND.P2?format=json&per_page=20000&date=2020%3A2024
TUR,IT.NET.BBND.P2,fixed_broadband_per_100,2022,21.8230372591075,https://api.worldbank.org/v2/country/all/indicator/IT.NET.BBND.P2?format=json&per_page=20000&date=2020%3A2024
TUR,IT.NET.BBND.P2,fixed_broadband_per_100,2021,20.9211211378579,https://api.worldbank.org/v2/country/all/indicator/IT.NET.BBND.P2?format=json&per_page=20000&date=2020%3A2024
TUR,IT.NET.BBND.P2,fixed_broadband_per_100,2020,19.4384064376386,https://api.worldbank.org/v2/country/all/indicator/IT.NET.BBND.P2?format=json&per_page=20000&date=2020%3A2024
TKM,IT.NET.BBND.P2,fixed_broadband_per_100,2024,,https://api.worldbank.org/v2/country/all/indicator/IT.NET.BBND.P2?format=json&per_page=20000&date=2020%3A2024
TKM,IT.NET.BBND.P2,fixed_broadband_per_100,2023,,https://api.worldbank.org/v2/country/all/indicator/IT.NET.BBND.P2?format=json&per_page=20000&date=2020%3A2024
TKM,IT.NET.BBND.P2,fixed_broadband_per_100,2022,5.21710831232306,https://api.worldbank.org/v2/country/all/indicator/IT.NET.BBND.P2?format=json&per_page=20000&date=2020%3A2024
TKM,IT.NET.BBND.P2,fixed_broadband_per_100,2021,4.08263176069293,https://api.worldbank.org/v2/country/all/indicator/IT.NET.BBND.P2?format=json&per_page=20000&date=2020%3A2024
TKM,IT.NET.BBND.P2,fixed_broadband_per_100,2020,3.40423015428109,https://api.worldbank.org/v2/country/all/indicator/IT.NET.BBND.P2?format=json&per_page=20000&date=2020%3A2024
TCA,IT.NET.BBND.P2,fixed_broadband_per_100,2024,,https://api.worldbank.org/v2/country/all/indicator/IT.NET.BBND.P2?format=json&per_page=20000&date=2020%3A2024
TCA,IT.NET.BBND.P2,fixed_broadband_per_100,2023,,https://api.worldbank.org/v2/country/all/indicator/IT.NET.BBND.P2?format=json&per_page=20000&date=2020%3A2024
TCA,IT.NET.BBND.P2,fixed_broadband_per_100,2022,,https://api.worldbank.org/v2/country/all/indicator/IT.NET.BBND.P2?format=json&per_page=20000&date=2020%3A2024
TCA,IT.NET.BBND.P2,fixed_broadband_per_100,2021,,https://api.worldbank.org/v2/country/all/indicator/IT.NET.BBND.P2?format=json&per_page=20000&date=2020%3A2024
TCA,IT.NET.BBND.P2,fixed_broadband_per_100,2020,,https://api.worldbank.org/v2/country/all/indicator/IT.NET.BBND.P2?format=json&per_page=20000&date=2020%3A2024
TUV,IT.NET.BBND.P2,fixed_broadband_per_100,2024,,https://api.worldbank.org/v2/country/all/indicator/IT.NET.BBND.P2?format=json&per_page=20000&date=2020%3A2024
TUV,IT.NET.BBND.P2,fixed_broadband_per_100,2023,,https://api.worldbank.org/v2/country/all/indicator/IT.NET.BBND.P2?format=json&per_page=20000&date=2020%3A2024
TUV,IT.NET.BBND.P2,fixed_broadband_per_100,2022,4.52361889511609,https://api.worldbank.org/v2/country/all/indicator/IT.NET.BBND.P2?format=json&per_page=20000&date=2020%3A2024
TUV,IT.NET.BBND.P2,fixed_broadband_per_100,2021,4.41436138905238,https://api.worldbank.org/v2/country/all/indicator/IT.NET.BBND.P2?format=json&per_page=20000&date=2020%3A2024
TUV,IT.NET.BBND.P2,fixed_broadband_per_100,2020,,https://api.worldbank.org/v2/country/all/indicator/IT.NET.BBND.P2?format=json&per_page=20000&date=2020%3A2024
UGA,IT.NET.BBND.P2,fixed_broadband_per_100,2024,0.207613333991268,https://api.worldbank.org/v2/country/all/indicator/IT.NET.BBND.P2?format=json&per_page=20000&date=2020%3A2024
UGA,IT.NET.BBND.P2,fixed_broadband_per_100,2023,0.0912969650305002,https://api.worldbank.org/v2/country/all/indicator/IT.NET.BBND.P2?format=json&per_page=20000&date=2020%3A2024
UGA,IT.NET.BBND.P2,fixed_broadband_per_100,2022,0.0850849430150062,https://api.worldbank.org/v2/country/all/indicator/IT.NET.BBND.P2?format=json&per_page=20000&date=2020%3A2024
UGA,IT.NET.BBND.P2,fixed_broadband_per_100,2021,0.0838841644026815,https://api.worldbank.org/v2/country/all/indicator/IT.NET.BBND.P2?format=json&per_page=20000&date=2020%3A2024
UGA,IT.NET.BBND.P2,fixed_broadband_per_100,2020,0.077818750062982,https://api.worldbank.org/v2/country/all/indicator/IT.NET.BBND.P2?format=json&per_page=20000&date=2020%3A2024
UKR,IT.NET.BBND.P2,fixed_broadband_per_100,2024,21.6539327212609,https://api.worldbank.org/v2/country/all/indicator/IT.NET.BBND.P2?format=json&per_page=20000&date=2020%3A2024
UKR,IT.NET.BBND.P2,fixed_broadband_per_100,2023,21.3774151510902,https://api.worldbank.org/v2/country/all/indicator/IT.NET.BBND.P2?format=json&per_page=20000&date=2020%3A2024
UKR,IT.NET.BBND.P2,fixed_broadband_per_100,2022,17.5398140646824,https://api.worldbank.org/v2/country/all/indicator/IT.NET.BBND.P2?format=json&per_page=20000&date=2020%3A2024
UKR,IT.NET.BBND.P2,fixed_broadband_per_100,2021,18.2677942438439,https://api.worldbank.org/v2/country/all/indicator/IT.NET.BBND.P2?format=json&per_page=20000&date=2020%3A2024
UKR,IT.NET.BBND.P2,fixed_broadband_per_100,2020,18.617022844321,https://api.worldbank.org/v2/country/all/indicator/IT.NET.BBND.P2?format=json&per_page=20000&date=2020%3A2024
ARE,IT.NET.BBND.P2,fixed_broadband_per_100,2024,40.840113505519,https://api.worldbank.org/v2/country/all/indicator/IT.NET.BBND.P2?format=json&per_page=20000&date=2020%3A2024
ARE,IT.NET.BBND.P2,fixed_broadband_per_100,2023,37.0968234502256,https://api.worldbank.org/v2/country/all/indicator/IT.NET.BBND.P2?format=json&per_page=20000&date=2020%3A2024
ARE,IT.NET.BBND.P2,fixed_broadband_per_100,2022,36.8485872897377,https://api.worldbank.org/v2/country/all/indicator/IT.NET.BBND.P2?format=json&per_page=20000&date=2020%3A2024
ARE,IT.NET.BBND.P2,fixed_broadband_per_100,2021,36.5005361093336,https://api.worldbank.org/v2/country/all/indicator/IT.NET.BBND.P2?format=json&per_page=20000&date=2020%3A2024
ARE,IT.NET.BBND.P2,fixed_broadband_per_100,2020,34.345290333178,https://api.worldbank.org/v2/country/all/indicator/IT.NET.BBND.P2?format=json&per_page=20000&date=2020%3A2024
GBR,IT.NET.BBND.P2,fixed_broadband_per_100,2024,42.1648283773461,https://api.worldbank.org/v2/country/all/indicator/IT.NET.BBND.P2?format=json&per_page=20000&date=2020%3A2024
GBR,IT.NET.BBND.P2,fixed_broadband_per_100,2023,41.4367685540411,https://api.worldbank.org/v2/country/all/indicator/IT.NET.BBND.P2?format=json&per_page=20000&date=2020%3A2024
GBR,IT.NET.BBND.P2,fixed_broadband_per_100,2022,41.2867157729584,https://api.worldbank.org/v2/country/all/indicator/IT.NET.BBND.P2?format=json&per_page=20000&date=2020%3A2024
GBR,IT.NET.BBND.P2,fixed_broadband_per_100,2021,41.1134869970784,https://api.worldbank.org/v2/country/all/indicator/IT.NET.BBND.P2?format=json&per_page=20000&date=2020%3A2024
GBR,IT.NET.BBND.P2,fixed_broadband_per_100,2020,40.5775246507294,https://api.worldbank.org/v2/country/all/indicator/IT.NET.BBND.P2?format=json&per_page=20000&date=2020%3A2024
USA,IT.NET.BBND.P2,fixed_broadband_per_100,2024,38.8571729185246,https://api.worldbank.org/v2/country/all/indicator/IT.NET.BBND.P2?format=json&per_page=20000&date=2020%3A2024
USA,IT.NET.BBND.P2,fixed_broadband_per_100,2023,38.0939254696383,https://api.worldbank.org/v2/country/all/indicator/IT.NET.BBND.P2?format=json&per_page=20000&date=2020%3A2024
USA,IT.NET.BBND.P2,fixed_broadband_per_100,2022,37.4887954801437,https://api.worldbank.org/v2/country/all/indicator/IT.NET.BBND.P2?format=json&per_page=20000&date=2020%3A2024
USA,IT.NET.BBND.P2,fixed_broadband_per_100,2021,37.0074278936277,https://api.worldbank.org/v2/country/all/indicator/IT.NET.BBND.P2?format=json&per_page=20000&date=2020%3A2024
USA,IT.NET.BBND.P2,fixed_broadband_per_100,2020,35.7156999293054,https://api.worldbank.org/v2/country/all/indicator/IT.NET.BBND.P2?format=json&per_page=20000&date=2020%3A2024
URY,IT.NET.BBND.P2,fixed_broadband_per_100,2024,33.0440254320868,https://api.worldbank.org/v2/country/all/indicator/IT.NET.BBND.P2?format=json&per_page=20000&date=2020%3A2024
URY,IT.NET.BBND.P2,fixed_broadband_per_100,2023,32.4032099586757,https://api.worldbank.org/v2/country/all/indicator/IT.NET.BBND.P2?format=json&per_page=20000&date=2020%3A2024
URY,IT.NET.BBND.P2,fixed_broadband_per_100,2022,33.4865565704576,https://api.worldbank.org/v2/country/all/indicator/IT.NET.BBND.P2?format=json&per_page=20000&date=2020%3A2024
URY,IT.NET.BBND.P2,fixed_broadband_per_100,2021,32.5451063460216,https://api.worldbank.org/v2/country/all/indicator/IT.NET.BBND.P2?format=json&per_page=20000&date=2020%3A2024
URY,IT.NET.BBND.P2,fixed_broadband_per_100,2020,31.2948224284548,https://api.worldbank.org/v2/country/all/indicator/IT.NET.BBND.P2?format=json&per_page=20000&date=2020%3A2024
UZB,IT.NET.BBND.P2,fixed_broadband_per_100,2024,34.7381414135069,https://api.worldbank.org/v2/country/all/indicator/IT.NET.BBND.P2?format=json&per_page=20000&date=2020%3A2024
UZB,IT.NET.BBND.P2,fixed_broadband_per_100,2023,30.2699233460544,https://api.worldbank.org/v2/country/all/indicator/IT.NET.BBND.P2?format=json&per_page=20000&date=2020%3A2024
UZB,IT.NET.BBND.P2,fixed_broadband_per_100,2022,25.7992232452287,https://api.worldbank.org/v2/country/all/indicator/IT.NET.BBND.P2?format=json&per_page=20000&date=2020%3A2024
UZB,IT.NET.BBND.P2,fixed_broadband_per_100,2021,21.8944210928633,https://api.worldbank.org/v2/country/all/indicator/IT.NET.BBND.P2?format=json&per_page=20000&date=2020%3A2024
UZB,IT.NET.BBND.P2,fixed_broadband_per_100,2020,15.8070422134311,https://api.worldbank.org/v2/country/all/indicator/IT.NET.BBND.P2?format=json&per_page=20000&date=2020%3A2024
VUT,IT.NET.BBND.P2,fixed_broadband_per_100,2024,1.15566375920214,https://api.worldbank.org/v2/country/all/indicator/IT.NET.BBND.P2?format=json&per_page=20000&date=2020%3A2024
VUT,IT.NET.BBND.P2,fixed_broadband_per_100,2023,1.23342353055002,https://api.worldbank.org/v2/country/all/indicator/IT.NET.BBND.P2?format=json&per_page=20000&date=2020%3A2024
VUT,IT.NET.BBND.P2,fixed_broadband_per_100,2022,1.1263520377197,https://api.worldbank.org/v2/country/all/indicator/IT.NET.BBND.P2?format=json&per_page=20000&date=2020%3A2024
VUT,IT.NET.BBND.P2,fixed_broadband_per_100,2021,1.03214458524592,https://api.worldbank.org/v2/country/all/indicator/IT.NET.BBND.P2?format=json&per_page=20000&date=2020%3A2024
VUT,IT.NET.BBND.P2,fixed_broadband_per_100,2020,0.931880692502794,https://api.worldbank.org/v2/country/all/indicator/IT.NET.BBND.P2?format=json&per_page=20000&date=2020%3A2024
VEN,IT.NET.BBND.P2,fixed_broadband_per_100,2024,12.9446636524427,https://api.worldbank.org/v2/country/all/indicator/IT.NET.BBND.P2?format=json&per_page=20000&date=2020%3A2024
VEN,IT.NET.BBND.P2,fixed_broadband_per_100,2023,10.638053537183,https://api.worldbank.org/v2/country/all/indicator/IT.NET.BBND.P2?format=json&per_page=20000&date=2020%3A2024
VEN,IT.NET.BBND.P2,fixed_broadband_per_100,2022,9.58036143387288,https://api.worldbank.org/v2/country/all/indicator/IT.NET.BBND.P2?format=json&per_page=20000&date=2020%3A2024
VEN,IT.NET.BBND.P2,fixed_broadband_per_100,2021,9.2424360147272,https://api.worldbank.org/v2/country/all/indicator/IT.NET.BBND.P2?format=json&per_page=20000&date=2020%3A2024
VEN,IT.NET.BBND.P2,fixed_broadband_per_100,2020,9.00606477756336,https://api.worldbank.org/v2/country/all/indicator/IT.NET.BBND.P2?format=json&per_page=20000&date=2020%3A2024
VNM,IT.NET.BBND.P2,fixed_broadband_per_100,2024,23.711259212336,https://api.worldbank.org/v2/country/all/indicator/IT.NET.BBND.P2?format=json&per_page=20000&date=2020%3A2024
VNM,IT.NET.BBND.P2,fixed_broadband_per_100,2023,22.6806675035061,https://api.worldbank.org/v2/country/all/indicator/IT.NET.BBND.P2?format=json&per_page=20000&date=2020%3A2024
VNM,IT.NET.BBND.P2,fixed_broadband_per_100,2022,21.3681380805533,https://api.worldbank.org/v2/country/all/indicator/IT.NET.BBND.P2?format=json&per_page=20000&date=2020%3A2024
VNM,IT.NET.BBND.P2,fixed_broadband_per_100,2021,19.5362327330994,https://api.worldbank.org/v2/country/all/indicator/IT.NET.BBND.P2?format=json&per_page=20000&date=2020%3A2024
VNM,IT.NET.BBND.P2,fixed_broadband_per_100,2020,17.0262915402718,https://api.worldbank.org/v2/country/all/indicator/IT.NET.BBND.P2?format=json&per_page=20000&date=2020%3A2024
VIR,IT.NET.BBND.P2,fixed_broadband_per_100,2024,,https://api.worldbank.org/v2/country/all/indicator/IT.NET.BBND.P2?format=json&per_page=20000&date=2020%3A2024
VIR,IT.NET.BBND.P2,fixed_broadband_per_100,2023,,https://api.worldbank.org/v2/country/all/indicator/IT.NET.BBND.P2?format=json&per_page=20000&date=2020%3A2024
VIR,IT.NET.BBND.P2,fixed_broadband_per_100,2022,10.0662374143133,https://api.worldbank.org/v2/country/all/indicator/IT.NET.BBND.P2?format=json&per_page=20000&date=2020%3A2024
VIR,IT.NET.BBND.P2,fixed_broadband_per_100,2021,,https://api.worldbank.org/v2/country/all/indicator/IT.NET.BBND.P2?format=json&per_page=20000&date=2020%3A2024
VIR,IT.NET.BBND.P2,fixed_broadband_per_100,2020,,https://api.worldbank.org/v2/country/all/indicator/IT.NET.BBND.P2?format=json&per_page=20000&date=2020%3A2024
PSE,IT.NET.BBND.P2,fixed_broadband_per_100,2024,8.16158042217888,https://api.worldbank.org/v2/country/all/indicator/IT.NET.BBND.P2?format=json&per_page=20000&date=2020%3A2024
PSE,IT.NET.BBND.P2,fixed_broadband_per_100,2023,8.37056926326656,https://api.worldbank.org/v2/country/all/indicator/IT.NET.BBND.P2?format=json&per_page=20000&date=2020%3A2024
PSE,IT.NET.BBND.P2,fixed_broadband_per_100,2022,7.93673083556539,https://api.worldbank.org/v2/country/all/indicator/IT.NET.BBND.P2?format=json&per_page=20000&date=2020%3A2024
PSE,IT.NET.BBND.P2,fixed_broadband_per_100,2021,8.01282694120497,https://api.worldbank.org/v2/country/all/indicator/IT.NET.BBND.P2?format=json&per_page=20000&date=2020%3A2024
PSE,IT.NET.BBND.P2,fixed_broadband_per_100,2020,7.43459365973318,https://api.worldbank.org/v2/country/all/indicator/IT.NET.BBND.P2?format=json&per_page=20000&date=2020%3A2024
YEM,IT.NET.BBND.P2,fixed_broadband_per_100,2024,,https://api.worldbank.org/v2/country/all/indicator/IT.NET.BBND.P2?format=json&per_page=20000&date=2020%3A2024
YEM,IT.NET.BBND.P2,fixed_broadband_per_100,2023,,https://api.worldbank.org/v2/country/all/indicator/IT.NET.BBND.P2?format=json&per_page=20000&date=2020%3A2024
YEM,IT.NET.BBND.P2,fixed_broadband_per_100,2022,1.27124133725573,https://api.worldbank.org/v2/country/all/indicator/IT.NET.BBND.P2?format=json&per_page=20000&date=2020%3A2024
YEM,IT.NET.BBND.P2,fixed_broadband_per_100,2021,1.09217148089821,https://api.worldbank.org/v2/country/all/indicator/IT.NET.BBND.P2?format=json&per_page=20000&date=2020%3A2024
YEM,IT.NET.BBND.P2,fixed_broadband_per_100,2020,1.08205751326634,https://api.worldbank.org/v2/country/all/indicator/IT.NET.BBND.P2?format=json&per_page=20000&date=2020%3A2024
ZMB,IT.NET.BBND.P2,fixed_broadband_per_100,2024,0.789797548725881,https://api.worldbank.org/v2/country/all/indicator/IT.NET.BBND.P2?format=json&per_page=20000&date=2020%3A2024
ZMB,IT.NET.BBND.P2,fixed_broadband_per_100,2023,0.681389878819039,https://api.worldbank.org/v2/country/all/indicator/IT.NET.BBND.P2?format=json&per_page=20000&date=2020%3A2024
ZMB,IT.NET.BBND.P2,fixed_broadband_per_100,2022,0.428949863290405,https://api.worldbank.org/v2/country/all/indicator/IT.NET.BBND.P2?format=json&per_page=20000&date=2020%3A2024
ZMB,IT.NET.BBND.P2,fixed_broadband_per_100,2021,0.411108017009319,https://api.worldbank.org/v2/country/all/indicator/IT.NET.BBND.P2?format=json&per_page=20000&date=2020%3A2024
ZMB,IT.NET.BBND.P2,fixed_broadband_per_100,2020,0.431897234933218,https://api.worldbank.org/v2/country/all/indicator/IT.NET.BBND.P2?format=json&per_page=20000&date=2020%3A2024
ZWE,IT.NET.BBND.P2,fixed_broadband_per_100,2024,1.93865437549104,https://api.worldbank.org/v2/country/all/indicator/IT.NET.BBND.P2?format=json&per_page=20000&date=2020%3A2024
ZWE,IT.NET.BBND.P2,fixed_broadband_per_100,2023,1.5745780720211,https://api.worldbank.org/v2/country/all/indicator/IT.NET.BBND.P2?format=json&per_page=20000&date=2020%3A2024
ZWE,IT.NET.BBND.P2,fixed_broadband_per_100,2022,1.62150159909829,https://api.worldbank.org/v2/country/all/indicator/IT.NET.BBND.P2?format=json&per_page=20000&date=2020%3A2024
ZWE,IT.NET.BBND.P2,fixed_broadband_per_100,2021,1.29980547197891,https://api.worldbank.org/v2/country/all/indicator/IT.NET.BBND.P2?format=json&per_page=20000&date=2020%3A2024
ZWE,IT.NET.BBND.P2,fixed_broadband_per_100,2020,1.31037848666133,https://api.worldbank.org/v2/country/all/indicator/IT.NET.BBND.P2?format=json&per_page=20000&date=2020%3A2024
AFG,IT.NET.SECR.P6,secure_servers_per_million,2024,41.0575140034026,https://api.worldbank.org/v2/country/all/indicator/IT.NET.SECR.P6?format=json&per_page=20000&date=2020%3A2024
AFG,IT.NET.SECR.P6,secure_servers_per_million,2023,43.758544404586,https://api.worldbank.org/v2/country/all/indicator/IT.NET.SECR.P6?format=json&per_page=20000&date=2020%3A2024
AFG,IT.NET.SECR.P6,secure_servers_per_million,2022,36.7432860701151,https://api.worldbank.org/v2/country/all/indicator/IT.NET.SECR.P6?format=json&per_page=20000&date=2020%3A2024
AFG,IT.NET.SECR.P6,secure_servers_per_million,2021,39.1245970166507,https://api.worldbank.org/v2/country/all/indicator/IT.NET.SECR.P6?format=json&per_page=20000&date=2020%3A2024
AFG,IT.NET.SECR.P6,secure_servers_per_million,2020,34.861417801576,https://api.worldbank.org/v2/country/all/indicator/IT.NET.SECR.P6?format=json&per_page=20000&date=2020%3A2024
ALB,IT.NET.SECR.P6,secure_servers_per_million,2024,1512.74983930188,https://api.worldbank.org/v2/country/all/indicator/IT.NET.SECR.P6?format=json&per_page=20000&date=2020%3A2024
ALB,IT.NET.SECR.P6,secure_servers_per_million,2023,1389.50050131486,https://api.worldbank.org/v2/country/all/indicator/IT.NET.SECR.P6?format=json&per_page=20000&date=2020%3A2024
ALB,IT.NET.SECR.P6,secure_servers_per_million,2022,1254.67239019169,https://api.worldbank.org/v2/country/all/indicator/IT.NET.SECR.P6?format=json&per_page=20000&date=2020%3A2024
ALB,IT.NET.SECR.P6,secure_servers_per_million,2021,1115.76929843093,https://api.worldbank.org/v2/country/all/indicator/IT.NET.SECR.P6?format=json&per_page=20000&date=2020%3A2024
ALB,IT.NET.SECR.P6,secure_servers_per_million,2020,993.086755679302,https://api.worldbank.org/v2/country/all/indicator/IT.NET.SECR.P6?format=json&per_page=20000&date=2020%3A2024
DZA,IT.NET.SECR.P6,secure_servers_per_million,2024,119.343855301674,https://api.worldbank.org/v2/country/all/indicator/IT.NET.SECR.P6?format=json&per_page=20000&date=2020%3A2024
DZA,IT.NET.SECR.P6,secure_servers_per_million,2023,100.294126063305,https://api.worldbank.org/v2/country/all/indicator/IT.NET.SECR.P6?format=json&per_page=20000&date=2020%3A2024
DZA,IT.NET.SECR.P6,secure_servers_per_million,2022,75.0702728338252,https://api.worldbank.org/v2/country/all/indicator/IT.NET.SECR.P6?format=json&per_page=20000&date=2020%3A2024
DZA,IT.NET.SECR.P6,secure_servers_per_million,2021,62.1075009798128,https://api.worldbank.org/v2/country/all/indicator/IT.NET.SECR.P6?format=json&per_page=20000&date=2020%3A2024
DZA,IT.NET.SECR.P6,secure_servers_per_million,2020,47.8178931150204,https://api.worldbank.org/v2/country/all/indicator/IT.NET.SECR.P6?format=json&per_page=20000&date=2020%3A2024
ASM,IT.NET.SECR.P6,secure_servers_per_million,2024,513.204319469689,https://api.worldbank.org/v2/country/all/indicator/IT.NET.SECR.P6?format=json&per_page=20000&date=2020%3A2024
ASM,IT.NET.SECR.P6,secure_servers_per_million,2023,462.953220681383,https://api.worldbank.org/v2/country/all/indicator/IT.NET.SECR.P6?format=json&per_page=20000&date=2020%3A2024
ASM,IT.NET.SECR.P6,secure_servers_per_million,2022,351.661081461255,https://api.worldbank.org/v2/country/all/indicator/IT.NET.SECR.P6?format=json&per_page=20000&date=2020%3A2024
ASM,IT.NET.SECR.P6,secure_servers_per_million,2021,426.6124936516,https://api.worldbank.org/v2/country/all/indicator/IT.NET.SECR.P6?format=json&per_page=20000&date=2020%3A2024
ASM,IT.NET.SECR.P6,secure_servers_per_million,2020,241.152709953578,https://api.worldbank.org/v2/country/all/indicator/IT.NET.SECR.P6?format=json&per_page=20000&date=2020%3A2024
AND,IT.NET.SECR.P6,secure_servers_per_million,2024,17623.0808660206,https://api.worldbank.org/v2/country/all/indicator/IT.NET.SECR.P6?format=json&per_page=20000&date=2020%3A2024
AND,IT.NET.SECR.P6,secure_servers_per_million,2023,14618.5811813595,https://api.worldbank.org/v2/country/all/indicator/IT.NET.SECR.P6?format=json&per_page=20000&date=2020%3A2024
AND,IT.NET.SECR.P6,secure_servers_per_million,2022,13725.6131986701,https://api.worldbank.org/v2/country/all/indicator/IT.NET.SECR.P6?format=json&per_page=20000&date=2020%3A2024
AND,IT.NET.SECR.P6,secure_servers_per_million,2021,11280.6901128069,https://api.worldbank.org/v2/country/all/indicator/IT.NET.SECR.P6?format=json&per_page=20000&date=2020%3A2024
AND,IT.NET.SECR.P6,secure_servers_per_million,2020,9705.35021969501,https://api.worldbank.org/v2/country/all/indicator/IT.NET.SECR.P6?format=json&per_page=20000&date=2020%3A2024
AGO,IT.NET.SECR.P6,secure_servers_per_million,2024,48.5141563014729,https://api.worldbank.org/v2/country/all/indicator/IT.NET.SECR.P6?format=json&per_page=20000&date=2020%3A2024
AGO,IT.NET.SECR.P6,secure_servers_per_million,2023,40.2177899448233,https://api.worldbank.org/v2/country/all/indicator/IT.NET.SECR.P6?format=json&per_page=20000&date=2020%3A2024
AGO,IT.NET.SECR.P6,secure_servers_per_million,2022,36.5370826553838,https://api.worldbank.org/v2/country/all/indicator/IT.NET.SECR.P6?format=json&per_page=20000&date=2020%3A2024
AGO,IT.NET.SECR.P6,secure_servers_per_million,2021,26.1782917153033,https://api.worldbank.org/v2/country/all/indicator/IT.NET.SECR.P6?format=json&per_page=20000&date=2020%3A2024
AGO,IT.NET.SECR.P6,secure_servers_per_million,2020,19.7302740008918,https://api.worldbank.org/v2/country/all/indicator/IT.NET.SECR.P6?format=json&per_page=20000&date=2020%3A2024
ATG,IT.NET.SECR.P6,secure_servers_per_million,2024,970.438936996118,https://api.worldbank.org/v2/country/all/indicator/IT.NET.SECR.P6?format=json&per_page=20000&date=2020%3A2024
ATG,IT.NET.SECR.P6,secure_servers_per_million,2023,803.720690985469,https://api.worldbank.org/v2/country/all/indicator/IT.NET.SECR.P6?format=json&per_page=20000&date=2020%3A2024
ATG,IT.NET.SECR.P6,secure_servers_per_million,2022,829.383886255924,https://api.worldbank.org/v2/country/all/indicator/IT.NET.SECR.P6?format=json&per_page=20000&date=2020%3A2024
ATG,IT.NET.SECR.P6,secure_servers_per_million,2021,801.308081300285,https://api.worldbank.org/v2/country/all/indicator/IT.NET.SECR.P6?format=json&per_page=20000&date=2020%3A2024
ATG,IT.NET.SECR.P6,secure_servers_per_million,2020,1328.31043268079,https://api.worldbank.org/v2/country/all/indicator/IT.NET.SECR.P6?format=json&per_page=20000&date=2020%3A2024
ARG,IT.NET.SECR.P6,secure_servers_per_million,2024,5453.43428098629,https://api.worldbank.org/v2/country/all/indicator/IT.NET.SECR.P6?format=json&per_page=20000&date=2020%3A2024
ARG,IT.NET.SECR.P6,secure_servers_per_million,2023,5451.20150353984,https://api.worldbank.org/v2/country/all/indicator/IT.NET.SECR.P6?format=json&per_page=20000&date=2020%3A2024
ARG,IT.NET.SECR.P6,secure_servers_per_million,2022,5287.33940240888,https://api.worldbank.org/v2/country/all/indicator/IT.NET.SECR.P6?format=json&per_page=20000&date=2020%3A2024
ARG,IT.NET.SECR.P6,secure_servers_per_million,2021,5116.36127962748,https://api.worldbank.org/v2/country/all/indicator/IT.NET.SECR.P6?format=json&per_page=20000&date=2020%3A2024
ARG,IT.NET.SECR.P6,secure_servers_per_million,2020,3700.83487186273,https://api.worldbank.org/v2/country/all/indicator/IT.NET.SECR.P6?format=json&per_page=20000&date=2020%3A2024
ARM,IT.NET.SECR.P6,secure_servers_per_million,2024,1735.28926982034,https://api.worldbank.org/v2/country/all/indicator/IT.NET.SECR.P6?format=json&per_page=20000&date=2020%3A2024
ARM,IT.NET.SECR.P6,secure_servers_per_million,2023,1177.00637587289,https://api.worldbank.org/v2/country/all/indicator/IT.NET.SECR.P6?format=json&per_page=20000&date=2020%3A2024
ARM,IT.NET.SECR.P6,secure_servers_per_million,2022,862.185100363734,https://api.worldbank.org/v2/country/all/indicator/IT.NET.SECR.P6?format=json&per_page=20000&date=2020%3A2024
ARM,IT.NET.SECR.P6,secure_servers_per_million,2021,712.95952469365,https://api.worldbank.org/v2/country/all/indicator/IT.NET.SECR.P6?format=json&per_page=20000&date=2020%3A2024
ARM,IT.NET.SECR.P6,secure_servers_per_million,2020,587.877764646294,https://api.worldbank.org/v2/country/all/indicator/IT.NET.SECR.P6?format=json&per_page=20000&date=2020%3A2024
ABW,IT.NET.SECR.P6,secure_servers_per_million,2024,1574.14695124774,https://api.worldbank.org/v2/country/all/indicator/IT.NET.SECR.P6?format=json&per_page=20000&date=2020%3A2024
ABW,IT.NET.SECR.P6,secure_servers_per_million,2023,1397.18141935003,https://api.worldbank.org/v2/country/all/indicator/IT.NET.SECR.P6?format=json&per_page=20000&date=2020%3A2024
ABW,IT.NET.SECR.P6,secure_servers_per_million,2022,1621.47050601062,https://api.worldbank.org/v2/country/all/indicator/IT.NET.SECR.P6?format=json&per_page=20000&date=2020%3A2024
ABW,IT.NET.SECR.P6,secure_servers_per_million,2021,1643.45403899721,https://api.worldbank.org/v2/country/all/indicator/IT.NET.SECR.P6?format=json&per_page=20000&date=2020%3A2024
ABW,IT.NET.SECR.P6,secure_servers_per_million,2020,1556.3557331909,https://api.worldbank.org/v2/country/all/indicator/IT.NET.SECR.P6?format=json&per_page=20000&date=2020%3A2024
AUS,IT.NET.SECR.P6,secure_servers_per_million,2024,44299.3061115854,https://api.worldbank.org/v2/country/all/indicator/IT.NET.SECR.P6?format=json&per_page=20000&date=2020%3A2024
AUS,IT.NET.SECR.P6,secure_servers_per_million,2023,47565.8931035132,https://api.worldbank.org/v2/country/all/indicator/IT.NET.SECR.P6?format=json&per_page=20000&date=2020%3A2024
AUS,IT.NET.SECR.P6,secure_servers_per_million,2022,48266.9382557275,https://api.worldbank.org/v2/country/all/indicator/IT.NET.SECR.P6?format=json&per_page=20000&date=2020%3A2024
AUS,IT.NET.SECR.P6,secure_servers_per_million,2021,46481.5592601746,https://api.worldbank.org/v2/country/all/indicator/IT.NET.SECR.P6?format=json&per_page=20000&date=2020%3A2024
AUS,IT.NET.SECR.P6,secure_servers_per_million,2020,39862.7281392421,https://api.worldbank.org/v2/country/all/indicator/IT.NET.SECR.P6?format=json&per_page=20000&date=2020%3A2024
AUT,IT.NET.SECR.P6,secure_servers_per_million,2024,47132.0383936251,https://api.worldbank.org/v2/country/all/indicator/IT.NET.SECR.P6?format=json&per_page=20000&date=2020%3A2024
AUT,IT.NET.SECR.P6,secure_servers_per_million,2023,42281.0014410145,https://api.worldbank.org/v2/country/all/indicator/IT.NET.SECR.P6?format=json&per_page=20000&date=2020%3A2024
AUT,IT.NET.SECR.P6,secure_servers_per_million,2022,39544.447259748,https://api.worldbank.org/v2/country/all/indicator/IT.NET.SECR.P6?format=json&per_page=20000&date=2020%3A2024
AUT,IT.NET.SECR.P6,secure_servers_per_million,2021,39775.2427840872,https://api.worldbank.org/v2/country/all/indicator/IT.NET.SECR.P6?format=json&per_page=20000&date=2020%3A2024
AUT,IT.NET.SECR.P6,secure_servers_per_million,2020,33802.6911703487,https://api.worldbank.org/v2/country/all/indicator/IT.NET.SECR.P6?format=json&per_page=20000&date=2020%3A2024
AZE,IT.NET.SECR.P6,secure_servers_per_million,2024,541.026362293599,https://api.worldbank.org/v2/country/all/indicator/IT.NET.SECR.P6?format=json&per_page=20000&date=2020%3A2024
AZE,IT.NET.SECR.P6,secure_servers_per_million,2023,549.736368813028,https://api.worldbank.org/v2/country/all/indicator/IT.NET.SECR.P6?format=json&per_page=20000&date=2020%3A2024
AZE,IT.NET.SECR.P6,secure_servers_per_million,2022,544.580248233146,https://api.worldbank.org/v2/country/all/indicator/IT.NET.SECR.P6?format=json&per_page=20000&date=2020%3A2024
AZE,IT.NET.SECR.P6,secure_servers_per_million,2021,416.857784025055,https://api.worldbank.org/v2/country/all/indicator/IT.NET.SECR.P6?format=json&per_page=20000&date=2020%3A2024
AZE,IT.NET.SECR.P6,secure_servers_per_million,2020,299.312769558593,https://api.worldbank.org/v2/country/all/indicator/IT.NET.SECR.P6?format=json&per_page=20000&date=2020%3A2024
BHS,IT.NET.SECR.P6,secure_servers_per_million,2024,6354.61756416295,https://api.worldbank.org/v2/country/all/indicator/IT.NET.SECR.P6?format=json&per_page=20000&date=2020%3A2024
BHS,IT.NET.SECR.P6,secure_servers_per_million,2023,6434.00761065492,https://api.worldbank.org/v2/country/all/indicator/IT.NET.SECR.P6?format=json&per_page=20000&date=2020%3A2024
BHS,IT.NET.SECR.P6,secure_servers_per_million,2022,5189.44100941294,https://api.worldbank.org/v2/country/all/indicator/IT.NET.SECR.P6?format=json&per_page=20000&date=2020%3A2024
BHS,IT.NET.SECR.P6,secure_servers_per_million,2021,2765.07229301693,https://api.worldbank.org/v2/country/all/indicator/IT.NET.SECR.P6?format=json&per_page=20000&date=2020%3A2024
BHS,IT.NET.SECR.P6,secure_servers_per_million,2020,1252.95872561972,https://api.worldbank.org/v2/country/all/indicator/IT.NET.SECR.P6?format=json&per_page=20000&date=2020%3A2024
BHR,IT.NET.SECR.P6,secure_servers_per_million,2024,7064.39978094884,https://api.worldbank.org/v2/country/all/indicator/IT.NET.SECR.P6?format=json&per_page=20000&date=2020%3A2024
BHR,IT.NET.SECR.P6,secure_servers_per_million,2023,5578.10456045081,https://api.worldbank.org/v2/country/all/indicator/IT.NET.SECR.P6?format=json&per_page=20000&date=2020%3A2024
BHR,IT.NET.SECR.P6,secure_servers_per_million,2022,5210.2292067977,https://api.worldbank.org/v2/country/all/indicator/IT.NET.SECR.P6?format=json&per_page=20000&date=2020%3A2024
BHR,IT.NET.SECR.P6,secure_servers_per_million,2021,3892.00759124282,https://api.worldbank.org/v2/country/all/indicator/IT.NET.SECR.P6?format=json&per_page=20000&date=2020%3A2024
BHR,IT.NET.SECR.P6,secure_servers_per_million,2020,453.062211486995,https://api.worldbank.org/v2/country/all/indicator/IT.NET.SECR.P6?format=json&per_page=20000&date=2020%3A2024
BGD,IT.NET.SECR.P6,secure_servers_per_million,2024,527.061270034326,https://api.worldbank.org/v2/country/all/indicator/IT.NET.SECR.P6?format=json&per_page=20000&date=2020%3A2024
BGD,IT.NET.SECR.P6,secure_servers_per_million,2023,388.168008314603,https://api.worldbank.org/v2/country/all/indicator/IT.NET.SECR.P6?format=json&per_page=20000&date=2020%3A2024
BGD,IT.NET.SECR.P6,secure_servers_per_million,2022,329.568934354283,https://api.worldbank.org/v2/country/all/indicator/IT.NET.SECR.P6?format=json&per_page=20000&date=2020%3A2024
BGD,IT.NET.SECR.P6,secure_servers_per_million,2021,228.70847011754,https://api.worldbank.org/v2/country/all/indicator/IT.NET.SECR.P6?format=json&per_page=20000&date=2020%3A2024
BGD,IT.NET.SECR.P6,secure_servers_per_million,2020,138.817043310148,https://api.worldbank.org/v2/country/all/indicator/IT.NET.SECR.P6?format=json&per_page=20000&date=2020%3A2024
BRB,IT.NET.SECR.P6,secure_servers_per_million,2024,1171.81830089887,https://api.worldbank.org/v2/country/all/indicator/IT.NET.SECR.P6?format=json&per_page=20000&date=2020%3A2024
BRB,IT.NET.SECR.P6,secure_servers_per_million,2023,1059.02187464581,https://api.worldbank.org/v2/country/all/indicator/IT.NET.SECR.P6?format=json&per_page=20000&date=2020%3A2024
BRB,IT.NET.SECR.P6,secure_servers_per_million,2022,981.16308559851,https://api.worldbank.org/v2/country/all/indicator/IT.NET.SECR.P6?format=json&per_page=20000&date=2020%3A2024
BRB,IT.NET.SECR.P6,secure_servers_per_million,2021,914.416952864996,https://api.worldbank.org/v2/country/all/indicator/IT.NET.SECR.P6?format=json&per_page=20000&date=2020%3A2024
BRB,IT.NET.SECR.P6,secure_servers_per_million,2020,1057.87048541346,https://api.worldbank.org/v2/country/all/indicator/IT.NET.SECR.P6?format=json&per_page=20000&date=2020%3A2024
BLR,IT.NET.SECR.P6,secure_servers_per_million,2024,12729.5218058239,https://api.worldbank.org/v2/country/all/indicator/IT.NET.SECR.P6?format=json&per_page=20000&date=2020%3A2024
BLR,IT.NET.SECR.P6,secure_servers_per_million,2023,11946.8772968583,https://api.worldbank.org/v2/country/all/indicator/IT.NET.SECR.P6?format=json&per_page=20000&date=2020%3A2024
BLR,IT.NET.SECR.P6,secure_servers_per_million,2022,10278.4211348179,https://api.worldbank.org/v2/country/all/indicator/IT.NET.SECR.P6?format=json&per_page=20000&date=2020%3A2024
BLR,IT.NET.SECR.P6,secure_servers_per_million,2021,9313.43277164358,https://api.worldbank.org/v2/country/all/indicator/IT.NET.SECR.P6?format=json&per_page=20000&date=2020%3A2024
BLR,IT.NET.SECR.P6,secure_servers_per_million,2020,7550.57168736045,https://api.worldbank.org/v2/country/all/indicator/IT.NET.SECR.P6?format=json&per_page=20000&date=2020%3A2024
BEL,IT.NET.SECR.P6,secure_servers_per_million,2024,36731.8766702,https://api.worldbank.org/v2/country/all/indicator/IT.NET.SECR.P6?format=json&per_page=20000&date=2020%3A2024
BEL,IT.NET.SECR.P6,secure_servers_per_million,2023,33664.5855592207,https://api.worldbank.org/v2/country/all/indicator/IT.NET.SECR.P6?format=json&per_page=20000&date=2020%3A2024
BEL,IT.NET.SECR.P6,secure_servers_per_million,2022,30850.8151822613,https://api.worldbank.org/v2/country/all/indicator/IT.NET.SECR.P6?format=json&per_page=20000&date=2020%3A2024
BEL,IT.NET.SECR.P6,secure_servers_per_million,2021,28369.365438783,https://api.worldbank.org/v2/country/all/indicator/IT.NET.SECR.P6?format=json&per_page=20000&date=2020%3A2024
BEL,IT.NET.SECR.P6,secure_servers_per_million,2020,24215.3210215031,https://api.worldbank.org/v2/country/all/indicator/IT.NET.SECR.P6?format=json&per_page=20000&date=2020%3A2024
BLZ,IT.NET.SECR.P6,secure_servers_per_million,2024,464560.075958108,https://api.worldbank.org/v2/country/all/indicator/IT.NET.SECR.P6?format=json&per_page=20000&date=2020%3A2024
BLZ,IT.NET.SECR.P6,secure_servers_per_million,2023,405693.422134437,https://api.worldbank.org/v2/country/all/indicator/IT.NET.SECR.P6?format=json&per_page=20000&date=2020%3A2024
BLZ,IT.NET.SECR.P6,secure_servers_per_million,2022,342412.963427382,https://api.worldbank.org/v2/country/all/indicator/IT.NET.SECR.P6?format=json&per_page=20000&date=2020%3A2024
BLZ,IT.NET.SECR.P6,secure_servers_per_million,2021,319745.235818751,https://api.worldbank.org/v2/country/all/indicator/IT.NET.SECR.P6?format=json&per_page=20000&date=2020%3A2024
BLZ,IT.NET.SECR.P6,secure_servers_per_million,2020,133632.027675711,https://api.worldbank.org/v2/country/all/indicator/IT.NET.SECR.P6?format=json&per_page=20000&date=2020%3A2024
BEN,IT.NET.SECR.P6,secure_servers_per_million,2024,20.3972640285468,https://api.worldbank.org/v2/country/all/indicator/IT.NET.SECR.P6?format=json&per_page=20000&date=2020%3A2024
BEN,IT.NET.SECR.P6,secure_servers_per_million,2023,12.4016425727555,https://api.worldbank.org/v2/country/all/indicator/IT.NET.SECR.P6?format=json&per_page=20000&date=2020%3A2024
BEN,IT.NET.SECR.P6,secure_servers_per_million,2022,8.2125071250767,https://api.worldbank.org/v2/country/all/indicator/IT.NET.SECR.P6?format=json&per_page=20000&date=2020%3A2024
BEN,IT.NET.SECR.P6,secure_servers_per_million,2021,21.7692479105063,https://api.worldbank.org/v2/country/all/indicator/IT.NET.SECR.P6?format=json&per_page=20000&date=2020%3A2024
BEN,IT.NET.SECR.P6,secure_servers_per_million,2020,17.2912836857733,https://api.worldbank.org/v2/country/all/indicator/IT.NET.SECR.P6?format=json&per_page=20000&date=2020%3A2024
BMU,IT.NET.SECR.P6,secure_servers_per_million,2024,4347.42248901541,https://api.worldbank.org/v2/country/all/indicator/IT.NET.SECR.P6?format=json&per_page=20000&date=2020%3A2024
BMU,IT.NET.SECR.P6,secure_servers_per_million,2023,5718.87848156048,https://api.worldbank.org/v2/country/all/indicator/IT.NET.SECR.P6?format=json&per_page=20000&date=2020%3A2024
BMU,IT.NET.SECR.P6,secure_servers_per_million,2022,5498.15441165114,https://api.worldbank.org/v2/country/all/indicator/IT.NET.SECR.P6?format=json&per_page=20000&date=2020%3A2024
BMU,IT.NET.SECR.P6,secure_servers_per_million,2021,6171.88466773914,https://api.worldbank.org/v2/country/all/indicator/IT.NET.SECR.P6?format=json&per_page=20000&date=2020%3A2024
BMU,IT.NET.SECR.P6,secure_servers_per_million,2020,7517.62915100494,https://api.worldbank.org/v2/country/all/indicator/IT.NET.SECR.P6?format=json&per_page=20000&date=2020%3A2024
BTN,IT.NET.SECR.P6,secure_servers_per_million,2024,1339.18870432229,https://api.worldbank.org/v2/country/all/indicator/IT.NET.SECR.P6?format=json&per_page=20000&date=2020%3A2024
BTN,IT.NET.SECR.P6,secure_servers_per_million,2023,1227.13429172733,https://api.worldbank.org/v2/country/all/indicator/IT.NET.SECR.P6?format=json&per_page=20000&date=2020%3A2024
BTN,IT.NET.SECR.P6,secure_servers_per_million,2022,1024.44059140955,https://api.worldbank.org/v2/country/all/indicator/IT.NET.SECR.P6?format=json&per_page=20000&date=2020%3A2024
BTN,IT.NET.SECR.P6,secure_servers_per_million,2021,816.308634301469,https://api.worldbank.org/v2/country/all/indicator/IT.NET.SECR.P6?format=json&per_page=20000&date=2020%3A2024
BTN,IT.NET.SECR.P6,secure_servers_per_million,2020,684.410251348691,https://api.worldbank.org/v2/country/all/indicator/IT.NET.SECR.P6?format=json&per_page=20000&date=2020%3A2024
BOL,IT.NET.SECR.P6,secure_servers_per_million,2024,364.447369618833,https://api.worldbank.org/v2/country/all/indicator/IT.NET.SECR.P6?format=json&per_page=20000&date=2020%3A2024
BOL,IT.NET.SECR.P6,secure_servers_per_million,2023,326.60471004991,https://api.worldbank.org/v2/country/all/indicator/IT.NET.SECR.P6?format=json&per_page=20000&date=2020%3A2024
BOL,IT.NET.SECR.P6,secure_servers_per_million,2022,275.975614784741,https://api.worldbank.org/v2/country/all/indicator/IT.NET.SECR.P6?format=json&per_page=20000&date=2020%3A2024
BOL,IT.NET.SECR.P6,secure_servers_per_million,2021,244.526427953919,https://api.worldbank.org/v2/country/all/indicator/IT.NET.SECR.P6?format=json&per_page=20000&date=2020%3A2024
BOL,IT.NET.SECR.P6,secure_servers_per_million,2020,207.509982609614,https://api.worldbank.org/v2/country/all/indicator/IT.NET.SECR.P6?format=json&per_page=20000&date=2020%3A2024
BIH,IT.NET.SECR.P6,secure_servers_per_million,2024,5554.23349523568,https://api.worldbank.org/v2/country/all/indicator/IT.NET.SECR.P6?format=json&per_page=20000&date=2020%3A2024
BIH,IT.NET.SECR.P6,secure_servers_per_million,2023,5345.87433317855,https://api.worldbank.org/v2/country/all/indicator/IT.NET.SECR.P6?format=json&per_page=20000&date=2020%3A2024
BIH,IT.NET.SECR.P6,secure_servers_per_million,2022,4776.58214142403,https://api.worldbank.org/v2/country/all/indicator/IT.NET.SECR.P6?format=json&per_page=20000&date=2020%3A2024
BIH,IT.NET.SECR.P6,secure_servers_per_million,2021,3956.6619320677,https://api.worldbank.org/v2/country/all/indicator/IT.NET.SECR.P6?format=json&per_page=20000&date=2020%3A2024
BIH,IT.NET.SECR.P6,secure_servers_per_million,2020,3146.68136047445,https://api.worldbank.org/v2/country/all/indicator/IT.NET.SECR.P6?format=json&per_page=20000&date=2020%3A2024
BWA,IT.NET.SECR.P6,secure_servers_per_million,2024,471.215589461747,https://api.worldbank.org/v2/country/all/indicator/IT.NET.SECR.P6?format=json&per_page=20000&date=2020%3A2024
BWA,IT.NET.SECR.P6,secure_servers_per_million,2023,441.085635122996,https://api.worldbank.org/v2/country/all/indicator/IT.NET.SECR.P6?format=json&per_page=20000&date=2020%3A2024
BWA,IT.NET.SECR.P6,secure_servers_per_million,2022,369.688494408769,https://api.worldbank.org/v2/country/all/indicator/IT.NET.SECR.P6?format=json&per_page=20000&date=2020%3A2024
BWA,IT.NET.SECR.P6,secure_servers_per_million,2021,335.215397754931,https://api.worldbank.org/v2/country/all/indicator/IT.NET.SECR.P6?format=json&per_page=20000&date=2020%3A2024
BWA,IT.NET.SECR.P6,secure_servers_per_million,2020,262.057387186408,https://api.worldbank.org/v2/country/all/indicator/IT.NET.SECR.P6?format=json&per_page=20000&date=2020%3A2024
BRA,IT.NET.SECR.P6,secure_servers_per_million,2024,6941.17408045006,https://api.worldbank.org/v2/country/all/indicator/IT.NET.SECR.P6?format=json&per_page=20000&date=2020%3A2024
BRA,IT.NET.SECR.P6,secure_servers_per_million,2023,5628.66295682819,https://api.worldbank.org/v2/country/all/indicator/IT.NET.SECR.P6?format=json&per_page=20000&date=2020%3A2024
BRA,IT.NET.SECR.P6,secure_servers_per_million,2022,4685.09246377482,https://api.worldbank.org/v2/country/all/indicator/IT.NET.SECR.P6?format=json&per_page=20000&date=2020%3A2024
BRA,IT.NET.SECR.P6,secure_servers_per_million,2021,3546.59010881655,https://api.worldbank.org/v2/country/all/indicator/IT.NET.SECR.P6?format=json&per_page=20000&date=2020%3A2024
BRA,IT.NET.SECR.P6,secure_servers_per_million,2020,3144.86893520731,https://api.worldbank.org/v2/country/all/indicator/IT.NET.SECR.P6?format=json&per_page=20000&date=2020%3A2024
VGB,IT.NET.SECR.P6,secure_servers_per_million,2024,1443008.79126447,https://api.worldbank.org/v2/country/all/indicator/IT.NET.SECR.P6?format=json&per_page=20000&date=2020%3A2024
VGB,IT.NET.SECR.P6,secure_servers_per_million,2023,1982403.48852123,https://api.worldbank.org/v2/country/all/indicator/IT.NET.SECR.P6?format=json&per_page=20000&date=2020%3A2024
VGB,IT.NET.SECR.P6,secure_servers_per_million,2022,3262663.43067408,https://api.worldbank.org/v2/country/all/indicator/IT.NET.SECR.P6?format=json&per_page=20000&date=2020%3A2024
VGB,IT.NET.SECR.P6,secure_servers_per_million,2021,1797058.90131979,https://api.worldbank.org/v2/country/all/indicator/IT.NET.SECR.P6?format=json&per_page=20000&date=2020%3A2024
VGB,IT.NET.SECR.P6,secure_servers_per_million,2020,603419.954221085,https://api.worldbank.org/v2/country/all/indicator/IT.NET.SECR.P6?format=json&per_page=20000&date=2020%3A2024
BRN,IT.NET.SECR.P6,secure_servers_per_million,2024,16128.509404155,https://api.worldbank.org/v2/country/all/indicator/IT.NET.SECR.P6?format=json&per_page=20000&date=2020%3A2024
BRN,IT.NET.SECR.P6,secure_servers_per_million,2023,8774.3954121264,https://api.worldbank.org/v2/country/all/indicator/IT.NET.SECR.P6?format=json&per_page=20000&date=2020%3A2024
BRN,IT.NET.SECR.P6,secure_servers_per_million,2022,21094.9337901047,https://api.worldbank.org/v2/country/all/indicator/IT.NET.SECR.P6?format=json&per_page=20000&date=2020%3A2024
BRN,IT.NET.SECR.P6,secure_servers_per_million,2021,14092.769652064,https://api.worldbank.org/v2/country/all/indicator/IT.NET.SECR.P6?format=json&per_page=20000&date=2020%3A2024
BRN,IT.NET.SECR.P6,secure_servers_per_million,2020,15399.9517214866,https://api.worldbank.org/v2/country/all/indicator/IT.NET.SECR.P6?format=json&per_page=20000&date=2020%3A2024
BGR,IT.NET.SECR.P6,secure_servers_per_million,2024,50750.6030113542,https://api.worldbank.org/v2/country/all/indicator/IT.NET.SECR.P6?format=json&per_page=20000&date=2020%3A2024
BGR,IT.NET.SECR.P6,secure_servers_per_million,2023,54104.3676383629,https://api.worldbank.org/v2/country/all/indicator/IT.NET.SECR.P6?format=json&per_page=20000&date=2020%3A2024
BGR,IT.NET.SECR.P6,secure_servers_per_million,2022,57819.5501165721,https://api.worldbank.org/v2/country/all/indicator/IT.NET.SECR.P6?format=json&per_page=20000&date=2020%3A2024
BGR,IT.NET.SECR.P6,secure_servers_per_million,2021,55100.7245553879,https://api.worldbank.org/v2/country/all/indicator/IT.NET.SECR.P6?format=json&per_page=20000&date=2020%3A2024
BGR,IT.NET.SECR.P6,secure_servers_per_million,2020,50889.4016757914,https://api.worldbank.org/v2/country/all/indicator/IT.NET.SECR.P6?format=json&per_page=20000&date=2020%3A2024
BFA,IT.NET.SECR.P6,secure_servers_per_million,2024,28.8337642615132,https://api.worldbank.org/v2/country/all/indicator/IT.NET.SECR.P6?format=json&per_page=20000&date=2020%3A2024
BFA,IT.NET.SECR.P6,secure_servers_per_million,2023,22.583386549057,https://api.worldbank.org/v2/country/all/indicator/IT.NET.SECR.P6?format=json&per_page=20000&date=2020%3A2024
BFA,IT.NET.SECR.P6,secure_servers_per_million,2022,21.7246068001662,https://api.worldbank.org/v2/country/all/indicator/IT.NET.SECR.P6?format=json&per_page=20000&date=2020%3A2024
BFA,IT.NET.SECR.P6,secure_servers_per_million,2021,11.0478433905004,https://api.worldbank.org/v2/country/all/indicator/IT.NET.SECR.P6?format=json&per_page=20000&date=2020%3A2024
BFA,IT.NET.SECR.P6,secure_servers_per_million,2020,5.81972178005269,https://api.worldbank.org/v2/country/all/indicator/IT.NET.SECR.P6?format=json&per_page=20000&date=2020%3A2024
BDI,IT.NET.SECR.P6,secure_servers_per_million,2024,10.6066536036355,https://api.worldbank.org/v2/country/all/indicator/IT.NET.SECR.P6?format=json&per_page=20000&date=2020%3A2024
BDI,IT.NET.SECR.P6,secure_servers_per_million,2023,10.2999024796467,https://api.worldbank.org/v2/country/all/indicator/IT.NET.SECR.P6?format=json&per_page=20000&date=2020%3A2024
BDI,IT.NET.SECR.P6,secure_servers_per_million,2022,10.8099205343224,https://api.worldbank.org/v2/country/all/indicator/IT.NET.SECR.P6?format=json&per_page=20000&date=2020%3A2024
BDI,IT.NET.SECR.P6,secure_servers_per_million,2021,6.32448576338973,https://api.worldbank.org/v2/country/all/indicator/IT.NET.SECR.P6?format=json&per_page=20000&date=2020%3A2024
BDI,IT.NET.SECR.P6,secure_servers_per_million,2020,8.16356551570432,https://api.worldbank.org/v2/country/all/indicator/IT.NET.SECR.P6?format=json&per_page=20000&date=2020%3A2024
CPV,IT.NET.SECR.P6,secure_servers_per_million,2024,857.34372052881,https://api.worldbank.org/v2/country/all/indicator/IT.NET.SECR.P6?format=json&per_page=20000&date=2020%3A2024
CPV,IT.NET.SECR.P6,secure_servers_per_million,2023,951.503931415137,https://api.worldbank.org/v2/country/all/indicator/IT.NET.SECR.P6?format=json&per_page=20000&date=2020%3A2024
CPV,IT.NET.SECR.P6,secure_servers_per_million,2022,777.310237214305,https://api.worldbank.org/v2/country/all/indicator/IT.NET.SECR.P6?format=json&per_page=20000&date=2020%3A2024
CPV,IT.NET.SECR.P6,secure_servers_per_million,2021,648.40926818788,https://api.worldbank.org/v2/country/all/indicator/IT.NET.SECR.P6?format=json&per_page=20000&date=2020%3A2024
CPV,IT.NET.SECR.P6,secure_servers_per_million,2020,192.352903460215,https://api.worldbank.org/v2/country/all/indicator/IT.NET.SECR.P6?format=json&per_page=20000&date=2020%3A2024
KHM,IT.NET.SECR.P6,secure_servers_per_million,2024,817.289111657873,https://api.worldbank.org/v2/country/all/indicator/IT.NET.SECR.P6?format=json&per_page=20000&date=2020%3A2024
KHM,IT.NET.SECR.P6,secure_servers_per_million,2023,223.199425156739,https://api.worldbank.org/v2/country/all/indicator/IT.NET.SECR.P6?format=json&per_page=20000&date=2020%3A2024
KHM,IT.NET.SECR.P6,secure_servers_per_million,2022,183.469982427343,https://api.worldbank.org/v2/country/all/indicator/IT.NET.SECR.P6?format=json&per_page=20000&date=2020%3A2024
KHM,IT.NET.SECR.P6,secure_servers_per_million,2021,166.36910907398,https://api.worldbank.org/v2/country/all/indicator/IT.NET.SECR.P6?format=json&per_page=20000&date=2020%3A2024
KHM,IT.NET.SECR.P6,secure_servers_per_million,2020,188.455047671594,https://api.worldbank.org/v2/country/all/indicator/IT.NET.SECR.P6?format=json&per_page=20000&date=2020%3A2024
CMR,IT.NET.SECR.P6,secure_servers_per_million,2024,25.168467350901,https://api.worldbank.org/v2/country/all/indicator/IT.NET.SECR.P6?format=json&per_page=20000&date=2020%3A2024
CMR,IT.NET.SECR.P6,secure_servers_per_million,2023,17.0586592662161,https://api.worldbank.org/v2/country/all/indicator/IT.NET.SECR.P6?format=json&per_page=20000&date=2020%3A2024
CMR,IT.NET.SECR.P6,secure_servers_per_million,2022,15.1993442858119,https://api.worldbank.org/v2/country/all/indicator/IT.NET.SECR.P6?format=json&per_page=20000&date=2020%3A2024
CMR,IT.NET.SECR.P6,secure_servers_per_million,2021,17.4618897970475,https://api.worldbank.org/v2/country/all/indicator/IT.NET.SECR.P6?format=json&per_page=20000&date=2020%3A2024
CMR,IT.NET.SECR.P6,secure_servers_per_million,2020,16.9397385587899,https://api.worldbank.org/v2/country/all/indicator/IT.NET.SECR.P6?format=json&per_page=20000&date=2020%3A2024
CAN,IT.NET.SECR.P6,secure_servers_per_million,2024,39738.0380540323,https://api.worldbank.org/v2/country/all/indicator/IT.NET.SECR.P6?format=json&per_page=20000&date=2020%3A2024
CAN,IT.NET.SECR.P6,secure_servers_per_million,2023,42601.5943234463,https://api.worldbank.org/v2/country/all/indicator/IT.NET.SECR.P6?format=json&per_page=20000&date=2020%3A2024
CAN,IT.NET.SECR.P6,secure_servers_per_million,2022,43637.3874162994,https://api.worldbank.org/v2/country/all/indicator/IT.NET.SECR.P6?format=json&per_page=20000&date=2020%3A2024
CAN,IT.NET.SECR.P6,secure_servers_per_million,2021,43542.2312171403,https://api.worldbank.org/v2/country/all/indicator/IT.NET.SECR.P6?format=json&per_page=20000&date=2020%3A2024
CAN,IT.NET.SECR.P6,secure_servers_per_million,2020,39858.7243645171,https://api.worldbank.org/v2/country/all/indicator/IT.NET.SECR.P6?format=json&per_page=20000&date=2020%3A2024
CYM,IT.NET.SECR.P6,secure_servers_per_million,2024,26673.1133405858,https://api.worldbank.org/v2/country/all/indicator/IT.NET.SECR.P6?format=json&per_page=20000&date=2020%3A2024
CYM,IT.NET.SECR.P6,secure_servers_per_million,2023,26561.5159232181,https://api.worldbank.org/v2/country/all/indicator/IT.NET.SECR.P6?format=json&per_page=20000&date=2020%3A2024
CYM,IT.NET.SECR.P6,secure_servers_per_million,2022,5182.21564163093,https://api.worldbank.org/v2/country/all/indicator/IT.NET.SECR.P6?format=json&per_page=20000&date=2020%3A2024
CYM,IT.NET.SECR.P6,secure_servers_per_million,2021,5762.53779882467,https://api.worldbank.org/v2/country/all/indicator/IT.NET.SECR.P6?format=json&per_page=20000&date=2020%3A2024
CYM,IT.NET.SECR.P6,secure_servers_per_million,2020,29147.9820627803,https://api.worldbank.org/v2/country/all/indicator/IT.NET.SECR.P6?format=json&per_page=20000&date=2020%3A2024
CAF,IT.NET.SECR.P6,secure_servers_per_million,2024,1.68833678191754,https://api.worldbank.org/v2/country/all/indicator/IT.NET.SECR.P6?format=json&per_page=20000&date=2020%3A2024
CAF,IT.NET.SECR.P6,secure_servers_per_million,2023,2.5230857493982,https://api.worldbank.org/v2/country/all/indicator/IT.NET.SECR.P6?format=json&per_page=20000&date=2020%3A2024
CAF,IT.NET.SECR.P6,secure_servers_per_million,2022,1.96153854452663,https://api.worldbank.org/v2/country/all/indicator/IT.NET.SECR.P6?format=json&per_page=20000&date=2020%3A2024
CAF,IT.NET.SECR.P6,secure_servers_per_million,2021,0.978071633966472,https://api.worldbank.org/v2/country/all/indicator/IT.NET.SECR.P6?format=json&per_page=20000&date=2020%3A2024
CAF,IT.NET.SECR.P6,secure_servers_per_million,2020,1.1936431341249,https://api.worldbank.org/v2/country/all/indicator/IT.NET.SECR.P6?format=json&per_page=20000&date=2020%3A2024
TCD,IT.NET.SECR.P6,secure_servers_per_million,2024,1.23158030029179,https://api.worldbank.org/v2/country/all/indicator/IT.NET.SECR.P6?format=json&per_page=20000&date=2020%3A2024
TCD,IT.NET.SECR.P6,secure_servers_per_million,2023,1.24229621062387,https://api.worldbank.org/v2/country/all/indicator/IT.NET.SECR.P6?format=json&per_page=20000&date=2020%3A2024
TCD,IT.NET.SECR.P6,secure_servers_per_million,2022,0.866958875155538,https://api.worldbank.org/v2/country/all/indicator/IT.NET.SECR.P6?format=json&per_page=20000&date=2020%3A2024
TCD,IT.NET.SECR.P6,secure_servers_per_million,2021,1.23399501454796,https://api.worldbank.org/v2/country/all/indicator/IT.NET.SECR.P6?format=json&per_page=20000&date=2020%3A2024
TCD,IT.NET.SECR.P6,secure_servers_per_million,2020,1.21918092058494,https://api.worldbank.org/v2/country/all/indicator/IT.NET.SECR.P6?format=json&per_page=20000&date=2020%3A2024
CHI,IT.NET.SECR.P6,secure_servers_per_million,2024,,https://api.worldbank.org/v2/country/all/indicator/IT.NET.SECR.P6?format=json&per_page=20000&date=2020%3A2024
CHI,IT.NET.SECR.P6,secure_servers_per_million,2023,,https://api.worldbank.org/v2/country/all/indicator/IT.NET.SECR.P6?format=json&per_page=20000&date=2020%3A2024
CHI,IT.NET.SECR.P6,secure_servers_per_million,2022,,https://api.worldbank.org/v2/country/all/indicator/IT.NET.SECR.P6?format=json&per_page=20000&date=2020%3A2024
CHI,IT.NET.SECR.P6,secure_servers_per_million,2021,,https://api.worldbank.org/v2/country/all/indicator/IT.NET.SECR.P6?format=json&per_page=20000&date=2020%3A2024
CHI,IT.NET.SECR.P6,secure_servers_per_million,2020,,https://api.worldbank.org/v2/country/all/indicator/IT.NET.SECR.P6?format=json&per_page=20000&date=2020%3A2024
CHL,IT.NET.SECR.P6,secure_servers_per_million,2024,11912.6095617298,https://api.worldbank.org/v2/country/all/indicator/IT.NET.SECR.P6?format=json&per_page=20000&date=2020%3A2024
CHL,IT.NET.SECR.P6,secure_servers_per_million,2023,12299.9658931976,https://api.worldbank.org/v2/country/all/indicator/IT.NET.SECR.P6?format=json&per_page=20000&date=2020%3A2024
CHL,IT.NET.SECR.P6,secure_servers_per_million,2022,11563.2682310819,https://api.worldbank.org/v2/country/all/indicator/IT.NET.SECR.P6?format=json&per_page=20000&date=2020%3A2024
CHL,IT.NET.SECR.P6,secure_servers_per_million,2021,12724.956304718,https://api.worldbank.org/v2/country/all/indicator/IT.NET.SECR.P6?format=json&per_page=20000&date=2020%3A2024
CHL,IT.NET.SECR.P6,secure_servers_per_million,2020,12744.8656274573,https://api.worldbank.org/v2/country/all/indicator/IT.NET.SECR.P6?format=json&per_page=20000&date=2020%3A2024
CHN,IT.NET.SECR.P6,secure_servers_per_million,2024,1413.32103124612,https://api.worldbank.org/v2/country/all/indicator/IT.NET.SECR.P6?format=json&per_page=20000&date=2020%3A2024
CHN,IT.NET.SECR.P6,secure_servers_per_million,2023,1508.37096213963,https://api.worldbank.org/v2/country/all/indicator/IT.NET.SECR.P6?format=json&per_page=20000&date=2020%3A2024
CHN,IT.NET.SECR.P6,secure_servers_per_million,2022,1317.31265600935,https://api.worldbank.org/v2/country/all/indicator/IT.NET.SECR.P6?format=json&per_page=20000&date=2020%3A2024
CHN,IT.NET.SECR.P6,secure_servers_per_million,2021,1083.91132572432,https://api.worldbank.org/v2/country/all/indicator/IT.NET.SECR.P6?format=json&per_page=20000&date=2020%3A2024
CHN,IT.NET.SECR.P6,secure_servers_per_million,2020,948.458649280703,https://api.worldbank.org/v2/country/all/indicator/IT.NET.SECR.P6?format=json&per_page=20000&date=2020%3A2024
COL,IT.NET.SECR.P6,secure_servers_per_million,2024,1126.20714719974,https://api.worldbank.org/v2/country/all/indicator/IT.NET.SECR.P6?format=json&per_page=20000&date=2020%3A2024
COL,IT.NET.SECR.P6,secure_servers_per_million,2023,1109.11166481961,https://api.worldbank.org/v2/country/all/indicator/IT.NET.SECR.P6?format=json&per_page=20000&date=2020%3A2024
COL,IT.NET.SECR.P6,secure_servers_per_million,2022,669.643927095364,https://api.worldbank.org/v2/country/all/indicator/IT.NET.SECR.P6?format=json&per_page=20000&date=2020%3A2024
COL,IT.NET.SECR.P6,secure_servers_per_million,2021,646.067207751291,https://api.worldbank.org/v2/country/all/indicator/IT.NET.SECR.P6?format=json&per_page=20000&date=2020%3A2024
COL,IT.NET.SECR.P6,secure_servers_per_million,2020,407.78197162445,https://api.worldbank.org/v2/country/all/indicator/IT.NET.SECR.P6?format=json&per_page=20000&date=2020%3A2024
COM,IT.NET.SECR.P6,secure_servers_per_million,2024,16.1545668960615,https://api.worldbank.org/v2/country/all/indicator/IT.NET.SECR.P6?format=json&per_page=20000&date=2020%3A2024
COM,IT.NET.SECR.P6,secure_servers_per_million,2023,18.8149630697553,https://api.worldbank.org/v2/country/all/indicator/IT.NET.SECR.P6?format=json&per_page=20000&date=2020%3A2024
COM,IT.NET.SECR.P6,secure_servers_per_million,2022,26.3729519005308,https://api.worldbank.org/v2/country/all/indicator/IT.NET.SECR.P6?format=json&per_page=20000&date=2020%3A2024
COM,IT.NET.SECR.P6,secure_servers_per_million,2021,18.3335085201925,https://api.worldbank.org/v2/country/all/indicator/IT.NET.SECR.P6?format=json&per_page=20000&date=2020%3A2024
COM,IT.NET.SECR.P6,secure_servers_per_million,2020,9.97303540552232,https://api.worldbank.org/v2/country/all/indicator/IT.NET.SECR.P6?format=json&per_page=20000&date=2020%3A2024
COD,IT.NET.SECR.P6,secure_servers_per_million,2024,9.66358065038185,https://api.worldbank.org/v2/country/all/indicator/IT.NET.SECR.P6?format=json&per_page=20000&date=2020%3A2024
COD,IT.NET.SECR.P6,secure_servers_per_million,2023,8.82883424668128,https://api.worldbank.org/v2/country/all/indicator/IT.NET.SECR.P6?format=json&per_page=20000&date=2020%3A2024
COD,IT.NET.SECR.P6,secure_servers_per_million,2022,5.95720763919494,https://api.worldbank.org/v2/country/all/indicator/IT.NET.SECR.P6?format=json&per_page=20000&date=2020%3A2024
COD,IT.NET.SECR.P6,secure_servers_per_million,2021,4.70000019768241,https://api.worldbank.org/v2/country/all/indicator/IT.NET.SECR.P6?format=json&per_page=20000&date=2020%3A2024
COD,IT.NET.SECR.P6,secure_servers_per_million,2020,3.59412446284247,https://api.worldbank.org/v2/country/all/indicator/IT.NET.SECR.P6?format=json&per_page=20000&date=2020%3A2024
COG,IT.NET.SECR.P6,secure_servers_per_million,2024,16.5799220933146,https://api.worldbank.org/v2/country/all/indicator/IT.NET.SECR.P6?format=json&per_page=20000&date=2020%3A2024
COG,IT.NET.SECR.P6,secure_servers_per_million,2023,18.5997313551845,https://api.worldbank.org/v2/country/all/indicator/IT.NET.SECR.P6?format=json&per_page=20000&date=2020%3A2024
COG,IT.NET.SECR.P6,secure_servers_per_million,2022,11.7645031469217,https://api.worldbank.org/v2/country/all/indicator/IT.NET.SECR.P6?format=json&per_page=20000&date=2020%3A2024
COG,IT.NET.SECR.P6,secure_servers_per_million,2021,10.1829831150865,https://api.worldbank.org/v2/country/all/indicator/IT.NET.SECR.P6?format=json&per_page=20000&date=2020%3A2024
COG,IT.NET.SECR.P6,secure_servers_per_million,2020,7.99611875348852,https://api.worldbank.org/v2/country/all/indicator/IT.NET.SECR.P6?format=json&per_page=20000&date=2020%3A2024
CRI,IT.NET.SECR.P6,secure_servers_per_million,2024,1999.84015314109,https://api.worldbank.org/v2/country/all/indicator/IT.NET.SECR.P6?format=json&per_page=20000&date=2020%3A2024
CRI,IT.NET.SECR.P6,secure_servers_per_million,2023,1956.70376699752,https://api.worldbank.org/v2/country/all/indicator/IT.NET.SECR.P6?format=json&per_page=20000&date=2020%3A2024
CRI,IT.NET.SECR.P6,secure_servers_per_million,2022,1892.8462847062,https://api.worldbank.org/v2/country/all/indicator/IT.NET.SECR.P6?format=json&per_page=20000&date=2020%3A2024
CRI,IT.NET.SECR.P6,secure_servers_per_million,2021,1720.95269791154,https://api.worldbank.org/v2/country/all/indicator/IT.NET.SECR.P6?format=json&per_page=20000&date=2020%3A2024
CRI,IT.NET.SECR.P6,secure_servers_per_million,2020,1335.23494732158,https://api.worldbank.org/v2/country/all/indicator/IT.NET.SECR.P6?format=json&per_page=20000&date=2020%3A2024
CIV,IT.NET.SECR.P6,secure_servers_per_million,2024,60.7498599465213,https://api.worldbank.org/v2/country/all/indicator/IT.NET.SECR.P6?format=json&per_page=20000&date=2020%3A2024
CIV,IT.NET.SECR.P6,secure_servers_per_million,2023,63.4352162159023,https://api.worldbank.org/v2/country/all/indicator/IT.NET.SECR.P6?format=json&per_page=20000&date=2020%3A2024
CIV,IT.NET.SECR.P6,secure_servers_per_million,2022,65.8331919175396,https://api.worldbank.org/v2/country/all/indicator/IT.NET.SECR.P6?format=json&per_page=20000&date=2020%3A2024
CIV,IT.NET.SECR.P6,secure_servers_per_million,2021,56.4444973464001,https://api.worldbank.org/v2/country/all/indicator/IT.NET.SECR.P6?format=json&per_page=20000&date=2020%3A2024
CIV,IT.NET.SECR.P6,secure_servers_per_million,2020,51.6332981721985,https://api.worldbank.org/v2/country/all/indicator/IT.NET.SECR.P6?format=json&per_page=20000&date=2020%3A2024
HRV,IT.NET.SECR.P6,secure_servers_per_million,2024,29458.6415601883,https://api.worldbank.org/v2/country/all/indicator/IT.NET.SECR.P6?format=json&per_page=20000&date=2020%3A2024
HRV,IT.NET.SECR.P6,secure_servers_per_million,2023,29421.5643448716,https://api.worldbank.org/v2/country/all/indicator/IT.NET.SECR.P6?format=json&per_page=20000&date=2020%3A2024
HRV,IT.NET.SECR.P6,secure_servers_per_million,2022,29826.9470627582,https://api.worldbank.org/v2/country/all/indicator/IT.NET.SECR.P6?format=json&per_page=20000&date=2020%3A2024
HRV,IT.NET.SECR.P6,secure_servers_per_million,2021,25479.3720309535,https://api.worldbank.org/v2/country/all/indicator/IT.NET.SECR.P6?format=json&per_page=20000&date=2020%3A2024
HRV,IT.NET.SECR.P6,secure_servers_per_million,2020,23114.2663416284,https://api.worldbank.org/v2/country/all/indicator/IT.NET.SECR.P6?format=json&per_page=20000&date=2020%3A2024
CUB,IT.NET.SECR.P6,secure_servers_per_million,2024,192.535681260732,https://api.worldbank.org/v2/country/all/indicator/IT.NET.SECR.P6?format=json&per_page=20000&date=2020%3A2024
CUB,IT.NET.SECR.P6,secure_servers_per_million,2023,169.329553878332,https://api.worldbank.org/v2/country/all/indicator/IT.NET.SECR.P6?format=json&per_page=20000&date=2020%3A2024
CUB,IT.NET.SECR.P6,secure_servers_per_million,2022,141.322372335174,https://api.worldbank.org/v2/country/all/indicator/IT.NET.SECR.P6?format=json&per_page=20000&date=2020%3A2024
CUB,IT.NET.SECR.P6,secure_servers_per_million,2021,108.701828636287,https://api.worldbank.org/v2/country/all/indicator/IT.NET.SECR.P6?format=json&per_page=20000&date=2020%3A2024
CUB,IT.NET.SECR.P6,secure_servers_per_million,2020,69.3428286183491,https://api.worldbank.org/v2/country/all/indicator/IT.NET.SECR.P6?format=json&per_page=20000&date=2020%3A2024
CUW,IT.NET.SECR.P6,secure_servers_per_million,2024,5071.58565594004,https://api.worldbank.org/v2/country/all/indicator/IT.NET.SECR.P6?format=json&per_page=20000&date=2020%3A2024
CUW,IT.NET.SECR.P6,secure_servers_per_million,2023,4597.35926649165,https://api.worldbank.org/v2/country/all/indicator/IT.NET.SECR.P6?format=json&per_page=20000&date=2020%3A2024
CUW,IT.NET.SECR.P6,secure_servers_per_million,2022,4956.92044794907,https://api.worldbank.org/v2/country/all/indicator/IT.NET.SECR.P6?format=json&per_page=20000&date=2020%3A2024
CUW,IT.NET.SECR.P6,secure_servers_per_million,2021,4897.75768441292,https://api.worldbank.org/v2/country/all/indicator/IT.NET.SECR.P6?format=json&per_page=20000&date=2020%3A2024
CUW,IT.NET.SECR.P6,secure_servers_per_million,2020,4727.23530698087,https://api.worldbank.org/v2/country/all/indicator/IT.NET.SECR.P6?format=json&per_page=20000&date=2020%3A2024
CYP,IT.NET.SECR.P6,secure_servers_per_million,2024,221297.933713323,https://api.worldbank.org/v2/country/all/indicator/IT.NET.SECR.P6?format=json&per_page=20000&date=2020%3A2024
CYP,IT.NET.SECR.P6,secure_servers_per_million,2023,557174.254410488,https://api.worldbank.org/v2/country/all/indicator/IT.NET.SECR.P6?format=json&per_page=20000&date=2020%3A2024
CYP,IT.NET.SECR.P6,secure_servers_per_million,2022,58909.2438615862,https://api.worldbank.org/v2/country/all/indicator/IT.NET.SECR.P6?format=json&per_page=20000&date=2020%3A2024
CYP,IT.NET.SECR.P6,secure_servers_per_million,2021,55321.8720892365,https://api.worldbank.org/v2/country/all/indicator/IT.NET.SECR.P6?format=json&per_page=20000&date=2020%3A2024
CYP,IT.NET.SECR.P6,secure_servers_per_million,2020,23168.4158228047,https://api.worldbank.org/v2/country/all/indicator/IT.NET.SECR.P6?format=json&per_page=20000&date=2020%3A2024
CZE,IT.NET.SECR.P6,secure_servers_per_million,2024,79335.8806598204,https://api.worldbank.org/v2/country/all/indicator/IT.NET.SECR.P6?format=json&per_page=20000&date=2020%3A2024
CZE,IT.NET.SECR.P6,secure_servers_per_million,2023,80152.0281309664,https://api.worldbank.org/v2/country/all/indicator/IT.NET.SECR.P6?format=json&per_page=20000&date=2020%3A2024
CZE,IT.NET.SECR.P6,secure_servers_per_million,2022,85606.0624517083,https://api.worldbank.org/v2/country/all/indicator/IT.NET.SECR.P6?format=json&per_page=20000&date=2020%3A2024
CZE,IT.NET.SECR.P6,secure_servers_per_million,2021,75932.7348813586,https://api.worldbank.org/v2/country/all/indicator/IT.NET.SECR.P6?format=json&per_page=20000&date=2020%3A2024
CZE,IT.NET.SECR.P6,secure_servers_per_million,2020,67601.7572863652,https://api.worldbank.org/v2/country/all/indicator/IT.NET.SECR.P6?format=json&per_page=20000&date=2020%3A2024
DNK,IT.NET.SECR.P6,secure_servers_per_million,2024,246545.586810222,https://api.worldbank.org/v2/country/all/indicator/IT.NET.SECR.P6?format=json&per_page=20000&date=2020%3A2024
DNK,IT.NET.SECR.P6,secure_servers_per_million,2023,261262.408036924,https://api.worldbank.org/v2/country/all/indicator/IT.NET.SECR.P6?format=json&per_page=20000&date=2020%3A2024
DNK,IT.NET.SECR.P6,secure_servers_per_million,2022,258760.024712703,https://api.worldbank.org/v2/country/all/indicator/IT.NET.SECR.P6?format=json&per_page=20000&date=2020%3A2024
DNK,IT.NET.SECR.P6,secure_servers_per_million,2021,259654.486554193,https://api.worldbank.org/v2/country/all/indicator/IT.NET.SECR.P6?format=json&per_page=20000&date=2020%3A2024
DNK,IT.NET.SECR.P6,secure_servers_per_million,2020,277081.814259482,https://api.worldbank.org/v2/country/all/indicator/IT.NET.SECR.P6?format=json&per_page=20000&date=2020%3A2024
DJI,IT.NET.SECR.P6,secure_servers_per_million,2024,114.655153235757,https://api.worldbank.org/v2/country/all/indicator/IT.NET.SECR.P6?format=json&per_page=20000&date=2020%3A2024
DJI,IT.NET.SECR.P6,secure_servers_per_million,2023,63.3161714706005,https://api.worldbank.org/v2/country/all/indicator/IT.NET.SECR.P6?format=json&per_page=20000&date=2020%3A2024
DJI,IT.NET.SECR.P6,secure_servers_per_million,2022,55.4042930412208,https://api.worldbank.org/v2/country/all/indicator/IT.NET.SECR.P6?format=json&per_page=20000&date=2020%3A2024
DJI,IT.NET.SECR.P6,secure_servers_per_million,2021,46.3768943177602,https://api.worldbank.org/v2/country/all/indicator/IT.NET.SECR.P6?format=json&per_page=20000&date=2020%3A2024
DJI,IT.NET.SECR.P6,secure_servers_per_million,2020,44.3363482050113,https://api.worldbank.org/v2/country/all/indicator/IT.NET.SECR.P6?format=json&per_page=20000&date=2020%3A2024
DMA,IT.NET.SECR.P6,secure_servers_per_million,2024,62865.3424967903,https://api.worldbank.org/v2/country/all/indicator/IT.NET.SECR.P6?format=json&per_page=20000&date=2020%3A2024
DMA,IT.NET.SECR.P6,secure_servers_per_million,2023,66516.3133363404,https://api.worldbank.org/v2/country/all/indicator/IT.NET.SECR.P6?format=json&per_page=20000&date=2020%3A2024
DMA,IT.NET.SECR.P6,secure_servers_per_million,2022,59198.5155478407,https://api.worldbank.org/v2/country/all/indicator/IT.NET.SECR.P6?format=json&per_page=20000&date=2020%3A2024
DMA,IT.NET.SECR.P6,secure_servers_per_million,2021,55117.4072200232,https://api.worldbank.org/v2/country/all/indicator/IT.NET.SECR.P6?format=json&per_page=20000&date=2020%3A2024
DMA,IT.NET.SECR.P6,secure_servers_per_million,2020,49990.3807733858,https://api.worldbank.org/v2/country/all/indicator/IT.NET.SECR.P6?format=json&per_page=20000&date=2020%3A2024
DOM,IT.NET.SECR.P6,secure_servers_per_million,2024,180.878555232759,https://api.worldbank.org/v2/country/all/indicator/IT.NET.SECR.P6?format=json&per_page=20000&date=2020%3A2024
DOM,IT.NET.SECR.P6,secure_servers_per_million,2023,216.480684195454,https://api.worldbank.org/v2/country/all/indicator/IT.NET.SECR.P6?format=json&per_page=20000&date=2020%3A2024
DOM,IT.NET.SECR.P6,secure_servers_per_million,2022,183.336191561478,https://api.worldbank.org/v2/country/all/indicator/IT.NET.SECR.P6?format=json&per_page=20000&date=2020%3A2024
DOM,IT.NET.SECR.P6,secure_servers_per_million,2021,142.131830014287,https://api.worldbank.org/v2/country/all/indicator/IT.NET.SECR.P6?format=json&per_page=20000&date=2020%3A2024
DOM,IT.NET.SECR.P6,secure_servers_per_million,2020,124.905752931879,https://api.worldbank.org/v2/country/all/indicator/IT.NET.SECR.P6?format=json&per_page=20000&date=2020%3A2024
ECU,IT.NET.SECR.P6,secure_servers_per_million,2024,490.861062498601,https://api.worldbank.org/v2/country/all/indicator/IT.NET.SECR.P6?format=json&per_page=20000&date=2020%3A2024
ECU,IT.NET.SECR.P6,secure_servers_per_million,2023,475.303701323292,https://api.worldbank.org/v2/country/all/indicator/IT.NET.SECR.P6?format=json&per_page=20000&date=2020%3A2024
ECU,IT.NET.SECR.P6,secure_servers_per_million,2022,837.022341410523,https://api.worldbank.org/v2/country/all/indicator/IT.NET.SECR.P6?format=json&per_page=20000&date=2020%3A2024
ECU,IT.NET.SECR.P6,secure_servers_per_million,2021,431.840512634728,https://api.worldbank.org/v2/country/all/indicator/IT.NET.SECR.P6?format=json&per_page=20000&date=2020%3A2024
ECU,IT.NET.SECR.P6,secure_servers_per_million,2020,382.4789204873,https://api.worldbank.org/v2/country/all/indicator/IT.NET.SECR.P6?format=json&per_page=20000&date=2020%3A2024
EGY,IT.NET.SECR.P6,secure_servers_per_million,2024,82.2047640355153,https://api.worldbank.org/v2/country/all/indicator/IT.NET.SECR.P6?format=json&per_page=20000&date=2020%3A2024
EGY,IT.NET.SECR.P6,secure_servers_per_million,2023,53.3021246846793,https://api.worldbank.org/v2/country/all/indicator/IT.NET.SECR.P6?format=json&per_page=20000&date=2020%3A2024
EGY,IT.NET.SECR.P6,secure_servers_per_million,2022,48.1804680857676,https://api.worldbank.org/v2/country/all/indicator/IT.NET.SECR.P6?format=json&per_page=20000&date=2020%3A2024
EGY,IT.NET.SECR.P6,secure_servers_per_million,2021,38.0868236821959,https://api.worldbank.org/v2/country/all/indicator/IT.NET.SECR.P6?format=json&per_page=20000&date=2020%3A2024
EGY,IT.NET.SECR.P6,secure_servers_per_million,2020,41.1928362263944,https://api.worldbank.org/v2/country/all/indicator/IT.NET.SECR.P6?format=json&per_page=20000&date=2020%3A2024
SLV,IT.NET.SECR.P6,secure_servers_per_million,2024,191.221693627821,https://api.worldbank.org/v2/country/all/indicator/IT.NET.SECR.P6?format=json&per_page=20000&date=2020%3A2024
SLV,IT.NET.SECR.P6,secure_servers_per_million,2023,181.785792624093,https://api.worldbank.org/v2/country/all/indicator/IT.NET.SECR.P6?format=json&per_page=20000&date=2020%3A2024
SLV,IT.NET.SECR.P6,secure_servers_per_million,2022,173.398835313939,https://api.worldbank.org/v2/country/all/indicator/IT.NET.SECR.P6?format=json&per_page=20000&date=2020%3A2024
SLV,IT.NET.SECR.P6,secure_servers_per_million,2021,154.257293492644,https://api.worldbank.org/v2/country/all/indicator/IT.NET.SECR.P6?format=json&per_page=20000&date=2020%3A2024
SLV,IT.NET.SECR.P6,secure_servers_per_million,2020,140.504562147846,https://api.worldbank.org/v2/country/all/indicator/IT.NET.SECR.P6?format=json&per_page=20000&date=2020%3A2024
GNQ,IT.NET.SECR.P6,secure_servers_per_million,2024,66.5780368567558,https://api.worldbank.org/v2/country/all/indicator/IT.NET.SECR.P6?format=json&per_page=20000&date=2020%3A2024
GNQ,IT.NET.SECR.P6,secure_servers_per_million,2023,43.8418683347505,https://api.worldbank.org/v2/country/all/indicator/IT.NET.SECR.P6?format=json&per_page=20000&date=2020%3A2024
GNQ,IT.NET.SECR.P6,secure_servers_per_million,2022,36.5945956435797,https://api.worldbank.org/v2/country/all/indicator/IT.NET.SECR.P6?format=json&per_page=20000&date=2020%3A2024
GNQ,IT.NET.SECR.P6,secure_servers_per_million,2021,19.9000901758372,https://api.worldbank.org/v2/country/all/indicator/IT.NET.SECR.P6?format=json&per_page=20000&date=2020%3A2024
GNQ,IT.NET.SECR.P6,secure_servers_per_million,2020,27.3818096230166,https://api.worldbank.org/v2/country/all/indicator/IT.NET.SECR.P6?format=json&per_page=20000&date=2020%3A2024
ERI,IT.NET.SECR.P6,secure_servers_per_million,2024,1.97986029540081,https://api.worldbank.org/v2/country/all/indicator/IT.NET.SECR.P6?format=json&per_page=20000&date=2020%3A2024
ERI,IT.NET.SECR.P6,secure_servers_per_million,2023,0.288152052074839,https://api.worldbank.org/v2/country/all/indicator/IT.NET.SECR.P6?format=json&per_page=20000&date=2020%3A2024
ERI,IT.NET.SECR.P6,secure_servers_per_million,2022,0.879908090666903,https://api.worldbank.org/v2/country/all/indicator/IT.NET.SECR.P6?format=json&per_page=20000&date=2020%3A2024
ERI,IT.NET.SECR.P6,secure_servers_per_million,2021,0.89547347115068,https://api.worldbank.org/v2/country/all/indicator/IT.NET.SECR.P6?format=json&per_page=20000&date=2020%3A2024
ERI,IT.NET.SECR.P6,secure_servers_per_million,2020,0.911501969907674,https://api.worldbank.org/v2/country/all/indicator/IT.NET.SECR.P6?format=json&per_page=20000&date=2020%3A2024
EST,IT.NET.SECR.P6,secure_servers_per_million,2024,139022.298393767,https://api.worldbank.org/v2/country/all/indicator/IT.NET.SECR.P6?format=json&per_page=20000&date=2020%3A2024
EST,IT.NET.SECR.P6,secure_servers_per_million,2023,112224.017467886,https://api.worldbank.org/v2/country/all/indicator/IT.NET.SECR.P6?format=json&per_page=20000&date=2020%3A2024
EST,IT.NET.SECR.P6,secure_servers_per_million,2022,104101.301859375,https://api.worldbank.org/v2/country/all/indicator/IT.NET.SECR.P6?format=json&per_page=20000&date=2020%3A2024
EST,IT.NET.SECR.P6,secure_servers_per_million,2021,96297.9325765704,https://api.worldbank.org/v2/country/all/indicator/IT.NET.SECR.P6?format=json&per_page=20000&date=2020%3A2024
EST,IT.NET.SECR.P6,secure_servers_per_million,2020,84354.3769866162,https://api.worldbank.org/v2/country/all/indicator/IT.NET.SECR.P6?format=json&per_page=20000&date=2020%3A2024
SWZ,IT.NET.SECR.P6,secure_servers_per_million,2024,116.669965610522,https://api.worldbank.org/v2/country/all/indicator/IT.NET.SECR.P6?format=json&per_page=20000&date=2020%3A2024
SWZ,IT.NET.SECR.P6,secure_servers_per_million,2023,139.779895425134,https://api.worldbank.org/v2/country/all/indicator/IT.NET.SECR.P6?format=json&per_page=20000&date=2020%3A2024
SWZ,IT.NET.SECR.P6,secure_servers_per_million,2022,109.933654219278,https://api.worldbank.org/v2/country/all/indicator/IT.NET.SECR.P6?format=json&per_page=20000&date=2020%3A2024
SWZ,IT.NET.SECR.P6,secure_servers_per_million,2021,87.8506671263632,https://api.worldbank.org/v2/country/all/indicator/IT.NET.SECR.P6?format=json&per_page=20000&date=2020%3A2024
SWZ,IT.NET.SECR.P6,secure_servers_per_million,2020,107.316917757512,https://api.worldbank.org/v2/country/all/indicator/IT.NET.SECR.P6?format=json&per_page=20000&date=2020%3A2024
ETH,IT.NET.SECR.P6,secure_servers_per_million,2024,23.7316790056127,https://api.worldbank.org/v2/country/all/indicator/IT.NET.SECR.P6?format=json&per_page=20000&date=2020%3A2024
ETH,IT.NET.SECR.P6,secure_servers_per_million,2023,17.4681050894878,https://api.worldbank.org/v2/country/all/indicator/IT.NET.SECR.P6?format=json&per_page=20000&date=2020%3A2024
ETH,IT.NET.SECR.P6,secure_servers_per_million,2022,9.00431806100233,https://api.worldbank.org/v2/country/all/indicator/IT.NET.SECR.P6?format=json&per_page=20000&date=2020%3A2024
ETH,IT.NET.SECR.P6,secure_servers_per_million,2021,7.19674276896013,https://api.worldbank.org/v2/country/all/indicator/IT.NET.SECR.P6?format=json&per_page=20000&date=2020%3A2024
ETH,IT.NET.SECR.P6,secure_servers_per_million,2020,5.49960316663114,https://api.worldbank.org/v2/country/all/indicator/IT.NET.SECR.P6?format=json&per_page=20000&date=2020%3A2024
FRO,IT.NET.SECR.P6,secure_servers_per_million,2024,11420.2049780381,https://api.worldbank.org/v2/country/all/indicator/IT.NET.SECR.P6?format=json&per_page=20000&date=2020%3A2024
FRO,IT.NET.SECR.P6,secure_servers_per_million,2023,8364.2780984595,https://api.worldbank.org/v2/country/all/indicator/IT.NET.SECR.P6?format=json&per_page=20000&date=2020%3A2024
FRO,IT.NET.SECR.P6,secure_servers_per_million,2022,7105.35591711037,https://api.worldbank.org/v2/country/all/indicator/IT.NET.SECR.P6?format=json&per_page=20000&date=2020%3A2024
FRO,IT.NET.SECR.P6,secure_servers_per_million,2021,6305.00459739919,https://api.worldbank.org/v2/country/all/indicator/IT.NET.SECR.P6?format=json&per_page=20000&date=2020%3A2024
FRO,IT.NET.SECR.P6,secure_servers_per_million,2020,5593.50088468636,https://api.worldbank.org/v2/country/all/indicator/IT.NET.SECR.P6?format=json&per_page=20000&date=2020%3A2024
FJI,IT.NET.SECR.P6,secure_servers_per_million,2024,221.795379765371,https://api.worldbank.org/v2/country/all/indicator/IT.NET.SECR.P6?format=json&per_page=20000&date=2020%3A2024
FJI,IT.NET.SECR.P6,secure_servers_per_million,2023,229.40123032641,https://api.worldbank.org/v2/country/all/indicator/IT.NET.SECR.P6?format=json&per_page=20000&date=2020%3A2024
FJI,IT.NET.SECR.P6,secure_servers_per_million,2022,253.420083487234,https://api.worldbank.org/v2/country/all/indicator/IT.NET.SECR.P6?format=json&per_page=20000&date=2020%3A2024
FJI,IT.NET.SECR.P6,secure_servers_per_million,2021,255.260381952436,https://api.worldbank.org/v2/country/all/indicator/IT.NET.SECR.P6?format=json&per_page=20000&date=2020%3A2024
FJI,IT.NET.SECR.P6,secure_servers_per_million,2020,260.119808123389,https://api.worldbank.org/v2/country/all/indicator/IT.NET.SECR.P6?format=json&per_page=20000&date=2020%3A2024
FIN,IT.NET.SECR.P6,secure_servers_per_million,2024,177933.600727841,https://api.worldbank.org/v2/country/all/indicator/IT.NET.SECR.P6?format=json&per_page=20000&date=2020%3A2024
FIN,IT.NET.SECR.P6,secure_servers_per_million,2023,153868.49826224,https://api.worldbank.org/v2/country/all/indicator/IT.NET.SECR.P6?format=json&per_page=20000&date=2020%3A2024
FIN,IT.NET.SECR.P6,secure_servers_per_million,2022,131286.012181913,https://api.worldbank.org/v2/country/all/indicator/IT.NET.SECR.P6?format=json&per_page=20000&date=2020%3A2024
FIN,IT.NET.SECR.P6,secure_servers_per_million,2021,104960.876315666,https://api.worldbank.org/v2/country/all/indicator/IT.NET.SECR.P6?format=json&per_page=20000&date=2020%3A2024
FIN,IT.NET.SECR.P6,secure_servers_per_million,2020,81650.5089118576,https://api.worldbank.org/v2/country/all/indicator/IT.NET.SECR.P6?format=json&per_page=20000&date=2020%3A2024
FRA,IT.NET.SECR.P6,secure_servers_per_million,2024,57274.6363971705,https://api.worldbank.org/v2/country/all/indicator/IT.NET.SECR.P6?format=json&per_page=20000&date=2020%3A2024
FRA,IT.NET.SECR.P6,secure_servers_per_million,2023,52017.9916172468,https://api.worldbank.org/v2/country/all/indicator/IT.NET.SECR.P6?format=json&per_page=20000&date=2020%3A2024
FRA,IT.NET.SECR.P6,secure_servers_per_million,2022,47329.437557888,https://api.worldbank.org/v2/country/all/indicator/IT.NET.SECR.P6?format=json&per_page=20000&date=2020%3A2024
FRA,IT.NET.SECR.P6,secure_servers_per_million,2021,39644.0530743928,https://api.worldbank.org/v2/country/all/indicator/IT.NET.SECR.P6?format=json&per_page=20000&date=2020%3A2024
FRA,IT.NET.SECR.P6,secure_servers_per_million,2020,36107.8390576723,https://api.worldbank.org/v2/country/all/indicator/IT.NET.SECR.P6?format=json&per_page=20000&date=2020%3A2024
PYF,IT.NET.SECR.P6,secure_servers_per_million,2024,2771.40028459194,https://api.worldbank.org/v2/country/all/indicator/IT.NET.SECR.P6?format=json&per_page=20000&date=2020%3A2024
PYF,IT.NET.SECR.P6,secure_servers_per_million,2023,2312.19630190881,https://api.worldbank.org/v2/country/all/indicator/IT.NET.SECR.P6?format=json&per_page=20000&date=2020%3A2024
PYF,IT.NET.SECR.P6,secure_servers_per_million,2022,2022.26993558696,https://api.worldbank.org/v2/country/all/indicator/IT.NET.SECR.P6?format=json&per_page=20000&date=2020%3A2024
PYF,IT.NET.SECR.P6,secure_servers_per_million,2021,1604.7635386287,https://api.worldbank.org/v2/country/all/indicator/IT.NET.SECR.P6?format=json&per_page=20000&date=2020%3A2024
PYF,IT.NET.SECR.P6,secure_servers_per_million,2020,1235.63352184206,https://api.worldbank.org/v2/country/all/indicator/IT.NET.SECR.P6?format=json&per_page=20000&date=2020%3A2024
GAB,IT.NET.SECR.P6,secure_servers_per_million,2024,87.0437881456601,https://api.worldbank.org/v2/country/all/indicator/IT.NET.SECR.P6?format=json&per_page=20000&date=2020%3A2024
GAB,IT.NET.SECR.P6,secure_servers_per_million,2023,43.0620064721793,https://api.worldbank.org/v2/country/all/indicator/IT.NET.SECR.P6?format=json&per_page=20000&date=2020%3A2024
GAB,IT.NET.SECR.P6,secure_servers_per_million,2022,28.3863355585752,https://api.worldbank.org/v2/country/all/indicator/IT.NET.SECR.P6?format=json&per_page=20000&date=2020%3A2024
GAB,IT.NET.SECR.P6,secure_servers_per_million,2021,39.9710189075542,https://api.worldbank.org/v2/country/all/indicator/IT.NET.SECR.P6?format=json&per_page=20000&date=2020%3A2024
GAB,IT.NET.SECR.P6,secure_servers_per_million,2020,42.1952010278407,https://api.worldbank.org/v2/country/all/indicator/IT.NET.SECR.P6?format=json&per_page=20000&date=2020%3A2024
GMB,IT.NET.SECR.P6,secure_servers_per_million,2024,58.6959073735103,https://api.worldbank.org/v2/country/all/indicator/IT.NET.SECR.P6?format=json&per_page=20000&date=2020%3A2024
GMB,IT.NET.SECR.P6,secure_servers_per_million,2023,52.2639365864236,https://api.worldbank.org/v2/country/all/indicator/IT.NET.SECR.P6?format=json&per_page=20000&date=2020%3A2024
GMB,IT.NET.SECR.P6,secure_servers_per_million,2022,49.6876505327199,https://api.worldbank.org/v2/country/all/indicator/IT.NET.SECR.P6?format=json&per_page=20000&date=2020%3A2024
GMB,IT.NET.SECR.P6,secure_servers_per_million,2021,46.1954728436613,https://api.worldbank.org/v2/country/all/indicator/IT.NET.SECR.P6?format=json&per_page=20000&date=2020%3A2024
GMB,IT.NET.SECR.P6,secure_servers_per_million,2020,27.8248923872287,https://api.worldbank.org/v2/country/all/indicator/IT.NET.SECR.P6?format=json&per_page=20000&date=2020%3A2024
GEO,IT.NET.SECR.P6,secure_servers_per_million,2024,5293.35205761652,https://api.worldbank.org/v2/country/all/indicator/IT.NET.SECR.P6?format=json&per_page=20000&date=2020%3A2024
GEO,IT.NET.SECR.P6,secure_servers_per_million,2023,5251.80710018051,https://api.worldbank.org/v2/country/all/indicator/IT.NET.SECR.P6?format=json&per_page=20000&date=2020%3A2024
GEO,IT.NET.SECR.P6,secure_servers_per_million,2022,4942.75827999554,https://api.worldbank.org/v2/country/all/indicator/IT.NET.SECR.P6?format=json&per_page=20000&date=2020%3A2024
GEO,IT.NET.SECR.P6,secure_servers_per_million,2021,3725.11533970949,https://api.worldbank.org/v2/country/all/indicator/IT.NET.SECR.P6?format=json&per_page=20000&date=2020%3A2024
GEO,IT.NET.SECR.P6,secure_servers_per_million,2020,3497.44648799425,https://api.worldbank.org/v2/country/all/indicator/IT.NET.SECR.P6?format=json&per_page=20000&date=2020%3A2024
DEU,IT.NET.SECR.P6,secure_servers_per_million,2024,152113.844011812,https://api.worldbank.org/v2/country/all/indicator/IT.NET.SECR.P6?format=json&per_page=20000&date=2020%3A2024
DEU,IT.NET.SECR.P6,secure_servers_per_million,2023,139972.802327193,https://api.worldbank.org/v2/country/all/indicator/IT.NET.SECR.P6?format=json&per_page=20000&date=2020%3A2024
DEU,IT.NET.SECR.P6,secure_servers_per_million,2022,126884.076646738,https://api.worldbank.org/v2/country/all/indicator/IT.NET.SECR.P6?format=json&per_page=20000&date=2020%3A2024
DEU,IT.NET.SECR.P6,secure_servers_per_million,2021,113297.576359309,https://api.worldbank.org/v2/country/all/indicator/IT.NET.SECR.P6?format=json&per_page=20000&date=2020%3A2024
DEU,IT.NET.SECR.P6,secure_servers_per_million,2020,97517.56929049,https://api.worldbank.org/v2/country/all/indicator/IT.NET.SECR.P6?format=json&per_page=20000&date=2020%3A2024
GHA,IT.NET.SECR.P6,secure_servers_per_million,2024,48.9145074910361,https://api.worldbank.org/v2/country/all/indicator/IT.NET.SECR.P6?format=json&per_page=20000&date=2020%3A2024
GHA,IT.NET.SECR.P6,secure_servers_per_million,2023,48.1533130456056,https://api.worldbank.org/v2/country/all/indicator/IT.NET.SECR.P6?format=json&per_page=20000&date=2020%3A2024
GHA,IT.NET.SECR.P6,secure_servers_per_million,2022,49.1415285676086,https://api.worldbank.org/v2/country/all/indicator/IT.NET.SECR.P6?format=json&per_page=20000&date=2020%3A2024
GHA,IT.NET.SECR.P6,secure_servers_per_million,2021,50.0020526672912,https://api.worldbank.org/v2/country/all/indicator/IT.NET.SECR.P6?format=json&per_page=20000&date=2020%3A2024
GHA,IT.NET.SECR.P6,secure_servers_per_million,2020,57.8904621512253,https://api.worldbank.org/v2/country/all/indicator/IT.NET.SECR.P6?format=json&per_page=20000&date=2020%3A2024
GIB,IT.NET.SECR.P6,secure_servers_per_million,2024,8187.34267334537,https://api.worldbank.org/v2/country/all/indicator/IT.NET.SECR.P6?format=json&per_page=20000&date=2020%3A2024
GIB,IT.NET.SECR.P6,secure_servers_per_million,2023,8837.82589482987,https://api.worldbank.org/v2/country/all/indicator/IT.NET.SECR.P6?format=json&per_page=20000&date=2020%3A2024
GIB,IT.NET.SECR.P6,secure_servers_per_million,2022,16804.488287378,https://api.worldbank.org/v2/country/all/indicator/IT.NET.SECR.P6?format=json&per_page=20000&date=2020%3A2024
GIB,IT.NET.SECR.P6,secure_servers_per_million,2021,16414.3469531716,https://api.worldbank.org/v2/country/all/indicator/IT.NET.SECR.P6?format=json&per_page=20000&date=2020%3A2024
GIB,IT.NET.SECR.P6,secure_servers_per_million,2020,20927.2109031598,https://api.worldbank.org/v2/country/all/indicator/IT.NET.SECR.P6?format=json&per_page=20000&date=2020%3A2024
GRC,IT.NET.SECR.P6,secure_servers_per_million,2024,15657.9434729048,https://api.worldbank.org/v2/country/all/indicator/IT.NET.SECR.P6?format=json&per_page=20000&date=2020%3A2024
GRC,IT.NET.SECR.P6,secure_servers_per_million,2023,14227.2514879146,https://api.worldbank.org/v2/country/all/indicator/IT.NET.SECR.P6?format=json&per_page=20000&date=2020%3A2024
GRC,IT.NET.SECR.P6,secure_servers_per_million,2022,13067.0193589553,https://api.worldbank.org/v2/country/all/indicator/IT.NET.SECR.P6?format=json&per_page=20000&date=2020%3A2024
GRC,IT.NET.SECR.P6,secure_servers_per_million,2021,11383.3983120359,https://api.worldbank.org/v2/country/all/indicator/IT.NET.SECR.P6?format=json&per_page=20000&date=2020%3A2024
GRC,IT.NET.SECR.P6,secure_servers_per_million,2020,8907.70838312568,https://api.worldbank.org/v2/country/all/indicator/IT.NET.SECR.P6?format=json&per_page=20000&date=2020%3A2024
GRL,IT.NET.SECR.P6,secure_servers_per_million,2024,3905.97508621296,https://api.worldbank.org/v2/country/all/indicator/IT.NET.SECR.P6?format=json&per_page=20000&date=2020%3A2024
GRL,IT.NET.SECR.P6,secure_servers_per_million,2023,4765.67308537765,https://api.worldbank.org/v2/country/all/indicator/IT.NET.SECR.P6?format=json&per_page=20000&date=2020%3A2024
GRL,IT.NET.SECR.P6,secure_servers_per_million,2022,4606.3429872399,https://api.worldbank.org/v2/country/all/indicator/IT.NET.SECR.P6?format=json&per_page=20000&date=2020%3A2024
GRL,IT.NET.SECR.P6,secure_servers_per_million,2021,4377.52634458899,https://api.worldbank.org/v2/country/all/indicator/IT.NET.SECR.P6?format=json&per_page=20000&date=2020%3A2024
GRL,IT.NET.SECR.P6,secure_servers_per_million,2020,4115.88340695797,https://api.worldbank.org/v2/country/all/indicator/IT.NET.SECR.P6?format=json&per_page=20000&date=2020%3A2024
GRD,IT.NET.SECR.P6,secure_servers_per_million,2024,742.276485192864,https://api.worldbank.org/v2/country/all/indicator/IT.NET.SECR.P6?format=json&per_page=20000&date=2020%3A2024
GRD,IT.NET.SECR.P6,secure_servers_per_million,2023,614.958874625259,https://api.worldbank.org/v2/country/all/indicator/IT.NET.SECR.P6?format=json&per_page=20000&date=2020%3A2024
GRD,IT.NET.SECR.P6,secure_servers_per_million,2022,718.482974519515,https://api.worldbank.org/v2/country/all/indicator/IT.NET.SECR.P6?format=json&per_page=20000&date=2020%3A2024
GRD,IT.NET.SECR.P6,secure_servers_per_million,2021,625.599890305773,https://api.worldbank.org/v2/country/all/indicator/IT.NET.SECR.P6?format=json&per_page=20000&date=2020%3A2024
GRD,IT.NET.SECR.P6,secure_servers_per_million,2020,558.702435083075,https://api.worldbank.org/v2/country/all/indicator/IT.NET.SECR.P6?format=json&per_page=20000&date=2020%3A2024
GUM,IT.NET.SECR.P6,secure_servers_per_million,2024,1299.34377179232,https://api.worldbank.org/v2/country/all/indicator/IT.NET.SECR.P6?format=json&per_page=20000&date=2020%3A2024
GUM,IT.NET.SECR.P6,secure_servers_per_million,2023,936.903174660373,https://api.worldbank.org/v2/country/all/indicator/IT.NET.SECR.P6?format=json&per_page=20000&date=2020%3A2024
GUM,IT.NET.SECR.P6,secure_servers_per_million,2022,1132.09831698753,https://api.worldbank.org/v2/country/all/indicator/IT.NET.SECR.P6?format=json&per_page=20000&date=2020%3A2024
GUM,IT.NET.SECR.P6,secure_servers_per_million,2021,1154.33946130825,https://api.worldbank.org/v2/country/all/indicator/IT.NET.SECR.P6?format=json&per_page=20000&date=2020%3A2024
GUM,IT.NET.SECR.P6,secure_servers_per_million,2020,1085.36119093723,https://api.worldbank.org/v2/country/all/indicator/IT.NET.SECR.P6?format=json&per_page=20000&date=2020%3A2024
GTM,IT.NET.SECR.P6,secure_servers_per_million,2024,109.147061621475,https://api.worldbank.org/v2/country/all/indicator/IT.NET.SECR.P6?format=json&per_page=20000&date=2020%3A2024
GTM,IT.NET.SECR.P6,secure_servers_per_million,2023,109.187182804061,https://api.worldbank.org/v2/country/all/indicator/IT.NET.SECR.P6?format=json&per_page=20000&date=2020%3A2024
GTM,IT.NET.SECR.P6,secure_servers_per_million,2022,129.259070980823,https://api.worldbank.org/v2/country/all/indicator/IT.NET.SECR.P6?format=json&per_page=20000&date=2020%3A2024
GTM,IT.NET.SECR.P6,secure_servers_per_million,2021,122.509397027613,https://api.worldbank.org/v2/country/all/indicator/IT.NET.SECR.P6?format=json&per_page=20000&date=2020%3A2024
GTM,IT.NET.SECR.P6,secure_servers_per_million,2020,103.587390338085,https://api.worldbank.org/v2/country/all/indicator/IT.NET.SECR.P6?format=json&per_page=20000&date=2020%3A2024
GIN,IT.NET.SECR.P6,secure_servers_per_million,2024,12.2672068756,https://api.worldbank.org/v2/country/all/indicator/IT.NET.SECR.P6?format=json&per_page=20000&date=2020%3A2024
GIN,IT.NET.SECR.P6,secure_servers_per_million,2023,10.4821308131051,https://api.worldbank.org/v2/country/all/indicator/IT.NET.SECR.P6?format=json&per_page=20000&date=2020%3A2024
GIN,IT.NET.SECR.P6,secure_servers_per_million,2022,7.61287492252833,https://api.worldbank.org/v2/country/all/indicator/IT.NET.SECR.P6?format=json&per_page=20000&date=2020%3A2024
GIN,IT.NET.SECR.P6,secure_servers_per_million,2021,7.07486291723731,https://api.worldbank.org/v2/country/all/indicator/IT.NET.SECR.P6?format=json&per_page=20000&date=2020%3A2024
GIN,IT.NET.SECR.P6,secure_servers_per_million,2020,6.65610514791399,https://api.worldbank.org/v2/country/all/indicator/IT.NET.SECR.P6?format=json&per_page=20000&date=2020%3A2024
GNB,IT.NET.SECR.P6,secure_servers_per_million,2024,10.9023908943231,https://api.worldbank.org/v2/country/all/indicator/IT.NET.SECR.P6?format=json&per_page=20000&date=2020%3A2024
GNB,IT.NET.SECR.P6,secure_servers_per_million,2023,6.50153087832431,https://api.worldbank.org/v2/country/all/indicator/IT.NET.SECR.P6?format=json&per_page=20000&date=2020%3A2024
GNB,IT.NET.SECR.P6,secure_servers_per_million,2022,5.22434029642907,https://api.worldbank.org/v2/country/all/indicator/IT.NET.SECR.P6?format=json&per_page=20000&date=2020%3A2024
GNB,IT.NET.SECR.P6,secure_servers_per_million,2021,5.82852196939929,https://api.worldbank.org/v2/country/all/indicator/IT.NET.SECR.P6?format=json&per_page=20000&date=2020%3A2024
GNB,IT.NET.SECR.P6,secure_servers_per_million,2020,2.98024840370445,https://api.worldbank.org/v2/country/all/indicator/IT.NET.SECR.P6?format=json&per_page=20000&date=2020%3A2024
GUY,IT.NET.SECR.P6,secure_servers_per_million,2024,175.673545609545,https://api.worldbank.org/v2/country/all/indicator/IT.NET.SECR.P6?format=json&per_page=20000&date=2020%3A2024
GUY,IT.NET.SECR.P6,secure_servers_per_million,2023,101.651473401803,https://api.worldbank.org/v2/country/all/indicator/IT.NET.SECR.P6?format=json&per_page=20000&date=2020%3A2024
GUY,IT.NET.SECR.P6,secure_servers_per_million,2022,87.6299387685803,https://api.worldbank.org/v2/country/all/indicator/IT.NET.SECR.P6?format=json&per_page=20000&date=2020%3A2024
GUY,IT.NET.SECR.P6,secure_servers_per_million,2021,64.9922377195327,https://api.worldbank.org/v2/country/all/indicator/IT.NET.SECR.P6?format=json&per_page=20000&date=2020%3A2024
GUY,IT.NET.SECR.P6,secure_servers_per_million,2020,59.4441231434548,https://api.worldbank.org/v2/country/all/indicator/IT.NET.SECR.P6?format=json&per_page=20000&date=2020%3A2024
HTI,IT.NET.SECR.P6,secure_servers_per_million,2024,7.72984152890489,https://api.worldbank.org/v2/country/all/indicator/IT.NET.SECR.P6?format=json&per_page=20000&date=2020%3A2024
HTI,IT.NET.SECR.P6,secure_servers_per_million,2023,7.38996810111676,https://api.worldbank.org/v2/country/all/indicator/IT.NET.SECR.P6?format=json&per_page=20000&date=2020%3A2024
HTI,IT.NET.SECR.P6,secure_servers_per_million,2022,6.78048257216042,https://api.worldbank.org/v2/country/all/indicator/IT.NET.SECR.P6?format=json&per_page=20000&date=2020%3A2024
HTI,IT.NET.SECR.P6,secure_servers_per_million,2021,7.91237588779055,https://api.worldbank.org/v2/country/all/indicator/IT.NET.SECR.P6?format=json&per_page=20000&date=2020%3A2024
HTI,IT.NET.SECR.P6,secure_servers_per_million,2020,7.73756457753609,https://api.worldbank.org/v2/country/all/indicator/IT.NET.SECR.P6?format=json&per_page=20000&date=2020%3A2024
HND,IT.NET.SECR.P6,secure_servers_per_million,2024,148.812506679705,https://api.worldbank.org/v2/country/all/indicator/IT.NET.SECR.P6?format=json&per_page=20000&date=2020%3A2024
HND,IT.NET.SECR.P6,secure_servers_per_million,2023,138.188876481221,https://api.worldbank.org/v2/country/all/indicator/IT.NET.SECR.P6?format=json&per_page=20000&date=2020%3A2024
HND,IT.NET.SECR.P6,secure_servers_per_million,2022,128.441938127684,https://api.worldbank.org/v2/country/all/indicator/IT.NET.SECR.P6?format=json&per_page=20000&date=2020%3A2024
HND,IT.NET.SECR.P6,secure_servers_per_million,2021,113.412434376038,https://api.worldbank.org/v2/country/all/indicator/IT.NET.SECR.P6?format=json&per_page=20000&date=2020%3A2024
HND,IT.NET.SECR.P6,secure_servers_per_million,2020,97.335478337174,https://api.worldbank.org/v2/country/all/indicator/IT.NET.SECR.P6?format=json&per_page=20000&date=2020%3A2024
HKG,IT.NET.SECR.P6,secure_servers_per_million,2024,156139.206017995,https://api.worldbank.org/v2/country/all/indicator/IT.NET.SECR.P6?format=json&per_page=20000&date=2020%3A2024
HKG,IT.NET.SECR.P6,secure_servers_per_million,2023,131226.894547578,https://api.worldbank.org/v2/country/all/indicator/IT.NET.SECR.P6?format=json&per_page=20000&date=2020%3A2024
HKG,IT.NET.SECR.P6,secure_servers_per_million,2022,126913.87266713,https://api.worldbank.org/v2/country/all/indicator/IT.NET.SECR.P6?format=json&per_page=20000&date=2020%3A2024
HKG,IT.NET.SECR.P6,secure_servers_per_million,2021,100440.301628199,https://api.worldbank.org/v2/country/all/indicator/IT.NET.SECR.P6?format=json&per_page=20000&date=2020%3A2024
HKG,IT.NET.SECR.P6,secure_servers_per_million,2020,70629.594973934,https://api.worldbank.org/v2/country/all/indicator/IT.NET.SECR.P6?format=json&per_page=20000&date=2020%3A2024
HUN,IT.NET.SECR.P6,secure_servers_per_million,2024,55077.4335878286,https://api.worldbank.org/v2/country/all/indicator/IT.NET.SECR.P6?format=json&per_page=20000&date=2020%3A2024
HUN,IT.NET.SECR.P6,secure_servers_per_million,2023,53717.7865400025,https://api.worldbank.org/v2/country/all/indicator/IT.NET.SECR.P6?format=json&per_page=20000&date=2020%3A2024
HUN,IT.NET.SECR.P6,secure_servers_per_million,2022,51406.6835924429,https://api.worldbank.org/v2/country/all/indicator/IT.NET.SECR.P6?format=json&per_page=20000&date=2020%3A2024
HUN,IT.NET.SECR.P6,secure_servers_per_million,2021,42102.778838019,https://api.worldbank.org/v2/country/all/indicator/IT.NET.SECR.P6?format=json&per_page=20000&date=2020%3A2024
HUN,IT.NET.SECR.P6,secure_servers_per_million,2020,33083.571663234,https://api.worldbank.org/v2/country/all/indicator/IT.NET.SECR.P6?format=json&per_page=20000&date=2020%3A2024
ISL,IT.NET.SECR.P6,secure_servers_per_million,2024,88084.0142197016,https://api.worldbank.org/v2/country/all/indicator/IT.NET.SECR.P6?format=json&per_page=20000&date=2020%3A2024
ISL,IT.NET.SECR.P6,secure_servers_per_million,2023,87104.544641306,https://api.worldbank.org/v2/country/all/indicator/IT.NET.SECR.P6?format=json&per_page=20000&date=2020%3A2024
ISL,IT.NET.SECR.P6,secure_servers_per_million,2022,85331.790588032,https://api.worldbank.org/v2/country/all/indicator/IT.NET.SECR.P6?format=json&per_page=20000&date=2020%3A2024
ISL,IT.NET.SECR.P6,secure_servers_per_million,2021,78946.0968538602,https://api.worldbank.org/v2/country/all/indicator/IT.NET.SECR.P6?format=json&per_page=20000&date=2020%3A2024
ISL,IT.NET.SECR.P6,secure_servers_per_million,2020,75513.7626445235,https://api.worldbank.org/v2/country/all/indicator/IT.NET.SECR.P6?format=json&per_page=20000&date=2020%3A2024
IND,IT.NET.SECR.P6,secure_servers_per_million,2024,1212.44166069372,https://api.worldbank.org/v2/country/all/indicator/IT.NET.SECR.P6?format=json&per_page=20000&date=2020%3A2024
IND,IT.NET.SECR.P6,secure_servers_per_million,2023,966.082590066802,https://api.worldbank.org/v2/country/all/indicator/IT.NET.SECR.P6?format=json&per_page=20000&date=2020%3A2024
IND,IT.NET.SECR.P6,secure_servers_per_million,2022,729.692060044831,https://api.worldbank.org/v2/country/all/indicator/IT.NET.SECR.P6?format=json&per_page=20000&date=2020%3A2024
IND,IT.NET.SECR.P6,secure_servers_per_million,2021,528.190455501333,https://api.worldbank.org/v2/country/all/indicator/IT.NET.SECR.P6?format=json&per_page=20000&date=2020%3A2024
IND,IT.NET.SECR.P6,secure_servers_per_million,2020,472.187112968085,https://api.worldbank.org/v2/country/all/indicator/IT.NET.SECR.P6?format=json&per_page=20000&date=2020%3A2024
IDN,IT.NET.SECR.P6,secure_servers_per_million,2024,2939.49021766292,https://api.worldbank.org/v2/country/all/indicator/IT.NET.SECR.P6?format=json&per_page=20000&date=2020%3A2024
IDN,IT.NET.SECR.P6,secure_servers_per_million,2023,2722.38990575723,https://api.worldbank.org/v2/country/all/indicator/IT.NET.SECR.P6?format=json&per_page=20000&date=2020%3A2024
IDN,IT.NET.SECR.P6,secure_servers_per_million,2022,2496.40884911853,https://api.worldbank.org/v2/country/all/indicator/IT.NET.SECR.P6?format=json&per_page=20000&date=2020%3A2024
IDN,IT.NET.SECR.P6,secure_servers_per_million,2021,2189.14677796205,https://api.worldbank.org/v2/country/all/indicator/IT.NET.SECR.P6?format=json&per_page=20000&date=2020%3A2024
IDN,IT.NET.SECR.P6,secure_servers_per_million,2020,1868.76353333811,https://api.worldbank.org/v2/country/all/indicator/IT.NET.SECR.P6?format=json&per_page=20000&date=2020%3A2024
IRN,IT.NET.SECR.P6,secure_servers_per_million,2024,7225.71087209777,https://api.worldbank.org/v2/country/all/indicator/IT.NET.SECR.P6?format=json&per_page=20000&date=2020%3A2024
IRN,IT.NET.SECR.P6,secure_servers_per_million,2023,6599.35473971613,https://api.worldbank.org/v2/country/all/indicator/IT.NET.SECR.P6?format=json&per_page=20000&date=2020%3A2024
IRN,IT.NET.SECR.P6,secure_servers_per_million,2022,6554.61538318904,https://api.worldbank.org/v2/country/all/indicator/IT.NET.SECR.P6?format=json&per_page=20000&date=2020%3A2024
IRN,IT.NET.SECR.P6,secure_servers_per_million,2021,3109.71095428245,https://api.worldbank.org/v2/country/all/indicator/IT.NET.SECR.P6?format=json&per_page=20000&date=2020%3A2024
IRN,IT.NET.SECR.P6,secure_servers_per_million,2020,2318.99242714402,https://api.worldbank.org/v2/country/all/indicator/IT.NET.SECR.P6?format=json&per_page=20000&date=2020%3A2024
IRQ,IT.NET.SECR.P6,secure_servers_per_million,2024,34.5119560905403,https://api.worldbank.org/v2/country/all/indicator/IT.NET.SECR.P6?format=json&per_page=20000&date=2020%3A2024
IRQ,IT.NET.SECR.P6,secure_servers_per_million,2023,43.6393011863656,https://api.worldbank.org/v2/country/all/indicator/IT.NET.SECR.P6?format=json&per_page=20000&date=2020%3A2024
IRQ,IT.NET.SECR.P6,secure_servers_per_million,2022,30.7688460713822,https://api.worldbank.org/v2/country/all/indicator/IT.NET.SECR.P6?format=json&per_page=20000&date=2020%3A2024
IRQ,IT.NET.SECR.P6,secure_servers_per_million,2021,21.545714143027,https://api.worldbank.org/v2/country/all/indicator/IT.NET.SECR.P6?format=json&per_page=20000&date=2020%3A2024
IRQ,IT.NET.SECR.P6,secure_servers_per_million,2020,17.0716514305937,https://api.worldbank.org/v2/country/all/indicator/IT.NET.SECR.P6?format=json&per_page=20000&date=2020%3A2024
IRL,IT.NET.SECR.P6,secure_servers_per_million,2024,121467.84808156,https://api.worldbank.org/v2/country/all/indicator/IT.NET.SECR.P6?format=json&per_page=20000&date=2020%3A2024
IRL,IT.NET.SECR.P6,secure_servers_per_million,2023,149934.162195583,https://api.worldbank.org/v2/country/all/indicator/IT.NET.SECR.P6?format=json&per_page=20000&date=2020%3A2024
IRL,IT.NET.SECR.P6,secure_servers_per_million,2022,134764.070843587,https://api.worldbank.org/v2/country/all/indicator/IT.NET.SECR.P6?format=json&per_page=20000&date=2020%3A2024
IRL,IT.NET.SECR.P6,secure_servers_per_million,2021,113930.009969504,https://api.worldbank.org/v2/country/all/indicator/IT.NET.SECR.P6?format=json&per_page=20000&date=2020%3A2024
IRL,IT.NET.SECR.P6,secure_servers_per_million,2020,114566.465340423,https://api.worldbank.org/v2/country/all/indicator/IT.NET.SECR.P6?format=json&per_page=20000&date=2020%3A2024
IMN,IT.NET.SECR.P6,secure_servers_per_million,2024,21364.0684410646,https://api.worldbank.org/v2/country/all/indicator/IT.NET.SECR.P6?format=json&per_page=20000&date=2020%3A2024
IMN,IT.NET.SECR.P6,secure_servers_per_million,2023,21564.7834610586,https://api.worldbank.org/v2/country/all/indicator/IT.NET.SECR.P6?format=json&per_page=20000&date=2020%3A2024
IMN,IT.NET.SECR.P6,secure_servers_per_million,2022,28990.1583226359,https://api.worldbank.org/v2/country/all/indicator/IT.NET.SECR.P6?format=json&per_page=20000&date=2020%3A2024
IMN,IT.NET.SECR.P6,secure_servers_per_million,2021,31103.6073526264,https://api.worldbank.org/v2/country/all/indicator/IT.NET.SECR.P6?format=json&per_page=20000&date=2020%3A2024
IMN,IT.NET.SECR.P6,secure_servers_per_million,2020,13144.7468595356,https://api.worldbank.org/v2/country/all/indicator/IT.NET.SECR.P6?format=json&per_page=20000&date=2020%3A2024
ISR,IT.NET.SECR.P6,secure_servers_per_million,2024,12318.6898882246,https://api.worldbank.org/v2/country/all/indicator/IT.NET.SECR.P6?format=json&per_page=20000&date=2020%3A2024
ISR,IT.NET.SECR.P6,secure_servers_per_million,2023,12925.0685348766,https://api.worldbank.org/v2/country/all/indicator/IT.NET.SECR.P6?format=json&per_page=20000&date=2020%3A2024
ISR,IT.NET.SECR.P6,secure_servers_per_million,2022,13050.1700235417,https://api.worldbank.org/v2/country/all/indicator/IT.NET.SECR.P6?format=json&per_page=20000&date=2020%3A2024
ISR,IT.NET.SECR.P6,secure_servers_per_million,2021,13021.9604328062,https://api.worldbank.org/v2/country/all/indicator/IT.NET.SECR.P6?format=json&per_page=20000&date=2020%3A2024
ISR,IT.NET.SECR.P6,secure_servers_per_million,2020,12351.7921672038,https://api.worldbank.org/v2/country/all/indicator/IT.NET.SECR.P6?format=json&per_page=20000&date=2020%3A2024
ITA,IT.NET.SECR.P6,secure_servers_per_million,2024,30647.1608155582,https://api.worldbank.org/v2/country/all/indicator/IT.NET.SECR.P6?format=json&per_page=20000&date=2020%3A2024
ITA,IT.NET.SECR.P6,secure_servers_per_million,2023,30244.0571559008,https://api.worldbank.org/v2/country/all/indicator/IT.NET.SECR.P6?format=json&per_page=20000&date=2020%3A2024
ITA,IT.NET.SECR.P6,secure_servers_per_million,2022,28070.9043211973,https://api.worldbank.org/v2/country/all/indicator/IT.NET.SECR.P6?format=json&per_page=20000&date=2020%3A2024
ITA,IT.NET.SECR.P6,secure_servers_per_million,2021,24823.3931231798,https://api.worldbank.org/v2/country/all/indicator/IT.NET.SECR.P6?format=json&per_page=20000&date=2020%3A2024
ITA,IT.NET.SECR.P6,secure_servers_per_million,2020,20677.1830094764,https://api.worldbank.org/v2/country/all/indicator/IT.NET.SECR.P6?format=json&per_page=20000&date=2020%3A2024
JAM,IT.NET.SECR.P6,secure_servers_per_million,2024,191.957170656969,https://api.worldbank.org/v2/country/all/indicator/IT.NET.SECR.P6?format=json&per_page=20000&date=2020%3A2024
JAM,IT.NET.SECR.P6,secure_servers_per_million,2023,190.859452085474,https://api.worldbank.org/v2/country/all/indicator/IT.NET.SECR.P6?format=json&per_page=20000&date=2020%3A2024
JAM,IT.NET.SECR.P6,secure_servers_per_million,2022,182.449357975502,https://api.worldbank.org/v2/country/all/indicator/IT.NET.SECR.P6?format=json&per_page=20000&date=2020%3A2024
JAM,IT.NET.SECR.P6,secure_servers_per_million,2021,176.904952704355,https://api.worldbank.org/v2/country/all/indicator/IT.NET.SECR.P6?format=json&per_page=20000&date=2020%3A2024
JAM,IT.NET.SECR.P6,secure_servers_per_million,2020,167.800705045573,https://api.worldbank.org/v2/country/all/indicator/IT.NET.SECR.P6?format=json&per_page=20000&date=2020%3A2024
JPN,IT.NET.SECR.P6,secure_servers_per_million,2024,32928.7580837326,https://api.worldbank.org/v2/country/all/indicator/IT.NET.SECR.P6?format=json&per_page=20000&date=2020%3A2024
JPN,IT.NET.SECR.P6,secure_servers_per_million,2023,31701.7121806602,https://api.worldbank.org/v2/country/all/indicator/IT.NET.SECR.P6?format=json&per_page=20000&date=2020%3A2024
JPN,IT.NET.SECR.P6,secure_servers_per_million,2022,28934.0684777203,https://api.worldbank.org/v2/country/all/indicator/IT.NET.SECR.P6?format=json&per_page=20000&date=2020%3A2024
JPN,IT.NET.SECR.P6,secure_servers_per_million,2021,25729.8696078749,https://api.worldbank.org/v2/country/all/indicator/IT.NET.SECR.P6?format=json&per_page=20000&date=2020%3A2024
JPN,IT.NET.SECR.P6,secure_servers_per_million,2020,22848.7181314895,https://api.worldbank.org/v2/country/all/indicator/IT.NET.SECR.P6?format=json&per_page=20000&date=2020%3A2024
JOR,IT.NET.SECR.P6,secure_servers_per_million,2024,212.241523236292,https://api.worldbank.org/v2/country/all/indicator/IT.NET.SECR.P6?format=json&per_page=20000&date=2020%3A2024
JOR,IT.NET.SECR.P6,secure_servers_per_million,2023,182.967132441716,https://api.worldbank.org/v2/country/all/indicator/IT.NET.SECR.P6?format=json&per_page=20000&date=2020%3A2024
JOR,IT.NET.SECR.P6,secure_servers_per_million,2022,154.58060992356,https://api.worldbank.org/v2/country/all/indicator/IT.NET.SECR.P6?format=json&per_page=20000&date=2020%3A2024
JOR,IT.NET.SECR.P6,secure_servers_per_million,2021,144.853463958687,https://api.worldbank.org/v2/country/all/indicator/IT.NET.SECR.P6?format=json&per_page=20000&date=2020%3A2024
JOR,IT.NET.SECR.P6,secure_servers_per_million,2020,127.47086393401,https://api.worldbank.org/v2/country/all/indicator/IT.NET.SECR.P6?format=json&per_page=20000&date=2020%3A2024
KAZ,IT.NET.SECR.P6,secure_servers_per_million,2024,6914.14394055021,https://api.worldbank.org/v2/country/all/indicator/IT.NET.SECR.P6?format=json&per_page=20000&date=2020%3A2024
KAZ,IT.NET.SECR.P6,secure_servers_per_million,2023,5814.13651400898,https://api.worldbank.org/v2/country/all/indicator/IT.NET.SECR.P6?format=json&per_page=20000&date=2020%3A2024
KAZ,IT.NET.SECR.P6,secure_servers_per_million,2022,4944.14440531382,https://api.worldbank.org/v2/country/all/indicator/IT.NET.SECR.P6?format=json&per_page=20000&date=2020%3A2024
KAZ,IT.NET.SECR.P6,secure_servers_per_million,2021,4342.46981161442,https://api.worldbank.org/v2/country/all/indicator/IT.NET.SECR.P6?format=json&per_page=20000&date=2020%3A2024
KAZ,IT.NET.SECR.P6,secure_servers_per_million,2020,3184.09955139885,https://api.worldbank.org/v2/country/all/indicator/IT.NET.SECR.P6?format=json&per_page=20000&date=2020%3A2024
KEN,IT.NET.SECR.P6,secure_servers_per_million,2024,399.695610422168,https://api.worldbank.org/v2/country/all/indicator/IT.NET.SECR.P6?format=json&per_page=20000&date=2020%3A2024
KEN,IT.NET.SECR.P6,secure_servers_per_million,2023,297.132205291086,https://api.worldbank.org/v2/country/all/indicator/IT.NET.SECR.P6?format=json&per_page=20000&date=2020%3A2024
KEN,IT.NET.SECR.P6,secure_servers_per_million,2022,280.15318973272,https://api.worldbank.org/v2/country/all/indicator/IT.NET.SECR.P6?format=json&per_page=20000&date=2020%3A2024
KEN,IT.NET.SECR.P6,secure_servers_per_million,2021,260.207008880973,https://api.worldbank.org/v2/country/all/indicator/IT.NET.SECR.P6?format=json&per_page=20000&date=2020%3A2024
KEN,IT.NET.SECR.P6,secure_servers_per_million,2020,246.584783512693,https://api.worldbank.org/v2/country/all/indicator/IT.NET.SECR.P6?format=json&per_page=20000&date=2020%3A2024
KIR,IT.NET.SECR.P6,secure_servers_per_million,2024,22.3018480798109,https://api.worldbank.org/v2/country/all/indicator/IT.NET.SECR.P6?format=json&per_page=20000&date=2020%3A2024
KIR,IT.NET.SECR.P6,secure_servers_per_million,2023,22.6363842148947,https://api.worldbank.org/v2/country/all/indicator/IT.NET.SECR.P6?format=json&per_page=20000&date=2020%3A2024
KIR,IT.NET.SECR.P6,secure_servers_per_million,2022,53.6525918034169,https://api.worldbank.org/v2/country/all/indicator/IT.NET.SECR.P6?format=json&per_page=20000&date=2020%3A2024
KIR,IT.NET.SECR.P6,secure_servers_per_million,2021,38.9477865972877,https://api.worldbank.org/v2/country/all/indicator/IT.NET.SECR.P6?format=json&per_page=20000&date=2020%3A2024
KIR,IT.NET.SECR.P6,secure_servers_per_million,2020,39.6513850228788,https://api.worldbank.org/v2/country/all/indicator/IT.NET.SECR.P6?format=json&per_page=20000&date=2020%3A2024
PRK,IT.NET.SECR.P6,secure_servers_per_million,2024,10.4155569475671,https://api.worldbank.org/v2/country/all/indicator/IT.NET.SECR.P6?format=json&per_page=20000&date=2020%3A2024
PRK,IT.NET.SECR.P6,secure_servers_per_million,2023,3.93667941999388,https://api.worldbank.org/v2/country/all/indicator/IT.NET.SECR.P6?format=json&per_page=20000&date=2020%3A2024
PRK,IT.NET.SECR.P6,secure_servers_per_million,2022,3.19041720212186,https://api.worldbank.org/v2/country/all/indicator/IT.NET.SECR.P6?format=json&per_page=20000&date=2020%3A2024
PRK,IT.NET.SECR.P6,secure_servers_per_million,2021,6.25177880261205,https://api.worldbank.org/v2/country/all/indicator/IT.NET.SECR.P6?format=json&per_page=20000&date=2020%3A2024
PRK,IT.NET.SECR.P6,secure_servers_per_million,2020,0.0765218903110737,https://api.worldbank.org/v2/country/all/indicator/IT.NET.SECR.P6?format=json&per_page=20000&date=2020%3A2024
KOR,IT.NET.SECR.P6,secure_servers_per_million,2024,11902.38307173,https://api.worldbank.org/v2/country/all/indicator/IT.NET.SECR.P6?format=json&per_page=20000&date=2020%3A2024
KOR,IT.NET.SECR.P6,secure_servers_per_million,2023,9728.36049939764,https://api.worldbank.org/v2/country/all/indicator/IT.NET.SECR.P6?format=json&per_page=20000&date=2020%3A2024
KOR,IT.NET.SECR.P6,secure_servers_per_million,2022,8821.91477648421,https://api.worldbank.org/v2/country/all/indicator/IT.NET.SECR.P6?format=json&per_page=20000&date=2020%3A2024
KOR,IT.NET.SECR.P6,secure_servers_per_million,2021,7334.11978035964,https://api.worldbank.org/v2/country/all/indicator/IT.NET.SECR.P6?format=json&per_page=20000&date=2020%3A2024
KOR,IT.NET.SECR.P6,secure_servers_per_million,2020,5939.01112308707,https://api.worldbank.org/v2/country/all/indicator/IT.NET.SECR.P6?format=json&per_page=20000&date=2020%3A2024
XKX,IT.NET.SECR.P6,secure_servers_per_million,2024,,https://api.worldbank.org/v2/country/all/indicator/IT.NET.SECR.P6?format=json&per_page=20000&date=2020%3A2024
XKX,IT.NET.SECR.P6,secure_servers_per_million,2023,,https://api.worldbank.org/v2/country/all/indicator/IT.NET.SECR.P6?format=json&per_page=20000&date=2020%3A2024
XKX,IT.NET.SECR.P6,secure_servers_per_million,2022,,https://api.worldbank.org/v2/country/all/indicator/IT.NET.SECR.P6?format=json&per_page=20000&date=2020%3A2024
XKX,IT.NET.SECR.P6,secure_servers_per_million,2021,,https://api.worldbank.org/v2/country/all/indicator/IT.NET.SECR.P6?format=json&per_page=20000&date=2020%3A2024
XKX,IT.NET.SECR.P6,secure_servers_per_million,2020,,https://api.worldbank.org/v2/country/all/indicator/IT.NET.SECR.P6?format=json&per_page=20000&date=2020%3A2024
KWT,IT.NET.SECR.P6,secure_servers_per_million,2024,384.296289580527,https://api.worldbank.org/v2/country/all/indicator/IT.NET.SECR.P6?format=json&per_page=20000&date=2020%3A2024
KWT,IT.NET.SECR.P6,secure_servers_per_million,2023,385.501357805424,https://api.worldbank.org/v2/country/all/indicator/IT.NET.SECR.P6?format=json&per_page=20000&date=2020%3A2024
KWT,IT.NET.SECR.P6,secure_servers_per_million,2022,388.48337441496,https://api.worldbank.org/v2/country/all/indicator/IT.NET.SECR.P6?format=json&per_page=20000&date=2020%3A2024
KWT,IT.NET.SECR.P6,secure_servers_per_million,2021,400.608594854461,https://api.worldbank.org/v2/country/all/indicator/IT.NET.SECR.P6?format=json&per_page=20000&date=2020%3A2024
KWT,IT.NET.SECR.P6,secure_servers_per_million,2020,402.248318113424,https://api.worldbank.org/v2/country/all/indicator/IT.NET.SECR.P6?format=json&per_page=20000&date=2020%3A2024
KGZ,IT.NET.SECR.P6,secure_servers_per_million,2024,1301.74076845492,https://api.worldbank.org/v2/country/all/indicator/IT.NET.SECR.P6?format=json&per_page=20000&date=2020%3A2024
KGZ,IT.NET.SECR.P6,secure_servers_per_million,2023,816.366773477939,https://api.worldbank.org/v2/country/all/indicator/IT.NET.SECR.P6?format=json&per_page=20000&date=2020%3A2024
KGZ,IT.NET.SECR.P6,secure_servers_per_million,2022,639.836449603023,https://api.worldbank.org/v2/country/all/indicator/IT.NET.SECR.P6?format=json&per_page=20000&date=2020%3A2024
KGZ,IT.NET.SECR.P6,secure_servers_per_million,2021,515.674279515602,https://api.worldbank.org/v2/country/all/indicator/IT.NET.SECR.P6?format=json&per_page=20000&date=2020%3A2024
KGZ,IT.NET.SECR.P6,secure_servers_per_million,2020,411.946845031276,https://api.worldbank.org/v2/country/all/indicator/IT.NET.SECR.P6?format=json&per_page=20000&date=2020%3A2024
LAO,IT.NET.SECR.P6,secure_servers_per_million,2024,301.680129228236,https://api.worldbank.org/v2/country/all/indicator/IT.NET.SECR.P6?format=json&per_page=20000&date=2020%3A2024
LAO,IT.NET.SECR.P6,secure_servers_per_million,2023,274.103316206551,https://api.worldbank.org/v2/country/all/indicator/IT.NET.SECR.P6?format=json&per_page=20000&date=2020%3A2024
LAO,IT.NET.SECR.P6,secure_servers_per_million,2022,273.977785706509,https://api.worldbank.org/v2/country/all/indicator/IT.NET.SECR.P6?format=json&per_page=20000&date=2020%3A2024
LAO,IT.NET.SECR.P6,secure_servers_per_million,2021,82.246618027117,https://api.worldbank.org/v2/country/all/indicator/IT.NET.SECR.P6?format=json&per_page=20000&date=2020%3A2024
LAO,IT.NET.SECR.P6,secure_servers_per_million,2020,52.2695535431475,https://api.worldbank.org/v2/country/all/indicator/IT.NET.SECR.P6?format=json&per_page=20000&date=2020%3A2024
LVA,IT.NET.SECR.P6,secure_servers_per_million,2024,28218.3820582126,https://api.worldbank.org/v2/country/all/indicator/IT.NET.SECR.P6?format=json&per_page=20000&date=2020%3A2024
LVA,IT.NET.SECR.P6,secure_servers_per_million,2023,26083.1019636781,https://api.worldbank.org/v2/country/all/indicator/IT.NET.SECR.P6?format=json&per_page=20000&date=2020%3A2024
LVA,IT.NET.SECR.P6,secure_servers_per_million,2022,22271.1389855075,https://api.worldbank.org/v2/country/all/indicator/IT.NET.SECR.P6?format=json&per_page=20000&date=2020%3A2024
LVA,IT.NET.SECR.P6,secure_servers_per_million,2021,22572.6854480523,https://api.worldbank.org/v2/country/all/indicator/IT.NET.SECR.P6?format=json&per_page=20000&date=2020%3A2024
LVA,IT.NET.SECR.P6,secure_servers_per_million,2020,20328.8801751586,https://api.worldbank.org/v2/country/all/indicator/IT.NET.SECR.P6?format=json&per_page=20000&date=2020%3A2024
LBN,IT.NET.SECR.P6,secure_servers_per_million,2024,267.311429182623,https://api.worldbank.org/v2/country/all/indicator/IT.NET.SECR.P6?format=json&per_page=20000&date=2020%3A2024
LBN,IT.NET.SECR.P6,secure_servers_per_million,2023,676.020565020171,https://api.worldbank.org/v2/country/all/indicator/IT.NET.SECR.P6?format=json&per_page=20000&date=2020%3A2024
LBN,IT.NET.SECR.P6,secure_servers_per_million,2022,260.249432107886,https://api.worldbank.org/v2/country/all/indicator/IT.NET.SECR.P6?format=json&per_page=20000&date=2020%3A2024
LBN,IT.NET.SECR.P6,secure_servers_per_million,2021,341.02105551438,https://api.worldbank.org/v2/country/all/indicator/IT.NET.SECR.P6?format=json&per_page=20000&date=2020%3A2024
LBN,IT.NET.SECR.P6,secure_servers_per_million,2020,322.32053953442,https://api.worldbank.org/v2/country/all/indicator/IT.NET.SECR.P6?format=json&per_page=20000&date=2020%3A2024
LSO,IT.NET.SECR.P6,secure_servers_per_million,2024,85.9921374950105,https://api.worldbank.org/v2/country/all/indicator/IT.NET.SECR.P6?format=json&per_page=20000&date=2020%3A2024
LSO,IT.NET.SECR.P6,secure_servers_per_million,2023,89.1206988447189,https://api.worldbank.org/v2/country/all/indicator/IT.NET.SECR.P6?format=json&per_page=20000&date=2020%3A2024
LSO,IT.NET.SECR.P6,secure_servers_per_million,2022,75.6743988696957,https://api.worldbank.org/v2/country/all/indicator/IT.NET.SECR.P6?format=json&per_page=20000&date=2020%3A2024
LSO,IT.NET.SECR.P6,secure_servers_per_million,2021,67.210779194019,https://api.worldbank.org/v2/country/all/indicator/IT.NET.SECR.P6?format=json&per_page=20000&date=2020%3A2024
LSO,IT.NET.SECR.P6,secure_servers_per_million,2020,67.0922702100927,https://api.worldbank.org/v2/country/all/indicator/IT.NET.SECR.P6?format=json&per_page=20000&date=2020%3A2024
LBR,IT.NET.SECR.P6,secure_servers_per_million,2024,13.0059469246904,https://api.worldbank.org/v2/country/all/indicator/IT.NET.SECR.P6?format=json&per_page=20000&date=2020%3A2024
LBR,IT.NET.SECR.P6,secure_servers_per_million,2023,9.28449156758809,https://api.worldbank.org/v2/country/all/indicator/IT.NET.SECR.P6?format=json&per_page=20000&date=2020%3A2024
LBR,IT.NET.SECR.P6,secure_servers_per_million,2022,8.18864554963864,https://api.worldbank.org/v2/country/all/indicator/IT.NET.SECR.P6?format=json&per_page=20000&date=2020%3A2024
LBR,IT.NET.SECR.P6,secure_servers_per_million,2021,6.65484892257045,https://api.worldbank.org/v2/country/all/indicator/IT.NET.SECR.P6?format=json&per_page=20000&date=2020%3A2024
LBR,IT.NET.SECR.P6,secure_servers_per_million,2020,6.02004519694578,https://api.worldbank.org/v2/country/all/indicator/IT.NET.SECR.P6?format=json&per_page=20000&date=2020%3A2024
LBY,IT.NET.SECR.P6,secure_servers_per_million,2024,388.564024255174,https://api.worldbank.org/v2/country/all/indicator/IT.NET.SECR.P6?format=json&per_page=20000&date=2020%3A2024
LBY,IT.NET.SECR.P6,secure_servers_per_million,2023,112.241756698472,https://api.worldbank.org/v2/country/all/indicator/IT.NET.SECR.P6?format=json&per_page=20000&date=2020%3A2024
LBY,IT.NET.SECR.P6,secure_servers_per_million,2022,174.008019319458,https://api.worldbank.org/v2/country/all/indicator/IT.NET.SECR.P6?format=json&per_page=20000&date=2020%3A2024
LBY,IT.NET.SECR.P6,secure_servers_per_million,2021,155.427161912637,https://api.worldbank.org/v2/country/all/indicator/IT.NET.SECR.P6?format=json&per_page=20000&date=2020%3A2024
LBY,IT.NET.SECR.P6,secure_servers_per_million,2020,722.88311847207,https://api.worldbank.org/v2/country/all/indicator/IT.NET.SECR.P6?format=json&per_page=20000&date=2020%3A2024
LIE,IT.NET.SECR.P6,secure_servers_per_million,2024,60321.3844252163,https://api.worldbank.org/v2/country/all/indicator/IT.NET.SECR.P6?format=json&per_page=20000&date=2020%3A2024
LIE,IT.NET.SECR.P6,secure_servers_per_million,2023,66179.7921999699,https://api.worldbank.org/v2/country/all/indicator/IT.NET.SECR.P6?format=json&per_page=20000&date=2020%3A2024
LIE,IT.NET.SECR.P6,secure_servers_per_million,2022,66037.0192185957,https://api.worldbank.org/v2/country/all/indicator/IT.NET.SECR.P6?format=json&per_page=20000&date=2020%3A2024
LIE,IT.NET.SECR.P6,secure_servers_per_million,2021,62069.3175437701,https://api.worldbank.org/v2/country/all/indicator/IT.NET.SECR.P6?format=json&per_page=20000&date=2020%3A2024
LIE,IT.NET.SECR.P6,secure_servers_per_million,2020,51412.5600884296,https://api.worldbank.org/v2/country/all/indicator/IT.NET.SECR.P6?format=json&per_page=20000&date=2020%3A2024
LTU,IT.NET.SECR.P6,secure_servers_per_million,2024,98553.1863622546,https://api.worldbank.org/v2/country/all/indicator/IT.NET.SECR.P6?format=json&per_page=20000&date=2020%3A2024
LTU,IT.NET.SECR.P6,secure_servers_per_million,2023,96899.7957573953,https://api.worldbank.org/v2/country/all/indicator/IT.NET.SECR.P6?format=json&per_page=20000&date=2020%3A2024
LTU,IT.NET.SECR.P6,secure_servers_per_million,2022,66487.2888104734,https://api.worldbank.org/v2/country/all/indicator/IT.NET.SECR.P6?format=json&per_page=20000&date=2020%3A2024
LTU,IT.NET.SECR.P6,secure_servers_per_million,2021,53718.8699534963,https://api.worldbank.org/v2/country/all/indicator/IT.NET.SECR.P6?format=json&per_page=20000&date=2020%3A2024
LTU,IT.NET.SECR.P6,secure_servers_per_million,2020,46868.5784678097,https://api.worldbank.org/v2/country/all/indicator/IT.NET.SECR.P6?format=json&per_page=20000&date=2020%3A2024
LUX,IT.NET.SECR.P6,secure_servers_per_million,2024,58437.6643250046,https://api.worldbank.org/v2/country/all/indicator/IT.NET.SECR.P6?format=json&per_page=20000&date=2020%3A2024
LUX,IT.NET.SECR.P6,secure_servers_per_million,2023,60480.4705670513,https://api.worldbank.org/v2/country/all/indicator/IT.NET.SECR.P6?format=json&per_page=20000&date=2020%3A2024
LUX,IT.NET.SECR.P6,secure_servers_per_million,2022,63898.0375224122,https://api.worldbank.org/v2/country/all/indicator/IT.NET.SECR.P6?format=json&per_page=20000&date=2020%3A2024
LUX,IT.NET.SECR.P6,secure_servers_per_million,2021,49199.7675232477,https://api.worldbank.org/v2/country/all/indicator/IT.NET.SECR.P6?format=json&per_page=20000&date=2020%3A2024
LUX,IT.NET.SECR.P6,secure_servers_per_million,2020,44903.4689627058,https://api.worldbank.org/v2/country/all/indicator/IT.NET.SECR.P6?format=json&per_page=20000&date=2020%3A2024
MAC,IT.NET.SECR.P6,secure_servers_per_million,2024,6586.60844250364,https://api.worldbank.org/v2/country/all/indicator/IT.NET.SECR.P6?format=json&per_page=20000&date=2020%3A2024
MAC,IT.NET.SECR.P6,secure_servers_per_million,2023,5760.16499705362,https://api.worldbank.org/v2/country/all/indicator/IT.NET.SECR.P6?format=json&per_page=20000&date=2020%3A2024
MAC,IT.NET.SECR.P6,secure_servers_per_million,2022,6022.44204931345,https://api.worldbank.org/v2/country/all/indicator/IT.NET.SECR.P6?format=json&per_page=20000&date=2020%3A2024
MAC,IT.NET.SECR.P6,secure_servers_per_million,2021,5169.23076923077,https://api.worldbank.org/v2/country/all/indicator/IT.NET.SECR.P6?format=json&per_page=20000&date=2020%3A2024
MAC,IT.NET.SECR.P6,secure_servers_per_million,2020,5719.28800700321,https://api.worldbank.org/v2/country/all/indicator/IT.NET.SECR.P6?format=json&per_page=20000&date=2020%3A2024
MDG,IT.NET.SECR.P6,secure_servers_per_million,2024,25.0586924005151,https://api.worldbank.org/v2/country/all/indicator/IT.NET.SECR.P6?format=json&per_page=20000&date=2020%3A2024
MDG,IT.NET.SECR.P6,secure_servers_per_million,2023,22.1823794204962,https://api.worldbank.org/v2/country/all/indicator/IT.NET.SECR.P6?format=json&per_page=20000&date=2020%3A2024
MDG,IT.NET.SECR.P6,secure_servers_per_million,2022,17.8071213438029,https://api.worldbank.org/v2/country/all/indicator/IT.NET.SECR.P6?format=json&per_page=20000&date=2020%3A2024
MDG,IT.NET.SECR.P6,secure_servers_per_million,2021,13.876220008546,https://api.worldbank.org/v2/country/all/indicator/IT.NET.SECR.P6?format=json&per_page=20000&date=2020%3A2024
MDG,IT.NET.SECR.P6,secure_servers_per_million,2020,9.87788857437753,https://api.worldbank.org/v2/country/all/indicator/IT.NET.SECR.P6?format=json&per_page=20000&date=2020%3A2024
MWI,IT.NET.SECR.P6,secure_servers_per_million,2024,32.4632055194284,https://api.worldbank.org/v2/country/all/indicator/IT.NET.SECR.P6?format=json&per_page=20000&date=2020%3A2024
MWI,IT.NET.SECR.P6,secure_servers_per_million,2023,27.6718471460233,https://api.worldbank.org/v2/country/all/indicator/IT.NET.SECR.P6?format=json&per_page=20000&date=2020%3A2024
MWI,IT.NET.SECR.P6,secure_servers_per_million,2022,23.8225718187338,https://api.worldbank.org/v2/country/all/indicator/IT.NET.SECR.P6?format=json&per_page=20000&date=2020%3A2024
MWI,IT.NET.SECR.P6,secure_servers_per_million,2021,21.1999067403632,https://api.worldbank.org/v2/country/all/indicator/IT.NET.SECR.P6?format=json&per_page=20000&date=2020%3A2024
MWI,IT.NET.SECR.P6,secure_servers_per_million,2020,16.5865597263586,https://api.worldbank.org/v2/country/all/indicator/IT.NET.SECR.P6?format=json&per_page=20000&date=2020%3A2024
MYS,IT.NET.SECR.P6,secure_servers_per_million,2024,7475.46106293289,https://api.worldbank.org/v2/country/all/indicator/IT.NET.SECR.P6?format=json&per_page=20000&date=2020%3A2024
MYS,IT.NET.SECR.P6,secure_servers_per_million,2023,8082.51982602892,https://api.worldbank.org/v2/country/all/indicator/IT.NET.SECR.P6?format=json&per_page=20000&date=2020%3A2024
MYS,IT.NET.SECR.P6,secure_servers_per_million,2022,8416.74162116676,https://api.worldbank.org/v2/country/all/indicator/IT.NET.SECR.P6?format=json&per_page=20000&date=2020%3A2024
MYS,IT.NET.SECR.P6,secure_servers_per_million,2021,7998.18589124991,https://api.worldbank.org/v2/country/all/indicator/IT.NET.SECR.P6?format=json&per_page=20000&date=2020%3A2024
MYS,IT.NET.SECR.P6,secure_servers_per_million,2020,7157.51441786287,https://api.worldbank.org/v2/country/all/indicator/IT.NET.SECR.P6?format=json&per_page=20000&date=2020%3A2024
MDV,IT.NET.SECR.P6,secure_servers_per_million,2024,1330.05178107575,https://api.worldbank.org/v2/country/all/indicator/IT.NET.SECR.P6?format=json&per_page=20000&date=2020%3A2024
MDV,IT.NET.SECR.P6,secure_servers_per_million,2023,1237.6567033084,https://api.worldbank.org/v2/country/all/indicator/IT.NET.SECR.P6?format=json&per_page=20000&date=2020%3A2024
MDV,IT.NET.SECR.P6,secure_servers_per_million,2022,1158.16266175163,https://api.worldbank.org/v2/country/all/indicator/IT.NET.SECR.P6?format=json&per_page=20000&date=2020%3A2024
MDV,IT.NET.SECR.P6,secure_servers_per_million,2021,1241.87742417961,https://api.worldbank.org/v2/country/all/indicator/IT.NET.SECR.P6?format=json&per_page=20000&date=2020%3A2024
MDV,IT.NET.SECR.P6,secure_servers_per_million,2020,1151.12383941623,https://api.worldbank.org/v2/country/all/indicator/IT.NET.SECR.P6?format=json&per_page=20000&date=2020%3A2024
MLI,IT.NET.SECR.P6,secure_servers_per_million,2024,20.9979371773584,https://api.worldbank.org/v2/country/all/indicator/IT.NET.SECR.P6?format=json&per_page=20000&date=2020%3A2024
MLI,IT.NET.SECR.P6,secure_servers_per_million,2023,14.0518412813394,https://api.worldbank.org/v2/country/all/indicator/IT.NET.SECR.P6?format=json&per_page=20000&date=2020%3A2024
MLI,IT.NET.SECR.P6,secure_servers_per_million,2022,14.6927269701257,https://api.worldbank.org/v2/country/all/indicator/IT.NET.SECR.P6?format=json&per_page=20000&date=2020%3A2024
MLI,IT.NET.SECR.P6,secure_servers_per_million,2021,11.9256962127651,https://api.worldbank.org/v2/country/all/indicator/IT.NET.SECR.P6?format=json&per_page=20000&date=2020%3A2024
MLI,IT.NET.SECR.P6,secure_servers_per_million,2020,9.9936280259278,https://api.worldbank.org/v2/country/all/indicator/IT.NET.SECR.P6?format=json&per_page=20000&date=2020%3A2024
MLT,IT.NET.SECR.P6,secure_servers_per_million,2024,4507.36313982494,https://api.worldbank.org/v2/country/all/indicator/IT.NET.SECR.P6?format=json&per_page=20000&date=2020%3A2024
MLT,IT.NET.SECR.P6,secure_servers_per_million,2023,4823.18311994457,https://api.worldbank.org/v2/country/all/indicator/IT.NET.SECR.P6?format=json&per_page=20000&date=2020%3A2024
MLT,IT.NET.SECR.P6,secure_servers_per_million,2022,5102.49231331186,https://api.worldbank.org/v2/country/all/indicator/IT.NET.SECR.P6?format=json&per_page=20000&date=2020%3A2024
MLT,IT.NET.SECR.P6,secure_servers_per_million,2021,6185.4675287079,https://api.worldbank.org/v2/country/all/indicator/IT.NET.SECR.P6?format=json&per_page=20000&date=2020%3A2024
MLT,IT.NET.SECR.P6,secure_servers_per_million,2020,14442.5692059982,https://api.worldbank.org/v2/country/all/indicator/IT.NET.SECR.P6?format=json&per_page=20000&date=2020%3A2024
MHL,IT.NET.SECR.P6,secure_servers_per_million,2024,213.060615745179,https://api.worldbank.org/v2/country/all/indicator/IT.NET.SECR.P6?format=json&per_page=20000&date=2020%3A2024
MHL,IT.NET.SECR.P6,secure_servers_per_million,2023,154.531640353362,https://api.worldbank.org/v2/country/all/indicator/IT.NET.SECR.P6?format=json&per_page=20000&date=2020%3A2024
MHL,IT.NET.SECR.P6,secure_servers_per_million,2022,99.8078698505377,https://api.worldbank.org/v2/country/all/indicator/IT.NET.SECR.P6?format=json&per_page=20000&date=2020%3A2024
MHL,IT.NET.SECR.P6,secure_servers_per_million,2021,169.217008726763,https://api.worldbank.org/v2/country/all/indicator/IT.NET.SECR.P6?format=json&per_page=20000&date=2020%3A2024
MHL,IT.NET.SECR.P6,secure_servers_per_million,2020,1428.37072074182,https://api.worldbank.org/v2/country/all/indicator/IT.NET.SECR.P6?format=json&per_page=20000&date=2020%3A2024
MRT,IT.NET.SECR.P6,secure_servers_per_million,2024,52.2304834511582,https://api.worldbank.org/v2/country/all/indicator/IT.NET.SECR.P6?format=json&per_page=20000&date=2020%3A2024
MRT,IT.NET.SECR.P6,secure_servers_per_million,2023,34.6445085168746,https://api.worldbank.org/v2/country/all/indicator/IT.NET.SECR.P6?format=json&per_page=20000&date=2020%3A2024
MRT,IT.NET.SECR.P6,secure_servers_per_million,2022,25.2274728409847,https://api.worldbank.org/v2/country/all/indicator/IT.NET.SECR.P6?format=json&per_page=20000&date=2020%3A2024
MRT,IT.NET.SECR.P6,secure_servers_per_million,2021,13.7279260229522,https://api.worldbank.org/v2/country/all/indicator/IT.NET.SECR.P6?format=json&per_page=20000&date=2020%3A2024
MRT,IT.NET.SECR.P6,secure_servers_per_million,2020,14.1300323838604,https://api.worldbank.org/v2/country/all/indicator/IT.NET.SECR.P6?format=json&per_page=20000&date=2020%3A2024
MUS,IT.NET.SECR.P6,secure_servers_per_million,2024,2157.68607433582,https://api.worldbank.org/v2/country/all/indicator/IT.NET.SECR.P6?format=json&per_page=20000&date=2020%3A2024
MUS,IT.NET.SECR.P6,secure_servers_per_million,2023,2490.69592927385,https://api.worldbank.org/v2/country/all/indicator/IT.NET.SECR.P6?format=json&per_page=20000&date=2020%3A2024
MUS,IT.NET.SECR.P6,secure_servers_per_million,2022,1688.68210717745,https://api.worldbank.org/v2/country/all/indicator/IT.NET.SECR.P6?format=json&per_page=20000&date=2020%3A2024
MUS,IT.NET.SECR.P6,secure_servers_per_million,2021,1966.30588770419,https://api.worldbank.org/v2/country/all/indicator/IT.NET.SECR.P6?format=json&per_page=20000&date=2020%3A2024
MUS,IT.NET.SECR.P6,secure_servers_per_million,2020,914.681828163038,https://api.worldbank.org/v2/country/all/indicator/IT.NET.SECR.P6?format=json&per_page=20000&date=2020%3A2024
MEX,IT.NET.SECR.P6,secure_servers_per_million,2024,531.655697865752,https://api.worldbank.org/v2/country/all/indicator/IT.NET.SECR.P6?format=json&per_page=20000&date=2020%3A2024
MEX,IT.NET.SECR.P6,secure_servers_per_million,2023,412.117306307005,https://api.worldbank.org/v2/country/all/indicator/IT.NET.SECR.P6?format=json&per_page=20000&date=2020%3A2024
MEX,IT.NET.SECR.P6,secure_servers_per_million,2022,381.889508206228,https://api.worldbank.org/v2/country/all/indicator/IT.NET.SECR.P6?format=json&per_page=20000&date=2020%3A2024
MEX,IT.NET.SECR.P6,secure_servers_per_million,2021,348.79471968524,https://api.worldbank.org/v2/country/all/indicator/IT.NET.SECR.P6?format=json&per_page=20000&date=2020%3A2024
MEX,IT.NET.SECR.P6,secure_servers_per_million,2020,328.196454841059,https://api.worldbank.org/v2/country/all/indicator/IT.NET.SECR.P6?format=json&per_page=20000&date=2020%3A2024
FSM,IT.NET.SECR.P6,secure_servers_per_million,2024,194.414987628137,https://api.worldbank.org/v2/country/all/indicator/IT.NET.SECR.P6?format=json&per_page=20000&date=2020%3A2024
FSM,IT.NET.SECR.P6,secure_servers_per_million,2023,159.815324513895,https://api.worldbank.org/v2/country/all/indicator/IT.NET.SECR.P6?format=json&per_page=20000&date=2020%3A2024
FSM,IT.NET.SECR.P6,secure_servers_per_million,2022,142.711882548121,https://api.worldbank.org/v2/country/all/indicator/IT.NET.SECR.P6?format=json&per_page=20000&date=2020%3A2024
FSM,IT.NET.SECR.P6,secure_servers_per_million,2021,179.172937719487,https://api.worldbank.org/v2/country/all/indicator/IT.NET.SECR.P6?format=json&per_page=20000&date=2020%3A2024
FSM,IT.NET.SECR.P6,secure_servers_per_million,2020,189.33246781348,https://api.worldbank.org/v2/country/all/indicator/IT.NET.SECR.P6?format=json&per_page=20000&date=2020%3A2024
MDA,IT.NET.SECR.P6,secure_servers_per_million,2024,13318.0369195265,https://api.worldbank.org/v2/country/all/indicator/IT.NET.SECR.P6?format=json&per_page=20000&date=2020%3A2024
MDA,IT.NET.SECR.P6,secure_servers_per_million,2023,11525.8344613825,https://api.worldbank.org/v2/country/all/indicator/IT.NET.SECR.P6?format=json&per_page=20000&date=2020%3A2024
MDA,IT.NET.SECR.P6,secure_servers_per_million,2022,8416.33533097055,https://api.worldbank.org/v2/country/all/indicator/IT.NET.SECR.P6?format=json&per_page=20000&date=2020%3A2024
MDA,IT.NET.SECR.P6,secure_servers_per_million,2021,6661.50706773881,https://api.worldbank.org/v2/country/all/indicator/IT.NET.SECR.P6?format=json&per_page=20000&date=2020%3A2024
MDA,IT.NET.SECR.P6,secure_servers_per_million,2020,5580.36984892586,https://api.worldbank.org/v2/country/all/indicator/IT.NET.SECR.P6?format=json&per_page=20000&date=2020%3A2024
MCO,IT.NET.SECR.P6,secure_servers_per_million,2024,41495.1722709741,https://api.worldbank.org/v2/country/all/indicator/IT.NET.SECR.P6?format=json&per_page=20000&date=2020%3A2024
MCO,IT.NET.SECR.P6,secure_servers_per_million,2023,31805.113461341,https://api.worldbank.org/v2/country/all/indicator/IT.NET.SECR.P6?format=json&per_page=20000&date=2020%3A2024
MCO,IT.NET.SECR.P6,secure_servers_per_million,2022,22886.6456037605,https://api.worldbank.org/v2/country/all/indicator/IT.NET.SECR.P6?format=json&per_page=20000&date=2020%3A2024
MCO,IT.NET.SECR.P6,secure_servers_per_million,2021,15807.0963220599,https://api.worldbank.org/v2/country/all/indicator/IT.NET.SECR.P6?format=json&per_page=20000&date=2020%3A2024
MCO,IT.NET.SECR.P6,secure_servers_per_million,2020,19763.4691195795,https://api.worldbank.org/v2/country/all/indicator/IT.NET.SECR.P6?format=json&per_page=20000&date=2020%3A2024
MNG,IT.NET.SECR.P6,secure_servers_per_million,2024,2564.12584246201,https://api.worldbank.org/v2/country/all/indicator/IT.NET.SECR.P6?format=json&per_page=20000&date=2020%3A2024
MNG,IT.NET.SECR.P6,secure_servers_per_million,2023,2354.68502461116,https://api.worldbank.org/v2/country/all/indicator/IT.NET.SECR.P6?format=json&per_page=20000&date=2020%3A2024
MNG,IT.NET.SECR.P6,secure_servers_per_million,2022,2187.98816919588,https://api.worldbank.org/v2/country/all/indicator/IT.NET.SECR.P6?format=json&per_page=20000&date=2020%3A2024
MNG,IT.NET.SECR.P6,secure_servers_per_million,2021,1994.83352892553,https://api.worldbank.org/v2/country/all/indicator/IT.NET.SECR.P6?format=json&per_page=20000&date=2020%3A2024
MNG,IT.NET.SECR.P6,secure_servers_per_million,2020,1709.2429559474,https://api.worldbank.org/v2/country/all/indicator/IT.NET.SECR.P6?format=json&per_page=20000&date=2020%3A2024
MNE,IT.NET.SECR.P6,secure_servers_per_million,2024,6424.76243935688,https://api.worldbank.org/v2/country/all/indicator/IT.NET.SECR.P6?format=json&per_page=20000&date=2020%3A2024
MNE,IT.NET.SECR.P6,secure_servers_per_million,2023,2221.22788194294,https://api.worldbank.org/v2/country/all/indicator/IT.NET.SECR.P6?format=json&per_page=20000&date=2020%3A2024
MNE,IT.NET.SECR.P6,secure_servers_per_million,2022,1265.25238497669,https://api.worldbank.org/v2/country/all/indicator/IT.NET.SECR.P6?format=json&per_page=20000&date=2020%3A2024
MNE,IT.NET.SECR.P6,secure_servers_per_million,2021,919.921990615196,https://api.worldbank.org/v2/country/all/indicator/IT.NET.SECR.P6?format=json&per_page=20000&date=2020%3A2024
MNE,IT.NET.SECR.P6,secure_servers_per_million,2020,777.222745335866,https://api.worldbank.org/v2/country/all/indicator/IT.NET.SECR.P6?format=json&per_page=20000&date=2020%3A2024
MAR,IT.NET.SECR.P6,secure_servers_per_million,2024,577.319401374532,https://api.worldbank.org/v2/country/all/indicator/IT.NET.SECR.P6?format=json&per_page=20000&date=2020%3A2024
MAR,IT.NET.SECR.P6,secure_servers_per_million,2023,567.610133561799,https://api.worldbank.org/v2/country/all/indicator/IT.NET.SECR.P6?format=json&per_page=20000&date=2020%3A2024
MAR,IT.NET.SECR.P6,secure_servers_per_million,2022,545.607036919008,https://api.worldbank.org/v2/country/all/indicator/IT.NET.SECR.P6?format=json&per_page=20000&date=2020%3A2024
MAR,IT.NET.SECR.P6,secure_servers_per_million,2021,602.958637557022,https://api.worldbank.org/v2/country/all/indicator/IT.NET.SECR.P6?format=json&per_page=20000&date=2020%3A2024
MAR,IT.NET.SECR.P6,secure_servers_per_million,2020,443.333363947636,https://api.worldbank.org/v2/country/all/indicator/IT.NET.SECR.P6?format=json&per_page=20000&date=2020%3A2024
MOZ,IT.NET.SECR.P6,secure_servers_per_million,2024,37.1624132595491,https://api.worldbank.org/v2/country/all/indicator/IT.NET.SECR.P6?format=json&per_page=20000&date=2020%3A2024
MOZ,IT.NET.SECR.P6,secure_servers_per_million,2023,37.1040304253049,https://api.worldbank.org/v2/country/all/indicator/IT.NET.SECR.P6?format=json&per_page=20000&date=2020%3A2024
MOZ,IT.NET.SECR.P6,secure_servers_per_million,2022,33.4698605589877,https://api.worldbank.org/v2/country/all/indicator/IT.NET.SECR.P6?format=json&per_page=20000&date=2020%3A2024
MOZ,IT.NET.SECR.P6,secure_servers_per_million,2021,32.2002787957537,https://api.worldbank.org/v2/country/all/indicator/IT.NET.SECR.P6?format=json&per_page=20000&date=2020%3A2024
MOZ,IT.NET.SECR.P6,secure_servers_per_million,2020,29.8209883104325,https://api.worldbank.org/v2/country/all/indicator/IT.NET.SECR.P6?format=json&per_page=20000&date=2020%3A2024
MMR,IT.NET.SECR.P6,secure_servers_per_million,2024,23.596290875918,https://api.worldbank.org/v2/country/all/indicator/IT.NET.SECR.P6?format=json&per_page=20000&date=2020%3A2024
MMR,IT.NET.SECR.P6,secure_servers_per_million,2023,20.1722406397571,https://api.worldbank.org/v2/country/all/indicator/IT.NET.SECR.P6?format=json&per_page=20000&date=2020%3A2024
MMR,IT.NET.SECR.P6,secure_servers_per_million,2022,14.8260348967657,https://api.worldbank.org/v2/country/all/indicator/IT.NET.SECR.P6?format=json&per_page=20000&date=2020%3A2024
MMR,IT.NET.SECR.P6,secure_servers_per_million,2021,12.6622344101015,https://api.worldbank.org/v2/country/all/indicator/IT.NET.SECR.P6?format=json&per_page=20000&date=2020%3A2024
MMR,IT.NET.SECR.P6,secure_servers_per_million,2020,14.4294640829136,https://api.worldbank.org/v2/country/all/indicator/IT.NET.SECR.P6?format=json&per_page=20000&date=2020%3A2024
NAM,IT.NET.SECR.P6,secure_servers_per_million,2024,427.374262036856,https://api.worldbank.org/v2/country/all/indicator/IT.NET.SECR.P6?format=json&per_page=20000&date=2020%3A2024
NAM,IT.NET.SECR.P6,secure_servers_per_million,2023,389.457644793704,https://api.worldbank.org/v2/country/all/indicator/IT.NET.SECR.P6?format=json&per_page=20000&date=2020%3A2024
NAM,IT.NET.SECR.P6,secure_servers_per_million,2022,315.607846177165,https://api.worldbank.org/v2/country/all/indicator/IT.NET.SECR.P6?format=json&per_page=20000&date=2020%3A2024
NAM,IT.NET.SECR.P6,secure_servers_per_million,2021,246.215328825553,https://api.worldbank.org/v2/country/all/indicator/IT.NET.SECR.P6?format=json&per_page=20000&date=2020%3A2024
NAM,IT.NET.SECR.P6,secure_servers_per_million,2020,199.357804015154,https://api.worldbank.org/v2/country/all/indicator/IT.NET.SECR.P6?format=json&per_page=20000&date=2020%3A2024
NRU,IT.NET.SECR.P6,secure_servers_per_million,2024,669.624173432661,https://api.worldbank.org/v2/country/all/indicator/IT.NET.SECR.P6?format=json&per_page=20000&date=2020%3A2024
NRU,IT.NET.SECR.P6,secure_servers_per_million,2023,421.052631578947,https://api.worldbank.org/v2/country/all/indicator/IT.NET.SECR.P6?format=json&per_page=20000&date=2020%3A2024
NRU,IT.NET.SECR.P6,secure_servers_per_million,2022,254.215744428438,https://api.worldbank.org/v2/country/all/indicator/IT.NET.SECR.P6?format=json&per_page=20000&date=2020%3A2024
NRU,IT.NET.SECR.P6,secure_servers_per_million,2021,427.021948928175,https://api.worldbank.org/v2/country/all/indicator/IT.NET.SECR.P6?format=json&per_page=20000&date=2020%3A2024
NRU,IT.NET.SECR.P6,secure_servers_per_million,2020,343.554066821266,https://api.worldbank.org/v2/country/all/indicator/IT.NET.SECR.P6?format=json&per_page=20000&date=2020%3A2024
NPL,IT.NET.SECR.P6,secure_servers_per_million,2024,541.228652445205,https://api.worldbank.org/v2/country/all/indicator/IT.NET.SECR.P6?format=json&per_page=20000&date=2020%3A2024
NPL,IT.NET.SECR.P6,secure_servers_per_million,2023,642.608117418196,https://api.worldbank.org/v2/country/all/indicator/IT.NET.SECR.P6?format=json&per_page=20000&date=2020%3A2024
NPL,IT.NET.SECR.P6,secure_servers_per_million,2022,359.476468728239,https://api.worldbank.org/v2/country/all/indicator/IT.NET.SECR.P6?format=json&per_page=20000&date=2020%3A2024
NPL,IT.NET.SECR.P6,secure_servers_per_million,2021,269.787864363744,https://api.worldbank.org/v2/country/all/indicator/IT.NET.SECR.P6?format=json&per_page=20000&date=2020%3A2024
NPL,IT.NET.SECR.P6,secure_servers_per_million,2020,210.449464959163,https://api.worldbank.org/v2/country/all/indicator/IT.NET.SECR.P6?format=json&per_page=20000&date=2020%3A2024
NLD,IT.NET.SECR.P6,secure_servers_per_million,2024,198682.41199523,https://api.worldbank.org/v2/country/all/indicator/IT.NET.SECR.P6?format=json&per_page=20000&date=2020%3A2024
NLD,IT.NET.SECR.P6,secure_servers_per_million,2023,194962.867894191,https://api.worldbank.org/v2/country/all/indicator/IT.NET.SECR.P6?format=json&per_page=20000&date=2020%3A2024
NLD,IT.NET.SECR.P6,secure_servers_per_million,2022,181183.789690312,https://api.worldbank.org/v2/country/all/indicator/IT.NET.SECR.P6?format=json&per_page=20000&date=2020%3A2024
NLD,IT.NET.SECR.P6,secure_servers_per_million,2021,164133.506993994,https://api.worldbank.org/v2/country/all/indicator/IT.NET.SECR.P6?format=json&per_page=20000&date=2020%3A2024
NLD,IT.NET.SECR.P6,secure_servers_per_million,2020,136862.999168649,https://api.worldbank.org/v2/country/all/indicator/IT.NET.SECR.P6?format=json&per_page=20000&date=2020%3A2024
NCL,IT.NET.SECR.P6,secure_servers_per_million,2024,7541.71521909247,https://api.worldbank.org/v2/country/all/indicator/IT.NET.SECR.P6?format=json&per_page=20000&date=2020%3A2024
NCL,IT.NET.SECR.P6,secure_servers_per_million,2023,7648.25611481009,https://api.worldbank.org/v2/country/all/indicator/IT.NET.SECR.P6?format=json&per_page=20000&date=2020%3A2024
NCL,IT.NET.SECR.P6,secure_servers_per_million,2022,6899.48210348875,https://api.worldbank.org/v2/country/all/indicator/IT.NET.SECR.P6?format=json&per_page=20000&date=2020%3A2024
NCL,IT.NET.SECR.P6,secure_servers_per_million,2021,6023.54723120183,https://api.worldbank.org/v2/country/all/indicator/IT.NET.SECR.P6?format=json&per_page=20000&date=2020%3A2024
NCL,IT.NET.SECR.P6,secure_servers_per_million,2020,5471.96103822983,https://api.worldbank.org/v2/country/all/indicator/IT.NET.SECR.P6?format=json&per_page=20000&date=2020%3A2024
NZL,IT.NET.SECR.P6,secure_servers_per_million,2024,18709.4517958412,https://api.worldbank.org/v2/country/all/indicator/IT.NET.SECR.P6?format=json&per_page=20000&date=2020%3A2024
NZL,IT.NET.SECR.P6,secure_servers_per_million,2023,18993.6538461538,https://api.worldbank.org/v2/country/all/indicator/IT.NET.SECR.P6?format=json&per_page=20000&date=2020%3A2024
NZL,IT.NET.SECR.P6,secure_servers_per_million,2022,18499.3210933349,https://api.worldbank.org/v2/country/all/indicator/IT.NET.SECR.P6?format=json&per_page=20000&date=2020%3A2024
NZL,IT.NET.SECR.P6,secure_servers_per_million,2021,16145.0261574165,https://api.worldbank.org/v2/country/all/indicator/IT.NET.SECR.P6?format=json&per_page=20000&date=2020%3A2024
NZL,IT.NET.SECR.P6,secure_servers_per_million,2020,20581.3815945115,https://api.worldbank.org/v2/country/all/indicator/IT.NET.SECR.P6?format=json&per_page=20000&date=2020%3A2024
NIC,IT.NET.SECR.P6,secure_servers_per_million,2024,93.9830599149236,https://api.worldbank.org/v2/country/all/indicator/IT.NET.SECR.P6?format=json&per_page=20000&date=2020%3A2024
NIC,IT.NET.SECR.P6,secure_servers_per_million,2023,103.464249804319,https://api.worldbank.org/v2/country/all/indicator/IT.NET.SECR.P6?format=json&per_page=20000&date=2020%3A2024
NIC,IT.NET.SECR.P6,secure_servers_per_million,2022,95.0873421810124,https://api.worldbank.org/v2/country/all/indicator/IT.NET.SECR.P6?format=json&per_page=20000&date=2020%3A2024
NIC,IT.NET.SECR.P6,secure_servers_per_million,2021,104.744488912359,https://api.worldbank.org/v2/country/all/indicator/IT.NET.SECR.P6?format=json&per_page=20000&date=2020%3A2024
NIC,IT.NET.SECR.P6,secure_servers_per_million,2020,92.9132052055156,https://api.worldbank.org/v2/country/all/indicator/IT.NET.SECR.P6?format=json&per_page=20000&date=2020%3A2024
NER,IT.NET.SECR.P6,secure_servers_per_million,2024,5.2159607511161,https://api.worldbank.org/v2/country/all/indicator/IT.NET.SECR.P6?format=json&per_page=20000&date=2020%3A2024
NER,IT.NET.SECR.P6,secure_servers_per_million,2023,4.74008526113684,https://api.worldbank.org/v2/country/all/indicator/IT.NET.SECR.P6?format=json&per_page=20000&date=2020%3A2024
NER,IT.NET.SECR.P6,secure_servers_per_million,2022,4.18774150873186,https://api.worldbank.org/v2/country/all/indicator/IT.NET.SECR.P6?format=json&per_page=20000&date=2020%3A2024
NER,IT.NET.SECR.P6,secure_servers_per_million,2021,1.42844665812864,https://api.worldbank.org/v2/country/all/indicator/IT.NET.SECR.P6?format=json&per_page=20000&date=2020%3A2024
NER,IT.NET.SECR.P6,secure_servers_per_million,2020,1.47569656356228,https://api.worldbank.org/v2/country/all/indicator/IT.NET.SECR.P6?format=json&per_page=20000&date=2020%3A2024
NGA,IT.NET.SECR.P6,secure_servers_per_million,2024,98.36277868906,https://api.worldbank.org/v2/country/all/indicator/IT.NET.SECR.P6?format=json&per_page=20000&date=2020%3A2024
NGA,IT.NET.SECR.P6,secure_servers_per_million,2023,47.5989986876815,https://api.worldbank.org/v2/country/all/indicator/IT.NET.SECR.P6?format=json&per_page=20000&date=2020%3A2024
NGA,IT.NET.SECR.P6,secure_servers_per_million,2022,47.0936939460015,https://api.worldbank.org/v2/country/all/indicator/IT.NET.SECR.P6?format=json&per_page=20000&date=2020%3A2024
NGA,IT.NET.SECR.P6,secure_servers_per_million,2021,61.547814694274,https://api.worldbank.org/v2/country/all/indicator/IT.NET.SECR.P6?format=json&per_page=20000&date=2020%3A2024
NGA,IT.NET.SECR.P6,secure_servers_per_million,2020,71.2255701423008,https://api.worldbank.org/v2/country/all/indicator/IT.NET.SECR.P6?format=json&per_page=20000&date=2020%3A2024
MKD,IT.NET.SECR.P6,secure_servers_per_million,2024,2068.12365329412,https://api.worldbank.org/v2/country/all/indicator/IT.NET.SECR.P6?format=json&per_page=20000&date=2020%3A2024
MKD,IT.NET.SECR.P6,secure_servers_per_million,2023,1857.95506768734,https://api.worldbank.org/v2/country/all/indicator/IT.NET.SECR.P6?format=json&per_page=20000&date=2020%3A2024
MKD,IT.NET.SECR.P6,secure_servers_per_million,2022,1735.53484390559,https://api.worldbank.org/v2/country/all/indicator/IT.NET.SECR.P6?format=json&per_page=20000&date=2020%3A2024
MKD,IT.NET.SECR.P6,secure_servers_per_million,2021,1546.44730811479,https://api.worldbank.org/v2/country/all/indicator/IT.NET.SECR.P6?format=json&per_page=20000&date=2020%3A2024
MKD,IT.NET.SECR.P6,secure_servers_per_million,2020,1142.16507086811,https://api.worldbank.org/v2/country/all/indicator/IT.NET.SECR.P6?format=json&per_page=20000&date=2020%3A2024
MNP,IT.NET.SECR.P6,secure_servers_per_million,2024,1445.41307195447,https://api.worldbank.org/v2/country/all/indicator/IT.NET.SECR.P6?format=json&per_page=20000&date=2020%3A2024
MNP,IT.NET.SECR.P6,secure_servers_per_million,2023,2037.96823427774,https://api.worldbank.org/v2/country/all/indicator/IT.NET.SECR.P6?format=json&per_page=20000&date=2020%3A2024
MNP,IT.NET.SECR.P6,secure_servers_per_million,2022,2148.53075220279,https://api.worldbank.org/v2/country/all/indicator/IT.NET.SECR.P6?format=json&per_page=20000&date=2020%3A2024
MNP,IT.NET.SECR.P6,secure_servers_per_million,2021,2086.03844270844,https://api.worldbank.org/v2/country/all/indicator/IT.NET.SECR.P6?format=json&per_page=20000&date=2020%3A2024
MNP,IT.NET.SECR.P6,secure_servers_per_million,2020,1956.74128934523,https://api.worldbank.org/v2/country/all/indicator/IT.NET.SECR.P6?format=json&per_page=20000&date=2020%3A2024
NOR,IT.NET.SECR.P6,secure_servers_per_million,2024,35469.8678942673,https://api.worldbank.org/v2/country/all/indicator/IT.NET.SECR.P6?format=json&per_page=20000&date=2020%3A2024
NOR,IT.NET.SECR.P6,secure_servers_per_million,2023,37715.0449824181,https://api.worldbank.org/v2/country/all/indicator/IT.NET.SECR.P6?format=json&per_page=20000&date=2020%3A2024
NOR,IT.NET.SECR.P6,secure_servers_per_million,2022,44150.8874541494,https://api.worldbank.org/v2/country/all/indicator/IT.NET.SECR.P6?format=json&per_page=20000&date=2020%3A2024
NOR,IT.NET.SECR.P6,secure_servers_per_million,2021,43861.1250813561,https://api.worldbank.org/v2/country/all/indicator/IT.NET.SECR.P6?format=json&per_page=20000&date=2020%3A2024
NOR,IT.NET.SECR.P6,secure_servers_per_million,2020,39030.0168696759,https://api.worldbank.org/v2/country/all/indicator/IT.NET.SECR.P6?format=json&per_page=20000&date=2020%3A2024
OMN,IT.NET.SECR.P6,secure_servers_per_million,2024,286.658923972525,https://api.worldbank.org/v2/country/all/indicator/IT.NET.SECR.P6?format=json&per_page=20000&date=2020%3A2024
OMN,IT.NET.SECR.P6,secure_servers_per_million,2023,279.446391150878,https://api.worldbank.org/v2/country/all/indicator/IT.NET.SECR.P6?format=json&per_page=20000&date=2020%3A2024
OMN,IT.NET.SECR.P6,secure_servers_per_million,2022,284.341593826595,https://api.worldbank.org/v2/country/all/indicator/IT.NET.SECR.P6?format=json&per_page=20000&date=2020%3A2024
OMN,IT.NET.SECR.P6,secure_servers_per_million,2021,272.418776541944,https://api.worldbank.org/v2/country/all/indicator/IT.NET.SECR.P6?format=json&per_page=20000&date=2020%3A2024
OMN,IT.NET.SECR.P6,secure_servers_per_million,2020,263.128974988817,https://api.worldbank.org/v2/country/all/indicator/IT.NET.SECR.P6?format=json&per_page=20000&date=2020%3A2024
PAK,IT.NET.SECR.P6,secure_servers_per_million,2024,109.651337877655,https://api.worldbank.org/v2/country/all/indicator/IT.NET.SECR.P6?format=json&per_page=20000&date=2020%3A2024
PAK,IT.NET.SECR.P6,secure_servers_per_million,2023,113.359557368847,https://api.worldbank.org/v2/country/all/indicator/IT.NET.SECR.P6?format=json&per_page=20000&date=2020%3A2024
PAK,IT.NET.SECR.P6,secure_servers_per_million,2022,116.150687433285,https://api.worldbank.org/v2/country/all/indicator/IT.NET.SECR.P6?format=json&per_page=20000&date=2020%3A2024
PAK,IT.NET.SECR.P6,secure_servers_per_million,2021,65.7388698838102,https://api.worldbank.org/v2/country/all/indicator/IT.NET.SECR.P6?format=json&per_page=20000&date=2020%3A2024
PAK,IT.NET.SECR.P6,secure_servers_per_million,2020,69.3313997760681,https://api.worldbank.org/v2/country/all/indicator/IT.NET.SECR.P6?format=json&per_page=20000&date=2020%3A2024
PLW,IT.NET.SECR.P6,secure_servers_per_million,2024,1469.3416219271,https://api.worldbank.org/v2/country/all/indicator/IT.NET.SECR.P6?format=json&per_page=20000&date=2020%3A2024
PLW,IT.NET.SECR.P6,secure_servers_per_million,2023,1353.86698256896,https://api.worldbank.org/v2/country/all/indicator/IT.NET.SECR.P6?format=json&per_page=20000&date=2020%3A2024
PLW,IT.NET.SECR.P6,secure_servers_per_million,2022,1407.73692212399,https://api.worldbank.org/v2/country/all/indicator/IT.NET.SECR.P6?format=json&per_page=20000&date=2020%3A2024
PLW,IT.NET.SECR.P6,secure_servers_per_million,2021,1068.43614688185,https://api.worldbank.org/v2/country/all/indicator/IT.NET.SECR.P6?format=json&per_page=20000&date=2020%3A2024
PLW,IT.NET.SECR.P6,secure_servers_per_million,2020,955.485611510791,https://api.worldbank.org/v2/country/all/indicator/IT.NET.SECR.P6?format=json&per_page=20000&date=2020%3A2024
PAN,IT.NET.SECR.P6,secure_servers_per_million,2024,2234.48741988012,https://api.worldbank.org/v2/country/all/indicator/IT.NET.SECR.P6?format=json&per_page=20000&date=2020%3A2024
PAN,IT.NET.SECR.P6,secure_servers_per_million,2023,2621.1329206176,https://api.worldbank.org/v2/country/all/indicator/IT.NET.SECR.P6?format=json&per_page=20000&date=2020%3A2024
PAN,IT.NET.SECR.P6,secure_servers_per_million,2022,2231.65339361971,https://api.worldbank.org/v2/country/all/indicator/IT.NET.SECR.P6?format=json&per_page=20000&date=2020%3A2024
PAN,IT.NET.SECR.P6,secure_servers_per_million,2021,1548.53230021137,https://api.worldbank.org/v2/country/all/indicator/IT.NET.SECR.P6?format=json&per_page=20000&date=2020%3A2024
PAN,IT.NET.SECR.P6,secure_servers_per_million,2020,1483.95357282029,https://api.worldbank.org/v2/country/all/indicator/IT.NET.SECR.P6?format=json&per_page=20000&date=2020%3A2024
PNG,IT.NET.SECR.P6,secure_servers_per_million,2024,88.1198717685677,https://api.worldbank.org/v2/country/all/indicator/IT.NET.SECR.P6?format=json&per_page=20000&date=2020%3A2024
PNG,IT.NET.SECR.P6,secure_servers_per_million,2023,86.3360454914922,https://api.worldbank.org/v2/country/all/indicator/IT.NET.SECR.P6?format=json&per_page=20000&date=2020%3A2024
PNG,IT.NET.SECR.P6,secure_servers_per_million,2022,83.6994859146212,https://api.worldbank.org/v2/country/all/indicator/IT.NET.SECR.P6?format=json&per_page=20000&date=2020%3A2024
PNG,IT.NET.SECR.P6,secure_servers_per_million,2021,85.3898812091926,https://api.worldbank.org/v2/country/all/indicator/IT.NET.SECR.P6?format=json&per_page=20000&date=2020%3A2024
PNG,IT.NET.SECR.P6,secure_servers_per_million,2020,,https://api.worldbank.org/v2/country/all/indicator/IT.NET.SECR.P6?format=json&per_page=20000&date=2020%3A2024
PRY,IT.NET.SECR.P6,secure_servers_per_million,2024,775.275131029723,https://api.worldbank.org/v2/country/all/indicator/IT.NET.SECR.P6?format=json&per_page=20000&date=2020%3A2024
PRY,IT.NET.SECR.P6,secure_servers_per_million,2023,643.177395689689,https://api.worldbank.org/v2/country/all/indicator/IT.NET.SECR.P6?format=json&per_page=20000&date=2020%3A2024
PRY,IT.NET.SECR.P6,secure_servers_per_million,2022,626.584210787899,https://api.worldbank.org/v2/country/all/indicator/IT.NET.SECR.P6?format=json&per_page=20000&date=2020%3A2024
PRY,IT.NET.SECR.P6,secure_servers_per_million,2021,625.057785679684,https://api.worldbank.org/v2/country/all/indicator/IT.NET.SECR.P6?format=json&per_page=20000&date=2020%3A2024
PRY,IT.NET.SECR.P6,secure_servers_per_million,2020,513.4969749713,https://api.worldbank.org/v2/country/all/indicator/IT.NET.SECR.P6?format=json&per_page=20000&date=2020%3A2024
PER,IT.NET.SECR.P6,secure_servers_per_million,2024,826.790743824685,https://api.worldbank.org/v2/country/all/indicator/IT.NET.SECR.P6?format=json&per_page=20000&date=2020%3A2024
PER,IT.NET.SECR.P6,secure_servers_per_million,2023,749.75734671937,https://api.worldbank.org/v2/country/all/indicator/IT.NET.SECR.P6?format=json&per_page=20000&date=2020%3A2024
PER,IT.NET.SECR.P6,secure_servers_per_million,2022,701.589027752228,https://api.worldbank.org/v2/country/all/indicator/IT.NET.SECR.P6?format=json&per_page=20000&date=2020%3A2024
PER,IT.NET.SECR.P6,secure_servers_per_million,2021,597.239427984452,https://api.worldbank.org/v2/country/all/indicator/IT.NET.SECR.P6?format=json&per_page=20000&date=2020%3A2024
PER,IT.NET.SECR.P6,secure_servers_per_million,2020,457.388853518905,https://api.worldbank.org/v2/country/all/indicator/IT.NET.SECR.P6?format=json&per_page=20000&date=2020%3A2024
PHL,IT.NET.SECR.P6,secure_servers_per_million,2024,131.556605552984,https://api.worldbank.org/v2/country/all/indicator/IT.NET.SECR.P6?format=json&per_page=20000&date=2020%3A2024
PHL,IT.NET.SECR.P6,secure_servers_per_million,2023,305.497725722229,https://api.worldbank.org/v2/country/all/indicator/IT.NET.SECR.P6?format=json&per_page=20000&date=2020%3A2024
PHL,IT.NET.SECR.P6,secure_servers_per_million,2022,100.189236390773,https://api.worldbank.org/v2/country/all/indicator/IT.NET.SECR.P6?format=json&per_page=20000&date=2020%3A2024
PHL,IT.NET.SECR.P6,secure_servers_per_million,2021,133.650513103559,https://api.worldbank.org/v2/country/all/indicator/IT.NET.SECR.P6?format=json&per_page=20000&date=2020%3A2024
PHL,IT.NET.SECR.P6,secure_servers_per_million,2020,111.026585139154,https://api.worldbank.org/v2/country/all/indicator/IT.NET.SECR.P6?format=json&per_page=20000&date=2020%3A2024
POL,IT.NET.SECR.P6,secure_servers_per_million,2024,41131.8530670488,https://api.worldbank.org/v2/country/all/indicator/IT.NET.SECR.P6?format=json&per_page=20000&date=2020%3A2024
POL,IT.NET.SECR.P6,secure_servers_per_million,2023,37340.960521191,https://api.worldbank.org/v2/country/all/indicator/IT.NET.SECR.P6?format=json&per_page=20000&date=2020%3A2024
POL,IT.NET.SECR.P6,secure_servers_per_million,2022,34772.62853538,https://api.worldbank.org/v2/country/all/indicator/IT.NET.SECR.P6?format=json&per_page=20000&date=2020%3A2024
POL,IT.NET.SECR.P6,secure_servers_per_million,2021,31394.3768568545,https://api.worldbank.org/v2/country/all/indicator/IT.NET.SECR.P6?format=json&per_page=20000&date=2020%3A2024
POL,IT.NET.SECR.P6,secure_servers_per_million,2020,25438.6771123423,https://api.worldbank.org/v2/country/all/indicator/IT.NET.SECR.P6?format=json&per_page=20000&date=2020%3A2024
PRT,IT.NET.SECR.P6,secure_servers_per_million,2024,28710.2532558007,https://api.worldbank.org/v2/country/all/indicator/IT.NET.SECR.P6?format=json&per_page=20000&date=2020%3A2024
PRT,IT.NET.SECR.P6,secure_servers_per_million,2023,28927.204260395,https://api.worldbank.org/v2/country/all/indicator/IT.NET.SECR.P6?format=json&per_page=20000&date=2020%3A2024
PRT,IT.NET.SECR.P6,secure_servers_per_million,2022,27622.7553426515,https://api.worldbank.org/v2/country/all/indicator/IT.NET.SECR.P6?format=json&per_page=20000&date=2020%3A2024
PRT,IT.NET.SECR.P6,secure_servers_per_million,2021,24123.9217277333,https://api.worldbank.org/v2/country/all/indicator/IT.NET.SECR.P6?format=json&per_page=20000&date=2020%3A2024
PRT,IT.NET.SECR.P6,secure_servers_per_million,2020,22178.9068183498,https://api.worldbank.org/v2/country/all/indicator/IT.NET.SECR.P6?format=json&per_page=20000&date=2020%3A2024
PRI,IT.NET.SECR.P6,secure_servers_per_million,2024,471.191289612152,https://api.worldbank.org/v2/country/all/indicator/IT.NET.SECR.P6?format=json&per_page=20000&date=2020%3A2024
PRI,IT.NET.SECR.P6,secure_servers_per_million,2023,464.761467185468,https://api.worldbank.org/v2/country/all/indicator/IT.NET.SECR.P6?format=json&per_page=20000&date=2020%3A2024
PRI,IT.NET.SECR.P6,secure_servers_per_million,2022,502.771922284317,https://api.worldbank.org/v2/country/all/indicator/IT.NET.SECR.P6?format=json&per_page=20000&date=2020%3A2024
PRI,IT.NET.SECR.P6,secure_servers_per_million,2021,494.371126519471,https://api.worldbank.org/v2/country/all/indicator/IT.NET.SECR.P6?format=json&per_page=20000&date=2020%3A2024
PRI,IT.NET.SECR.P6,secure_servers_per_million,2020,444.906144610952,https://api.worldbank.org/v2/country/all/indicator/IT.NET.SECR.P6?format=json&per_page=20000&date=2020%3A2024
QAT,IT.NET.SECR.P6,secure_servers_per_million,2024,445.444117933167,https://api.worldbank.org/v2/country/all/indicator/IT.NET.SECR.P6?format=json&per_page=20000&date=2020%3A2024
QAT,IT.NET.SECR.P6,secure_servers_per_million,2023,449.542776593053,https://api.worldbank.org/v2/country/all/indicator/IT.NET.SECR.P6?format=json&per_page=20000&date=2020%3A2024
QAT,IT.NET.SECR.P6,secure_servers_per_million,2022,512.543967955841,https://api.worldbank.org/v2/country/all/indicator/IT.NET.SECR.P6?format=json&per_page=20000&date=2020%3A2024
QAT,IT.NET.SECR.P6,secure_servers_per_million,2021,532.154847878766,https://api.worldbank.org/v2/country/all/indicator/IT.NET.SECR.P6?format=json&per_page=20000&date=2020%3A2024
QAT,IT.NET.SECR.P6,secure_servers_per_million,2020,446.289888724577,https://api.worldbank.org/v2/country/all/indicator/IT.NET.SECR.P6?format=json&per_page=20000&date=2020%3A2024
ROU,IT.NET.SECR.P6,secure_servers_per_million,2024,27229.5998846093,https://api.worldbank.org/v2/country/all/indicator/IT.NET.SECR.P6?format=json&per_page=20000&date=2020%3A2024
ROU,IT.NET.SECR.P6,secure_servers_per_million,2023,26834.6013459271,https://api.worldbank.org/v2/country/all/indicator/IT.NET.SECR.P6?format=json&per_page=20000&date=2020%3A2024
ROU,IT.NET.SECR.P6,secure_servers_per_million,2022,24738.0607671931,https://api.worldbank.org/v2/country/all/indicator/IT.NET.SECR.P6?format=json&per_page=20000&date=2020%3A2024
ROU,IT.NET.SECR.P6,secure_servers_per_million,2021,23316.8405138798,https://api.worldbank.org/v2/country/all/indicator/IT.NET.SECR.P6?format=json&per_page=20000&date=2020%3A2024
ROU,IT.NET.SECR.P6,secure_servers_per_million,2020,21374.339808723,https://api.worldbank.org/v2/country/all/indicator/IT.NET.SECR.P6?format=json&per_page=20000&date=2020%3A2024
RUS,IT.NET.SECR.P6,secure_servers_per_million,2024,26105.3190580658,https://api.worldbank.org/v2/country/all/indicator/IT.NET.SECR.P6?format=json&per_page=20000&date=2020%3A2024
RUS,IT.NET.SECR.P6,secure_servers_per_million,2023,23603.5969263721,https://api.worldbank.org/v2/country/all/indicator/IT.NET.SECR.P6?format=json&per_page=20000&date=2020%3A2024
RUS,IT.NET.SECR.P6,secure_servers_per_million,2022,19939.0332294434,https://api.worldbank.org/v2/country/all/indicator/IT.NET.SECR.P6?format=json&per_page=20000&date=2020%3A2024
RUS,IT.NET.SECR.P6,secure_servers_per_million,2021,16210.0206428107,https://api.worldbank.org/v2/country/all/indicator/IT.NET.SECR.P6?format=json&per_page=20000&date=2020%3A2024
RUS,IT.NET.SECR.P6,secure_servers_per_million,2020,13239.9190367447,https://api.worldbank.org/v2/country/all/indicator/IT.NET.SECR.P6?format=json&per_page=20000&date=2020%3A2024
RWA,IT.NET.SECR.P6,secure_servers_per_million,2024,160.978445933022,https://api.worldbank.org/v2/country/all/indicator/IT.NET.SECR.P6?format=json&per_page=20000&date=2020%3A2024
RWA,IT.NET.SECR.P6,secure_servers_per_million,2023,129.134239484965,https://api.worldbank.org/v2/country/all/indicator/IT.NET.SECR.P6?format=json&per_page=20000&date=2020%3A2024
RWA,IT.NET.SECR.P6,secure_servers_per_million,2022,115.522418454871,https://api.worldbank.org/v2/country/all/indicator/IT.NET.SECR.P6?format=json&per_page=20000&date=2020%3A2024
RWA,IT.NET.SECR.P6,secure_servers_per_million,2021,99.3615998490482,https://api.worldbank.org/v2/country/all/indicator/IT.NET.SECR.P6?format=json&per_page=20000&date=2020%3A2024
RWA,IT.NET.SECR.P6,secure_servers_per_million,2020,81.2041356401431,https://api.worldbank.org/v2/country/all/indicator/IT.NET.SECR.P6?format=json&per_page=20000&date=2020%3A2024
WSM,IT.NET.SECR.P6,secure_servers_per_million,2024,605.451818419496,https://api.worldbank.org/v2/country/all/indicator/IT.NET.SECR.P6?format=json&per_page=20000&date=2020%3A2024
WSM,IT.NET.SECR.P6,secure_servers_per_million,2023,618.472004910852,https://api.worldbank.org/v2/country/all/indicator/IT.NET.SECR.P6?format=json&per_page=20000&date=2020%3A2024
WSM,IT.NET.SECR.P6,secure_servers_per_million,2022,566.753847654708,https://api.worldbank.org/v2/country/all/indicator/IT.NET.SECR.P6?format=json&per_page=20000&date=2020%3A2024
WSM,IT.NET.SECR.P6,secure_servers_per_million,2021,575.360535880512,https://api.worldbank.org/v2/country/all/indicator/IT.NET.SECR.P6?format=json&per_page=20000&date=2020%3A2024
WSM,IT.NET.SECR.P6,secure_servers_per_million,2020,481.25920054354,https://api.worldbank.org/v2/country/all/indicator/IT.NET.SECR.P6?format=json&per_page=20000&date=2020%3A2024
SMR,IT.NET.SECR.P6,secure_servers_per_million,2024,36024.3694263767,https://api.worldbank.org/v2/country/all/indicator/IT.NET.SECR.P6?format=json&per_page=20000&date=2020%3A2024
SMR,IT.NET.SECR.P6,secure_servers_per_million,2023,32339.0431187242,https://api.worldbank.org/v2/country/all/indicator/IT.NET.SECR.P6?format=json&per_page=20000&date=2020%3A2024
SMR,IT.NET.SECR.P6,secure_servers_per_million,2022,37712.9314175678,https://api.worldbank.org/v2/country/all/indicator/IT.NET.SECR.P6?format=json&per_page=20000&date=2020%3A2024
SMR,IT.NET.SECR.P6,secure_servers_per_million,2021,37895.5973373818,https://api.worldbank.org/v2/country/all/indicator/IT.NET.SECR.P6?format=json&per_page=20000&date=2020%3A2024
SMR,IT.NET.SECR.P6,secure_servers_per_million,2020,94247.9148691401,https://api.worldbank.org/v2/country/all/indicator/IT.NET.SECR.P6?format=json&per_page=20000&date=2020%3A2024
STP,IT.NET.SECR.P6,secure_servers_per_million,2024,42.4563548671965,https://api.worldbank.org/v2/country/all/indicator/IT.NET.SECR.P6?format=json&per_page=20000&date=2020%3A2024
STP,IT.NET.SECR.P6,secure_servers_per_million,2023,38.9828085814156,https://api.worldbank.org/v2/country/all/indicator/IT.NET.SECR.P6?format=json&per_page=20000&date=2020%3A2024
STP,IT.NET.SECR.P6,secure_servers_per_million,2022,30.9317072092972,https://api.worldbank.org/v2/country/all/indicator/IT.NET.SECR.P6?format=json&per_page=20000&date=2020%3A2024
STP,IT.NET.SECR.P6,secure_servers_per_million,2021,40.5476637787719,https://api.worldbank.org/v2/country/all/indicator/IT.NET.SECR.P6?format=json&per_page=20000&date=2020%3A2024
STP,IT.NET.SECR.P6,secure_servers_per_million,2020,32.1935291006508,https://api.worldbank.org/v2/country/all/indicator/IT.NET.SECR.P6?format=json&per_page=20000&date=2020%3A2024
SAU,IT.NET.SECR.P6,secure_servers_per_million,2024,482.77237461006,https://api.worldbank.org/v2/country/all/indicator/IT.NET.SECR.P6?format=json&per_page=20000&date=2020%3A2024
SAU,IT.NET.SECR.P6,secure_servers_per_million,2023,425.544149523076,https://api.worldbank.org/v2/country/all/indicator/IT.NET.SECR.P6?format=json&per_page=20000&date=2020%3A2024
SAU,IT.NET.SECR.P6,secure_servers_per_million,2022,323.758429778142,https://api.worldbank.org/v2/country/all/indicator/IT.NET.SECR.P6?format=json&per_page=20000&date=2020%3A2024
SAU,IT.NET.SECR.P6,secure_servers_per_million,2021,306.45408745077,https://api.worldbank.org/v2/country/all/indicator/IT.NET.SECR.P6?format=json&per_page=20000&date=2020%3A2024
SAU,IT.NET.SECR.P6,secure_servers_per_million,2020,252.816653889025,https://api.worldbank.org/v2/country/all/indicator/IT.NET.SECR.P6?format=json&per_page=20000&date=2020%3A2024
SEN,IT.NET.SECR.P6,secure_servers_per_million,2024,59.615228291193,https://api.worldbank.org/v2/country/all/indicator/IT.NET.SECR.P6?format=json&per_page=20000&date=2020%3A2024
SEN,IT.NET.SECR.P6,secure_servers_per_million,2023,46.1898286899464,https://api.worldbank.org/v2/country/all/indicator/IT.NET.SECR.P6?format=json&per_page=20000&date=2020%3A2024
SEN,IT.NET.SECR.P6,secure_servers_per_million,2022,44.5864487901974,https://api.worldbank.org/v2/country/all/indicator/IT.NET.SECR.P6?format=json&per_page=20000&date=2020%3A2024
SEN,IT.NET.SECR.P6,secure_servers_per_million,2021,40.9967744365019,https://api.worldbank.org/v2/country/all/indicator/IT.NET.SECR.P6?format=json&per_page=20000&date=2020%3A2024
SEN,IT.NET.SECR.P6,secure_servers_per_million,2020,26.2668561295198,https://api.worldbank.org/v2/country/all/indicator/IT.NET.SECR.P6?format=json&per_page=20000&date=2020%3A2024
SRB,IT.NET.SECR.P6,secure_servers_per_million,2024,12941.8220001105,https://api.worldbank.org/v2/country/all/indicator/IT.NET.SECR.P6?format=json&per_page=20000&date=2020%3A2024
SRB,IT.NET.SECR.P6,secure_servers_per_million,2023,12647.8462092924,https://api.worldbank.org/v2/country/all/indicator/IT.NET.SECR.P6?format=json&per_page=20000&date=2020%3A2024
SRB,IT.NET.SECR.P6,secure_servers_per_million,2022,11871.1989543322,https://api.worldbank.org/v2/country/all/indicator/IT.NET.SECR.P6?format=json&per_page=20000&date=2020%3A2024
SRB,IT.NET.SECR.P6,secure_servers_per_million,2021,11213.541759641,https://api.worldbank.org/v2/country/all/indicator/IT.NET.SECR.P6?format=json&per_page=20000&date=2020%3A2024
SRB,IT.NET.SECR.P6,secure_servers_per_million,2020,9361.18575019503,https://api.worldbank.org/v2/country/all/indicator/IT.NET.SECR.P6?format=json&per_page=20000&date=2020%3A2024
SYC,IT.NET.SECR.P6,secure_servers_per_million,2024,139583.367668144,https://api.worldbank.org/v2/country/all/indicator/IT.NET.SECR.P6?format=json&per_page=20000&date=2020%3A2024
SYC,IT.NET.SECR.P6,secure_servers_per_million,2023,52607.8498492983,https://api.worldbank.org/v2/country/all/indicator/IT.NET.SECR.P6?format=json&per_page=20000&date=2020%3A2024
SYC,IT.NET.SECR.P6,secure_servers_per_million,2022,51769.2987871002,https://api.worldbank.org/v2/country/all/indicator/IT.NET.SECR.P6?format=json&per_page=20000&date=2020%3A2024
SYC,IT.NET.SECR.P6,secure_servers_per_million,2021,70372.161437869,https://api.worldbank.org/v2/country/all/indicator/IT.NET.SECR.P6?format=json&per_page=20000&date=2020%3A2024
SYC,IT.NET.SECR.P6,secure_servers_per_million,2020,61109.8697974853,https://api.worldbank.org/v2/country/all/indicator/IT.NET.SECR.P6?format=json&per_page=20000&date=2020%3A2024
SLE,IT.NET.SECR.P6,secure_servers_per_million,2024,11.339938731931,https://api.worldbank.org/v2/country/all/indicator/IT.NET.SECR.P6?format=json&per_page=20000&date=2020%3A2024
SLE,IT.NET.SECR.P6,secure_servers_per_million,2023,13.356165678862,https://api.worldbank.org/v2/country/all/indicator/IT.NET.SECR.P6?format=json&per_page=20000&date=2020%3A2024
SLE,IT.NET.SECR.P6,secure_servers_per_million,2022,11.357036596359,https://api.worldbank.org/v2/country/all/indicator/IT.NET.SECR.P6?format=json&per_page=20000&date=2020%3A2024
SLE,IT.NET.SECR.P6,secure_servers_per_million,2021,10.130207760678,https://api.worldbank.org/v2/country/all/indicator/IT.NET.SECR.P6?format=json&per_page=20000&date=2020%3A2024
SLE,IT.NET.SECR.P6,secure_servers_per_million,2020,6.57183176413999,https://api.worldbank.org/v2/country/all/indicator/IT.NET.SECR.P6?format=json&per_page=20000&date=2020%3A2024
SGP,IT.NET.SECR.P6,secure_servers_per_million,2024,209665.455220098,https://api.worldbank.org/v2/country/all/indicator/IT.NET.SECR.P6?format=json&per_page=20000&date=2020%3A2024
SGP,IT.NET.SECR.P6,secure_servers_per_million,2023,228648.442759691,https://api.worldbank.org/v2/country/all/indicator/IT.NET.SECR.P6?format=json&per_page=20000&date=2020%3A2024
SGP,IT.NET.SECR.P6,secure_servers_per_million,2022,212649.338604675,https://api.worldbank.org/v2/country/all/indicator/IT.NET.SECR.P6?format=json&per_page=20000&date=2020%3A2024
SGP,IT.NET.SECR.P6,secure_servers_per_million,2021,176692.094677134,https://api.worldbank.org/v2/country/all/indicator/IT.NET.SECR.P6?format=json&per_page=20000&date=2020%3A2024
SGP,IT.NET.SECR.P6,secure_servers_per_million,2020,128377.730724944,https://api.worldbank.org/v2/country/all/indicator/IT.NET.SECR.P6?format=json&per_page=20000&date=2020%3A2024
SXM,IT.NET.SECR.P6,secure_servers_per_million,2024,1222.60668973472,https://api.worldbank.org/v2/country/all/indicator/IT.NET.SECR.P6?format=json&per_page=20000&date=2020%3A2024
SXM,IT.NET.SECR.P6,secure_servers_per_million,2023,1216.40272287071,https://api.worldbank.org/v2/country/all/indicator/IT.NET.SECR.P6?format=json&per_page=20000&date=2020%3A2024
SXM,IT.NET.SECR.P6,secure_servers_per_million,2022,1020.43237855668,https://api.worldbank.org/v2/country/all/indicator/IT.NET.SECR.P6?format=json&per_page=20000&date=2020%3A2024
SXM,IT.NET.SECR.P6,secure_servers_per_million,2021,1178.70630968704,https://api.worldbank.org/v2/country/all/indicator/IT.NET.SECR.P6?format=json&per_page=20000&date=2020%3A2024
SXM,IT.NET.SECR.P6,secure_servers_per_million,2020,999.804916113929,https://api.worldbank.org/v2/country/all/indicator/IT.NET.SECR.P6?format=json&per_page=20000&date=2020%3A2024
SVK,IT.NET.SECR.P6,secure_servers_per_million,2024,43287.3502716398,https://api.worldbank.org/v2/country/all/indicator/IT.NET.SECR.P6?format=json&per_page=20000&date=2020%3A2024
SVK,IT.NET.SECR.P6,secure_servers_per_million,2023,39911.9913612961,https://api.worldbank.org/v2/country/all/indicator/IT.NET.SECR.P6?format=json&per_page=20000&date=2020%3A2024
SVK,IT.NET.SECR.P6,secure_servers_per_million,2022,36900.6169648393,https://api.worldbank.org/v2/country/all/indicator/IT.NET.SECR.P6?format=json&per_page=20000&date=2020%3A2024
SVK,IT.NET.SECR.P6,secure_servers_per_million,2021,31322.794798914,https://api.worldbank.org/v2/country/all/indicator/IT.NET.SECR.P6?format=json&per_page=20000&date=2020%3A2024
SVK,IT.NET.SECR.P6,secure_servers_per_million,2020,25918.3886941279,https://api.worldbank.org/v2/country/all/indicator/IT.NET.SECR.P6?format=json&per_page=20000&date=2020%3A2024
SVN,IT.NET.SECR.P6,secure_servers_per_million,2024,68783.4915859735,https://api.worldbank.org/v2/country/all/indicator/IT.NET.SECR.P6?format=json&per_page=20000&date=2020%3A2024
SVN,IT.NET.SECR.P6,secure_servers_per_million,2023,63978.5405154822,https://api.worldbank.org/v2/country/all/indicator/IT.NET.SECR.P6?format=json&per_page=20000&date=2020%3A2024
SVN,IT.NET.SECR.P6,secure_servers_per_million,2022,61863.7776292141,https://api.worldbank.org/v2/country/all/indicator/IT.NET.SECR.P6?format=json&per_page=20000&date=2020%3A2024
SVN,IT.NET.SECR.P6,secure_servers_per_million,2021,55445.2655711669,https://api.worldbank.org/v2/country/all/indicator/IT.NET.SECR.P6?format=json&per_page=20000&date=2020%3A2024
SVN,IT.NET.SECR.P6,secure_servers_per_million,2020,49112.4747255423,https://api.worldbank.org/v2/country/all/indicator/IT.NET.SECR.P6?format=json&per_page=20000&date=2020%3A2024
SLB,IT.NET.SECR.P6,secure_servers_per_million,2024,80.566602945808,https://api.worldbank.org/v2/country/all/indicator/IT.NET.SECR.P6?format=json&per_page=20000&date=2020%3A2024
SLB,IT.NET.SECR.P6,secure_servers_per_million,2023,78.7495078155762,https://api.worldbank.org/v2/country/all/indicator/IT.NET.SECR.P6?format=json&per_page=20000&date=2020%3A2024
SLB,IT.NET.SECR.P6,secure_servers_per_million,2022,83.2195998801638,https://api.worldbank.org/v2/country/all/indicator/IT.NET.SECR.P6?format=json&per_page=20000&date=2020%3A2024
SLB,IT.NET.SECR.P6,secure_servers_per_million,2021,93.1036427128041,https://api.worldbank.org/v2/country/all/indicator/IT.NET.SECR.P6?format=json&per_page=20000&date=2020%3A2024
SLB,IT.NET.SECR.P6,secure_servers_per_million,2020,57.7570389712262,https://api.worldbank.org/v2/country/all/indicator/IT.NET.SECR.P6?format=json&per_page=20000&date=2020%3A2024
SOM,IT.NET.SECR.P6,secure_servers_per_million,2024,13.9932604038971,https://api.worldbank.org/v2/country/all/indicator/IT.NET.SECR.P6?format=json&per_page=20000&date=2020%3A2024
SOM,IT.NET.SECR.P6,secure_servers_per_million,2023,10.0770128901336,https://api.worldbank.org/v2/country/all/indicator/IT.NET.SECR.P6?format=json&per_page=20000&date=2020%3A2024
SOM,IT.NET.SECR.P6,secure_servers_per_million,2022,5.61737886698255,https://api.worldbank.org/v2/country/all/indicator/IT.NET.SECR.P6?format=json&per_page=20000&date=2020%3A2024
SOM,IT.NET.SECR.P6,secure_servers_per_million,2021,5.26881646344185,https://api.worldbank.org/v2/country/all/indicator/IT.NET.SECR.P6?format=json&per_page=20000&date=2020%3A2024
SOM,IT.NET.SECR.P6,secure_servers_per_million,2020,4.26395925672824,https://api.worldbank.org/v2/country/all/indicator/IT.NET.SECR.P6?format=json&per_page=20000&date=2020%3A2024
ZAF,IT.NET.SECR.P6,secure_servers_per_million,2024,16658.2387068502,https://api.worldbank.org/v2/country/all/indicator/IT.NET.SECR.P6?format=json&per_page=20000&date=2020%3A2024
ZAF,IT.NET.SECR.P6,secure_servers_per_million,2023,14786.991738834,https://api.worldbank.org/v2/country/all/indicator/IT.NET.SECR.P6?format=json&per_page=20000&date=2020%3A2024
ZAF,IT.NET.SECR.P6,secure_servers_per_million,2022,14989.9460406253,https://api.worldbank.org/v2/country/all/indicator/IT.NET.SECR.P6?format=json&per_page=20000&date=2020%3A2024
ZAF,IT.NET.SECR.P6,secure_servers_per_million,2021,16057.5805222423,https://api.worldbank.org/v2/country/all/indicator/IT.NET.SECR.P6?format=json&per_page=20000&date=2020%3A2024
ZAF,IT.NET.SECR.P6,secure_servers_per_million,2020,14123.2723330346,https://api.worldbank.org/v2/country/all/indicator/IT.NET.SECR.P6?format=json&per_page=20000&date=2020%3A2024
SSD,IT.NET.SECR.P6,secure_servers_per_million,2024,5.2748763167096,https://api.worldbank.org/v2/country/all/indicator/IT.NET.SECR.P6?format=json&per_page=20000&date=2020%3A2024
SSD,IT.NET.SECR.P6,secure_servers_per_million,2023,3.83162648886991,https://api.worldbank.org/v2/country/all/indicator/IT.NET.SECR.P6?format=json&per_page=20000&date=2020%3A2024
SSD,IT.NET.SECR.P6,secure_servers_per_million,2022,5.26259581894021,https://api.worldbank.org/v2/country/all/indicator/IT.NET.SECR.P6?format=json&per_page=20000&date=2020%3A2024
SSD,IT.NET.SECR.P6,secure_servers_per_million,2021,4.04941016659642,https://api.worldbank.org/v2/country/all/indicator/IT.NET.SECR.P6?format=json&per_page=20000&date=2020%3A2024
SSD,IT.NET.SECR.P6,secure_servers_per_million,2020,4.29968144034094,https://api.worldbank.org/v2/country/all/indicator/IT.NET.SECR.P6?format=json&per_page=20000&date=2020%3A2024
ESP,IT.NET.SECR.P6,secure_servers_per_million,2024,29986.3824811398,https://api.worldbank.org/v2/country/all/indicator/IT.NET.SECR.P6?format=json&per_page=20000&date=2020%3A2024
ESP,IT.NET.SECR.P6,secure_servers_per_million,2023,28733.8233897512,https://api.worldbank.org/v2/country/all/indicator/IT.NET.SECR.P6?format=json&per_page=20000&date=2020%3A2024
ESP,IT.NET.SECR.P6,secure_servers_per_million,2022,27046.3366105902,https://api.worldbank.org/v2/country/all/indicator/IT.NET.SECR.P6?format=json&per_page=20000&date=2020%3A2024
ESP,IT.NET.SECR.P6,secure_servers_per_million,2021,24984.2229191447,https://api.worldbank.org/v2/country/all/indicator/IT.NET.SECR.P6?format=json&per_page=20000&date=2020%3A2024
ESP,IT.NET.SECR.P6,secure_servers_per_million,2020,21589.3884182375,https://api.worldbank.org/v2/country/all/indicator/IT.NET.SECR.P6?format=json&per_page=20000&date=2020%3A2024
LKA,IT.NET.SECR.P6,secure_servers_per_million,2024,448.71326884468,https://api.worldbank.org/v2/country/all/indicator/IT.NET.SECR.P6?format=json&per_page=20000&date=2020%3A2024
LKA,IT.NET.SECR.P6,secure_servers_per_million,2023,482.370558605981,https://api.worldbank.org/v2/country/all/indicator/IT.NET.SECR.P6?format=json&per_page=20000&date=2020%3A2024
LKA,IT.NET.SECR.P6,secure_servers_per_million,2022,486.542536405031,https://api.worldbank.org/v2/country/all/indicator/IT.NET.SECR.P6?format=json&per_page=20000&date=2020%3A2024
LKA,IT.NET.SECR.P6,secure_servers_per_million,2021,482.487813684781,https://api.worldbank.org/v2/country/all/indicator/IT.NET.SECR.P6?format=json&per_page=20000&date=2020%3A2024
LKA,IT.NET.SECR.P6,secure_servers_per_million,2020,384.232857338382,https://api.worldbank.org/v2/country/all/indicator/IT.NET.SECR.P6?format=json&per_page=20000&date=2020%3A2024
KNA,IT.NET.SECR.P6,secure_servers_per_million,2024,11720.0008539163,https://api.worldbank.org/v2/country/all/indicator/IT.NET.SECR.P6?format=json&per_page=20000&date=2020%3A2024
KNA,IT.NET.SECR.P6,secure_servers_per_million,2023,8233.88511056931,https://api.worldbank.org/v2/country/all/indicator/IT.NET.SECR.P6?format=json&per_page=20000&date=2020%3A2024
KNA,IT.NET.SECR.P6,secure_servers_per_million,2022,9398.6169688925,https://api.worldbank.org/v2/country/all/indicator/IT.NET.SECR.P6?format=json&per_page=20000&date=2020%3A2024
KNA,IT.NET.SECR.P6,secure_servers_per_million,2021,7420.39646729252,https://api.worldbank.org/v2/country/all/indicator/IT.NET.SECR.P6?format=json&per_page=20000&date=2020%3A2024
KNA,IT.NET.SECR.P6,secure_servers_per_million,2020,7062.08662257307,https://api.worldbank.org/v2/country/all/indicator/IT.NET.SECR.P6?format=json&per_page=20000&date=2020%3A2024
LCA,IT.NET.SECR.P6,secure_servers_per_million,2024,734.377781734022,https://api.worldbank.org/v2/country/all/indicator/IT.NET.SECR.P6?format=json&per_page=20000&date=2020%3A2024
LCA,IT.NET.SECR.P6,secure_servers_per_million,2023,702.791644588225,https://api.worldbank.org/v2/country/all/indicator/IT.NET.SECR.P6?format=json&per_page=20000&date=2020%3A2024
LCA,IT.NET.SECR.P6,secure_servers_per_million,2022,721.553185181871,https://api.worldbank.org/v2/country/all/indicator/IT.NET.SECR.P6?format=json&per_page=20000&date=2020%3A2024
LCA,IT.NET.SECR.P6,secure_servers_per_million,2021,352.897682078399,https://api.worldbank.org/v2/country/all/indicator/IT.NET.SECR.P6?format=json&per_page=20000&date=2020%3A2024
LCA,IT.NET.SECR.P6,secure_servers_per_million,2020,387.096774193548,https://api.worldbank.org/v2/country/all/indicator/IT.NET.SECR.P6?format=json&per_page=20000&date=2020%3A2024
MAF,IT.NET.SECR.P6,secure_servers_per_million,2024,2411.11408779517,https://api.worldbank.org/v2/country/all/indicator/IT.NET.SECR.P6?format=json&per_page=20000&date=2020%3A2024
MAF,IT.NET.SECR.P6,secure_servers_per_million,2023,1272.03343630747,https://api.worldbank.org/v2/country/all/indicator/IT.NET.SECR.P6?format=json&per_page=20000&date=2020%3A2024
MAF,IT.NET.SECR.P6,secure_servers_per_million,2022,1039.14097679252,https://api.worldbank.org/v2/country/all/indicator/IT.NET.SECR.P6?format=json&per_page=20000&date=2020%3A2024
MAF,IT.NET.SECR.P6,secure_servers_per_million,2021,467.274123026601,https://api.worldbank.org/v2/country/all/indicator/IT.NET.SECR.P6?format=json&per_page=20000&date=2020%3A2024
MAF,IT.NET.SECR.P6,secure_servers_per_million,2020,471.905870509029,https://api.worldbank.org/v2/country/all/indicator/IT.NET.SECR.P6?format=json&per_page=20000&date=2020%3A2024
VCT,IT.NET.SECR.P6,secure_servers_per_million,2024,268.346982587262,https://api.worldbank.org/v2/country/all/indicator/IT.NET.SECR.P6?format=json&per_page=20000&date=2020%3A2024
VCT,IT.NET.SECR.P6,secure_servers_per_million,2023,167.780267066707,https://api.worldbank.org/v2/country/all/indicator/IT.NET.SECR.P6?format=json&per_page=20000&date=2020%3A2024
VCT,IT.NET.SECR.P6,secure_servers_per_million,2022,225.388550261647,https://api.worldbank.org/v2/country/all/indicator/IT.NET.SECR.P6?format=json&per_page=20000&date=2020%3A2024
VCT,IT.NET.SECR.P6,secure_servers_per_million,2021,194.474966209975,https://api.worldbank.org/v2/country/all/indicator/IT.NET.SECR.P6?format=json&per_page=20000&date=2020%3A2024
VCT,IT.NET.SECR.P6,secure_servers_per_million,2020,135.23172922744,https://api.worldbank.org/v2/country/all/indicator/IT.NET.SECR.P6?format=json&per_page=20000&date=2020%3A2024
SDN,IT.NET.SECR.P6,secure_servers_per_million,2024,2.3984635719866,https://api.worldbank.org/v2/country/all/indicator/IT.NET.SECR.P6?format=json&per_page=20000&date=2020%3A2024
SDN,IT.NET.SECR.P6,secure_servers_per_million,2023,2.13817011125539,https://api.worldbank.org/v2/country/all/indicator/IT.NET.SECR.P6?format=json&per_page=20000&date=2020%3A2024
SDN,IT.NET.SECR.P6,secure_servers_per_million,2022,9.45662936650749,https://api.worldbank.org/v2/country/all/indicator/IT.NET.SECR.P6?format=json&per_page=20000&date=2020%3A2024
SDN,IT.NET.SECR.P6,secure_servers_per_million,2021,8.50896970232587,https://api.worldbank.org/v2/country/all/indicator/IT.NET.SECR.P6?format=json&per_page=20000&date=2020%3A2024
SDN,IT.NET.SECR.P6,secure_servers_per_million,2020,6.02702788596803,https://api.worldbank.org/v2/country/all/indicator/IT.NET.SECR.P6?format=json&per_page=20000&date=2020%3A2024
SUR,IT.NET.SECR.P6,secure_servers_per_million,2024,2060.11370818891,https://api.worldbank.org/v2/country/all/indicator/IT.NET.SECR.P6?format=json&per_page=20000&date=2020%3A2024
SUR,IT.NET.SECR.P6,secure_servers_per_million,2023,1388.1689209173,https://api.worldbank.org/v2/country/all/indicator/IT.NET.SECR.P6?format=json&per_page=20000&date=2020%3A2024
SUR,IT.NET.SECR.P6,secure_servers_per_million,2022,3926.73517725671,https://api.worldbank.org/v2/country/all/indicator/IT.NET.SECR.P6?format=json&per_page=20000&date=2020%3A2024
SUR,IT.NET.SECR.P6,secure_servers_per_million,2021,5297.00791071637,https://api.worldbank.org/v2/country/all/indicator/IT.NET.SECR.P6?format=json&per_page=20000&date=2020%3A2024
SUR,IT.NET.SECR.P6,secure_servers_per_million,2020,6800.39913966132,https://api.worldbank.org/v2/country/all/indicator/IT.NET.SECR.P6?format=json&per_page=20000&date=2020%3A2024
SWE,IT.NET.SECR.P6,secure_servers_per_million,2024,55097.2595366627,https://api.worldbank.org/v2/country/all/indicator/IT.NET.SECR.P6?format=json&per_page=20000&date=2020%3A2024
SWE,IT.NET.SECR.P6,secure_servers_per_million,2023,52996.3464606147,https://api.worldbank.org/v2/country/all/indicator/IT.NET.SECR.P6?format=json&per_page=20000&date=2020%3A2024
SWE,IT.NET.SECR.P6,secure_servers_per_million,2022,45805.4450768818,https://api.worldbank.org/v2/country/all/indicator/IT.NET.SECR.P6?format=json&per_page=20000&date=2020%3A2024
SWE,IT.NET.SECR.P6,secure_servers_per_million,2021,38601.5068821813,https://api.worldbank.org/v2/country/all/indicator/IT.NET.SECR.P6?format=json&per_page=20000&date=2020%3A2024
SWE,IT.NET.SECR.P6,secure_servers_per_million,2020,32739.7400787101,https://api.worldbank.org/v2/country/all/indicator/IT.NET.SECR.P6?format=json&per_page=20000&date=2020%3A2024
CHE,IT.NET.SECR.P6,secure_servers_per_million,2024,167357.645513638,https://api.worldbank.org/v2/country/all/indicator/IT.NET.SECR.P6?format=json&per_page=20000&date=2020%3A2024
CHE,IT.NET.SECR.P6,secure_servers_per_million,2023,163621.681253151,https://api.worldbank.org/v2/country/all/indicator/IT.NET.SECR.P6?format=json&per_page=20000&date=2020%3A2024
CHE,IT.NET.SECR.P6,secure_servers_per_million,2022,151274.203927316,https://api.worldbank.org/v2/country/all/indicator/IT.NET.SECR.P6?format=json&per_page=20000&date=2020%3A2024
CHE,IT.NET.SECR.P6,secure_servers_per_million,2021,140348.158307165,https://api.worldbank.org/v2/country/all/indicator/IT.NET.SECR.P6?format=json&per_page=20000&date=2020%3A2024
CHE,IT.NET.SECR.P6,secure_servers_per_million,2020,120002.310675401,https://api.worldbank.org/v2/country/all/indicator/IT.NET.SECR.P6?format=json&per_page=20000&date=2020%3A2024
SYR,IT.NET.SECR.P6,secure_servers_per_million,2024,113.89078481694,https://api.worldbank.org/v2/country/all/indicator/IT.NET.SECR.P6?format=json&per_page=20000&date=2020%3A2024
SYR,IT.NET.SECR.P6,secure_servers_per_million,2023,93.2839655882614,https://api.worldbank.org/v2/country/all/indicator/IT.NET.SECR.P6?format=json&per_page=20000&date=2020%3A2024
SYR,IT.NET.SECR.P6,secure_servers_per_million,2022,78.9327016580275,https://api.worldbank.org/v2/country/all/indicator/IT.NET.SECR.P6?format=json&per_page=20000&date=2020%3A2024
SYR,IT.NET.SECR.P6,secure_servers_per_million,2021,46.4195049951595,https://api.worldbank.org/v2/country/all/indicator/IT.NET.SECR.P6?format=json&per_page=20000&date=2020%3A2024
SYR,IT.NET.SECR.P6,secure_servers_per_million,2020,32.589957665835,https://api.worldbank.org/v2/country/all/indicator/IT.NET.SECR.P6?format=json&per_page=20000&date=2020%3A2024
TJK,IT.NET.SECR.P6,secure_servers_per_million,2024,152.489012529309,https://api.worldbank.org/v2/country/all/indicator/IT.NET.SECR.P6?format=json&per_page=20000&date=2020%3A2024
TJK,IT.NET.SECR.P6,secure_servers_per_million,2023,123.775253015001,https://api.worldbank.org/v2/country/all/indicator/IT.NET.SECR.P6?format=json&per_page=20000&date=2020%3A2024
TJK,IT.NET.SECR.P6,secure_servers_per_million,2022,100.371019213684,https://api.worldbank.org/v2/country/all/indicator/IT.NET.SECR.P6?format=json&per_page=20000&date=2020%3A2024
TJK,IT.NET.SECR.P6,secure_servers_per_million,2021,100.532682753769,https://api.worldbank.org/v2/country/all/indicator/IT.NET.SECR.P6?format=json&per_page=20000&date=2020%3A2024
TJK,IT.NET.SECR.P6,secure_servers_per_million,2020,90.2627980851978,https://api.worldbank.org/v2/country/all/indicator/IT.NET.SECR.P6?format=json&per_page=20000&date=2020%3A2024
TZA,IT.NET.SECR.P6,secure_servers_per_million,2024,52.4065310993964,https://api.worldbank.org/v2/country/all/indicator/IT.NET.SECR.P6?format=json&per_page=20000&date=2020%3A2024
TZA,IT.NET.SECR.P6,secure_servers_per_million,2023,52.5836968683624,https://api.worldbank.org/v2/country/all/indicator/IT.NET.SECR.P6?format=json&per_page=20000&date=2020%3A2024
TZA,IT.NET.SECR.P6,secure_servers_per_million,2022,43.9332405743921,https://api.worldbank.org/v2/country/all/indicator/IT.NET.SECR.P6?format=json&per_page=20000&date=2020%3A2024
TZA,IT.NET.SECR.P6,secure_servers_per_million,2021,35.8743469643331,https://api.worldbank.org/v2/country/all/indicator/IT.NET.SECR.P6?format=json&per_page=20000&date=2020%3A2024
TZA,IT.NET.SECR.P6,secure_servers_per_million,2020,37.4101250856161,https://api.worldbank.org/v2/country/all/indicator/IT.NET.SECR.P6?format=json&per_page=20000&date=2020%3A2024
THA,IT.NET.SECR.P6,secure_servers_per_million,2024,3149.99672587537,https://api.worldbank.org/v2/country/all/indicator/IT.NET.SECR.P6?format=json&per_page=20000&date=2020%3A2024
THA,IT.NET.SECR.P6,secure_servers_per_million,2023,3002.53401436088,https://api.worldbank.org/v2/country/all/indicator/IT.NET.SECR.P6?format=json&per_page=20000&date=2020%3A2024
THA,IT.NET.SECR.P6,secure_servers_per_million,2022,2746.24794708894,https://api.worldbank.org/v2/country/all/indicator/IT.NET.SECR.P6?format=json&per_page=20000&date=2020%3A2024
THA,IT.NET.SECR.P6,secure_servers_per_million,2021,2134.31889534104,https://api.worldbank.org/v2/country/all/indicator/IT.NET.SECR.P6?format=json&per_page=20000&date=2020%3A2024
THA,IT.NET.SECR.P6,secure_servers_per_million,2020,1859.02067578611,https://api.worldbank.org/v2/country/all/indicator/IT.NET.SECR.P6?format=json&per_page=20000&date=2020%3A2024
TLS,IT.NET.SECR.P6,secure_servers_per_million,2024,264.879290723228,https://api.worldbank.org/v2/country/all/indicator/IT.NET.SECR.P6?format=json&per_page=20000&date=2020%3A2024
TLS,IT.NET.SECR.P6,secure_servers_per_million,2023,240.557225891181,https://api.worldbank.org/v2/country/all/indicator/IT.NET.SECR.P6?format=json&per_page=20000&date=2020%3A2024
TLS,IT.NET.SECR.P6,secure_servers_per_million,2022,211.787817818659,https://api.worldbank.org/v2/country/all/indicator/IT.NET.SECR.P6?format=json&per_page=20000&date=2020%3A2024
TLS,IT.NET.SECR.P6,secure_servers_per_million,2021,118.506316757015,https://api.worldbank.org/v2/country/all/indicator/IT.NET.SECR.P6?format=json&per_page=20000&date=2020%3A2024
TLS,IT.NET.SECR.P6,secure_servers_per_million,2020,89.7400028505648,https://api.worldbank.org/v2/country/all/indicator/IT.NET.SECR.P6?format=json&per_page=20000&date=2020%3A2024
TGO,IT.NET.SECR.P6,secure_servers_per_million,2024,101.944220214742,https://api.worldbank.org/v2/country/all/indicator/IT.NET.SECR.P6?format=json&per_page=20000&date=2020%3A2024
TGO,IT.NET.SECR.P6,secure_servers_per_million,2023,103.479513853001,https://api.worldbank.org/v2/country/all/indicator/IT.NET.SECR.P6?format=json&per_page=20000&date=2020%3A2024
TGO,IT.NET.SECR.P6,secure_servers_per_million,2022,90.8458154409629,https://api.worldbank.org/v2/country/all/indicator/IT.NET.SECR.P6?format=json&per_page=20000&date=2020%3A2024
TGO,IT.NET.SECR.P6,secure_servers_per_million,2021,28.0991752199044,https://api.worldbank.org/v2/country/all/indicator/IT.NET.SECR.P6?format=json&per_page=20000&date=2020%3A2024
TGO,IT.NET.SECR.P6,secure_servers_per_million,2020,28.1199899230283,https://api.worldbank.org/v2/country/all/indicator/IT.NET.SECR.P6?format=json&per_page=20000&date=2020%3A2024
TON,IT.NET.SECR.P6,secure_servers_per_million,2024,969.522438204944,https://api.worldbank.org/v2/country/all/indicator/IT.NET.SECR.P6?format=json&per_page=20000&date=2020%3A2024
TON,IT.NET.SECR.P6,secure_servers_per_million,2023,879.566335554557,https://api.worldbank.org/v2/country/all/indicator/IT.NET.SECR.P6?format=json&per_page=20000&date=2020%3A2024
TON,IT.NET.SECR.P6,secure_servers_per_million,2022,780.64012490242,https://api.worldbank.org/v2/country/all/indicator/IT.NET.SECR.P6?format=json&per_page=20000&date=2020%3A2024
TON,IT.NET.SECR.P6,secure_servers_per_million,2021,692.008721205802,https://api.worldbank.org/v2/country/all/indicator/IT.NET.SECR.P6?format=json&per_page=20000&date=2020%3A2024
TON,IT.NET.SECR.P6,secure_servers_per_million,2020,558.162415802619,https://api.worldbank.org/v2/country/all/indicator/IT.NET.SECR.P6?format=json&per_page=20000&date=2020%3A2024
TTO,IT.NET.SECR.P6,secure_servers_per_million,2024,480.146280181798,https://api.worldbank.org/v2/country/all/indicator/IT.NET.SECR.P6?format=json&per_page=20000&date=2020%3A2024
TTO,IT.NET.SECR.P6,secure_servers_per_million,2023,428.516062039766,https://api.worldbank.org/v2/country/all/indicator/IT.NET.SECR.P6?format=json&per_page=20000&date=2020%3A2024
TTO,IT.NET.SECR.P6,secure_servers_per_million,2022,401.960748423091,https://api.worldbank.org/v2/country/all/indicator/IT.NET.SECR.P6?format=json&per_page=20000&date=2020%3A2024
TTO,IT.NET.SECR.P6,secure_servers_per_million,2021,348.796906602864,https://api.worldbank.org/v2/country/all/indicator/IT.NET.SECR.P6?format=json&per_page=20000&date=2020%3A2024
TTO,IT.NET.SECR.P6,secure_servers_per_million,2020,348.277817410232,https://api.worldbank.org/v2/country/all/indicator/IT.NET.SECR.P6?format=json&per_page=20000&date=2020%3A2024
TUN,IT.NET.SECR.P6,secure_servers_per_million,2024,912.34833868462,https://api.worldbank.org/v2/country/all/indicator/IT.NET.SECR.P6?format=json&per_page=20000&date=2020%3A2024
TUN,IT.NET.SECR.P6,secure_servers_per_million,2023,818.331745821111,https://api.worldbank.org/v2/country/all/indicator/IT.NET.SECR.P6?format=json&per_page=20000&date=2020%3A2024
TUN,IT.NET.SECR.P6,secure_servers_per_million,2022,739.562091448259,https://api.worldbank.org/v2/country/all/indicator/IT.NET.SECR.P6?format=json&per_page=20000&date=2020%3A2024
TUN,IT.NET.SECR.P6,secure_servers_per_million,2021,413.491268960052,https://api.worldbank.org/v2/country/all/indicator/IT.NET.SECR.P6?format=json&per_page=20000&date=2020%3A2024
TUN,IT.NET.SECR.P6,secure_servers_per_million,2020,324.200895318938,https://api.worldbank.org/v2/country/all/indicator/IT.NET.SECR.P6?format=json&per_page=20000&date=2020%3A2024
TUR,IT.NET.SECR.P6,secure_servers_per_million,2024,11103.4011629345,https://api.worldbank.org/v2/country/all/indicator/IT.NET.SECR.P6?format=json&per_page=20000&date=2020%3A2024
TUR,IT.NET.SECR.P6,secure_servers_per_million,2023,9881.98609883873,https://api.worldbank.org/v2/country/all/indicator/IT.NET.SECR.P6?format=json&per_page=20000&date=2020%3A2024
TUR,IT.NET.SECR.P6,secure_servers_per_million,2022,9166.00138199718,https://api.worldbank.org/v2/country/all/indicator/IT.NET.SECR.P6?format=json&per_page=20000&date=2020%3A2024
TUR,IT.NET.SECR.P6,secure_servers_per_million,2021,7755.87404936661,https://api.worldbank.org/v2/country/all/indicator/IT.NET.SECR.P6?format=json&per_page=20000&date=2020%3A2024
TUR,IT.NET.SECR.P6,secure_servers_per_million,2020,6837.08326277681,https://api.worldbank.org/v2/country/all/indicator/IT.NET.SECR.P6?format=json&per_page=20000&date=2020%3A2024
TKM,IT.NET.SECR.P6,secure_servers_per_million,2024,188.271449268517,https://api.worldbank.org/v2/country/all/indicator/IT.NET.SECR.P6?format=json&per_page=20000&date=2020%3A2024
TKM,IT.NET.SECR.P6,secure_servers_per_million,2023,138.775015826055,https://api.worldbank.org/v2/country/all/indicator/IT.NET.SECR.P6?format=json&per_page=20000&date=2020%3A2024
TKM,IT.NET.SECR.P6,secure_servers_per_million,2022,103.455052997894,https://api.worldbank.org/v2/country/all/indicator/IT.NET.SECR.P6?format=json&per_page=20000&date=2020%3A2024
TKM,IT.NET.SECR.P6,secure_servers_per_million,2021,87.7039239609799,https://api.worldbank.org/v2/country/all/indicator/IT.NET.SECR.P6?format=json&per_page=20000&date=2020%3A2024
TKM,IT.NET.SECR.P6,secure_servers_per_million,2020,41.1516001929233,https://api.worldbank.org/v2/country/all/indicator/IT.NET.SECR.P6?format=json&per_page=20000&date=2020%3A2024
TCA,IT.NET.SECR.P6,secure_servers_per_million,2024,859.568067046309,https://api.worldbank.org/v2/country/all/indicator/IT.NET.SECR.P6?format=json&per_page=20000&date=2020%3A2024
TCA,IT.NET.SECR.P6,secure_servers_per_million,2023,735.962595783367,https://api.worldbank.org/v2/country/all/indicator/IT.NET.SECR.P6?format=json&per_page=20000&date=2020%3A2024
TCA,IT.NET.SECR.P6,secure_servers_per_million,2022,676.162017143979,https://api.worldbank.org/v2/country/all/indicator/IT.NET.SECR.P6?format=json&per_page=20000&date=2020%3A2024
TCA,IT.NET.SECR.P6,secure_servers_per_million,2021,640.983135512676,https://api.worldbank.org/v2/country/all/indicator/IT.NET.SECR.P6?format=json&per_page=20000&date=2020%3A2024
TCA,IT.NET.SECR.P6,secure_servers_per_million,2020,675.888793763799,https://api.worldbank.org/v2/country/all/indicator/IT.NET.SECR.P6?format=json&per_page=20000&date=2020%3A2024
TUV,IT.NET.SECR.P6,secure_servers_per_million,2024,311.009744972009,https://api.worldbank.org/v2/country/all/indicator/IT.NET.SECR.P6?format=json&per_page=20000&date=2020%3A2024
TUV,IT.NET.SECR.P6,secure_servers_per_million,2023,509.372453137734,https://api.worldbank.org/v2/country/all/indicator/IT.NET.SECR.P6?format=json&per_page=20000&date=2020%3A2024
TUV,IT.NET.SECR.P6,secure_servers_per_million,2022,500.400320256205,https://api.worldbank.org/v2/country/all/indicator/IT.NET.SECR.P6?format=json&per_page=20000&date=2020%3A2024
TUV,IT.NET.SECR.P6,secure_servers_per_million,2021,588.581518540318,https://api.worldbank.org/v2/country/all/indicator/IT.NET.SECR.P6?format=json&per_page=20000&date=2020%3A2024
TUV,IT.NET.SECR.P6,secure_servers_per_million,2020,288.489277815175,https://api.worldbank.org/v2/country/all/indicator/IT.NET.SECR.P6?format=json&per_page=20000&date=2020%3A2024
UGA,IT.NET.SECR.P6,secure_servers_per_million,2024,53.7637719430767,https://api.worldbank.org/v2/country/all/indicator/IT.NET.SECR.P6?format=json&per_page=20000&date=2020%3A2024
UGA,IT.NET.SECR.P6,secure_servers_per_million,2023,51.6271163289848,https://api.worldbank.org/v2/country/all/indicator/IT.NET.SECR.P6?format=json&per_page=20000&date=2020%3A2024
UGA,IT.NET.SECR.P6,secure_servers_per_million,2022,43.8571285662107,https://api.worldbank.org/v2/country/all/indicator/IT.NET.SECR.P6?format=json&per_page=20000&date=2020%3A2024
UGA,IT.NET.SECR.P6,secure_servers_per_million,2021,34.4144629612164,https://api.worldbank.org/v2/country/all/indicator/IT.NET.SECR.P6?format=json&per_page=20000&date=2020%3A2024
UGA,IT.NET.SECR.P6,secure_servers_per_million,2020,35.3823834689186,https://api.worldbank.org/v2/country/all/indicator/IT.NET.SECR.P6?format=json&per_page=20000&date=2020%3A2024
UKR,IT.NET.SECR.P6,secure_servers_per_million,2024,9936.86751062547,https://api.worldbank.org/v2/country/all/indicator/IT.NET.SECR.P6?format=json&per_page=20000&date=2020%3A2024
UKR,IT.NET.SECR.P6,secure_servers_per_million,2023,9888.25753781136,https://api.worldbank.org/v2/country/all/indicator/IT.NET.SECR.P6?format=json&per_page=20000&date=2020%3A2024
UKR,IT.NET.SECR.P6,secure_servers_per_million,2022,8917.22299276914,https://api.worldbank.org/v2/country/all/indicator/IT.NET.SECR.P6?format=json&per_page=20000&date=2020%3A2024
UKR,IT.NET.SECR.P6,secure_servers_per_million,2021,9534.33333393531,https://api.worldbank.org/v2/country/all/indicator/IT.NET.SECR.P6?format=json&per_page=20000&date=2020%3A2024
UKR,IT.NET.SECR.P6,secure_servers_per_million,2020,8842.70089978038,https://api.worldbank.org/v2/country/all/indicator/IT.NET.SECR.P6?format=json&per_page=20000&date=2020%3A2024
ARE,IT.NET.SECR.P6,secure_servers_per_million,2024,4192.27408432243,https://api.worldbank.org/v2/country/all/indicator/IT.NET.SECR.P6?format=json&per_page=20000&date=2020%3A2024
ARE,IT.NET.SECR.P6,secure_servers_per_million,2023,2119.66117852284,https://api.worldbank.org/v2/country/all/indicator/IT.NET.SECR.P6?format=json&per_page=20000&date=2020%3A2024
ARE,IT.NET.SECR.P6,secure_servers_per_million,2022,1626.60420961755,https://api.worldbank.org/v2/country/all/indicator/IT.NET.SECR.P6?format=json&per_page=20000&date=2020%3A2024
ARE,IT.NET.SECR.P6,secure_servers_per_million,2021,2580.22013645319,https://api.worldbank.org/v2/country/all/indicator/IT.NET.SECR.P6?format=json&per_page=20000&date=2020%3A2024
ARE,IT.NET.SECR.P6,secure_servers_per_million,2020,1478.66650469874,https://api.worldbank.org/v2/country/all/indicator/IT.NET.SECR.P6?format=json&per_page=20000&date=2020%3A2024
GBR,IT.NET.SECR.P6,secure_servers_per_million,2024,68394.8557324519,https://api.worldbank.org/v2/country/all/indicator/IT.NET.SECR.P6?format=json&per_page=20000&date=2020%3A2024
GBR,IT.NET.SECR.P6,secure_servers_per_million,2023,47330.9546741383,https://api.worldbank.org/v2/country/all/indicator/IT.NET.SECR.P6?format=json&per_page=20000&date=2020%3A2024
GBR,IT.NET.SECR.P6,secure_servers_per_million,2022,44399.8758057839,https://api.worldbank.org/v2/country/all/indicator/IT.NET.SECR.P6?format=json&per_page=20000&date=2020%3A2024
GBR,IT.NET.SECR.P6,secure_servers_per_million,2021,44117.1578727343,https://api.worldbank.org/v2/country/all/indicator/IT.NET.SECR.P6?format=json&per_page=20000&date=2020%3A2024
GBR,IT.NET.SECR.P6,secure_servers_per_million,2020,36638.822295475,https://api.worldbank.org/v2/country/all/indicator/IT.NET.SECR.P6?format=json&per_page=20000&date=2020%3A2024
USA,IT.NET.SECR.P6,secure_servers_per_million,2024,196616.101319598,https://api.worldbank.org/v2/country/all/indicator/IT.NET.SECR.P6?format=json&per_page=20000&date=2020%3A2024
USA,IT.NET.SECR.P6,secure_servers_per_million,2023,186721.281912647,https://api.worldbank.org/v2/country/all/indicator/IT.NET.SECR.P6?format=json&per_page=20000&date=2020%3A2024
USA,IT.NET.SECR.P6,secure_servers_per_million,2022,180224.392542979,https://api.worldbank.org/v2/country/all/indicator/IT.NET.SECR.P6?format=json&per_page=20000&date=2020%3A2024
USA,IT.NET.SECR.P6,secure_servers_per_million,2021,156949.241031093,https://api.worldbank.org/v2/country/all/indicator/IT.NET.SECR.P6?format=json&per_page=20000&date=2020%3A2024
USA,IT.NET.SECR.P6,secure_servers_per_million,2020,140775.6104426,https://api.worldbank.org/v2/country/all/indicator/IT.NET.SECR.P6?format=json&per_page=20000&date=2020%3A2024
URY,IT.NET.SECR.P6,secure_servers_per_million,2024,4640.65897593684,https://api.worldbank.org/v2/country/all/indicator/IT.NET.SECR.P6?format=json&per_page=20000&date=2020%3A2024
URY,IT.NET.SECR.P6,secure_servers_per_million,2023,4353.20170916811,https://api.worldbank.org/v2/country/all/indicator/IT.NET.SECR.P6?format=json&per_page=20000&date=2020%3A2024
URY,IT.NET.SECR.P6,secure_servers_per_million,2022,4678.38602759788,https://api.worldbank.org/v2/country/all/indicator/IT.NET.SECR.P6?format=json&per_page=20000&date=2020%3A2024
URY,IT.NET.SECR.P6,secure_servers_per_million,2021,2491.53957008209,https://api.worldbank.org/v2/country/all/indicator/IT.NET.SECR.P6?format=json&per_page=20000&date=2020%3A2024
URY,IT.NET.SECR.P6,secure_servers_per_million,2020,1964.41978859466,https://api.worldbank.org/v2/country/all/indicator/IT.NET.SECR.P6?format=json&per_page=20000&date=2020%3A2024
UZB,IT.NET.SECR.P6,secure_servers_per_million,2024,966.617245834433,https://api.worldbank.org/v2/country/all/indicator/IT.NET.SECR.P6?format=json&per_page=20000&date=2020%3A2024
UZB,IT.NET.SECR.P6,secure_servers_per_million,2023,823.873753807853,https://api.worldbank.org/v2/country/all/indicator/IT.NET.SECR.P6?format=json&per_page=20000&date=2020%3A2024
UZB,IT.NET.SECR.P6,secure_servers_per_million,2022,733.565156714046,https://api.worldbank.org/v2/country/all/indicator/IT.NET.SECR.P6?format=json&per_page=20000&date=2020%3A2024
UZB,IT.NET.SECR.P6,secure_servers_per_million,2021,595.02922815341,https://api.worldbank.org/v2/country/all/indicator/IT.NET.SECR.P6?format=json&per_page=20000&date=2020%3A2024
UZB,IT.NET.SECR.P6,secure_servers_per_million,2020,477.693750310394,https://api.worldbank.org/v2/country/all/indicator/IT.NET.SECR.P6?format=json&per_page=20000&date=2020%3A2024
VUT,IT.NET.SECR.P6,secure_servers_per_million,2024,1918.98760437737,https://api.worldbank.org/v2/country/all/indicator/IT.NET.SECR.P6?format=json&per_page=20000&date=2020%3A2024
VUT,IT.NET.SECR.P6,secure_servers_per_million,2023,1635.4097419236,https://api.worldbank.org/v2/country/all/indicator/IT.NET.SECR.P6?format=json&per_page=20000&date=2020%3A2024
VUT,IT.NET.SECR.P6,secure_servers_per_million,2022,2319.14798464123,https://api.worldbank.org/v2/country/all/indicator/IT.NET.SECR.P6?format=json&per_page=20000&date=2020%3A2024
VUT,IT.NET.SECR.P6,secure_servers_per_million,2021,2818.20916212222,https://api.worldbank.org/v2/country/all/indicator/IT.NET.SECR.P6?format=json&per_page=20000&date=2020%3A2024
VUT,IT.NET.SECR.P6,secure_servers_per_million,2020,374.759919426617,https://api.worldbank.org/v2/country/all/indicator/IT.NET.SECR.P6?format=json&per_page=20000&date=2020%3A2024
VEN,IT.NET.SECR.P6,secure_servers_per_million,2024,246.677206628298,https://api.worldbank.org/v2/country/all/indicator/IT.NET.SECR.P6?format=json&per_page=20000&date=2020%3A2024
VEN,IT.NET.SECR.P6,secure_servers_per_million,2023,223.456154361985,https://api.worldbank.org/v2/country/all/indicator/IT.NET.SECR.P6?format=json&per_page=20000&date=2020%3A2024
VEN,IT.NET.SECR.P6,secure_servers_per_million,2022,214.369133226695,https://api.worldbank.org/v2/country/all/indicator/IT.NET.SECR.P6?format=json&per_page=20000&date=2020%3A2024
VEN,IT.NET.SECR.P6,secure_servers_per_million,2021,147.178469050698,https://api.worldbank.org/v2/country/all/indicator/IT.NET.SECR.P6?format=json&per_page=20000&date=2020%3A2024
VEN,IT.NET.SECR.P6,secure_servers_per_million,2020,194.45173067138,https://api.worldbank.org/v2/country/all/indicator/IT.NET.SECR.P6?format=json&per_page=20000&date=2020%3A2024
VNM,IT.NET.SECR.P6,secure_servers_per_million,2024,5733.7485681175,https://api.worldbank.org/v2/country/all/indicator/IT.NET.SECR.P6?format=json&per_page=20000&date=2020%3A2024
VNM,IT.NET.SECR.P6,secure_servers_per_million,2023,5256.30770476842,https://api.worldbank.org/v2/country/all/indicator/IT.NET.SECR.P6?format=json&per_page=20000&date=2020%3A2024
VNM,IT.NET.SECR.P6,secure_servers_per_million,2022,4713.44214180776,https://api.worldbank.org/v2/country/all/indicator/IT.NET.SECR.P6?format=json&per_page=20000&date=2020%3A2024
VNM,IT.NET.SECR.P6,secure_servers_per_million,2021,3846.57222455068,https://api.worldbank.org/v2/country/all/indicator/IT.NET.SECR.P6?format=json&per_page=20000&date=2020%3A2024
VNM,IT.NET.SECR.P6,secure_servers_per_million,2020,3082.33578313263,https://api.worldbank.org/v2/country/all/indicator/IT.NET.SECR.P6?format=json&per_page=20000&date=2020%3A2024
VIR,IT.NET.SECR.P6,secure_servers_per_million,2024,5614.26367877981,https://api.worldbank.org/v2/country/all/indicator/IT.NET.SECR.P6?format=json&per_page=20000&date=2020%3A2024
VIR,IT.NET.SECR.P6,secure_servers_per_million,2023,305.003002373305,https://api.worldbank.org/v2/country/all/indicator/IT.NET.SECR.P6?format=json&per_page=20000&date=2020%3A2024
VIR,IT.NET.SECR.P6,secure_servers_per_million,2022,607.135742270877,https://api.worldbank.org/v2/country/all/indicator/IT.NET.SECR.P6?format=json&per_page=20000&date=2020%3A2024
VIR,IT.NET.SECR.P6,secure_servers_per_million,2021,472.277321243034,https://api.worldbank.org/v2/country/all/indicator/IT.NET.SECR.P6?format=json&per_page=20000&date=2020%3A2024
VIR,IT.NET.SECR.P6,secure_servers_per_million,2020,649.167372283376,https://api.worldbank.org/v2/country/all/indicator/IT.NET.SECR.P6?format=json&per_page=20000&date=2020%3A2024
PSE,IT.NET.SECR.P6,secure_servers_per_million,2024,427.100601381847,https://api.worldbank.org/v2/country/all/indicator/IT.NET.SECR.P6?format=json&per_page=20000&date=2020%3A2024
PSE,IT.NET.SECR.P6,secure_servers_per_million,2023,434.591131050036,https://api.worldbank.org/v2/country/all/indicator/IT.NET.SECR.P6?format=json&per_page=20000&date=2020%3A2024
PSE,IT.NET.SECR.P6,secure_servers_per_million,2022,517.882818900423,https://api.worldbank.org/v2/country/all/indicator/IT.NET.SECR.P6?format=json&per_page=20000&date=2020%3A2024
PSE,IT.NET.SECR.P6,secure_servers_per_million,2021,594.180202971957,https://api.worldbank.org/v2/country/all/indicator/IT.NET.SECR.P6?format=json&per_page=20000&date=2020%3A2024
PSE,IT.NET.SECR.P6,secure_servers_per_million,2020,535.676848413029,https://api.worldbank.org/v2/country/all/indicator/IT.NET.SECR.P6?format=json&per_page=20000&date=2020%3A2024
YEM,IT.NET.SECR.P6,secure_servers_per_million,2024,15.0062227775045,https://api.worldbank.org/v2/country/all/indicator/IT.NET.SECR.P6?format=json&per_page=20000&date=2020%3A2024
YEM,IT.NET.SECR.P6,secure_servers_per_million,2023,6.95593912679964,https://api.worldbank.org/v2/country/all/indicator/IT.NET.SECR.P6?format=json&per_page=20000&date=2020%3A2024
YEM,IT.NET.SECR.P6,secure_servers_per_million,2022,9.20914480637197,https://api.worldbank.org/v2/country/all/indicator/IT.NET.SECR.P6?format=json&per_page=20000&date=2020%3A2024
YEM,IT.NET.SECR.P6,secure_servers_per_million,2021,8.69676897531329,https://api.worldbank.org/v2/country/all/indicator/IT.NET.SECR.P6?format=json&per_page=20000&date=2020%3A2024
YEM,IT.NET.SECR.P6,secure_servers_per_million,2020,4.67692377856808,https://api.worldbank.org/v2/country/all/indicator/IT.NET.SECR.P6?format=json&per_page=20000&date=2020%3A2024
ZMB,IT.NET.SECR.P6,secure_servers_per_million,2024,80.5068516209933,https://api.worldbank.org/v2/country/all/indicator/IT.NET.SECR.P6?format=json&per_page=20000&date=2020%3A2024
ZMB,IT.NET.SECR.P6,secure_servers_per_million,2023,54.9605251697733,https://api.worldbank.org/v2/country/all/indicator/IT.NET.SECR.P6?format=json&per_page=20000&date=2020%3A2024
ZMB,IT.NET.SECR.P6,secure_servers_per_million,2022,49.8190387922595,https://api.worldbank.org/v2/country/all/indicator/IT.NET.SECR.P6?format=json&per_page=20000&date=2020%3A2024
ZMB,IT.NET.SECR.P6,secure_servers_per_million,2021,44.3285768787346,https://api.worldbank.org/v2/country/all/indicator/IT.NET.SECR.P6?format=json&per_page=20000&date=2020%3A2024
ZMB,IT.NET.SECR.P6,secure_servers_per_million,2020,39.0883341260308,https://api.worldbank.org/v2/country/all/indicator/IT.NET.SECR.P6?format=json&per_page=20000&date=2020%3A2024
ZWE,IT.NET.SECR.P6,secure_servers_per_million,2024,89.9943749006951,https://api.worldbank.org/v2/country/all/indicator/IT.NET.SECR.P6?format=json&per_page=20000&date=2020%3A2024
ZWE,IT.NET.SECR.P6,secure_servers_per_million,2023,89.3467905102938,https://api.worldbank.org/v2/country/all/indicator/IT.NET.SECR.P6?format=json&per_page=20000&date=2020%3A2024
ZWE,IT.NET.SECR.P6,secure_servers_per_million,2022,78.1004185933511,https://api.worldbank.org/v2/country/all/indicator/IT.NET.SECR.P6?format=json&per_page=20000&date=2020%3A2024
ZWE,IT.NET.SECR.P6,secure_servers_per_million,2021,75.8994784522077,https://api.worldbank.org/v2/country/all/indicator/IT.NET.SECR.P6?format=json&per_page=20000&date=2020%3A2024
ZWE,IT.NET.SECR.P6,secure_servers_per_million,2020,71.2956775369282,https://api.worldbank.org/v2/country/all/indicator/IT.NET.SECR.P6?format=json&per_page=20000&date=2020%3A2024
AFG,EG.ELC.ACCS.ZS,electricity_access_percent,2024,87.8,https://api.worldbank.org/v2/country/all/indicator/EG.ELC.ACCS.ZS?format=json&per_page=20000&date=2020%3A2024
AFG,EG.ELC.ACCS.ZS,electricity_access_percent,2023,85.3,https://api.worldbank.org/v2/country/all/indicator/EG.ELC.ACCS.ZS?format=json&per_page=20000&date=2020%3A2024
AFG,EG.ELC.ACCS.ZS,electricity_access_percent,2022,85.3,https://api.worldbank.org/v2/country/all/indicator/EG.ELC.ACCS.ZS?format=json&per_page=20000&date=2020%3A2024
AFG,EG.ELC.ACCS.ZS,electricity_access_percent,2021,97.7,https://api.worldbank.org/v2/country/all/indicator/EG.ELC.ACCS.ZS?format=json&per_page=20000&date=2020%3A2024
AFG,EG.ELC.ACCS.ZS,electricity_access_percent,2020,97.7,https://api.worldbank.org/v2/country/all/indicator/EG.ELC.ACCS.ZS?format=json&per_page=20000&date=2020%3A2024
ALB,EG.ELC.ACCS.ZS,electricity_access_percent,2024,100.0,https://api.worldbank.org/v2/country/all/indicator/EG.ELC.ACCS.ZS?format=json&per_page=20000&date=2020%3A2024
ALB,EG.ELC.ACCS.ZS,electricity_access_percent,2023,100.0,https://api.worldbank.org/v2/country/all/indicator/EG.ELC.ACCS.ZS?format=json&per_page=20000&date=2020%3A2024
ALB,EG.ELC.ACCS.ZS,electricity_access_percent,2022,100.0,https://api.worldbank.org/v2/country/all/indicator/EG.ELC.ACCS.ZS?format=json&per_page=20000&date=2020%3A2024
ALB,EG.ELC.ACCS.ZS,electricity_access_percent,2021,100.0,https://api.worldbank.org/v2/country/all/indicator/EG.ELC.ACCS.ZS?format=json&per_page=20000&date=2020%3A2024
ALB,EG.ELC.ACCS.ZS,electricity_access_percent,2020,100.0,https://api.worldbank.org/v2/country/all/indicator/EG.ELC.ACCS.ZS?format=json&per_page=20000&date=2020%3A2024
DZA,EG.ELC.ACCS.ZS,electricity_access_percent,2024,100.0,https://api.worldbank.org/v2/country/all/indicator/EG.ELC.ACCS.ZS?format=json&per_page=20000&date=2020%3A2024
DZA,EG.ELC.ACCS.ZS,electricity_access_percent,2023,100.0,https://api.worldbank.org/v2/country/all/indicator/EG.ELC.ACCS.ZS?format=json&per_page=20000&date=2020%3A2024
DZA,EG.ELC.ACCS.ZS,electricity_access_percent,2022,100.0,https://api.worldbank.org/v2/country/all/indicator/EG.ELC.ACCS.ZS?format=json&per_page=20000&date=2020%3A2024
DZA,EG.ELC.ACCS.ZS,electricity_access_percent,2021,99.8,https://api.worldbank.org/v2/country/all/indicator/EG.ELC.ACCS.ZS?format=json&per_page=20000&date=2020%3A2024
DZA,EG.ELC.ACCS.ZS,electricity_access_percent,2020,99.7,https://api.worldbank.org/v2/country/all/indicator/EG.ELC.ACCS.ZS?format=json&per_page=20000&date=2020%3A2024
ASM,EG.ELC.ACCS.ZS,electricity_access_percent,2024,,https://api.worldbank.org/v2/country/all/indicator/EG.ELC.ACCS.ZS?format=json&per_page=20000&date=2020%3A2024
ASM,EG.ELC.ACCS.ZS,electricity_access_percent,2023,,https://api.worldbank.org/v2/country/all/indicator/EG.ELC.ACCS.ZS?format=json&per_page=20000&date=2020%3A2024
ASM,EG.ELC.ACCS.ZS,electricity_access_percent,2022,,https://api.worldbank.org/v2/country/all/indicator/EG.ELC.ACCS.ZS?format=json&per_page=20000&date=2020%3A2024
ASM,EG.ELC.ACCS.ZS,electricity_access_percent,2021,,https://api.worldbank.org/v2/country/all/indicator/EG.ELC.ACCS.ZS?format=json&per_page=20000&date=2020%3A2024
ASM,EG.ELC.ACCS.ZS,electricity_access_percent,2020,,https://api.worldbank.org/v2/country/all/indicator/EG.ELC.ACCS.ZS?format=json&per_page=20000&date=2020%3A2024
AND,EG.ELC.ACCS.ZS,electricity_access_percent,2024,100.0,https://api.worldbank.org/v2/country/all/indicator/EG.ELC.ACCS.ZS?format=json&per_page=20000&date=2020%3A2024
AND,EG.ELC.ACCS.ZS,electricity_access_percent,2023,100.0,https://api.worldbank.org/v2/country/all/indicator/EG.ELC.ACCS.ZS?format=json&per_page=20000&date=2020%3A2024
AND,EG.ELC.ACCS.ZS,electricity_access_percent,2022,100.0,https://api.worldbank.org/v2/country/all/indicator/EG.ELC.ACCS.ZS?format=json&per_page=20000&date=2020%3A2024
AND,EG.ELC.ACCS.ZS,electricity_access_percent,2021,100.0,https://api.worldbank.org/v2/country/all/indicator/EG.ELC.ACCS.ZS?format=json&per_page=20000&date=2020%3A2024
AND,EG.ELC.ACCS.ZS,electricity_access_percent,2020,100.0,https://api.worldbank.org/v2/country/all/indicator/EG.ELC.ACCS.ZS?format=json&per_page=20000&date=2020%3A2024
AGO,EG.ELC.ACCS.ZS,electricity_access_percent,2024,55.5,https://api.worldbank.org/v2/country/all/indicator/EG.ELC.ACCS.ZS?format=json&per_page=20000&date=2020%3A2024
AGO,EG.ELC.ACCS.ZS,electricity_access_percent,2023,51.1,https://api.worldbank.org/v2/country/all/indicator/EG.ELC.ACCS.ZS?format=json&per_page=20000&date=2020%3A2024
AGO,EG.ELC.ACCS.ZS,electricity_access_percent,2022,48.5,https://api.worldbank.org/v2/country/all/indicator/EG.ELC.ACCS.ZS?format=json&per_page=20000&date=2020%3A2024
AGO,EG.ELC.ACCS.ZS,electricity_access_percent,2021,48.2,https://api.worldbank.org/v2/country/all/indicator/EG.ELC.ACCS.ZS?format=json&per_page=20000&date=2020%3A2024
AGO,EG.ELC.ACCS.ZS,electricity_access_percent,2020,47.0,https://api.worldbank.org/v2/country/all/indicator/EG.ELC.ACCS.ZS?format=json&per_page=20000&date=2020%3A2024
ATG,EG.ELC.ACCS.ZS,electricity_access_percent,2024,100.0,https://api.worldbank.org/v2/country/all/indicator/EG.ELC.ACCS.ZS?format=json&per_page=20000&date=2020%3A2024
ATG,EG.ELC.ACCS.ZS,electricity_access_percent,2023,100.0,https://api.worldbank.org/v2/country/all/indicator/EG.ELC.ACCS.ZS?format=json&per_page=20000&date=2020%3A2024
ATG,EG.ELC.ACCS.ZS,electricity_access_percent,2022,100.0,https://api.worldbank.org/v2/country/all/indicator/EG.ELC.ACCS.ZS?format=json&per_page=20000&date=2020%3A2024
ATG,EG.ELC.ACCS.ZS,electricity_access_percent,2021,100.0,https://api.worldbank.org/v2/country/all/indicator/EG.ELC.ACCS.ZS?format=json&per_page=20000&date=2020%3A2024
ATG,EG.ELC.ACCS.ZS,electricity_access_percent,2020,100.0,https://api.worldbank.org/v2/country/all/indicator/EG.ELC.ACCS.ZS?format=json&per_page=20000&date=2020%3A2024
ARG,EG.ELC.ACCS.ZS,electricity_access_percent,2024,98.4,https://api.worldbank.org/v2/country/all/indicator/EG.ELC.ACCS.ZS?format=json&per_page=20000&date=2020%3A2024
ARG,EG.ELC.ACCS.ZS,electricity_access_percent,2023,100.0,https://api.worldbank.org/v2/country/all/indicator/EG.ELC.ACCS.ZS?format=json&per_page=20000&date=2020%3A2024
ARG,EG.ELC.ACCS.ZS,electricity_access_percent,2022,100.0,https://api.worldbank.org/v2/country/all/indicator/EG.ELC.ACCS.ZS?format=json&per_page=20000&date=2020%3A2024
ARG,EG.ELC.ACCS.ZS,electricity_access_percent,2021,100.0,https://api.worldbank.org/v2/country/all/indicator/EG.ELC.ACCS.ZS?format=json&per_page=20000&date=2020%3A2024
ARG,EG.ELC.ACCS.ZS,electricity_access_percent,2020,100.0,https://api.worldbank.org/v2/country/all/indicator/EG.ELC.ACCS.ZS?format=json&per_page=20000&date=2020%3A2024
ARM,EG.ELC.ACCS.ZS,electricity_access_percent,2024,100.0,https://api.worldbank.org/v2/country/all/indicator/EG.ELC.ACCS.ZS?format=json&per_page=20000&date=2020%3A2024
ARM,EG.ELC.ACCS.ZS,electricity_access_percent,2023,100.0,https://api.worldbank.org/v2/country/all/indicator/EG.ELC.ACCS.ZS?format=json&per_page=20000&date=2020%3A2024
ARM,EG.ELC.ACCS.ZS,electricity_access_percent,2022,100.0,https://api.worldbank.org/v2/country/all/indicator/EG.ELC.ACCS.ZS?format=json&per_page=20000&date=2020%3A2024
ARM,EG.ELC.ACCS.ZS,electricity_access_percent,2021,100.0,https://api.worldbank.org/v2/country/all/indicator/EG.ELC.ACCS.ZS?format=json&per_page=20000&date=2020%3A2024
ARM,EG.ELC.ACCS.ZS,electricity_access_percent,2020,100.0,https://api.worldbank.org/v2/country/all/indicator/EG.ELC.ACCS.ZS?format=json&per_page=20000&date=2020%3A2024
ABW,EG.ELC.ACCS.ZS,electricity_access_percent,2024,100.0,https://api.worldbank.org/v2/country/all/indicator/EG.ELC.ACCS.ZS?format=json&per_page=20000&date=2020%3A2024
ABW,EG.ELC.ACCS.ZS,electricity_access_percent,2023,100.0,https://api.worldbank.org/v2/country/all/indicator/EG.ELC.ACCS.ZS?format=json&per_page=20000&date=2020%3A2024
ABW,EG.ELC.ACCS.ZS,electricity_access_percent,2022,99.9,https://api.worldbank.org/v2/country/all/indicator/EG.ELC.ACCS.ZS?format=json&per_page=20000&date=2020%3A2024
ABW,EG.ELC.ACCS.ZS,electricity_access_percent,2021,100.0,https://api.worldbank.org/v2/country/all/indicator/EG.ELC.ACCS.ZS?format=json&per_page=20000&date=2020%3A2024
ABW,EG.ELC.ACCS.ZS,electricity_access_percent,2020,100.0,https://api.worldbank.org/v2/country/all/indicator/EG.ELC.ACCS.ZS?format=json&per_page=20000&date=2020%3A2024
AUS,EG.ELC.ACCS.ZS,electricity_access_percent,2024,100.0,https://api.worldbank.org/v2/country/all/indicator/EG.ELC.ACCS.ZS?format=json&per_page=20000&date=2020%3A2024
AUS,EG.ELC.ACCS.ZS,electricity_access_percent,2023,100.0,https://api.worldbank.org/v2/country/all/indicator/EG.ELC.ACCS.ZS?format=json&per_page=20000&date=2020%3A2024
AUS,EG.ELC.ACCS.ZS,electricity_access_percent,2022,100.0,https://api.worldbank.org/v2/country/all/indicator/EG.ELC.ACCS.ZS?format=json&per_page=20000&date=2020%3A2024
AUS,EG.ELC.ACCS.ZS,electricity_access_percent,2021,100.0,https://api.worldbank.org/v2/country/all/indicator/EG.ELC.ACCS.ZS?format=json&per_page=20000&date=2020%3A2024
AUS,EG.ELC.ACCS.ZS,electricity_access_percent,2020,100.0,https://api.worldbank.org/v2/country/all/indicator/EG.ELC.ACCS.ZS?format=json&per_page=20000&date=2020%3A2024
AUT,EG.ELC.ACCS.ZS,electricity_access_percent,2024,100.0,https://api.worldbank.org/v2/country/all/indicator/EG.ELC.ACCS.ZS?format=json&per_page=20000&date=2020%3A2024
AUT,EG.ELC.ACCS.ZS,electricity_access_percent,2023,100.0,https://api.worldbank.org/v2/country/all/indicator/EG.ELC.ACCS.ZS?format=json&per_page=20000&date=2020%3A2024
AUT,EG.ELC.ACCS.ZS,electricity_access_percent,2022,100.0,https://api.worldbank.org/v2/country/all/indicator/EG.ELC.ACCS.ZS?format=json&per_page=20000&date=2020%3A2024
AUT,EG.ELC.ACCS.ZS,electricity_access_percent,2021,100.0,https://api.worldbank.org/v2/country/all/indicator/EG.ELC.ACCS.ZS?format=json&per_page=20000&date=2020%3A2024
AUT,EG.ELC.ACCS.ZS,electricity_access_percent,2020,100.0,https://api.worldbank.org/v2/country/all/indicator/EG.ELC.ACCS.ZS?format=json&per_page=20000&date=2020%3A2024
AZE,EG.ELC.ACCS.ZS,electricity_access_percent,2024,100.0,https://api.worldbank.org/v2/country/all/indicator/EG.ELC.ACCS.ZS?format=json&per_page=20000&date=2020%3A2024
AZE,EG.ELC.ACCS.ZS,electricity_access_percent,2023,100.0,https://api.worldbank.org/v2/country/all/indicator/EG.ELC.ACCS.ZS?format=json&per_page=20000&date=2020%3A2024
AZE,EG.ELC.ACCS.ZS,electricity_access_percent,2022,100.0,https://api.worldbank.org/v2/country/all/indicator/EG.ELC.ACCS.ZS?format=json&per_page=20000&date=2020%3A2024
AZE,EG.ELC.ACCS.ZS,electricity_access_percent,2021,100.0,https://api.worldbank.org/v2/country/all/indicator/EG.ELC.ACCS.ZS?format=json&per_page=20000&date=2020%3A2024
AZE,EG.ELC.ACCS.ZS,electricity_access_percent,2020,100.0,https://api.worldbank.org/v2/country/all/indicator/EG.ELC.ACCS.ZS?format=json&per_page=20000&date=2020%3A2024
BHS,EG.ELC.ACCS.ZS,electricity_access_percent,2024,100.0,https://api.worldbank.org/v2/country/all/indicator/EG.ELC.ACCS.ZS?format=json&per_page=20000&date=2020%3A2024
BHS,EG.ELC.ACCS.ZS,electricity_access_percent,2023,100.0,https://api.worldbank.org/v2/country/all/indicator/EG.ELC.ACCS.ZS?format=json&per_page=20000&date=2020%3A2024
BHS,EG.ELC.ACCS.ZS,electricity_access_percent,2022,100.0,https://api.worldbank.org/v2/country/all/indicator/EG.ELC.ACCS.ZS?format=json&per_page=20000&date=2020%3A2024
BHS,EG.ELC.ACCS.ZS,electricity_access_percent,2021,100.0,https://api.worldbank.org/v2/country/all/indicator/EG.ELC.ACCS.ZS?format=json&per_page=20000&date=2020%3A2024
BHS,EG.ELC.ACCS.ZS,electricity_access_percent,2020,100.0,https://api.worldbank.org/v2/country/all/indicator/EG.ELC.ACCS.ZS?format=json&per_page=20000&date=2020%3A2024
BHR,EG.ELC.ACCS.ZS,electricity_access_percent,2024,100.0,https://api.worldbank.org/v2/country/all/indicator/EG.ELC.ACCS.ZS?format=json&per_page=20000&date=2020%3A2024
BHR,EG.ELC.ACCS.ZS,electricity_access_percent,2023,100.0,https://api.worldbank.org/v2/country/all/indicator/EG.ELC.ACCS.ZS?format=json&per_page=20000&date=2020%3A2024
BHR,EG.ELC.ACCS.ZS,electricity_access_percent,2022,100.0,https://api.worldbank.org/v2/country/all/indicator/EG.ELC.ACCS.ZS?format=json&per_page=20000&date=2020%3A2024
BHR,EG.ELC.ACCS.ZS,electricity_access_percent,2021,100.0,https://api.worldbank.org/v2/country/all/indicator/EG.ELC.ACCS.ZS?format=json&per_page=20000&date=2020%3A2024
BHR,EG.ELC.ACCS.ZS,electricity_access_percent,2020,100.0,https://api.worldbank.org/v2/country/all/indicator/EG.ELC.ACCS.ZS?format=json&per_page=20000&date=2020%3A2024
BGD,EG.ELC.ACCS.ZS,electricity_access_percent,2024,99.5,https://api.worldbank.org/v2/country/all/indicator/EG.ELC.ACCS.ZS?format=json&per_page=20000&date=2020%3A2024
BGD,EG.ELC.ACCS.ZS,electricity_access_percent,2023,99.5,https://api.worldbank.org/v2/country/all/indicator/EG.ELC.ACCS.ZS?format=json&per_page=20000&date=2020%3A2024
BGD,EG.ELC.ACCS.ZS,electricity_access_percent,2022,99.4,https://api.worldbank.org/v2/country/all/indicator/EG.ELC.ACCS.ZS?format=json&per_page=20000&date=2020%3A2024
BGD,EG.ELC.ACCS.ZS,electricity_access_percent,2021,99.0,https://api.worldbank.org/v2/country/all/indicator/EG.ELC.ACCS.ZS?format=json&per_page=20000&date=2020%3A2024
BGD,EG.ELC.ACCS.ZS,electricity_access_percent,2020,96.2,https://api.worldbank.org/v2/country/all/indicator/EG.ELC.ACCS.ZS?format=json&per_page=20000&date=2020%3A2024
BRB,EG.ELC.ACCS.ZS,electricity_access_percent,2024,100.0,https://api.worldbank.org/v2/country/all/indicator/EG.ELC.ACCS.ZS?format=json&per_page=20000&date=2020%3A2024
BRB,EG.ELC.ACCS.ZS,electricity_access_percent,2023,100.0,https://api.worldbank.org/v2/country/all/indicator/EG.ELC.ACCS.ZS?format=json&per_page=20000&date=2020%3A2024
BRB,EG.ELC.ACCS.ZS,electricity_access_percent,2022,100.0,https://api.worldbank.org/v2/country/all/indicator/EG.ELC.ACCS.ZS?format=json&per_page=20000&date=2020%3A2024
BRB,EG.ELC.ACCS.ZS,electricity_access_percent,2021,100.0,https://api.worldbank.org/v2/country/all/indicator/EG.ELC.ACCS.ZS?format=json&per_page=20000&date=2020%3A2024
BRB,EG.ELC.ACCS.ZS,electricity_access_percent,2020,100.0,https://api.worldbank.org/v2/country/all/indicator/EG.ELC.ACCS.ZS?format=json&per_page=20000&date=2020%3A2024
BLR,EG.ELC.ACCS.ZS,electricity_access_percent,2024,100.0,https://api.worldbank.org/v2/country/all/indicator/EG.ELC.ACCS.ZS?format=json&per_page=20000&date=2020%3A2024
BLR,EG.ELC.ACCS.ZS,electricity_access_percent,2023,100.0,https://api.worldbank.org/v2/country/all/indicator/EG.ELC.ACCS.ZS?format=json&per_page=20000&date=2020%3A2024
BLR,EG.ELC.ACCS.ZS,electricity_access_percent,2022,100.0,https://api.worldbank.org/v2/country/all/indicator/EG.ELC.ACCS.ZS?format=json&per_page=20000&date=2020%3A2024
BLR,EG.ELC.ACCS.ZS,electricity_access_percent,2021,100.0,https://api.worldbank.org/v2/country/all/indicator/EG.ELC.ACCS.ZS?format=json&per_page=20000&date=2020%3A2024
BLR,EG.ELC.ACCS.ZS,electricity_access_percent,2020,100.0,https://api.worldbank.org/v2/country/all/indicator/EG.ELC.ACCS.ZS?format=json&per_page=20000&date=2020%3A2024
BEL,EG.ELC.ACCS.ZS,electricity_access_percent,2024,100.0,https://api.worldbank.org/v2/country/all/indicator/EG.ELC.ACCS.ZS?format=json&per_page=20000&date=2020%3A2024
BEL,EG.ELC.ACCS.ZS,electricity_access_percent,2023,100.0,https://api.worldbank.org/v2/country/all/indicator/EG.ELC.ACCS.ZS?format=json&per_page=20000&date=2020%3A2024
BEL,EG.ELC.ACCS.ZS,electricity_access_percent,2022,100.0,https://api.worldbank.org/v2/country/all/indicator/EG.ELC.ACCS.ZS?format=json&per_page=20000&date=2020%3A2024
BEL,EG.ELC.ACCS.ZS,electricity_access_percent,2021,100.0,https://api.worldbank.org/v2/country/all/indicator/EG.ELC.ACCS.ZS?format=json&per_page=20000&date=2020%3A2024
BEL,EG.ELC.ACCS.ZS,electricity_access_percent,2020,100.0,https://api.worldbank.org/v2/country/all/indicator/EG.ELC.ACCS.ZS?format=json&per_page=20000&date=2020%3A2024
BLZ,EG.ELC.ACCS.ZS,electricity_access_percent,2024,99.6,https://api.worldbank.org/v2/country/all/indicator/EG.ELC.ACCS.ZS?format=json&per_page=20000&date=2020%3A2024
BLZ,EG.ELC.ACCS.ZS,electricity_access_percent,2023,99.6,https://api.worldbank.org/v2/country/all/indicator/EG.ELC.ACCS.ZS?format=json&per_page=20000&date=2020%3A2024
BLZ,EG.ELC.ACCS.ZS,electricity_access_percent,2022,98.6,https://api.worldbank.org/v2/country/all/indicator/EG.ELC.ACCS.ZS?format=json&per_page=20000&date=2020%3A2024
BLZ,EG.ELC.ACCS.ZS,electricity_access_percent,2021,97.7,https://api.worldbank.org/v2/country/all/indicator/EG.ELC.ACCS.ZS?format=json&per_page=20000&date=2020%3A2024
BLZ,EG.ELC.ACCS.ZS,electricity_access_percent,2020,96.8,https://api.worldbank.org/v2/country/all/indicator/EG.ELC.ACCS.ZS?format=json&per_page=20000&date=2020%3A2024
BEN,EG.ELC.ACCS.ZS,electricity_access_percent,2024,59.0,https://api.worldbank.org/v2/country/all/indicator/EG.ELC.ACCS.ZS?format=json&per_page=20000&date=2020%3A2024
BEN,EG.ELC.ACCS.ZS,electricity_access_percent,2023,57.0,https://api.worldbank.org/v2/country/all/indicator/EG.ELC.ACCS.ZS?format=json&per_page=20000&date=2020%3A2024
BEN,EG.ELC.ACCS.ZS,electricity_access_percent,2022,56.5,https://api.worldbank.org/v2/country/all/indicator/EG.ELC.ACCS.ZS?format=json&per_page=20000&date=2020%3A2024
BEN,EG.ELC.ACCS.ZS,electricity_access_percent,2021,42.0,https://api.worldbank.org/v2/country/all/indicator/EG.ELC.ACCS.ZS?format=json&per_page=20000&date=2020%3A2024
BEN,EG.ELC.ACCS.ZS,electricity_access_percent,2020,41.0,https://api.worldbank.org/v2/country/all/indicator/EG.ELC.ACCS.ZS?format=json&per_page=20000&date=2020%3A2024
BMU,EG.ELC.ACCS.ZS,electricity_access_percent,2024,100.0,https://api.worldbank.org/v2/country/all/indicator/EG.ELC.ACCS.ZS?format=json&per_page=20000&date=2020%3A2024
BMU,EG.ELC.ACCS.ZS,electricity_access_percent,2023,100.0,https://api.worldbank.org/v2/country/all/indicator/EG.ELC.ACCS.ZS?format=json&per_page=20000&date=2020%3A2024
BMU,EG.ELC.ACCS.ZS,electricity_access_percent,2022,100.0,https://api.worldbank.org/v2/country/all/indicator/EG.ELC.ACCS.ZS?format=json&per_page=20000&date=2020%3A2024
BMU,EG.ELC.ACCS.ZS,electricity_access_percent,2021,100.0,https://api.worldbank.org/v2/country/all/indicator/EG.ELC.ACCS.ZS?format=json&per_page=20000&date=2020%3A2024
BMU,EG.ELC.ACCS.ZS,electricity_access_percent,2020,100.0,https://api.worldbank.org/v2/country/all/indicator/EG.ELC.ACCS.ZS?format=json&per_page=20000&date=2020%3A2024
BTN,EG.ELC.ACCS.ZS,electricity_access_percent,2024,100.0,https://api.worldbank.org/v2/country/all/indicator/EG.ELC.ACCS.ZS?format=json&per_page=20000&date=2020%3A2024
BTN,EG.ELC.ACCS.ZS,electricity_access_percent,2023,100.0,https://api.worldbank.org/v2/country/all/indicator/EG.ELC.ACCS.ZS?format=json&per_page=20000&date=2020%3A2024
BTN,EG.ELC.ACCS.ZS,electricity_access_percent,2022,100.0,https://api.worldbank.org/v2/country/all/indicator/EG.ELC.ACCS.ZS?format=json&per_page=20000&date=2020%3A2024
BTN,EG.ELC.ACCS.ZS,electricity_access_percent,2021,100.0,https://api.worldbank.org/v2/country/all/indicator/EG.ELC.ACCS.ZS?format=json&per_page=20000&date=2020%3A2024
BTN,EG.ELC.ACCS.ZS,electricity_access_percent,2020,100.0,https://api.worldbank.org/v2/country/all/indicator/EG.ELC.ACCS.ZS?format=json&per_page=20000&date=2020%3A2024
BOL,EG.ELC.ACCS.ZS,electricity_access_percent,2024,96.6,https://api.worldbank.org/v2/country/all/indicator/EG.ELC.ACCS.ZS?format=json&per_page=20000&date=2020%3A2024
BOL,EG.ELC.ACCS.ZS,electricity_access_percent,2023,99.8,https://api.worldbank.org/v2/country/all/indicator/EG.ELC.ACCS.ZS?format=json&per_page=20000&date=2020%3A2024
BOL,EG.ELC.ACCS.ZS,electricity_access_percent,2022,99.9,https://api.worldbank.org/v2/country/all/indicator/EG.ELC.ACCS.ZS?format=json&per_page=20000&date=2020%3A2024
BOL,EG.ELC.ACCS.ZS,electricity_access_percent,2021,98.6,https://api.worldbank.org/v2/country/all/indicator/EG.ELC.ACCS.ZS?format=json&per_page=20000&date=2020%3A2024
BOL,EG.ELC.ACCS.ZS,electricity_access_percent,2020,97.2,https://api.worldbank.org/v2/country/all/indicator/EG.ELC.ACCS.ZS?format=json&per_page=20000&date=2020%3A2024
BIH,EG.ELC.ACCS.ZS,electricity_access_percent,2024,100.0,https://api.worldbank.org/v2/country/all/indicator/EG.ELC.ACCS.ZS?format=json&per_page=20000&date=2020%3A2024
BIH,EG.ELC.ACCS.ZS,electricity_access_percent,2023,100.0,https://api.worldbank.org/v2/country/all/indicator/EG.ELC.ACCS.ZS?format=json&per_page=20000&date=2020%3A2024
BIH,EG.ELC.ACCS.ZS,electricity_access_percent,2022,100.0,https://api.worldbank.org/v2/country/all/indicator/EG.ELC.ACCS.ZS?format=json&per_page=20000&date=2020%3A2024
BIH,EG.ELC.ACCS.ZS,electricity_access_percent,2021,100.0,https://api.worldbank.org/v2/country/all/indicator/EG.ELC.ACCS.ZS?format=json&per_page=20000&date=2020%3A2024
BIH,EG.ELC.ACCS.ZS,electricity_access_percent,2020,100.0,https://api.worldbank.org/v2/country/all/indicator/EG.ELC.ACCS.ZS?format=json&per_page=20000&date=2020%3A2024
BWA,EG.ELC.ACCS.ZS,electricity_access_percent,2024,80.2,https://api.worldbank.org/v2/country/all/indicator/EG.ELC.ACCS.ZS?format=json&per_page=20000&date=2020%3A2024
BWA,EG.ELC.ACCS.ZS,electricity_access_percent,2023,76.0,https://api.worldbank.org/v2/country/all/indicator/EG.ELC.ACCS.ZS?format=json&per_page=20000&date=2020%3A2024
BWA,EG.ELC.ACCS.ZS,electricity_access_percent,2022,75.9,https://api.worldbank.org/v2/country/all/indicator/EG.ELC.ACCS.ZS?format=json&per_page=20000&date=2020%3A2024
BWA,EG.ELC.ACCS.ZS,electricity_access_percent,2021,73.7,https://api.worldbank.org/v2/country/all/indicator/EG.ELC.ACCS.ZS?format=json&per_page=20000&date=2020%3A2024
BWA,EG.ELC.ACCS.ZS,electricity_access_percent,2020,71.8,https://api.worldbank.org/v2/country/all/indicator/EG.ELC.ACCS.ZS?format=json&per_page=20000&date=2020%3A2024
BRA,EG.ELC.ACCS.ZS,electricity_access_percent,2024,99.8,https://api.worldbank.org/v2/country/all/indicator/EG.ELC.ACCS.ZS?format=json&per_page=20000&date=2020%3A2024
BRA,EG.ELC.ACCS.ZS,electricity_access_percent,2023,99.8,https://api.worldbank.org/v2/country/all/indicator/EG.ELC.ACCS.ZS?format=json&per_page=20000&date=2020%3A2024
BRA,EG.ELC.ACCS.ZS,electricity_access_percent,2022,100.0,https://api.worldbank.org/v2/country/all/indicator/EG.ELC.ACCS.ZS?format=json&per_page=20000&date=2020%3A2024
BRA,EG.ELC.ACCS.ZS,electricity_access_percent,2021,99.5,https://api.worldbank.org/v2/country/all/indicator/EG.ELC.ACCS.ZS?format=json&per_page=20000&date=2020%3A2024
BRA,EG.ELC.ACCS.ZS,electricity_access_percent,2020,99.7,https://api.worldbank.org/v2/country/all/indicator/EG.ELC.ACCS.ZS?format=json&per_page=20000&date=2020%3A2024
VGB,EG.ELC.ACCS.ZS,electricity_access_percent,2024,100.0,https://api.worldbank.org/v2/country/all/indicator/EG.ELC.ACCS.ZS?format=json&per_page=20000&date=2020%3A2024
VGB,EG.ELC.ACCS.ZS,electricity_access_percent,2023,100.0,https://api.worldbank.org/v2/country/all/indicator/EG.ELC.ACCS.ZS?format=json&per_page=20000&date=2020%3A2024
VGB,EG.ELC.ACCS.ZS,electricity_access_percent,2022,100.0,https://api.worldbank.org/v2/country/all/indicator/EG.ELC.ACCS.ZS?format=json&per_page=20000&date=2020%3A2024
VGB,EG.ELC.ACCS.ZS,electricity_access_percent,2021,100.0,https://api.worldbank.org/v2/country/all/indicator/EG.ELC.ACCS.ZS?format=json&per_page=20000&date=2020%3A2024
VGB,EG.ELC.ACCS.ZS,electricity_access_percent,2020,100.0,https://api.worldbank.org/v2/country/all/indicator/EG.ELC.ACCS.ZS?format=json&per_page=20000&date=2020%3A2024
BRN,EG.ELC.ACCS.ZS,electricity_access_percent,2024,100.0,https://api.worldbank.org/v2/country/all/indicator/EG.ELC.ACCS.ZS?format=json&per_page=20000&date=2020%3A2024
BRN,EG.ELC.ACCS.ZS,electricity_access_percent,2023,100.0,https://api.worldbank.org/v2/country/all/indicator/EG.ELC.ACCS.ZS?format=json&per_page=20000&date=2020%3A2024
BRN,EG.ELC.ACCS.ZS,electricity_access_percent,2022,100.0,https://api.worldbank.org/v2/country/all/indicator/EG.ELC.ACCS.ZS?format=json&per_page=20000&date=2020%3A2024
BRN,EG.ELC.ACCS.ZS,electricity_access_percent,2021,100.0,https://api.worldbank.org/v2/country/all/indicator/EG.ELC.ACCS.ZS?format=json&per_page=20000&date=2020%3A2024
BRN,EG.ELC.ACCS.ZS,electricity_access_percent,2020,100.0,https://api.worldbank.org/v2/country/all/indicator/EG.ELC.ACCS.ZS?format=json&per_page=20000&date=2020%3A2024
BGR,EG.ELC.ACCS.ZS,electricity_access_percent,2024,100.0,https://api.worldbank.org/v2/country/all/indicator/EG.ELC.ACCS.ZS?format=json&per_page=20000&date=2020%3A2024
BGR,EG.ELC.ACCS.ZS,electricity_access_percent,2023,100.0,https://api.worldbank.org/v2/country/all/indicator/EG.ELC.ACCS.ZS?format=json&per_page=20000&date=2020%3A2024
BGR,EG.ELC.ACCS.ZS,electricity_access_percent,2022,100.0,https://api.worldbank.org/v2/country/all/indicator/EG.ELC.ACCS.ZS?format=json&per_page=20000&date=2020%3A2024
BGR,EG.ELC.ACCS.ZS,electricity_access_percent,2021,99.8,https://api.worldbank.org/v2/country/all/indicator/EG.ELC.ACCS.ZS?format=json&per_page=20000&date=2020%3A2024
BGR,EG.ELC.ACCS.ZS,electricity_access_percent,2020,99.7,https://api.worldbank.org/v2/country/all/indicator/EG.ELC.ACCS.ZS?format=json&per_page=20000&date=2020%3A2024
BFA,EG.ELC.ACCS.ZS,electricity_access_percent,2024,34.0,https://api.worldbank.org/v2/country/all/indicator/EG.ELC.ACCS.ZS?format=json&per_page=20000&date=2020%3A2024
BFA,EG.ELC.ACCS.ZS,electricity_access_percent,2023,21.7,https://api.worldbank.org/v2/country/all/indicator/EG.ELC.ACCS.ZS?format=json&per_page=20000&date=2020%3A2024
BFA,EG.ELC.ACCS.ZS,electricity_access_percent,2022,19.5,https://api.worldbank.org/v2/country/all/indicator/EG.ELC.ACCS.ZS?format=json&per_page=20000&date=2020%3A2024
BFA,EG.ELC.ACCS.ZS,electricity_access_percent,2021,19.0,https://api.worldbank.org/v2/country/all/indicator/EG.ELC.ACCS.ZS?format=json&per_page=20000&date=2020%3A2024
BFA,EG.ELC.ACCS.ZS,electricity_access_percent,2020,18.5,https://api.worldbank.org/v2/country/all/indicator/EG.ELC.ACCS.ZS?format=json&per_page=20000&date=2020%3A2024
BDI,EG.ELC.ACCS.ZS,electricity_access_percent,2024,20.1,https://api.worldbank.org/v2/country/all/indicator/EG.ELC.ACCS.ZS?format=json&per_page=20000&date=2020%3A2024
BDI,EG.ELC.ACCS.ZS,electricity_access_percent,2023,11.6,https://api.worldbank.org/v2/country/all/indicator/EG.ELC.ACCS.ZS?format=json&per_page=20000&date=2020%3A2024
BDI,EG.ELC.ACCS.ZS,electricity_access_percent,2022,10.3,https://api.worldbank.org/v2/country/all/indicator/EG.ELC.ACCS.ZS?format=json&per_page=20000&date=2020%3A2024
BDI,EG.ELC.ACCS.ZS,electricity_access_percent,2021,10.2,https://api.worldbank.org/v2/country/all/indicator/EG.ELC.ACCS.ZS?format=json&per_page=20000&date=2020%3A2024
BDI,EG.ELC.ACCS.ZS,electricity_access_percent,2020,9.1,https://api.worldbank.org/v2/country/all/indicator/EG.ELC.ACCS.ZS?format=json&per_page=20000&date=2020%3A2024
CPV,EG.ELC.ACCS.ZS,electricity_access_percent,2024,98.4,https://api.worldbank.org/v2/country/all/indicator/EG.ELC.ACCS.ZS?format=json&per_page=20000&date=2020%3A2024
CPV,EG.ELC.ACCS.ZS,electricity_access_percent,2023,98.6,https://api.worldbank.org/v2/country/all/indicator/EG.ELC.ACCS.ZS?format=json&per_page=20000&date=2020%3A2024
CPV,EG.ELC.ACCS.ZS,electricity_access_percent,2022,97.1,https://api.worldbank.org/v2/country/all/indicator/EG.ELC.ACCS.ZS?format=json&per_page=20000&date=2020%3A2024
CPV,EG.ELC.ACCS.ZS,electricity_access_percent,2021,95.5,https://api.worldbank.org/v2/country/all/indicator/EG.ELC.ACCS.ZS?format=json&per_page=20000&date=2020%3A2024
CPV,EG.ELC.ACCS.ZS,electricity_access_percent,2020,93.7,https://api.worldbank.org/v2/country/all/indicator/EG.ELC.ACCS.ZS?format=json&per_page=20000&date=2020%3A2024
KHM,EG.ELC.ACCS.ZS,electricity_access_percent,2024,99.2,https://api.worldbank.org/v2/country/all/indicator/EG.ELC.ACCS.ZS?format=json&per_page=20000&date=2020%3A2024
KHM,EG.ELC.ACCS.ZS,electricity_access_percent,2023,95.0,https://api.worldbank.org/v2/country/all/indicator/EG.ELC.ACCS.ZS?format=json&per_page=20000&date=2020%3A2024
KHM,EG.ELC.ACCS.ZS,electricity_access_percent,2022,92.3,https://api.worldbank.org/v2/country/all/indicator/EG.ELC.ACCS.ZS?format=json&per_page=20000&date=2020%3A2024
KHM,EG.ELC.ACCS.ZS,electricity_access_percent,2021,82.5,https://api.worldbank.org/v2/country/all/indicator/EG.ELC.ACCS.ZS?format=json&per_page=20000&date=2020%3A2024
KHM,EG.ELC.ACCS.ZS,electricity_access_percent,2020,86.4,https://api.worldbank.org/v2/country/all/indicator/EG.ELC.ACCS.ZS?format=json&per_page=20000&date=2020%3A2024
CMR,EG.ELC.ACCS.ZS,electricity_access_percent,2024,72.0,https://api.worldbank.org/v2/country/all/indicator/EG.ELC.ACCS.ZS?format=json&per_page=20000&date=2020%3A2024
CMR,EG.ELC.ACCS.ZS,electricity_access_percent,2023,72.0,https://api.worldbank.org/v2/country/all/indicator/EG.ELC.ACCS.ZS?format=json&per_page=20000&date=2020%3A2024
CMR,EG.ELC.ACCS.ZS,electricity_access_percent,2022,71.0,https://api.worldbank.org/v2/country/all/indicator/EG.ELC.ACCS.ZS?format=json&per_page=20000&date=2020%3A2024
CMR,EG.ELC.ACCS.ZS,electricity_access_percent,2021,65.4,https://api.worldbank.org/v2/country/all/indicator/EG.ELC.ACCS.ZS?format=json&per_page=20000&date=2020%3A2024
CMR,EG.ELC.ACCS.ZS,electricity_access_percent,2020,64.3,https://api.worldbank.org/v2/country/all/indicator/EG.ELC.ACCS.ZS?format=json&per_page=20000&date=2020%3A2024
CAN,EG.ELC.ACCS.ZS,electricity_access_percent,2024,100.0,https://api.worldbank.org/v2/country/all/indicator/EG.ELC.ACCS.ZS?format=json&per_page=20000&date=2020%3A2024
CAN,EG.ELC.ACCS.ZS,electricity_access_percent,2023,100.0,https://api.worldbank.org/v2/country/all/indicator/EG.ELC.ACCS.ZS?format=json&per_page=20000&date=2020%3A2024
CAN,EG.ELC.ACCS.ZS,electricity_access_percent,2022,100.0,https://api.worldbank.org/v2/country/all/indicator/EG.ELC.ACCS.ZS?format=json&per_page=20000&date=2020%3A2024
CAN,EG.ELC.ACCS.ZS,electricity_access_percent,2021,100.0,https://api.worldbank.org/v2/country/all/indicator/EG.ELC.ACCS.ZS?format=json&per_page=20000&date=2020%3A2024
CAN,EG.ELC.ACCS.ZS,electricity_access_percent,2020,100.0,https://api.worldbank.org/v2/country/all/indicator/EG.ELC.ACCS.ZS?format=json&per_page=20000&date=2020%3A2024
CYM,EG.ELC.ACCS.ZS,electricity_access_percent,2024,100.0,https://api.worldbank.org/v2/country/all/indicator/EG.ELC.ACCS.ZS?format=json&per_page=20000&date=2020%3A2024
CYM,EG.ELC.ACCS.ZS,electricity_access_percent,2023,100.0,https://api.worldbank.org/v2/country/all/indicator/EG.ELC.ACCS.ZS?format=json&per_page=20000&date=2020%3A2024
CYM,EG.ELC.ACCS.ZS,electricity_access_percent,2022,100.0,https://api.worldbank.org/v2/country/all/indicator/EG.ELC.ACCS.ZS?format=json&per_page=20000&date=2020%3A2024
CYM,EG.ELC.ACCS.ZS,electricity_access_percent,2021,100.0,https://api.worldbank.org/v2/country/all/indicator/EG.ELC.ACCS.ZS?format=json&per_page=20000&date=2020%3A2024
CYM,EG.ELC.ACCS.ZS,electricity_access_percent,2020,100.0,https://api.worldbank.org/v2/country/all/indicator/EG.ELC.ACCS.ZS?format=json&per_page=20000&date=2020%3A2024
CAF,EG.ELC.ACCS.ZS,electricity_access_percent,2024,18.2,https://api.worldbank.org/v2/country/all/indicator/EG.ELC.ACCS.ZS?format=json&per_page=20000&date=2020%3A2024
CAF,EG.ELC.ACCS.ZS,electricity_access_percent,2023,17.6,https://api.worldbank.org/v2/country/all/indicator/EG.ELC.ACCS.ZS?format=json&per_page=20000&date=2020%3A2024
CAF,EG.ELC.ACCS.ZS,electricity_access_percent,2022,15.7,https://api.worldbank.org/v2/country/all/indicator/EG.ELC.ACCS.ZS?format=json&per_page=20000&date=2020%3A2024
CAF,EG.ELC.ACCS.ZS,electricity_access_percent,2021,15.7,https://api.worldbank.org/v2/country/all/indicator/EG.ELC.ACCS.ZS?format=json&per_page=20000&date=2020%3A2024
CAF,EG.ELC.ACCS.ZS,electricity_access_percent,2020,15.4,https://api.worldbank.org/v2/country/all/indicator/EG.ELC.ACCS.ZS?format=json&per_page=20000&date=2020%3A2024
TCD,EG.ELC.ACCS.ZS,electricity_access_percent,2024,13.4,https://api.worldbank.org/v2/country/all/indicator/EG.ELC.ACCS.ZS?format=json&per_page=20000&date=2020%3A2024
TCD,EG.ELC.ACCS.ZS,electricity_access_percent,2023,12.0,https://api.worldbank.org/v2/country/all/indicator/EG.ELC.ACCS.ZS?format=json&per_page=20000&date=2020%3A2024
TCD,EG.ELC.ACCS.ZS,electricity_access_percent,2022,11.7,https://api.worldbank.org/v2/country/all/indicator/EG.ELC.ACCS.ZS?format=json&per_page=20000&date=2020%3A2024
TCD,EG.ELC.ACCS.ZS,electricity_access_percent,2021,11.3,https://api.worldbank.org/v2/country/all/indicator/EG.ELC.ACCS.ZS?format=json&per_page=20000&date=2020%3A2024
TCD,EG.ELC.ACCS.ZS,electricity_access_percent,2020,10.9,https://api.worldbank.org/v2/country/all/indicator/EG.ELC.ACCS.ZS?format=json&per_page=20000&date=2020%3A2024
CHI,EG.ELC.ACCS.ZS,electricity_access_percent,2024,100.0,https://api.worldbank.org/v2/country/all/indicator/EG.ELC.ACCS.ZS?format=json&per_page=20000&date=2020%3A2024
CHI,EG.ELC.ACCS.ZS,electricity_access_percent,2023,100.0,https://api.worldbank.org/v2/country/all/indicator/EG.ELC.ACCS.ZS?format=json&per_page=20000&date=2020%3A2024
CHI,EG.ELC.ACCS.ZS,electricity_access_percent,2022,100.0,https://api.worldbank.org/v2/country/all/indicator/EG.ELC.ACCS.ZS?format=json&per_page=20000&date=2020%3A2024
CHI,EG.ELC.ACCS.ZS,electricity_access_percent,2021,100.0,https://api.worldbank.org/v2/country/all/indicator/EG.ELC.ACCS.ZS?format=json&per_page=20000&date=2020%3A2024
CHI,EG.ELC.ACCS.ZS,electricity_access_percent,2020,100.0,https://api.worldbank.org/v2/country/all/indicator/EG.ELC.ACCS.ZS?format=json&per_page=20000&date=2020%3A2024
CHL,EG.ELC.ACCS.ZS,electricity_access_percent,2024,99.0,https://api.worldbank.org/v2/country/all/indicator/EG.ELC.ACCS.ZS?format=json&per_page=20000&date=2020%3A2024
CHL,EG.ELC.ACCS.ZS,electricity_access_percent,2023,100.0,https://api.worldbank.org/v2/country/all/indicator/EG.ELC.ACCS.ZS?format=json&per_page=20000&date=2020%3A2024
CHL,EG.ELC.ACCS.ZS,electricity_access_percent,2022,100.0,https://api.worldbank.org/v2/country/all/indicator/EG.ELC.ACCS.ZS?format=json&per_page=20000&date=2020%3A2024
CHL,EG.ELC.ACCS.ZS,electricity_access_percent,2021,100.0,https://api.worldbank.org/v2/country/all/indicator/EG.ELC.ACCS.ZS?format=json&per_page=20000&date=2020%3A2024
CHL,EG.ELC.ACCS.ZS,electricity_access_percent,2020,100.0,https://api.worldbank.org/v2/country/all/indicator/EG.ELC.ACCS.ZS?format=json&per_page=20000&date=2020%3A2024
CHN,EG.ELC.ACCS.ZS,electricity_access_percent,2024,100.0,https://api.worldbank.org/v2/country/all/indicator/EG.ELC.ACCS.ZS?format=json&per_page=20000&date=2020%3A2024
CHN,EG.ELC.ACCS.ZS,electricity_access_percent,2023,100.0,https://api.worldbank.org/v2/country/all/indicator/EG.ELC.ACCS.ZS?format=json&per_page=20000&date=2020%3A2024
CHN,EG.ELC.ACCS.ZS,electricity_access_percent,2022,100.0,https://api.worldbank.org/v2/country/all/indicator/EG.ELC.ACCS.ZS?format=json&per_page=20000&date=2020%3A2024
CHN,EG.ELC.ACCS.ZS,electricity_access_percent,2021,100.0,https://api.worldbank.org/v2/country/all/indicator/EG.ELC.ACCS.ZS?format=json&per_page=20000&date=2020%3A2024
CHN,EG.ELC.ACCS.ZS,electricity_access_percent,2020,100.0,https://api.worldbank.org/v2/country/all/indicator/EG.ELC.ACCS.ZS?format=json&per_page=20000&date=2020%3A2024
COL,EG.ELC.ACCS.ZS,electricity_access_percent,2024,98.9,https://api.worldbank.org/v2/country/all/indicator/EG.ELC.ACCS.ZS?format=json&per_page=20000&date=2020%3A2024
COL,EG.ELC.ACCS.ZS,electricity_access_percent,2023,98.7,https://api.worldbank.org/v2/country/all/indicator/EG.ELC.ACCS.ZS?format=json&per_page=20000&date=2020%3A2024
COL,EG.ELC.ACCS.ZS,electricity_access_percent,2022,100.0,https://api.worldbank.org/v2/country/all/indicator/EG.ELC.ACCS.ZS?format=json&per_page=20000&date=2020%3A2024
COL,EG.ELC.ACCS.ZS,electricity_access_percent,2021,100.0,https://api.worldbank.org/v2/country/all/indicator/EG.ELC.ACCS.ZS?format=json&per_page=20000&date=2020%3A2024
COL,EG.ELC.ACCS.ZS,electricity_access_percent,2020,99.7,https://api.worldbank.org/v2/country/all/indicator/EG.ELC.ACCS.ZS?format=json&per_page=20000&date=2020%3A2024
COM,EG.ELC.ACCS.ZS,electricity_access_percent,2024,91.7,https://api.worldbank.org/v2/country/all/indicator/EG.ELC.ACCS.ZS?format=json&per_page=20000&date=2020%3A2024
COM,EG.ELC.ACCS.ZS,electricity_access_percent,2023,89.8,https://api.worldbank.org/v2/country/all/indicator/EG.ELC.ACCS.ZS?format=json&per_page=20000&date=2020%3A2024
COM,EG.ELC.ACCS.ZS,electricity_access_percent,2022,89.9,https://api.worldbank.org/v2/country/all/indicator/EG.ELC.ACCS.ZS?format=json&per_page=20000&date=2020%3A2024
COM,EG.ELC.ACCS.ZS,electricity_access_percent,2021,87.9,https://api.worldbank.org/v2/country/all/indicator/EG.ELC.ACCS.ZS?format=json&per_page=20000&date=2020%3A2024
COM,EG.ELC.ACCS.ZS,electricity_access_percent,2020,85.6,https://api.worldbank.org/v2/country/all/indicator/EG.ELC.ACCS.ZS?format=json&per_page=20000&date=2020%3A2024
COD,EG.ELC.ACCS.ZS,electricity_access_percent,2024,22.5,https://api.worldbank.org/v2/country/all/indicator/EG.ELC.ACCS.ZS?format=json&per_page=20000&date=2020%3A2024
COD,EG.ELC.ACCS.ZS,electricity_access_percent,2023,22.1,https://api.worldbank.org/v2/country/all/indicator/EG.ELC.ACCS.ZS?format=json&per_page=20000&date=2020%3A2024
COD,EG.ELC.ACCS.ZS,electricity_access_percent,2022,21.5,https://api.worldbank.org/v2/country/all/indicator/EG.ELC.ACCS.ZS?format=json&per_page=20000&date=2020%3A2024
COD,EG.ELC.ACCS.ZS,electricity_access_percent,2021,20.8,https://api.worldbank.org/v2/country/all/indicator/EG.ELC.ACCS.ZS?format=json&per_page=20000&date=2020%3A2024
COD,EG.ELC.ACCS.ZS,electricity_access_percent,2020,20.1,https://api.worldbank.org/v2/country/all/indicator/EG.ELC.ACCS.ZS?format=json&per_page=20000&date=2020%3A2024
COG,EG.ELC.ACCS.ZS,electricity_access_percent,2024,53.0,https://api.worldbank.org/v2/country/all/indicator/EG.ELC.ACCS.ZS?format=json&per_page=20000&date=2020%3A2024
COG,EG.ELC.ACCS.ZS,electricity_access_percent,2023,51.3,https://api.worldbank.org/v2/country/all/indicator/EG.ELC.ACCS.ZS?format=json&per_page=20000&date=2020%3A2024
COG,EG.ELC.ACCS.ZS,electricity_access_percent,2022,50.6,https://api.worldbank.org/v2/country/all/indicator/EG.ELC.ACCS.ZS?format=json&per_page=20000&date=2020%3A2024
COG,EG.ELC.ACCS.ZS,electricity_access_percent,2021,49.7,https://api.worldbank.org/v2/country/all/indicator/EG.ELC.ACCS.ZS?format=json&per_page=20000&date=2020%3A2024
COG,EG.ELC.ACCS.ZS,electricity_access_percent,2020,48.7,https://api.worldbank.org/v2/country/all/indicator/EG.ELC.ACCS.ZS?format=json&per_page=20000&date=2020%3A2024
CRI,EG.ELC.ACCS.ZS,electricity_access_percent,2024,99.8,https://api.worldbank.org/v2/country/all/indicator/EG.ELC.ACCS.ZS?format=json&per_page=20000&date=2020%3A2024
CRI,EG.ELC.ACCS.ZS,electricity_access_percent,2023,100.0,https://api.worldbank.org/v2/country/all/indicator/EG.ELC.ACCS.ZS?format=json&per_page=20000&date=2020%3A2024
CRI,EG.ELC.ACCS.ZS,electricity_access_percent,2022,100.0,https://api.worldbank.org/v2/country/all/indicator/EG.ELC.ACCS.ZS?format=json&per_page=20000&date=2020%3A2024
CRI,EG.ELC.ACCS.ZS,electricity_access_percent,2021,100.0,https://api.worldbank.org/v2/country/all/indicator/EG.ELC.ACCS.ZS?format=json&per_page=20000&date=2020%3A2024
CRI,EG.ELC.ACCS.ZS,electricity_access_percent,2020,99.9,https://api.worldbank.org/v2/country/all/indicator/EG.ELC.ACCS.ZS?format=json&per_page=20000&date=2020%3A2024
CIV,EG.ELC.ACCS.ZS,electricity_access_percent,2024,72.9,https://api.worldbank.org/v2/country/all/indicator/EG.ELC.ACCS.ZS?format=json&per_page=20000&date=2020%3A2024
CIV,EG.ELC.ACCS.ZS,electricity_access_percent,2023,72.4,https://api.worldbank.org/v2/country/all/indicator/EG.ELC.ACCS.ZS?format=json&per_page=20000&date=2020%3A2024
CIV,EG.ELC.ACCS.ZS,electricity_access_percent,2022,70.4,https://api.worldbank.org/v2/country/all/indicator/EG.ELC.ACCS.ZS?format=json&per_page=20000&date=2020%3A2024
CIV,EG.ELC.ACCS.ZS,electricity_access_percent,2021,71.1,https://api.worldbank.org/v2/country/all/indicator/EG.ELC.ACCS.ZS?format=json&per_page=20000&date=2020%3A2024
CIV,EG.ELC.ACCS.ZS,electricity_access_percent,2020,69.9,https://api.worldbank.org/v2/country/all/indicator/EG.ELC.ACCS.ZS?format=json&per_page=20000&date=2020%3A2024
HRV,EG.ELC.ACCS.ZS,electricity_access_percent,2024,100.0,https://api.worldbank.org/v2/country/all/indicator/EG.ELC.ACCS.ZS?format=json&per_page=20000&date=2020%3A2024
HRV,EG.ELC.ACCS.ZS,electricity_access_percent,2023,100.0,https://api.worldbank.org/v2/country/all/indicator/EG.ELC.ACCS.ZS?format=json&per_page=20000&date=2020%3A2024
HRV,EG.ELC.ACCS.ZS,electricity_access_percent,2022,100.0,https://api.worldbank.org/v2/country/all/indicator/EG.ELC.ACCS.ZS?format=json&per_page=20000&date=2020%3A2024
HRV,EG.ELC.ACCS.ZS,electricity_access_percent,2021,100.0,https://api.worldbank.org/v2/country/all/indicator/EG.ELC.ACCS.ZS?format=json&per_page=20000&date=2020%3A2024
HRV,EG.ELC.ACCS.ZS,electricity_access_percent,2020,100.0,https://api.worldbank.org/v2/country/all/indicator/EG.ELC.ACCS.ZS?format=json&per_page=20000&date=2020%3A2024
CUB,EG.ELC.ACCS.ZS,electricity_access_percent,2024,100.0,https://api.worldbank.org/v2/country/all/indicator/EG.ELC.ACCS.ZS?format=json&per_page=20000&date=2020%3A2024
CUB,EG.ELC.ACCS.ZS,electricity_access_percent,2023,100.0,https://api.worldbank.org/v2/country/all/indicator/EG.ELC.ACCS.ZS?format=json&per_page=20000&date=2020%3A2024
CUB,EG.ELC.ACCS.ZS,electricity_access_percent,2022,100.0,https://api.worldbank.org/v2/country/all/indicator/EG.ELC.ACCS.ZS?format=json&per_page=20000&date=2020%3A2024
CUB,EG.ELC.ACCS.ZS,electricity_access_percent,2021,100.0,https://api.worldbank.org/v2/country/all/indicator/EG.ELC.ACCS.ZS?format=json&per_page=20000&date=2020%3A2024
CUB,EG.ELC.ACCS.ZS,electricity_access_percent,2020,99.9,https://api.worldbank.org/v2/country/all/indicator/EG.ELC.ACCS.ZS?format=json&per_page=20000&date=2020%3A2024
CUW,EG.ELC.ACCS.ZS,electricity_access_percent,2024,100.0,https://api.worldbank.org/v2/country/all/indicator/EG.ELC.ACCS.ZS?format=json&per_page=20000&date=2020%3A2024
CUW,EG.ELC.ACCS.ZS,electricity_access_percent,2023,100.0,https://api.worldbank.org/v2/country/all/indicator/EG.ELC.ACCS.ZS?format=json&per_page=20000&date=2020%3A2024
CUW,EG.ELC.ACCS.ZS,electricity_access_percent,2022,100.0,https://api.worldbank.org/v2/country/all/indicator/EG.ELC.ACCS.ZS?format=json&per_page=20000&date=2020%3A2024
CUW,EG.ELC.ACCS.ZS,electricity_access_percent,2021,100.0,https://api.worldbank.org/v2/country/all/indicator/EG.ELC.ACCS.ZS?format=json&per_page=20000&date=2020%3A2024
CUW,EG.ELC.ACCS.ZS,electricity_access_percent,2020,100.0,https://api.worldbank.org/v2/country/all/indicator/EG.ELC.ACCS.ZS?format=json&per_page=20000&date=2020%3A2024
CYP,EG.ELC.ACCS.ZS,electricity_access_percent,2024,100.0,https://api.worldbank.org/v2/country/all/indicator/EG.ELC.ACCS.ZS?format=json&per_page=20000&date=2020%3A2024
CYP,EG.ELC.ACCS.ZS,electricity_access_percent,2023,100.0,https://api.worldbank.org/v2/country/all/indicator/EG.ELC.ACCS.ZS?format=json&per_page=20000&date=2020%3A2024
CYP,EG.ELC.ACCS.ZS,electricity_access_percent,2022,100.0,https://api.worldbank.org/v2/country/all/indicator/EG.ELC.ACCS.ZS?format=json&per_page=20000&date=2020%3A2024
CYP,EG.ELC.ACCS.ZS,electricity_access_percent,2021,100.0,https://api.worldbank.org/v2/country/all/indicator/EG.ELC.ACCS.ZS?format=json&per_page=20000&date=2020%3A2024
CYP,EG.ELC.ACCS.ZS,electricity_access_percent,2020,100.0,https://api.worldbank.org/v2/country/all/indicator/EG.ELC.ACCS.ZS?format=json&per_page=20000&date=2020%3A2024
CZE,EG.ELC.ACCS.ZS,electricity_access_percent,2024,100.0,https://api.worldbank.org/v2/country/all/indicator/EG.ELC.ACCS.ZS?format=json&per_page=20000&date=2020%3A2024
CZE,EG.ELC.ACCS.ZS,electricity_access_percent,2023,100.0,https://api.worldbank.org/v2/country/all/indicator/EG.ELC.ACCS.ZS?format=json&per_page=20000&date=2020%3A2024
CZE,EG.ELC.ACCS.ZS,electricity_access_percent,2022,100.0,https://api.worldbank.org/v2/country/all/indicator/EG.ELC.ACCS.ZS?format=json&per_page=20000&date=2020%3A2024
CZE,EG.ELC.ACCS.ZS,electricity_access_percent,2021,100.0,https://api.worldbank.org/v2/country/all/indicator/EG.ELC.ACCS.ZS?format=json&per_page=20000&date=2020%3A2024
CZE,EG.ELC.ACCS.ZS,electricity_access_percent,2020,100.0,https://api.worldbank.org/v2/country/all/indicator/EG.ELC.ACCS.ZS?format=json&per_page=20000&date=2020%3A2024
DNK,EG.ELC.ACCS.ZS,electricity_access_percent,2024,100.0,https://api.worldbank.org/v2/country/all/indicator/EG.ELC.ACCS.ZS?format=json&per_page=20000&date=2020%3A2024
DNK,EG.ELC.ACCS.ZS,electricity_access_percent,2023,100.0,https://api.worldbank.org/v2/country/all/indicator/EG.ELC.ACCS.ZS?format=json&per_page=20000&date=2020%3A2024
DNK,EG.ELC.ACCS.ZS,electricity_access_percent,2022,100.0,https://api.worldbank.org/v2/country/all/indicator/EG.ELC.ACCS.ZS?format=json&per_page=20000&date=2020%3A2024
DNK,EG.ELC.ACCS.ZS,electricity_access_percent,2021,100.0,https://api.worldbank.org/v2/country/all/indicator/EG.ELC.ACCS.ZS?format=json&per_page=20000&date=2020%3A2024
DNK,EG.ELC.ACCS.ZS,electricity_access_percent,2020,100.0,https://api.worldbank.org/v2/country/all/indicator/EG.ELC.ACCS.ZS?format=json&per_page=20000&date=2020%3A2024
DJI,EG.ELC.ACCS.ZS,electricity_access_percent,2024,69.2,https://api.worldbank.org/v2/country/all/indicator/EG.ELC.ACCS.ZS?format=json&per_page=20000&date=2020%3A2024
DJI,EG.ELC.ACCS.ZS,electricity_access_percent,2023,65.2,https://api.worldbank.org/v2/country/all/indicator/EG.ELC.ACCS.ZS?format=json&per_page=20000&date=2020%3A2024
DJI,EG.ELC.ACCS.ZS,electricity_access_percent,2022,65.0,https://api.worldbank.org/v2/country/all/indicator/EG.ELC.ACCS.ZS?format=json&per_page=20000&date=2020%3A2024
DJI,EG.ELC.ACCS.ZS,electricity_access_percent,2021,65.4,https://api.worldbank.org/v2/country/all/indicator/EG.ELC.ACCS.ZS?format=json&per_page=20000&date=2020%3A2024
DJI,EG.ELC.ACCS.ZS,electricity_access_percent,2020,64.5,https://api.worldbank.org/v2/country/all/indicator/EG.ELC.ACCS.ZS?format=json&per_page=20000&date=2020%3A2024
DMA,EG.ELC.ACCS.ZS,electricity_access_percent,2024,100.0,https://api.worldbank.org/v2/country/all/indicator/EG.ELC.ACCS.ZS?format=json&per_page=20000&date=2020%3A2024
DMA,EG.ELC.ACCS.ZS,electricity_access_percent,2023,100.0,https://api.worldbank.org/v2/country/all/indicator/EG.ELC.ACCS.ZS?format=json&per_page=20000&date=2020%3A2024
DMA,EG.ELC.ACCS.ZS,electricity_access_percent,2022,100.0,https://api.worldbank.org/v2/country/all/indicator/EG.ELC.ACCS.ZS?format=json&per_page=20000&date=2020%3A2024
DMA,EG.ELC.ACCS.ZS,electricity_access_percent,2021,100.0,https://api.worldbank.org/v2/country/all/indicator/EG.ELC.ACCS.ZS?format=json&per_page=20000&date=2020%3A2024
DMA,EG.ELC.ACCS.ZS,electricity_access_percent,2020,100.0,https://api.worldbank.org/v2/country/all/indicator/EG.ELC.ACCS.ZS?format=json&per_page=20000&date=2020%3A2024
DOM,EG.ELC.ACCS.ZS,electricity_access_percent,2024,99.5,https://api.worldbank.org/v2/country/all/indicator/EG.ELC.ACCS.ZS?format=json&per_page=20000&date=2020%3A2024
DOM,EG.ELC.ACCS.ZS,electricity_access_percent,2023,99.6,https://api.worldbank.org/v2/country/all/indicator/EG.ELC.ACCS.ZS?format=json&per_page=20000&date=2020%3A2024
DOM,EG.ELC.ACCS.ZS,electricity_access_percent,2022,98.1,https://api.worldbank.org/v2/country/all/indicator/EG.ELC.ACCS.ZS?format=json&per_page=20000&date=2020%3A2024
DOM,EG.ELC.ACCS.ZS,electricity_access_percent,2021,98.1,https://api.worldbank.org/v2/country/all/indicator/EG.ELC.ACCS.ZS?format=json&per_page=20000&date=2020%3A2024
DOM,EG.ELC.ACCS.ZS,electricity_access_percent,2020,100.0,https://api.worldbank.org/v2/country/all/indicator/EG.ELC.ACCS.ZS?format=json&per_page=20000&date=2020%3A2024
ECU,EG.ELC.ACCS.ZS,electricity_access_percent,2024,98.5,https://api.worldbank.org/v2/country/all/indicator/EG.ELC.ACCS.ZS?format=json&per_page=20000&date=2020%3A2024
ECU,EG.ELC.ACCS.ZS,electricity_access_percent,2023,98.7,https://api.worldbank.org/v2/country/all/indicator/EG.ELC.ACCS.ZS?format=json&per_page=20000&date=2020%3A2024
ECU,EG.ELC.ACCS.ZS,electricity_access_percent,2022,100.0,https://api.worldbank.org/v2/country/all/indicator/EG.ELC.ACCS.ZS?format=json&per_page=20000&date=2020%3A2024
ECU,EG.ELC.ACCS.ZS,electricity_access_percent,2021,100.0,https://api.worldbank.org/v2/country/all/indicator/EG.ELC.ACCS.ZS?format=json&per_page=20000&date=2020%3A2024
ECU,EG.ELC.ACCS.ZS,electricity_access_percent,2020,98.8,https://api.worldbank.org/v2/country/all/indicator/EG.ELC.ACCS.ZS?format=json&per_page=20000&date=2020%3A2024
EGY,EG.ELC.ACCS.ZS,electricity_access_percent,2024,100.0,https://api.worldbank.org/v2/country/all/indicator/EG.ELC.ACCS.ZS?format=json&per_page=20000&date=2020%3A2024
EGY,EG.ELC.ACCS.ZS,electricity_access_percent,2023,100.0,https://api.worldbank.org/v2/country/all/indicator/EG.ELC.ACCS.ZS?format=json&per_page=20000&date=2020%3A2024
EGY,EG.ELC.ACCS.ZS,electricity_access_percent,2022,100.0,https://api.worldbank.org/v2/country/all/indicator/EG.ELC.ACCS.ZS?format=json&per_page=20000&date=2020%3A2024
EGY,EG.ELC.ACCS.ZS,electricity_access_percent,2021,100.0,https://api.worldbank.org/v2/country/all/indicator/EG.ELC.ACCS.ZS?format=json&per_page=20000&date=2020%3A2024
EGY,EG.ELC.ACCS.ZS,electricity_access_percent,2020,100.0,https://api.worldbank.org/v2/country/all/indicator/EG.ELC.ACCS.ZS?format=json&per_page=20000&date=2020%3A2024
SLV,EG.ELC.ACCS.ZS,electricity_access_percent,2024,98.7,https://api.worldbank.org/v2/country/all/indicator/EG.ELC.ACCS.ZS?format=json&per_page=20000&date=2020%3A2024
SLV,EG.ELC.ACCS.ZS,electricity_access_percent,2023,98.3,https://api.worldbank.org/v2/country/all/indicator/EG.ELC.ACCS.ZS?format=json&per_page=20000&date=2020%3A2024
SLV,EG.ELC.ACCS.ZS,electricity_access_percent,2022,100.0,https://api.worldbank.org/v2/country/all/indicator/EG.ELC.ACCS.ZS?format=json&per_page=20000&date=2020%3A2024
SLV,EG.ELC.ACCS.ZS,electricity_access_percent,2021,97.9,https://api.worldbank.org/v2/country/all/indicator/EG.ELC.ACCS.ZS?format=json&per_page=20000&date=2020%3A2024
SLV,EG.ELC.ACCS.ZS,electricity_access_percent,2020,99.7,https://api.worldbank.org/v2/country/all/indicator/EG.ELC.ACCS.ZS?format=json&per_page=20000&date=2020%3A2024
GNQ,EG.ELC.ACCS.ZS,electricity_access_percent,2024,65.1,https://api.worldbank.org/v2/country/all/indicator/EG.ELC.ACCS.ZS?format=json&per_page=20000&date=2020%3A2024
GNQ,EG.ELC.ACCS.ZS,electricity_access_percent,2023,66.9,https://api.worldbank.org/v2/country/all/indicator/EG.ELC.ACCS.ZS?format=json&per_page=20000&date=2020%3A2024
GNQ,EG.ELC.ACCS.ZS,electricity_access_percent,2022,67.0,https://api.worldbank.org/v2/country/all/indicator/EG.ELC.ACCS.ZS?format=json&per_page=20000&date=2020%3A2024
GNQ,EG.ELC.ACCS.ZS,electricity_access_percent,2021,66.8,https://api.worldbank.org/v2/country/all/indicator/EG.ELC.ACCS.ZS?format=json&per_page=20000&date=2020%3A2024
GNQ,EG.ELC.ACCS.ZS,electricity_access_percent,2020,66.7,https://api.worldbank.org/v2/country/all/indicator/EG.ELC.ACCS.ZS?format=json&per_page=20000&date=2020%3A2024
ERI,EG.ELC.ACCS.ZS,electricity_access_percent,2024,55.3,https://api.worldbank.org/v2/country/all/indicator/EG.ELC.ACCS.ZS?format=json&per_page=20000&date=2020%3A2024
ERI,EG.ELC.ACCS.ZS,electricity_access_percent,2023,54.4,https://api.worldbank.org/v2/country/all/indicator/EG.ELC.ACCS.ZS?format=json&per_page=20000&date=2020%3A2024
ERI,EG.ELC.ACCS.ZS,electricity_access_percent,2022,55.4,https://api.worldbank.org/v2/country/all/indicator/EG.ELC.ACCS.ZS?format=json&per_page=20000&date=2020%3A2024
ERI,EG.ELC.ACCS.ZS,electricity_access_percent,2021,52.5,https://api.worldbank.org/v2/country/all/indicator/EG.ELC.ACCS.ZS?format=json&per_page=20000&date=2020%3A2024
ERI,EG.ELC.ACCS.ZS,electricity_access_percent,2020,51.4,https://api.worldbank.org/v2/country/all/indicator/EG.ELC.ACCS.ZS?format=json&per_page=20000&date=2020%3A2024
EST,EG.ELC.ACCS.ZS,electricity_access_percent,2024,100.0,https://api.worldbank.org/v2/country/all/indicator/EG.ELC.ACCS.ZS?format=json&per_page=20000&date=2020%3A2024
EST,EG.ELC.ACCS.ZS,electricity_access_percent,2023,100.0,https://api.worldbank.org/v2/country/all/indicator/EG.ELC.ACCS.ZS?format=json&per_page=20000&date=2020%3A2024
EST,EG.ELC.ACCS.ZS,electricity_access_percent,2022,100.0,https://api.worldbank.org/v2/country/all/indicator/EG.ELC.ACCS.ZS?format=json&per_page=20000&date=2020%3A2024
EST,EG.ELC.ACCS.ZS,electricity_access_percent,2021,100.0,https://api.worldbank.org/v2/country/all/indicator/EG.ELC.ACCS.ZS?format=json&per_page=20000&date=2020%3A2024
EST,EG.ELC.ACCS.ZS,electricity_access_percent,2020,100.0,https://api.worldbank.org/v2/country/all/indicator/EG.ELC.ACCS.ZS?format=json&per_page=20000&date=2020%3A2024
SWZ,EG.ELC.ACCS.ZS,electricity_access_percent,2024,89.3,https://api.worldbank.org/v2/country/all/indicator/EG.ELC.ACCS.ZS?format=json&per_page=20000&date=2020%3A2024
SWZ,EG.ELC.ACCS.ZS,electricity_access_percent,2023,86.4,https://api.worldbank.org/v2/country/all/indicator/EG.ELC.ACCS.ZS?format=json&per_page=20000&date=2020%3A2024
SWZ,EG.ELC.ACCS.ZS,electricity_access_percent,2022,82.3,https://api.worldbank.org/v2/country/all/indicator/EG.ELC.ACCS.ZS?format=json&per_page=20000&date=2020%3A2024
SWZ,EG.ELC.ACCS.ZS,electricity_access_percent,2021,82.9,https://api.worldbank.org/v2/country/all/indicator/EG.ELC.ACCS.ZS?format=json&per_page=20000&date=2020%3A2024
SWZ,EG.ELC.ACCS.ZS,electricity_access_percent,2020,80.0,https://api.worldbank.org/v2/country/all/indicator/EG.ELC.ACCS.ZS?format=json&per_page=20000&date=2020%3A2024
ETH,EG.ELC.ACCS.ZS,electricity_access_percent,2024,56.6,https://api.worldbank.org/v2/country/all/indicator/EG.ELC.ACCS.ZS?format=json&per_page=20000&date=2020%3A2024
ETH,EG.ELC.ACCS.ZS,electricity_access_percent,2023,55.4,https://api.worldbank.org/v2/country/all/indicator/EG.ELC.ACCS.ZS?format=json&per_page=20000&date=2020%3A2024
ETH,EG.ELC.ACCS.ZS,electricity_access_percent,2022,55.0,https://api.worldbank.org/v2/country/all/indicator/EG.ELC.ACCS.ZS?format=json&per_page=20000&date=2020%3A2024
ETH,EG.ELC.ACCS.ZS,electricity_access_percent,2021,54.2,https://api.worldbank.org/v2/country/all/indicator/EG.ELC.ACCS.ZS?format=json&per_page=20000&date=2020%3A2024
ETH,EG.ELC.ACCS.ZS,electricity_access_percent,2020,51.1,https://api.worldbank.org/v2/country/all/indicator/EG.ELC.ACCS.ZS?format=json&per_page=20000&date=2020%3A2024
FRO,EG.ELC.ACCS.ZS,electricity_access_percent,2024,100.0,https://api.worldbank.org/v2/country/all/indicator/EG.ELC.ACCS.ZS?format=json&per_page=20000&date=2020%3A2024
FRO,EG.ELC.ACCS.ZS,electricity_access_percent,2023,100.0,https://api.worldbank.org/v2/country/all/indicator/EG.ELC.ACCS.ZS?format=json&per_page=20000&date=2020%3A2024
FRO,EG.ELC.ACCS.ZS,electricity_access_percent,2022,100.0,https://api.worldbank.org/v2/country/all/indicator/EG.ELC.ACCS.ZS?format=json&per_page=20000&date=2020%3A2024
FRO,EG.ELC.ACCS.ZS,electricity_access_percent,2021,100.0,https://api.worldbank.org/v2/country/all/indicator/EG.ELC.ACCS.ZS?format=json&per_page=20000&date=2020%3A2024
FRO,EG.ELC.ACCS.ZS,electricity_access_percent,2020,100.0,https://api.worldbank.org/v2/country/all/indicator/EG.ELC.ACCS.ZS?format=json&per_page=20000&date=2020%3A2024
FJI,EG.ELC.ACCS.ZS,electricity_access_percent,2024,95.9,https://api.worldbank.org/v2/country/all/indicator/EG.ELC.ACCS.ZS?format=json&per_page=20000&date=2020%3A2024
FJI,EG.ELC.ACCS.ZS,electricity_access_percent,2023,99.3,https://api.worldbank.org/v2/country/all/indicator/EG.ELC.ACCS.ZS?format=json&per_page=20000&date=2020%3A2024
FJI,EG.ELC.ACCS.ZS,electricity_access_percent,2022,92.0,https://api.worldbank.org/v2/country/all/indicator/EG.ELC.ACCS.ZS?format=json&per_page=20000&date=2020%3A2024
FJI,EG.ELC.ACCS.ZS,electricity_access_percent,2021,92.1,https://api.worldbank.org/v2/country/all/indicator/EG.ELC.ACCS.ZS?format=json&per_page=20000&date=2020%3A2024
FJI,EG.ELC.ACCS.ZS,electricity_access_percent,2020,97.1,https://api.worldbank.org/v2/country/all/indicator/EG.ELC.ACCS.ZS?format=json&per_page=20000&date=2020%3A2024
FIN,EG.ELC.ACCS.ZS,electricity_access_percent,2024,100.0,https://api.worldbank.org/v2/country/all/indicator/EG.ELC.ACCS.ZS?format=json&per_page=20000&date=2020%3A2024
FIN,EG.ELC.ACCS.ZS,electricity_access_percent,2023,100.0,https://api.worldbank.org/v2/country/all/indicator/EG.ELC.ACCS.ZS?format=json&per_page=20000&date=2020%3A2024
FIN,EG.ELC.ACCS.ZS,electricity_access_percent,2022,100.0,https://api.worldbank.org/v2/country/all/indicator/EG.ELC.ACCS.ZS?format=json&per_page=20000&date=2020%3A2024
FIN,EG.ELC.ACCS.ZS,electricity_access_percent,2021,100.0,https://api.worldbank.org/v2/country/all/indicator/EG.ELC.ACCS.ZS?format=json&per_page=20000&date=2020%3A2024
FIN,EG.ELC.ACCS.ZS,electricity_access_percent,2020,100.0,https://api.worldbank.org/v2/country/all/indicator/EG.ELC.ACCS.ZS?format=json&per_page=20000&date=2020%3A2024
FRA,EG.ELC.ACCS.ZS,electricity_access_percent,2024,100.0,https://api.worldbank.org/v2/country/all/indicator/EG.ELC.ACCS.ZS?format=json&per_page=20000&date=2020%3A2024
FRA,EG.ELC.ACCS.ZS,electricity_access_percent,2023,100.0,https://api.worldbank.org/v2/country/all/indicator/EG.ELC.ACCS.ZS?format=json&per_page=20000&date=2020%3A2024
FRA,EG.ELC.ACCS.ZS,electricity_access_percent,2022,100.0,https://api.worldbank.org/v2/country/all/indicator/EG.ELC.ACCS.ZS?format=json&per_page=20000&date=2020%3A2024
FRA,EG.ELC.ACCS.ZS,electricity_access_percent,2021,100.0,https://api.worldbank.org/v2/country/all/indicator/EG.ELC.ACCS.ZS?format=json&per_page=20000&date=2020%3A2024
FRA,EG.ELC.ACCS.ZS,electricity_access_percent,2020,100.0,https://api.worldbank.org/v2/country/all/indicator/EG.ELC.ACCS.ZS?format=json&per_page=20000&date=2020%3A2024
PYF,EG.ELC.ACCS.ZS,electricity_access_percent,2024,100.0,https://api.worldbank.org/v2/country/all/indicator/EG.ELC.ACCS.ZS?format=json&per_page=20000&date=2020%3A2024
PYF,EG.ELC.ACCS.ZS,electricity_access_percent,2023,100.0,https://api.worldbank.org/v2/country/all/indicator/EG.ELC.ACCS.ZS?format=json&per_page=20000&date=2020%3A2024
PYF,EG.ELC.ACCS.ZS,electricity_access_percent,2022,100.0,https://api.worldbank.org/v2/country/all/indicator/EG.ELC.ACCS.ZS?format=json&per_page=20000&date=2020%3A2024
PYF,EG.ELC.ACCS.ZS,electricity_access_percent,2021,100.0,https://api.worldbank.org/v2/country/all/indicator/EG.ELC.ACCS.ZS?format=json&per_page=20000&date=2020%3A2024
PYF,EG.ELC.ACCS.ZS,electricity_access_percent,2020,100.0,https://api.worldbank.org/v2/country/all/indicator/EG.ELC.ACCS.ZS?format=json&per_page=20000&date=2020%3A2024
GAB,EG.ELC.ACCS.ZS,electricity_access_percent,2024,95.1,https://api.worldbank.org/v2/country/all/indicator/EG.ELC.ACCS.ZS?format=json&per_page=20000&date=2020%3A2024
GAB,EG.ELC.ACCS.ZS,electricity_access_percent,2023,94.1,https://api.worldbank.org/v2/country/all/indicator/EG.ELC.ACCS.ZS?format=json&per_page=20000&date=2020%3A2024
GAB,EG.ELC.ACCS.ZS,electricity_access_percent,2022,93.5,https://api.worldbank.org/v2/country/all/indicator/EG.ELC.ACCS.ZS?format=json&per_page=20000&date=2020%3A2024
GAB,EG.ELC.ACCS.ZS,electricity_access_percent,2021,91.8,https://api.worldbank.org/v2/country/all/indicator/EG.ELC.ACCS.ZS?format=json&per_page=20000&date=2020%3A2024
GAB,EG.ELC.ACCS.ZS,electricity_access_percent,2020,91.1,https://api.worldbank.org/v2/country/all/indicator/EG.ELC.ACCS.ZS?format=json&per_page=20000&date=2020%3A2024
GMB,EG.ELC.ACCS.ZS,electricity_access_percent,2024,69.0,https://api.worldbank.org/v2/country/all/indicator/EG.ELC.ACCS.ZS?format=json&per_page=20000&date=2020%3A2024
GMB,EG.ELC.ACCS.ZS,electricity_access_percent,2023,66.9,https://api.worldbank.org/v2/country/all/indicator/EG.ELC.ACCS.ZS?format=json&per_page=20000&date=2020%3A2024
GMB,EG.ELC.ACCS.ZS,electricity_access_percent,2022,65.4,https://api.worldbank.org/v2/country/all/indicator/EG.ELC.ACCS.ZS?format=json&per_page=20000&date=2020%3A2024
GMB,EG.ELC.ACCS.ZS,electricity_access_percent,2021,63.7,https://api.worldbank.org/v2/country/all/indicator/EG.ELC.ACCS.ZS?format=json&per_page=20000&date=2020%3A2024
GMB,EG.ELC.ACCS.ZS,electricity_access_percent,2020,62.2,https://api.worldbank.org/v2/country/all/indicator/EG.ELC.ACCS.ZS?format=json&per_page=20000&date=2020%3A2024
GEO,EG.ELC.ACCS.ZS,electricity_access_percent,2024,100.0,https://api.worldbank.org/v2/country/all/indicator/EG.ELC.ACCS.ZS?format=json&per_page=20000&date=2020%3A2024
GEO,EG.ELC.ACCS.ZS,electricity_access_percent,2023,100.0,https://api.worldbank.org/v2/country/all/indicator/EG.ELC.ACCS.ZS?format=json&per_page=20000&date=2020%3A2024
GEO,EG.ELC.ACCS.ZS,electricity_access_percent,2022,100.0,https://api.worldbank.org/v2/country/all/indicator/EG.ELC.ACCS.ZS?format=json&per_page=20000&date=2020%3A2024
GEO,EG.ELC.ACCS.ZS,electricity_access_percent,2021,100.0,https://api.worldbank.org/v2/country/all/indicator/EG.ELC.ACCS.ZS?format=json&per_page=20000&date=2020%3A2024
GEO,EG.ELC.ACCS.ZS,electricity_access_percent,2020,100.0,https://api.worldbank.org/v2/country/all/indicator/EG.ELC.ACCS.ZS?format=json&per_page=20000&date=2020%3A2024
DEU,EG.ELC.ACCS.ZS,electricity_access_percent,2024,100.0,https://api.worldbank.org/v2/country/all/indicator/EG.ELC.ACCS.ZS?format=json&per_page=20000&date=2020%3A2024
DEU,EG.ELC.ACCS.ZS,electricity_access_percent,2023,100.0,https://api.worldbank.org/v2/country/all/indicator/EG.ELC.ACCS.ZS?format=json&per_page=20000&date=2020%3A2024
DEU,EG.ELC.ACCS.ZS,electricity_access_percent,2022,100.0,https://api.worldbank.org/v2/country/all/indicator/EG.ELC.ACCS.ZS?format=json&per_page=20000&date=2020%3A2024
DEU,EG.ELC.ACCS.ZS,electricity_access_percent,2021,100.0,https://api.worldbank.org/v2/country/all/indicator/EG.ELC.ACCS.ZS?format=json&per_page=20000&date=2020%3A2024
DEU,EG.ELC.ACCS.ZS,electricity_access_percent,2020,100.0,https://api.worldbank.org/v2/country/all/indicator/EG.ELC.ACCS.ZS?format=json&per_page=20000&date=2020%3A2024
GHA,EG.ELC.ACCS.ZS,electricity_access_percent,2024,91.9,https://api.worldbank.org/v2/country/all/indicator/EG.ELC.ACCS.ZS?format=json&per_page=20000&date=2020%3A2024
GHA,EG.ELC.ACCS.ZS,electricity_access_percent,2023,89.5,https://api.worldbank.org/v2/country/all/indicator/EG.ELC.ACCS.ZS?format=json&per_page=20000&date=2020%3A2024
GHA,EG.ELC.ACCS.ZS,electricity_access_percent,2022,85.1,https://api.worldbank.org/v2/country/all/indicator/EG.ELC.ACCS.ZS?format=json&per_page=20000&date=2020%3A2024
GHA,EG.ELC.ACCS.ZS,electricity_access_percent,2021,86.3,https://api.worldbank.org/v2/country/all/indicator/EG.ELC.ACCS.ZS?format=json&per_page=20000&date=2020%3A2024
GHA,EG.ELC.ACCS.ZS,electricity_access_percent,2020,85.4,https://api.worldbank.org/v2/country/all/indicator/EG.ELC.ACCS.ZS?format=json&per_page=20000&date=2020%3A2024
GIB,EG.ELC.ACCS.ZS,electricity_access_percent,2024,100.0,https://api.worldbank.org/v2/country/all/indicator/EG.ELC.ACCS.ZS?format=json&per_page=20000&date=2020%3A2024
GIB,EG.ELC.ACCS.ZS,electricity_access_percent,2023,100.0,https://api.worldbank.org/v2/country/all/indicator/EG.ELC.ACCS.ZS?format=json&per_page=20000&date=2020%3A2024
GIB,EG.ELC.ACCS.ZS,electricity_access_percent,2022,100.0,https://api.worldbank.org/v2/country/all/indicator/EG.ELC.ACCS.ZS?format=json&per_page=20000&date=2020%3A2024
GIB,EG.ELC.ACCS.ZS,electricity_access_percent,2021,100.0,https://api.worldbank.org/v2/country/all/indicator/EG.ELC.ACCS.ZS?format=json&per_page=20000&date=2020%3A2024
GIB,EG.ELC.ACCS.ZS,electricity_access_percent,2020,100.0,https://api.worldbank.org/v2/country/all/indicator/EG.ELC.ACCS.ZS?format=json&per_page=20000&date=2020%3A2024
GRC,EG.ELC.ACCS.ZS,electricity_access_percent,2024,100.0,https://api.worldbank.org/v2/country/all/indicator/EG.ELC.ACCS.ZS?format=json&per_page=20000&date=2020%3A2024
GRC,EG.ELC.ACCS.ZS,electricity_access_percent,2023,100.0,https://api.worldbank.org/v2/country/all/indicator/EG.ELC.ACCS.ZS?format=json&per_page=20000&date=2020%3A2024
GRC,EG.ELC.ACCS.ZS,electricity_access_percent,2022,100.0,https://api.worldbank.org/v2/country/all/indicator/EG.ELC.ACCS.ZS?format=json&per_page=20000&date=2020%3A2024
GRC,EG.ELC.ACCS.ZS,electricity_access_percent,2021,100.0,https://api.worldbank.org/v2/country/all/indicator/EG.ELC.ACCS.ZS?format=json&per_page=20000&date=2020%3A2024
GRC,EG.ELC.ACCS.ZS,electricity_access_percent,2020,100.0,https://api.worldbank.org/v2/country/all/indicator/EG.ELC.ACCS.ZS?format=json&per_page=20000&date=2020%3A2024
GRL,EG.ELC.ACCS.ZS,electricity_access_percent,2024,100.0,https://api.worldbank.org/v2/country/all/indicator/EG.ELC.ACCS.ZS?format=json&per_page=20000&date=2020%3A2024
GRL,EG.ELC.ACCS.ZS,electricity_access_percent,2023,100.0,https://api.worldbank.org/v2/country/all/indicator/EG.ELC.ACCS.ZS?format=json&per_page=20000&date=2020%3A2024
GRL,EG.ELC.ACCS.ZS,electricity_access_percent,2022,100.0,https://api.worldbank.org/v2/country/all/indicator/EG.ELC.ACCS.ZS?format=json&per_page=20000&date=2020%3A2024
GRL,EG.ELC.ACCS.ZS,electricity_access_percent,2021,100.0,https://api.worldbank.org/v2/country/all/indicator/EG.ELC.ACCS.ZS?format=json&per_page=20000&date=2020%3A2024
GRL,EG.ELC.ACCS.ZS,electricity_access_percent,2020,100.0,https://api.worldbank.org/v2/country/all/indicator/EG.ELC.ACCS.ZS?format=json&per_page=20000&date=2020%3A2024
GRD,EG.ELC.ACCS.ZS,electricity_access_percent,2024,95.6,https://api.worldbank.org/v2/country/all/indicator/EG.ELC.ACCS.ZS?format=json&per_page=20000&date=2020%3A2024
GRD,EG.ELC.ACCS.ZS,electricity_access_percent,2023,94.4,https://api.worldbank.org/v2/country/all/indicator/EG.ELC.ACCS.ZS?format=json&per_page=20000&date=2020%3A2024
GRD,EG.ELC.ACCS.ZS,electricity_access_percent,2022,94.2,https://api.worldbank.org/v2/country/all/indicator/EG.ELC.ACCS.ZS?format=json&per_page=20000&date=2020%3A2024
GRD,EG.ELC.ACCS.ZS,electricity_access_percent,2021,93.7,https://api.worldbank.org/v2/country/all/indicator/EG.ELC.ACCS.ZS?format=json&per_page=20000&date=2020%3A2024
GRD,EG.ELC.ACCS.ZS,electricity_access_percent,2020,93.4,https://api.worldbank.org/v2/country/all/indicator/EG.ELC.ACCS.ZS?format=json&per_page=20000&date=2020%3A2024
GUM,EG.ELC.ACCS.ZS,electricity_access_percent,2024,100.0,https://api.worldbank.org/v2/country/all/indicator/EG.ELC.ACCS.ZS?format=json&per_page=20000&date=2020%3A2024
GUM,EG.ELC.ACCS.ZS,electricity_access_percent,2023,100.0,https://api.worldbank.org/v2/country/all/indicator/EG.ELC.ACCS.ZS?format=json&per_page=20000&date=2020%3A2024
GUM,EG.ELC.ACCS.ZS,electricity_access_percent,2022,100.0,https://api.worldbank.org/v2/country/all/indicator/EG.ELC.ACCS.ZS?format=json&per_page=20000&date=2020%3A2024
GUM,EG.ELC.ACCS.ZS,electricity_access_percent,2021,100.0,https://api.worldbank.org/v2/country/all/indicator/EG.ELC.ACCS.ZS?format=json&per_page=20000&date=2020%3A2024
GUM,EG.ELC.ACCS.ZS,electricity_access_percent,2020,100.0,https://api.worldbank.org/v2/country/all/indicator/EG.ELC.ACCS.ZS?format=json&per_page=20000&date=2020%3A2024
GTM,EG.ELC.ACCS.ZS,electricity_access_percent,2024,90.9,https://api.worldbank.org/v2/country/all/indicator/EG.ELC.ACCS.ZS?format=json&per_page=20000&date=2020%3A2024
GTM,EG.ELC.ACCS.ZS,electricity_access_percent,2023,100.0,https://api.worldbank.org/v2/country/all/indicator/EG.ELC.ACCS.ZS?format=json&per_page=20000&date=2020%3A2024
GTM,EG.ELC.ACCS.ZS,electricity_access_percent,2022,99.1,https://api.worldbank.org/v2/country/all/indicator/EG.ELC.ACCS.ZS?format=json&per_page=20000&date=2020%3A2024
GTM,EG.ELC.ACCS.ZS,electricity_access_percent,2021,97.9,https://api.worldbank.org/v2/country/all/indicator/EG.ELC.ACCS.ZS?format=json&per_page=20000&date=2020%3A2024
GTM,EG.ELC.ACCS.ZS,electricity_access_percent,2020,96.6,https://api.worldbank.org/v2/country/all/indicator/EG.ELC.ACCS.ZS?format=json&per_page=20000&date=2020%3A2024
GIN,EG.ELC.ACCS.ZS,electricity_access_percent,2024,53.8,https://api.worldbank.org/v2/country/all/indicator/EG.ELC.ACCS.ZS?format=json&per_page=20000&date=2020%3A2024
GIN,EG.ELC.ACCS.ZS,electricity_access_percent,2023,51.1,https://api.worldbank.org/v2/country/all/indicator/EG.ELC.ACCS.ZS?format=json&per_page=20000&date=2020%3A2024
GIN,EG.ELC.ACCS.ZS,electricity_access_percent,2022,47.7,https://api.worldbank.org/v2/country/all/indicator/EG.ELC.ACCS.ZS?format=json&per_page=20000&date=2020%3A2024
GIN,EG.ELC.ACCS.ZS,electricity_access_percent,2021,46.8,https://api.worldbank.org/v2/country/all/indicator/EG.ELC.ACCS.ZS?format=json&per_page=20000&date=2020%3A2024
GIN,EG.ELC.ACCS.ZS,electricity_access_percent,2020,44.7,https://api.worldbank.org/v2/country/all/indicator/EG.ELC.ACCS.ZS?format=json&per_page=20000&date=2020%3A2024
GNB,EG.ELC.ACCS.ZS,electricity_access_percent,2024,43.7,https://api.worldbank.org/v2/country/all/indicator/EG.ELC.ACCS.ZS?format=json&per_page=20000&date=2020%3A2024
GNB,EG.ELC.ACCS.ZS,electricity_access_percent,2023,40.5,https://api.worldbank.org/v2/country/all/indicator/EG.ELC.ACCS.ZS?format=json&per_page=20000&date=2020%3A2024
GNB,EG.ELC.ACCS.ZS,electricity_access_percent,2022,37.4,https://api.worldbank.org/v2/country/all/indicator/EG.ELC.ACCS.ZS?format=json&per_page=20000&date=2020%3A2024
GNB,EG.ELC.ACCS.ZS,electricity_access_percent,2021,35.8,https://api.worldbank.org/v2/country/all/indicator/EG.ELC.ACCS.ZS?format=json&per_page=20000&date=2020%3A2024
GNB,EG.ELC.ACCS.ZS,electricity_access_percent,2020,33.4,https://api.worldbank.org/v2/country/all/indicator/EG.ELC.ACCS.ZS?format=json&per_page=20000&date=2020%3A2024
GUY,EG.ELC.ACCS.ZS,electricity_access_percent,2024,93.0,https://api.worldbank.org/v2/country/all/indicator/EG.ELC.ACCS.ZS?format=json&per_page=20000&date=2020%3A2024
GUY,EG.ELC.ACCS.ZS,electricity_access_percent,2023,98.9,https://api.worldbank.org/v2/country/all/indicator/EG.ELC.ACCS.ZS?format=json&per_page=20000&date=2020%3A2024
GUY,EG.ELC.ACCS.ZS,electricity_access_percent,2022,93.0,https://api.worldbank.org/v2/country/all/indicator/EG.ELC.ACCS.ZS?format=json&per_page=20000&date=2020%3A2024
GUY,EG.ELC.ACCS.ZS,electricity_access_percent,2021,92.9,https://api.worldbank.org/v2/country/all/indicator/EG.ELC.ACCS.ZS?format=json&per_page=20000&date=2020%3A2024
GUY,EG.ELC.ACCS.ZS,electricity_access_percent,2020,92.3,https://api.worldbank.org/v2/country/all/indicator/EG.ELC.ACCS.ZS?format=json&per_page=20000&date=2020%3A2024
HTI,EG.ELC.ACCS.ZS,electricity_access_percent,2024,53.9,https://api.worldbank.org/v2/country/all/indicator/EG.ELC.ACCS.ZS?format=json&per_page=20000&date=2020%3A2024
HTI,EG.ELC.ACCS.ZS,electricity_access_percent,2023,51.3,https://api.worldbank.org/v2/country/all/indicator/EG.ELC.ACCS.ZS?format=json&per_page=20000&date=2020%3A2024
HTI,EG.ELC.ACCS.ZS,electricity_access_percent,2022,49.3,https://api.worldbank.org/v2/country/all/indicator/EG.ELC.ACCS.ZS?format=json&per_page=20000&date=2020%3A2024
HTI,EG.ELC.ACCS.ZS,electricity_access_percent,2021,47.2,https://api.worldbank.org/v2/country/all/indicator/EG.ELC.ACCS.ZS?format=json&per_page=20000&date=2020%3A2024
HTI,EG.ELC.ACCS.ZS,electricity_access_percent,2020,46.3,https://api.worldbank.org/v2/country/all/indicator/EG.ELC.ACCS.ZS?format=json&per_page=20000&date=2020%3A2024
HND,EG.ELC.ACCS.ZS,electricity_access_percent,2024,95.5,https://api.worldbank.org/v2/country/all/indicator/EG.ELC.ACCS.ZS?format=json&per_page=20000&date=2020%3A2024
HND,EG.ELC.ACCS.ZS,electricity_access_percent,2023,95.6,https://api.worldbank.org/v2/country/all/indicator/EG.ELC.ACCS.ZS?format=json&per_page=20000&date=2020%3A2024
HND,EG.ELC.ACCS.ZS,electricity_access_percent,2022,94.4,https://api.worldbank.org/v2/country/all/indicator/EG.ELC.ACCS.ZS?format=json&per_page=20000&date=2020%3A2024
HND,EG.ELC.ACCS.ZS,electricity_access_percent,2021,94.1,https://api.worldbank.org/v2/country/all/indicator/EG.ELC.ACCS.ZS?format=json&per_page=20000&date=2020%3A2024
HND,EG.ELC.ACCS.ZS,electricity_access_percent,2020,93.1,https://api.worldbank.org/v2/country/all/indicator/EG.ELC.ACCS.ZS?format=json&per_page=20000&date=2020%3A2024
HKG,EG.ELC.ACCS.ZS,electricity_access_percent,2024,100.0,https://api.worldbank.org/v2/country/all/indicator/EG.ELC.ACCS.ZS?format=json&per_page=20000&date=2020%3A2024
HKG,EG.ELC.ACCS.ZS,electricity_access_percent,2023,100.0,https://api.worldbank.org/v2/country/all/indicator/EG.ELC.ACCS.ZS?format=json&per_page=20000&date=2020%3A2024
HKG,EG.ELC.ACCS.ZS,electricity_access_percent,2022,100.0,https://api.worldbank.org/v2/country/all/indicator/EG.ELC.ACCS.ZS?format=json&per_page=20000&date=2020%3A2024
HKG,EG.ELC.ACCS.ZS,electricity_access_percent,2021,100.0,https://api.worldbank.org/v2/country/all/indicator/EG.ELC.ACCS.ZS?format=json&per_page=20000&date=2020%3A2024
HKG,EG.ELC.ACCS.ZS,electricity_access_percent,2020,100.0,https://api.worldbank.org/v2/country/all/indicator/EG.ELC.ACCS.ZS?format=json&per_page=20000&date=2020%3A2024
HUN,EG.ELC.ACCS.ZS,electricity_access_percent,2024,100.0,https://api.worldbank.org/v2/country/all/indicator/EG.ELC.ACCS.ZS?format=json&per_page=20000&date=2020%3A2024
HUN,EG.ELC.ACCS.ZS,electricity_access_percent,2023,100.0,https://api.worldbank.org/v2/country/all/indicator/EG.ELC.ACCS.ZS?format=json&per_page=20000&date=2020%3A2024
HUN,EG.ELC.ACCS.ZS,electricity_access_percent,2022,100.0,https://api.worldbank.org/v2/country/all/indicator/EG.ELC.ACCS.ZS?format=json&per_page=20000&date=2020%3A2024
HUN,EG.ELC.ACCS.ZS,electricity_access_percent,2021,100.0,https://api.worldbank.org/v2/country/all/indicator/EG.ELC.ACCS.ZS?format=json&per_page=20000&date=2020%3A2024
HUN,EG.ELC.ACCS.ZS,electricity_access_percent,2020,100.0,https://api.worldbank.org/v2/country/all/indicator/EG.ELC.ACCS.ZS?format=json&per_page=20000&date=2020%3A2024
ISL,EG.ELC.ACCS.ZS,electricity_access_percent,2024,100.0,https://api.worldbank.org/v2/country/all/indicator/EG.ELC.ACCS.ZS?format=json&per_page=20000&date=2020%3A2024
ISL,EG.ELC.ACCS.ZS,electricity_access_percent,2023,100.0,https://api.worldbank.org/v2/country/all/indicator/EG.ELC.ACCS.ZS?format=json&per_page=20000&date=2020%3A2024
ISL,EG.ELC.ACCS.ZS,electricity_access_percent,2022,100.0,https://api.worldbank.org/v2/country/all/indicator/EG.ELC.ACCS.ZS?format=json&per_page=20000&date=2020%3A2024
ISL,EG.ELC.ACCS.ZS,electricity_access_percent,2021,100.0,https://api.worldbank.org/v2/country/all/indicator/EG.ELC.ACCS.ZS?format=json&per_page=20000&date=2020%3A2024
ISL,EG.ELC.ACCS.ZS,electricity_access_percent,2020,100.0,https://api.worldbank.org/v2/country/all/indicator/EG.ELC.ACCS.ZS?format=json&per_page=20000&date=2020%3A2024
IND,EG.ELC.ACCS.ZS,electricity_access_percent,2024,99.9,https://api.worldbank.org/v2/country/all/indicator/EG.ELC.ACCS.ZS?format=json&per_page=20000&date=2020%3A2024
IND,EG.ELC.ACCS.ZS,electricity_access_percent,2023,99.5,https://api.worldbank.org/v2/country/all/indicator/EG.ELC.ACCS.ZS?format=json&per_page=20000&date=2020%3A2024
IND,EG.ELC.ACCS.ZS,electricity_access_percent,2022,99.2,https://api.worldbank.org/v2/country/all/indicator/EG.ELC.ACCS.ZS?format=json&per_page=20000&date=2020%3A2024
IND,EG.ELC.ACCS.ZS,electricity_access_percent,2021,99.6,https://api.worldbank.org/v2/country/all/indicator/EG.ELC.ACCS.ZS?format=json&per_page=20000&date=2020%3A2024
IND,EG.ELC.ACCS.ZS,electricity_access_percent,2020,96.5,https://api.worldbank.org/v2/country/all/indicator/EG.ELC.ACCS.ZS?format=json&per_page=20000&date=2020%3A2024
IDN,EG.ELC.ACCS.ZS,electricity_access_percent,2024,99.9,https://api.worldbank.org/v2/country/all/indicator/EG.ELC.ACCS.ZS?format=json&per_page=20000&date=2020%3A2024
IDN,EG.ELC.ACCS.ZS,electricity_access_percent,2023,99.4,https://api.worldbank.org/v2/country/all/indicator/EG.ELC.ACCS.ZS?format=json&per_page=20000&date=2020%3A2024
IDN,EG.ELC.ACCS.ZS,electricity_access_percent,2022,100.0,https://api.worldbank.org/v2/country/all/indicator/EG.ELC.ACCS.ZS?format=json&per_page=20000&date=2020%3A2024
IDN,EG.ELC.ACCS.ZS,electricity_access_percent,2021,99.2,https://api.worldbank.org/v2/country/all/indicator/EG.ELC.ACCS.ZS?format=json&per_page=20000&date=2020%3A2024
IDN,EG.ELC.ACCS.ZS,electricity_access_percent,2020,97.0,https://api.worldbank.org/v2/country/all/indicator/EG.ELC.ACCS.ZS?format=json&per_page=20000&date=2020%3A2024
IRN,EG.ELC.ACCS.ZS,electricity_access_percent,2024,100.0,https://api.worldbank.org/v2/country/all/indicator/EG.ELC.ACCS.ZS?format=json&per_page=20000&date=2020%3A2024
IRN,EG.ELC.ACCS.ZS,electricity_access_percent,2023,100.0,https://api.worldbank.org/v2/country/all/indicator/EG.ELC.ACCS.ZS?format=json&per_page=20000&date=2020%3A2024
IRN,EG.ELC.ACCS.ZS,electricity_access_percent,2022,100.0,https://api.worldbank.org/v2/country/all/indicator/EG.ELC.ACCS.ZS?format=json&per_page=20000&date=2020%3A2024
IRN,EG.ELC.ACCS.ZS,electricity_access_percent,2021,100.0,https://api.worldbank.org/v2/country/all/indicator/EG.ELC.ACCS.ZS?format=json&per_page=20000&date=2020%3A2024
IRN,EG.ELC.ACCS.ZS,electricity_access_percent,2020,100.0,https://api.worldbank.org/v2/country/all/indicator/EG.ELC.ACCS.ZS?format=json&per_page=20000&date=2020%3A2024
IRQ,EG.ELC.ACCS.ZS,electricity_access_percent,2024,100.0,https://api.worldbank.org/v2/country/all/indicator/EG.ELC.ACCS.ZS?format=json&per_page=20000&date=2020%3A2024
IRQ,EG.ELC.ACCS.ZS,electricity_access_percent,2023,100.0,https://api.worldbank.org/v2/country/all/indicator/EG.ELC.ACCS.ZS?format=json&per_page=20000&date=2020%3A2024
IRQ,EG.ELC.ACCS.ZS,electricity_access_percent,2022,100.0,https://api.worldbank.org/v2/country/all/indicator/EG.ELC.ACCS.ZS?format=json&per_page=20000&date=2020%3A2024
IRQ,EG.ELC.ACCS.ZS,electricity_access_percent,2021,100.0,https://api.worldbank.org/v2/country/all/indicator/EG.ELC.ACCS.ZS?format=json&per_page=20000&date=2020%3A2024
IRQ,EG.ELC.ACCS.ZS,electricity_access_percent,2020,100.0,https://api.worldbank.org/v2/country/all/indicator/EG.ELC.ACCS.ZS?format=json&per_page=20000&date=2020%3A2024
IRL,EG.ELC.ACCS.ZS,electricity_access_percent,2024,100.0,https://api.worldbank.org/v2/country/all/indicator/EG.ELC.ACCS.ZS?format=json&per_page=20000&date=2020%3A2024
IRL,EG.ELC.ACCS.ZS,electricity_access_percent,2023,100.0,https://api.worldbank.org/v2/country/all/indicator/EG.ELC.ACCS.ZS?format=json&per_page=20000&date=2020%3A2024
IRL,EG.ELC.ACCS.ZS,electricity_access_percent,2022,100.0,https://api.worldbank.org/v2/country/all/indicator/EG.ELC.ACCS.ZS?format=json&per_page=20000&date=2020%3A2024
IRL,EG.ELC.ACCS.ZS,electricity_access_percent,2021,100.0,https://api.worldbank.org/v2/country/all/indicator/EG.ELC.ACCS.ZS?format=json&per_page=20000&date=2020%3A2024
IRL,EG.ELC.ACCS.ZS,electricity_access_percent,2020,100.0,https://api.worldbank.org/v2/country/all/indicator/EG.ELC.ACCS.ZS?format=json&per_page=20000&date=2020%3A2024
IMN,EG.ELC.ACCS.ZS,electricity_access_percent,2024,100.0,https://api.worldbank.org/v2/country/all/indicator/EG.ELC.ACCS.ZS?format=json&per_page=20000&date=2020%3A2024
IMN,EG.ELC.ACCS.ZS,electricity_access_percent,2023,100.0,https://api.worldbank.org/v2/country/all/indicator/EG.ELC.ACCS.ZS?format=json&per_page=20000&date=2020%3A2024
IMN,EG.ELC.ACCS.ZS,electricity_access_percent,2022,100.0,https://api.worldbank.org/v2/country/all/indicator/EG.ELC.ACCS.ZS?format=json&per_page=20000&date=2020%3A2024
IMN,EG.ELC.ACCS.ZS,electricity_access_percent,2021,100.0,https://api.worldbank.org/v2/country/all/indicator/EG.ELC.ACCS.ZS?format=json&per_page=20000&date=2020%3A2024
IMN,EG.ELC.ACCS.ZS,electricity_access_percent,2020,100.0,https://api.worldbank.org/v2/country/all/indicator/EG.ELC.ACCS.ZS?format=json&per_page=20000&date=2020%3A2024
ISR,EG.ELC.ACCS.ZS,electricity_access_percent,2024,100.0,https://api.worldbank.org/v2/country/all/indicator/EG.ELC.ACCS.ZS?format=json&per_page=20000&date=2020%3A2024
ISR,EG.ELC.ACCS.ZS,electricity_access_percent,2023,100.0,https://api.worldbank.org/v2/country/all/indicator/EG.ELC.ACCS.ZS?format=json&per_page=20000&date=2020%3A2024
ISR,EG.ELC.ACCS.ZS,electricity_access_percent,2022,100.0,https://api.worldbank.org/v2/country/all/indicator/EG.ELC.ACCS.ZS?format=json&per_page=20000&date=2020%3A2024
ISR,EG.ELC.ACCS.ZS,electricity_access_percent,2021,100.0,https://api.worldbank.org/v2/country/all/indicator/EG.ELC.ACCS.ZS?format=json&per_page=20000&date=2020%3A2024
ISR,EG.ELC.ACCS.ZS,electricity_access_percent,2020,100.0,https://api.worldbank.org/v2/country/all/indicator/EG.ELC.ACCS.ZS?format=json&per_page=20000&date=2020%3A2024
ITA,EG.ELC.ACCS.ZS,electricity_access_percent,2024,100.0,https://api.worldbank.org/v2/country/all/indicator/EG.ELC.ACCS.ZS?format=json&per_page=20000&date=2020%3A2024
ITA,EG.ELC.ACCS.ZS,electricity_access_percent,2023,100.0,https://api.worldbank.org/v2/country/all/indicator/EG.ELC.ACCS.ZS?format=json&per_page=20000&date=2020%3A2024
ITA,EG.ELC.ACCS.ZS,electricity_access_percent,2022,100.0,https://api.worldbank.org/v2/country/all/indicator/EG.ELC.ACCS.ZS?format=json&per_page=20000&date=2020%3A2024
ITA,EG.ELC.ACCS.ZS,electricity_access_percent,2021,100.0,https://api.worldbank.org/v2/country/all/indicator/EG.ELC.ACCS.ZS?format=json&per_page=20000&date=2020%3A2024
ITA,EG.ELC.ACCS.ZS,electricity_access_percent,2020,100.0,https://api.worldbank.org/v2/country/all/indicator/EG.ELC.ACCS.ZS?format=json&per_page=20000&date=2020%3A2024
JAM,EG.ELC.ACCS.ZS,electricity_access_percent,2024,97.7,https://api.worldbank.org/v2/country/all/indicator/EG.ELC.ACCS.ZS?format=json&per_page=20000&date=2020%3A2024
JAM,EG.ELC.ACCS.ZS,electricity_access_percent,2023,97.7,https://api.worldbank.org/v2/country/all/indicator/EG.ELC.ACCS.ZS?format=json&per_page=20000&date=2020%3A2024
JAM,EG.ELC.ACCS.ZS,electricity_access_percent,2022,100.0,https://api.worldbank.org/v2/country/all/indicator/EG.ELC.ACCS.ZS?format=json&per_page=20000&date=2020%3A2024
JAM,EG.ELC.ACCS.ZS,electricity_access_percent,2021,100.0,https://api.worldbank.org/v2/country/all/indicator/EG.ELC.ACCS.ZS?format=json&per_page=20000&date=2020%3A2024
JAM,EG.ELC.ACCS.ZS,electricity_access_percent,2020,99.7,https://api.worldbank.org/v2/country/all/indicator/EG.ELC.ACCS.ZS?format=json&per_page=20000&date=2020%3A2024
JPN,EG.ELC.ACCS.ZS,electricity_access_percent,2024,100.0,https://api.worldbank.org/v2/country/all/indicator/EG.ELC.ACCS.ZS?format=json&per_page=20000&date=2020%3A2024
JPN,EG.ELC.ACCS.ZS,electricity_access_percent,2023,100.0,https://api.worldbank.org/v2/country/all/indicator/EG.ELC.ACCS.ZS?format=json&per_page=20000&date=2020%3A2024
JPN,EG.ELC.ACCS.ZS,electricity_access_percent,2022,100.0,https://api.worldbank.org/v2/country/all/indicator/EG.ELC.ACCS.ZS?format=json&per_page=20000&date=2020%3A2024
JPN,EG.ELC.ACCS.ZS,electricity_access_percent,2021,100.0,https://api.worldbank.org/v2/country/all/indicator/EG.ELC.ACCS.ZS?format=json&per_page=20000&date=2020%3A2024
JPN,EG.ELC.ACCS.ZS,electricity_access_percent,2020,100.0,https://api.worldbank.org/v2/country/all/indicator/EG.ELC.ACCS.ZS?format=json&per_page=20000&date=2020%3A2024
JOR,EG.ELC.ACCS.ZS,electricity_access_percent,2024,100.0,https://api.worldbank.org/v2/country/all/indicator/EG.ELC.ACCS.ZS?format=json&per_page=20000&date=2020%3A2024
JOR,EG.ELC.ACCS.ZS,electricity_access_percent,2023,100.0,https://api.worldbank.org/v2/country/all/indicator/EG.ELC.ACCS.ZS?format=json&per_page=20000&date=2020%3A2024
JOR,EG.ELC.ACCS.ZS,electricity_access_percent,2022,100.0,https://api.worldbank.org/v2/country/all/indicator/EG.ELC.ACCS.ZS?format=json&per_page=20000&date=2020%3A2024
JOR,EG.ELC.ACCS.ZS,electricity_access_percent,2021,99.9,https://api.worldbank.org/v2/country/all/indicator/EG.ELC.ACCS.ZS?format=json&per_page=20000&date=2020%3A2024
JOR,EG.ELC.ACCS.ZS,electricity_access_percent,2020,99.9,https://api.worldbank.org/v2/country/all/indicator/EG.ELC.ACCS.ZS?format=json&per_page=20000&date=2020%3A2024
KAZ,EG.ELC.ACCS.ZS,electricity_access_percent,2024,100.0,https://api.worldbank.org/v2/country/all/indicator/EG.ELC.ACCS.ZS?format=json&per_page=20000&date=2020%3A2024
KAZ,EG.ELC.ACCS.ZS,electricity_access_percent,2023,100.0,https://api.worldbank.org/v2/country/all/indicator/EG.ELC.ACCS.ZS?format=json&per_page=20000&date=2020%3A2024
KAZ,EG.ELC.ACCS.ZS,electricity_access_percent,2022,100.0,https://api.worldbank.org/v2/country/all/indicator/EG.ELC.ACCS.ZS?format=json&per_page=20000&date=2020%3A2024
KAZ,EG.ELC.ACCS.ZS,electricity_access_percent,2021,100.0,https://api.worldbank.org/v2/country/all/indicator/EG.ELC.ACCS.ZS?format=json&per_page=20000&date=2020%3A2024
KAZ,EG.ELC.ACCS.ZS,electricity_access_percent,2020,100.0,https://api.worldbank.org/v2/country/all/indicator/EG.ELC.ACCS.ZS?format=json&per_page=20000&date=2020%3A2024
KEN,EG.ELC.ACCS.ZS,electricity_access_percent,2024,77.0,https://api.worldbank.org/v2/country/all/indicator/EG.ELC.ACCS.ZS?format=json&per_page=20000&date=2020%3A2024
KEN,EG.ELC.ACCS.ZS,electricity_access_percent,2023,76.2,https://api.worldbank.org/v2/country/all/indicator/EG.ELC.ACCS.ZS?format=json&per_page=20000&date=2020%3A2024
KEN,EG.ELC.ACCS.ZS,electricity_access_percent,2022,76.0,https://api.worldbank.org/v2/country/all/indicator/EG.ELC.ACCS.ZS?format=json&per_page=20000&date=2020%3A2024
KEN,EG.ELC.ACCS.ZS,electricity_access_percent,2021,76.5,https://api.worldbank.org/v2/country/all/indicator/EG.ELC.ACCS.ZS?format=json&per_page=20000&date=2020%3A2024
KEN,EG.ELC.ACCS.ZS,electricity_access_percent,2020,71.5,https://api.worldbank.org/v2/country/all/indicator/EG.ELC.ACCS.ZS?format=json&per_page=20000&date=2020%3A2024
KIR,EG.ELC.ACCS.ZS,electricity_access_percent,2024,97.7,https://api.worldbank.org/v2/country/all/indicator/EG.ELC.ACCS.ZS?format=json&per_page=20000&date=2020%3A2024
KIR,EG.ELC.ACCS.ZS,electricity_access_percent,2023,95.9,https://api.worldbank.org/v2/country/all/indicator/EG.ELC.ACCS.ZS?format=json&per_page=20000&date=2020%3A2024
KIR,EG.ELC.ACCS.ZS,electricity_access_percent,2022,94.4,https://api.worldbank.org/v2/country/all/indicator/EG.ELC.ACCS.ZS?format=json&per_page=20000&date=2020%3A2024
KIR,EG.ELC.ACCS.ZS,electricity_access_percent,2021,92.8,https://api.worldbank.org/v2/country/all/indicator/EG.ELC.ACCS.ZS?format=json&per_page=20000&date=2020%3A2024
KIR,EG.ELC.ACCS.ZS,electricity_access_percent,2020,91.0,https://api.worldbank.org/v2/country/all/indicator/EG.ELC.ACCS.ZS?format=json&per_page=20000&date=2020%3A2024
PRK,EG.ELC.ACCS.ZS,electricity_access_percent,2024,61.4,https://api.worldbank.org/v2/country/all/indicator/EG.ELC.ACCS.ZS?format=json&per_page=20000&date=2020%3A2024
PRK,EG.ELC.ACCS.ZS,electricity_access_percent,2023,57.5,https://api.worldbank.org/v2/country/all/indicator/EG.ELC.ACCS.ZS?format=json&per_page=20000&date=2020%3A2024
PRK,EG.ELC.ACCS.ZS,electricity_access_percent,2022,54.7,https://api.worldbank.org/v2/country/all/indicator/EG.ELC.ACCS.ZS?format=json&per_page=20000&date=2020%3A2024
PRK,EG.ELC.ACCS.ZS,electricity_access_percent,2021,52.6,https://api.worldbank.org/v2/country/all/indicator/EG.ELC.ACCS.ZS?format=json&per_page=20000&date=2020%3A2024
PRK,EG.ELC.ACCS.ZS,electricity_access_percent,2020,50.5,https://api.worldbank.org/v2/country/all/indicator/EG.ELC.ACCS.ZS?format=json&per_page=20000&date=2020%3A2024
KOR,EG.ELC.ACCS.ZS,electricity_access_percent,2024,100.0,https://api.worldbank.org/v2/country/all/indicator/EG.ELC.ACCS.ZS?format=json&per_page=20000&date=2020%3A2024
KOR,EG.ELC.ACCS.ZS,electricity_access_percent,2023,100.0,https://api.worldbank.org/v2/country/all/indicator/EG.ELC.ACCS.ZS?format=json&per_page=20000&date=2020%3A2024
KOR,EG.ELC.ACCS.ZS,electricity_access_percent,2022,100.0,https://api.worldbank.org/v2/country/all/indicator/EG.ELC.ACCS.ZS?format=json&per_page=20000&date=2020%3A2024
KOR,EG.ELC.ACCS.ZS,electricity_access_percent,2021,100.0,https://api.worldbank.org/v2/country/all/indicator/EG.ELC.ACCS.ZS?format=json&per_page=20000&date=2020%3A2024
KOR,EG.ELC.ACCS.ZS,electricity_access_percent,2020,100.0,https://api.worldbank.org/v2/country/all/indicator/EG.ELC.ACCS.ZS?format=json&per_page=20000&date=2020%3A2024
XKX,EG.ELC.ACCS.ZS,electricity_access_percent,2024,,https://api.worldbank.org/v2/country/all/indicator/EG.ELC.ACCS.ZS?format=json&per_page=20000&date=2020%3A2024
XKX,EG.ELC.ACCS.ZS,electricity_access_percent,2023,,https://api.worldbank.org/v2/country/all/indicator/EG.ELC.ACCS.ZS?format=json&per_page=20000&date=2020%3A2024
XKX,EG.ELC.ACCS.ZS,electricity_access_percent,2022,,https://api.worldbank.org/v2/country/all/indicator/EG.ELC.ACCS.ZS?format=json&per_page=20000&date=2020%3A2024
XKX,EG.ELC.ACCS.ZS,electricity_access_percent,2021,,https://api.worldbank.org/v2/country/all/indicator/EG.ELC.ACCS.ZS?format=json&per_page=20000&date=2020%3A2024
XKX,EG.ELC.ACCS.ZS,electricity_access_percent,2020,,https://api.worldbank.org/v2/country/all/indicator/EG.ELC.ACCS.ZS?format=json&per_page=20000&date=2020%3A2024
KWT,EG.ELC.ACCS.ZS,electricity_access_percent,2024,100.0,https://api.worldbank.org/v2/country/all/indicator/EG.ELC.ACCS.ZS?format=json&per_page=20000&date=2020%3A2024
KWT,EG.ELC.ACCS.ZS,electricity_access_percent,2023,100.0,https://api.worldbank.org/v2/country/all/indicator/EG.ELC.ACCS.ZS?format=json&per_page=20000&date=2020%3A2024
KWT,EG.ELC.ACCS.ZS,electricity_access_percent,2022,100.0,https://api.worldbank.org/v2/country/all/indicator/EG.ELC.ACCS.ZS?format=json&per_page=20000&date=2020%3A2024
KWT,EG.ELC.ACCS.ZS,electricity_access_percent,2021,100.0,https://api.worldbank.org/v2/country/all/indicator/EG.ELC.ACCS.ZS?format=json&per_page=20000&date=2020%3A2024
KWT,EG.ELC.ACCS.ZS,electricity_access_percent,2020,100.0,https://api.worldbank.org/v2/country/all/indicator/EG.ELC.ACCS.ZS?format=json&per_page=20000&date=2020%3A2024
KGZ,EG.ELC.ACCS.ZS,electricity_access_percent,2024,100.0,https://api.worldbank.org/v2/country/all/indicator/EG.ELC.ACCS.ZS?format=json&per_page=20000&date=2020%3A2024
KGZ,EG.ELC.ACCS.ZS,electricity_access_percent,2023,100.0,https://api.worldbank.org/v2/country/all/indicator/EG.ELC.ACCS.ZS?format=json&per_page=20000&date=2020%3A2024
KGZ,EG.ELC.ACCS.ZS,electricity_access_percent,2022,99.7,https://api.worldbank.org/v2/country/all/indicator/EG.ELC.ACCS.ZS?format=json&per_page=20000&date=2020%3A2024
KGZ,EG.ELC.ACCS.ZS,electricity_access_percent,2021,99.7,https://api.worldbank.org/v2/country/all/indicator/EG.ELC.ACCS.ZS?format=json&per_page=20000&date=2020%3A2024
KGZ,EG.ELC.ACCS.ZS,electricity_access_percent,2020,99.9,https://api.worldbank.org/v2/country/all/indicator/EG.ELC.ACCS.ZS?format=json&per_page=20000&date=2020%3A2024
LAO,EG.ELC.ACCS.ZS,electricity_access_percent,2024,96.5,https://api.worldbank.org/v2/country/all/indicator/EG.ELC.ACCS.ZS?format=json&per_page=20000&date=2020%3A2024
LAO,EG.ELC.ACCS.ZS,electricity_access_percent,2023,96.5,https://api.worldbank.org/v2/country/all/indicator/EG.ELC.ACCS.ZS?format=json&per_page=20000&date=2020%3A2024
LAO,EG.ELC.ACCS.ZS,electricity_access_percent,2022,100.0,https://api.worldbank.org/v2/country/all/indicator/EG.ELC.ACCS.ZS?format=json&per_page=20000&date=2020%3A2024
LAO,EG.ELC.ACCS.ZS,electricity_access_percent,2021,100.0,https://api.worldbank.org/v2/country/all/indicator/EG.ELC.ACCS.ZS?format=json&per_page=20000&date=2020%3A2024
LAO,EG.ELC.ACCS.ZS,electricity_access_percent,2020,99.3,https://api.worldbank.org/v2/country/all/indicator/EG.ELC.ACCS.ZS?format=json&per_page=20000&date=2020%3A2024
LVA,EG.ELC.ACCS.ZS,electricity_access_percent,2024,100.0,https://api.worldbank.org/v2/country/all/indicator/EG.ELC.ACCS.ZS?format=json&per_page=20000&date=2020%3A2024
LVA,EG.ELC.ACCS.ZS,electricity_access_percent,2023,100.0,https://api.worldbank.org/v2/country/all/indicator/EG.ELC.ACCS.ZS?format=json&per_page=20000&date=2020%3A2024
LVA,EG.ELC.ACCS.ZS,electricity_access_percent,2022,100.0,https://api.worldbank.org/v2/country/all/indicator/EG.ELC.ACCS.ZS?format=json&per_page=20000&date=2020%3A2024
LVA,EG.ELC.ACCS.ZS,electricity_access_percent,2021,100.0,https://api.worldbank.org/v2/country/all/indicator/EG.ELC.ACCS.ZS?format=json&per_page=20000&date=2020%3A2024
LVA,EG.ELC.ACCS.ZS,electricity_access_percent,2020,100.0,https://api.worldbank.org/v2/country/all/indicator/EG.ELC.ACCS.ZS?format=json&per_page=20000&date=2020%3A2024
LBN,EG.ELC.ACCS.ZS,electricity_access_percent,2024,100.0,https://api.worldbank.org/v2/country/all/indicator/EG.ELC.ACCS.ZS?format=json&per_page=20000&date=2020%3A2024
LBN,EG.ELC.ACCS.ZS,electricity_access_percent,2023,100.0,https://api.worldbank.org/v2/country/all/indicator/EG.ELC.ACCS.ZS?format=json&per_page=20000&date=2020%3A2024
LBN,EG.ELC.ACCS.ZS,electricity_access_percent,2022,100.0,https://api.worldbank.org/v2/country/all/indicator/EG.ELC.ACCS.ZS?format=json&per_page=20000&date=2020%3A2024
LBN,EG.ELC.ACCS.ZS,electricity_access_percent,2021,100.0,https://api.worldbank.org/v2/country/all/indicator/EG.ELC.ACCS.ZS?format=json&per_page=20000&date=2020%3A2024
LBN,EG.ELC.ACCS.ZS,electricity_access_percent,2020,100.0,https://api.worldbank.org/v2/country/all/indicator/EG.ELC.ACCS.ZS?format=json&per_page=20000&date=2020%3A2024
LSO,EG.ELC.ACCS.ZS,electricity_access_percent,2024,60.6,https://api.worldbank.org/v2/country/all/indicator/EG.ELC.ACCS.ZS?format=json&per_page=20000&date=2020%3A2024
LSO,EG.ELC.ACCS.ZS,electricity_access_percent,2023,57.3,https://api.worldbank.org/v2/country/all/indicator/EG.ELC.ACCS.ZS?format=json&per_page=20000&date=2020%3A2024
LSO,EG.ELC.ACCS.ZS,electricity_access_percent,2022,50.0,https://api.worldbank.org/v2/country/all/indicator/EG.ELC.ACCS.ZS?format=json&per_page=20000&date=2020%3A2024
LSO,EG.ELC.ACCS.ZS,electricity_access_percent,2021,50.4,https://api.worldbank.org/v2/country/all/indicator/EG.ELC.ACCS.ZS?format=json&per_page=20000&date=2020%3A2024
LSO,EG.ELC.ACCS.ZS,electricity_access_percent,2020,47.5,https://api.worldbank.org/v2/country/all/indicator/EG.ELC.ACCS.ZS?format=json&per_page=20000&date=2020%3A2024
LBR,EG.ELC.ACCS.ZS,electricity_access_percent,2024,34.9,https://api.worldbank.org/v2/country/all/indicator/EG.ELC.ACCS.ZS?format=json&per_page=20000&date=2020%3A2024
LBR,EG.ELC.ACCS.ZS,electricity_access_percent,2023,32.5,https://api.worldbank.org/v2/country/all/indicator/EG.ELC.ACCS.ZS?format=json&per_page=20000&date=2020%3A2024
LBR,EG.ELC.ACCS.ZS,electricity_access_percent,2022,31.8,https://api.worldbank.org/v2/country/all/indicator/EG.ELC.ACCS.ZS?format=json&per_page=20000&date=2020%3A2024
LBR,EG.ELC.ACCS.ZS,electricity_access_percent,2021,29.8,https://api.worldbank.org/v2/country/all/indicator/EG.ELC.ACCS.ZS?format=json&per_page=20000&date=2020%3A2024
LBR,EG.ELC.ACCS.ZS,electricity_access_percent,2020,27.6,https://api.worldbank.org/v2/country/all/indicator/EG.ELC.ACCS.ZS?format=json&per_page=20000&date=2020%3A2024
LBY,EG.ELC.ACCS.ZS,electricity_access_percent,2024,77.4,https://api.worldbank.org/v2/country/all/indicator/EG.ELC.ACCS.ZS?format=json&per_page=20000&date=2020%3A2024
LBY,EG.ELC.ACCS.ZS,electricity_access_percent,2023,73.2,https://api.worldbank.org/v2/country/all/indicator/EG.ELC.ACCS.ZS?format=json&per_page=20000&date=2020%3A2024
LBY,EG.ELC.ACCS.ZS,electricity_access_percent,2022,70.0,https://api.worldbank.org/v2/country/all/indicator/EG.ELC.ACCS.ZS?format=json&per_page=20000&date=2020%3A2024
LBY,EG.ELC.ACCS.ZS,electricity_access_percent,2021,70.2,https://api.worldbank.org/v2/country/all/indicator/EG.ELC.ACCS.ZS?format=json&per_page=20000&date=2020%3A2024
LBY,EG.ELC.ACCS.ZS,electricity_access_percent,2020,69.4,https://api.worldbank.org/v2/country/all/indicator/EG.ELC.ACCS.ZS?format=json&per_page=20000&date=2020%3A2024
LIE,EG.ELC.ACCS.ZS,electricity_access_percent,2024,100.0,https://api.worldbank.org/v2/country/all/indicator/EG.ELC.ACCS.ZS?format=json&per_page=20000&date=2020%3A2024
LIE,EG.ELC.ACCS.ZS,electricity_access_percent,2023,100.0,https://api.worldbank.org/v2/country/all/indicator/EG.ELC.ACCS.ZS?format=json&per_page=20000&date=2020%3A2024
LIE,EG.ELC.ACCS.ZS,electricity_access_percent,2022,100.0,https://api.worldbank.org/v2/country/all/indicator/EG.ELC.ACCS.ZS?format=json&per_page=20000&date=2020%3A2024
LIE,EG.ELC.ACCS.ZS,electricity_access_percent,2021,100.0,https://api.worldbank.org/v2/country/all/indicator/EG.ELC.ACCS.ZS?format=json&per_page=20000&date=2020%3A2024
LIE,EG.ELC.ACCS.ZS,electricity_access_percent,2020,100.0,https://api.worldbank.org/v2/country/all/indicator/EG.ELC.ACCS.ZS?format=json&per_page=20000&date=2020%3A2024
LTU,EG.ELC.ACCS.ZS,electricity_access_percent,2024,100.0,https://api.worldbank.org/v2/country/all/indicator/EG.ELC.ACCS.ZS?format=json&per_page=20000&date=2020%3A2024
LTU,EG.ELC.ACCS.ZS,electricity_access_percent,2023,100.0,https://api.worldbank.org/v2/country/all/indicator/EG.ELC.ACCS.ZS?format=json&per_page=20000&date=2020%3A2024
LTU,EG.ELC.ACCS.ZS,electricity_access_percent,2022,100.0,https://api.worldbank.org/v2/country/all/indicator/EG.ELC.ACCS.ZS?format=json&per_page=20000&date=2020%3A2024
LTU,EG.ELC.ACCS.ZS,electricity_access_percent,2021,100.0,https://api.worldbank.org/v2/country/all/indicator/EG.ELC.ACCS.ZS?format=json&per_page=20000&date=2020%3A2024
LTU,EG.ELC.ACCS.ZS,electricity_access_percent,2020,100.0,https://api.worldbank.org/v2/country/all/indicator/EG.ELC.ACCS.ZS?format=json&per_page=20000&date=2020%3A2024
LUX,EG.ELC.ACCS.ZS,electricity_access_percent,2024,100.0,https://api.worldbank.org/v2/country/all/indicator/EG.ELC.ACCS.ZS?format=json&per_page=20000&date=2020%3A2024
LUX,EG.ELC.ACCS.ZS,electricity_access_percent,2023,100.0,https://api.worldbank.org/v2/country/all/indicator/EG.ELC.ACCS.ZS?format=json&per_page=20000&date=2020%3A2024
LUX,EG.ELC.ACCS.ZS,electricity_access_percent,2022,100.0,https://api.worldbank.org/v2/country/all/indicator/EG.ELC.ACCS.ZS?format=json&per_page=20000&date=2020%3A2024
LUX,EG.ELC.ACCS.ZS,electricity_access_percent,2021,100.0,https://api.worldbank.org/v2/country/all/indicator/EG.ELC.ACCS.ZS?format=json&per_page=20000&date=2020%3A2024
LUX,EG.ELC.ACCS.ZS,electricity_access_percent,2020,100.0,https://api.worldbank.org/v2/country/all/indicator/EG.ELC.ACCS.ZS?format=json&per_page=20000&date=2020%3A2024
MAC,EG.ELC.ACCS.ZS,electricity_access_percent,2024,100.0,https://api.worldbank.org/v2/country/all/indicator/EG.ELC.ACCS.ZS?format=json&per_page=20000&date=2020%3A2024
MAC,EG.ELC.ACCS.ZS,electricity_access_percent,2023,100.0,https://api.worldbank.org/v2/country/all/indicator/EG.ELC.ACCS.ZS?format=json&per_page=20000&date=2020%3A2024
MAC,EG.ELC.ACCS.ZS,electricity_access_percent,2022,100.0,https://api.worldbank.org/v2/country/all/indicator/EG.ELC.ACCS.ZS?format=json&per_page=20000&date=2020%3A2024
MAC,EG.ELC.ACCS.ZS,electricity_access_percent,2021,100.0,https://api.worldbank.org/v2/country/all/indicator/EG.ELC.ACCS.ZS?format=json&per_page=20000&date=2020%3A2024
MAC,EG.ELC.ACCS.ZS,electricity_access_percent,2020,100.0,https://api.worldbank.org/v2/country/all/indicator/EG.ELC.ACCS.ZS?format=json&per_page=20000&date=2020%3A2024
MDG,EG.ELC.ACCS.ZS,electricity_access_percent,2024,42.5,https://api.worldbank.org/v2/country/all/indicator/EG.ELC.ACCS.ZS?format=json&per_page=20000&date=2020%3A2024
MDG,EG.ELC.ACCS.ZS,electricity_access_percent,2023,39.4,https://api.worldbank.org/v2/country/all/indicator/EG.ELC.ACCS.ZS?format=json&per_page=20000&date=2020%3A2024
MDG,EG.ELC.ACCS.ZS,electricity_access_percent,2022,36.1,https://api.worldbank.org/v2/country/all/indicator/EG.ELC.ACCS.ZS?format=json&per_page=20000&date=2020%3A2024
MDG,EG.ELC.ACCS.ZS,electricity_access_percent,2021,35.1,https://api.worldbank.org/v2/country/all/indicator/EG.ELC.ACCS.ZS?format=json&per_page=20000&date=2020%3A2024
MDG,EG.ELC.ACCS.ZS,electricity_access_percent,2020,32.0,https://api.worldbank.org/v2/country/all/indicator/EG.ELC.ACCS.ZS?format=json&per_page=20000&date=2020%3A2024
MWI,EG.ELC.ACCS.ZS,electricity_access_percent,2024,15.6,https://api.worldbank.org/v2/country/all/indicator/EG.ELC.ACCS.ZS?format=json&per_page=20000&date=2020%3A2024
MWI,EG.ELC.ACCS.ZS,electricity_access_percent,2023,15.6,https://api.worldbank.org/v2/country/all/indicator/EG.ELC.ACCS.ZS?format=json&per_page=20000&date=2020%3A2024
MWI,EG.ELC.ACCS.ZS,electricity_access_percent,2022,14.0,https://api.worldbank.org/v2/country/all/indicator/EG.ELC.ACCS.ZS?format=json&per_page=20000&date=2020%3A2024
MWI,EG.ELC.ACCS.ZS,electricity_access_percent,2021,14.2,https://api.worldbank.org/v2/country/all/indicator/EG.ELC.ACCS.ZS?format=json&per_page=20000&date=2020%3A2024
MWI,EG.ELC.ACCS.ZS,electricity_access_percent,2020,11.5,https://api.worldbank.org/v2/country/all/indicator/EG.ELC.ACCS.ZS?format=json&per_page=20000&date=2020%3A2024
MYS,EG.ELC.ACCS.ZS,electricity_access_percent,2024,100.0,https://api.worldbank.org/v2/country/all/indicator/EG.ELC.ACCS.ZS?format=json&per_page=20000&date=2020%3A2024
MYS,EG.ELC.ACCS.ZS,electricity_access_percent,2023,100.0,https://api.worldbank.org/v2/country/all/indicator/EG.ELC.ACCS.ZS?format=json&per_page=20000&date=2020%3A2024
MYS,EG.ELC.ACCS.ZS,electricity_access_percent,2022,100.0,https://api.worldbank.org/v2/country/all/indicator/EG.ELC.ACCS.ZS?format=json&per_page=20000&date=2020%3A2024
MYS,EG.ELC.ACCS.ZS,electricity_access_percent,2021,100.0,https://api.worldbank.org/v2/country/all/indicator/EG.ELC.ACCS.ZS?format=json&per_page=20000&date=2020%3A2024
MYS,EG.ELC.ACCS.ZS,electricity_access_percent,2020,100.0,https://api.worldbank.org/v2/country/all/indicator/EG.ELC.ACCS.ZS?format=json&per_page=20000&date=2020%3A2024
MDV,EG.ELC.ACCS.ZS,electricity_access_percent,2024,100.0,https://api.worldbank.org/v2/country/all/indicator/EG.ELC.ACCS.ZS?format=json&per_page=20000&date=2020%3A2024
MDV,EG.ELC.ACCS.ZS,electricity_access_percent,2023,100.0,https://api.worldbank.org/v2/country/all/indicator/EG.ELC.ACCS.ZS?format=json&per_page=20000&date=2020%3A2024
MDV,EG.ELC.ACCS.ZS,electricity_access_percent,2022,100.0,https://api.worldbank.org/v2/country/all/indicator/EG.ELC.ACCS.ZS?format=json&per_page=20000&date=2020%3A2024
MDV,EG.ELC.ACCS.ZS,electricity_access_percent,2021,100.0,https://api.worldbank.org/v2/country/all/indicator/EG.ELC.ACCS.ZS?format=json&per_page=20000&date=2020%3A2024
MDV,EG.ELC.ACCS.ZS,electricity_access_percent,2020,100.0,https://api.worldbank.org/v2/country/all/indicator/EG.ELC.ACCS.ZS?format=json&per_page=20000&date=2020%3A2024
MLI,EG.ELC.ACCS.ZS,electricity_access_percent,2024,49.5,https://api.worldbank.org/v2/country/all/indicator/EG.ELC.ACCS.ZS?format=json&per_page=20000&date=2020%3A2024
MLI,EG.ELC.ACCS.ZS,electricity_access_percent,2023,54.5,https://api.worldbank.org/v2/country/all/indicator/EG.ELC.ACCS.ZS?format=json&per_page=20000&date=2020%3A2024
MLI,EG.ELC.ACCS.ZS,electricity_access_percent,2022,53.0,https://api.worldbank.org/v2/country/all/indicator/EG.ELC.ACCS.ZS?format=json&per_page=20000&date=2020%3A2024
MLI,EG.ELC.ACCS.ZS,electricity_access_percent,2021,53.4,https://api.worldbank.org/v2/country/all/indicator/EG.ELC.ACCS.ZS?format=json&per_page=20000&date=2020%3A2024
MLI,EG.ELC.ACCS.ZS,electricity_access_percent,2020,50.6,https://api.worldbank.org/v2/country/all/indicator/EG.ELC.ACCS.ZS?format=json&per_page=20000&date=2020%3A2024
MLT,EG.ELC.ACCS.ZS,electricity_access_percent,2024,100.0,https://api.worldbank.org/v2/country/all/indicator/EG.ELC.ACCS.ZS?format=json&per_page=20000&date=2020%3A2024
MLT,EG.ELC.ACCS.ZS,electricity_access_percent,2023,100.0,https://api.worldbank.org/v2/country/all/indicator/EG.ELC.ACCS.ZS?format=json&per_page=20000&date=2020%3A2024
MLT,EG.ELC.ACCS.ZS,electricity_access_percent,2022,100.0,https://api.worldbank.org/v2/country/all/indicator/EG.ELC.ACCS.ZS?format=json&per_page=20000&date=2020%3A2024
MLT,EG.ELC.ACCS.ZS,electricity_access_percent,2021,100.0,https://api.worldbank.org/v2/country/all/indicator/EG.ELC.ACCS.ZS?format=json&per_page=20000&date=2020%3A2024
MLT,EG.ELC.ACCS.ZS,electricity_access_percent,2020,100.0,https://api.worldbank.org/v2/country/all/indicator/EG.ELC.ACCS.ZS?format=json&per_page=20000&date=2020%3A2024
MHL,EG.ELC.ACCS.ZS,electricity_access_percent,2024,97.2,https://api.worldbank.org/v2/country/all/indicator/EG.ELC.ACCS.ZS?format=json&per_page=20000&date=2020%3A2024
MHL,EG.ELC.ACCS.ZS,electricity_access_percent,2023,100.0,https://api.worldbank.org/v2/country/all/indicator/EG.ELC.ACCS.ZS?format=json&per_page=20000&date=2020%3A2024
MHL,EG.ELC.ACCS.ZS,electricity_access_percent,2022,100.0,https://api.worldbank.org/v2/country/all/indicator/EG.ELC.ACCS.ZS?format=json&per_page=20000&date=2020%3A2024
MHL,EG.ELC.ACCS.ZS,electricity_access_percent,2021,99.8,https://api.worldbank.org/v2/country/all/indicator/EG.ELC.ACCS.ZS?format=json&per_page=20000&date=2020%3A2024
MHL,EG.ELC.ACCS.ZS,electricity_access_percent,2020,98.3,https://api.worldbank.org/v2/country/all/indicator/EG.ELC.ACCS.ZS?format=json&per_page=20000&date=2020%3A2024
MRT,EG.ELC.ACCS.ZS,electricity_access_percent,2024,52.2,https://api.worldbank.org/v2/country/all/indicator/EG.ELC.ACCS.ZS?format=json&per_page=20000&date=2020%3A2024
MRT,EG.ELC.ACCS.ZS,electricity_access_percent,2023,50.3,https://api.worldbank.org/v2/country/all/indicator/EG.ELC.ACCS.ZS?format=json&per_page=20000&date=2020%3A2024
MRT,EG.ELC.ACCS.ZS,electricity_access_percent,2022,49.0,https://api.worldbank.org/v2/country/all/indicator/EG.ELC.ACCS.ZS?format=json&per_page=20000&date=2020%3A2024
MRT,EG.ELC.ACCS.ZS,electricity_access_percent,2021,47.7,https://api.worldbank.org/v2/country/all/indicator/EG.ELC.ACCS.ZS?format=json&per_page=20000&date=2020%3A2024
MRT,EG.ELC.ACCS.ZS,electricity_access_percent,2020,45.4,https://api.worldbank.org/v2/country/all/indicator/EG.ELC.ACCS.ZS?format=json&per_page=20000&date=2020%3A2024
MUS,EG.ELC.ACCS.ZS,electricity_access_percent,2024,100.0,https://api.worldbank.org/v2/country/all/indicator/EG.ELC.ACCS.ZS?format=json&per_page=20000&date=2020%3A2024
MUS,EG.ELC.ACCS.ZS,electricity_access_percent,2023,100.0,https://api.worldbank.org/v2/country/all/indicator/EG.ELC.ACCS.ZS?format=json&per_page=20000&date=2020%3A2024
MUS,EG.ELC.ACCS.ZS,electricity_access_percent,2022,100.0,https://api.worldbank.org/v2/country/all/indicator/EG.ELC.ACCS.ZS?format=json&per_page=20000&date=2020%3A2024
MUS,EG.ELC.ACCS.ZS,electricity_access_percent,2021,99.6,https://api.worldbank.org/v2/country/all/indicator/EG.ELC.ACCS.ZS?format=json&per_page=20000&date=2020%3A2024
MUS,EG.ELC.ACCS.ZS,electricity_access_percent,2020,99.5,https://api.worldbank.org/v2/country/all/indicator/EG.ELC.ACCS.ZS?format=json&per_page=20000&date=2020%3A2024
MEX,EG.ELC.ACCS.ZS,electricity_access_percent,2024,99.8,https://api.worldbank.org/v2/country/all/indicator/EG.ELC.ACCS.ZS?format=json&per_page=20000&date=2020%3A2024
MEX,EG.ELC.ACCS.ZS,electricity_access_percent,2023,99.7,https://api.worldbank.org/v2/country/all/indicator/EG.ELC.ACCS.ZS?format=json&per_page=20000&date=2020%3A2024
MEX,EG.ELC.ACCS.ZS,electricity_access_percent,2022,100.0,https://api.worldbank.org/v2/country/all/indicator/EG.ELC.ACCS.ZS?format=json&per_page=20000&date=2020%3A2024
MEX,EG.ELC.ACCS.ZS,electricity_access_percent,2021,100.0,https://api.worldbank.org/v2/country/all/indicator/EG.ELC.ACCS.ZS?format=json&per_page=20000&date=2020%3A2024
MEX,EG.ELC.ACCS.ZS,electricity_access_percent,2020,99.4,https://api.worldbank.org/v2/country/all/indicator/EG.ELC.ACCS.ZS?format=json&per_page=20000&date=2020%3A2024
FSM,EG.ELC.ACCS.ZS,electricity_access_percent,2024,88.9,https://api.worldbank.org/v2/country/all/indicator/EG.ELC.ACCS.ZS?format=json&per_page=20000&date=2020%3A2024
FSM,EG.ELC.ACCS.ZS,electricity_access_percent,2023,86.9,https://api.worldbank.org/v2/country/all/indicator/EG.ELC.ACCS.ZS?format=json&per_page=20000&date=2020%3A2024
FSM,EG.ELC.ACCS.ZS,electricity_access_percent,2022,85.3,https://api.worldbank.org/v2/country/all/indicator/EG.ELC.ACCS.ZS?format=json&per_page=20000&date=2020%3A2024
FSM,EG.ELC.ACCS.ZS,electricity_access_percent,2021,83.6,https://api.worldbank.org/v2/country/all/indicator/EG.ELC.ACCS.ZS?format=json&per_page=20000&date=2020%3A2024
FSM,EG.ELC.ACCS.ZS,electricity_access_percent,2020,81.9,https://api.worldbank.org/v2/country/all/indicator/EG.ELC.ACCS.ZS?format=json&per_page=20000&date=2020%3A2024
MDA,EG.ELC.ACCS.ZS,electricity_access_percent,2024,100.0,https://api.worldbank.org/v2/country/all/indicator/EG.ELC.ACCS.ZS?format=json&per_page=20000&date=2020%3A2024
MDA,EG.ELC.ACCS.ZS,electricity_access_percent,2023,100.0,https://api.worldbank.org/v2/country/all/indicator/EG.ELC.ACCS.ZS?format=json&per_page=20000&date=2020%3A2024
MDA,EG.ELC.ACCS.ZS,electricity_access_percent,2022,100.0,https://api.worldbank.org/v2/country/all/indicator/EG.ELC.ACCS.ZS?format=json&per_page=20000&date=2020%3A2024
MDA,EG.ELC.ACCS.ZS,electricity_access_percent,2021,100.0,https://api.worldbank.org/v2/country/all/indicator/EG.ELC.ACCS.ZS?format=json&per_page=20000&date=2020%3A2024
MDA,EG.ELC.ACCS.ZS,electricity_access_percent,2020,100.0,https://api.worldbank.org/v2/country/all/indicator/EG.ELC.ACCS.ZS?format=json&per_page=20000&date=2020%3A2024
MCO,EG.ELC.ACCS.ZS,electricity_access_percent,2024,100.0,https://api.worldbank.org/v2/country/all/indicator/EG.ELC.ACCS.ZS?format=json&per_page=20000&date=2020%3A2024
MCO,EG.ELC.ACCS.ZS,electricity_access_percent,2023,100.0,https://api.worldbank.org/v2/country/all/indicator/EG.ELC.ACCS.ZS?format=json&per_page=20000&date=2020%3A2024
MCO,EG.ELC.ACCS.ZS,electricity_access_percent,2022,100.0,https://api.worldbank.org/v2/country/all/indicator/EG.ELC.ACCS.ZS?format=json&per_page=20000&date=2020%3A2024
MCO,EG.ELC.ACCS.ZS,electricity_access_percent,2021,100.0,https://api.worldbank.org/v2/country/all/indicator/EG.ELC.ACCS.ZS?format=json&per_page=20000&date=2020%3A2024
MCO,EG.ELC.ACCS.ZS,electricity_access_percent,2020,100.0,https://api.worldbank.org/v2/country/all/indicator/EG.ELC.ACCS.ZS?format=json&per_page=20000&date=2020%3A2024
MNG,EG.ELC.ACCS.ZS,electricity_access_percent,2024,99.1,https://api.worldbank.org/v2/country/all/indicator/EG.ELC.ACCS.ZS?format=json&per_page=20000&date=2020%3A2024
MNG,EG.ELC.ACCS.ZS,electricity_access_percent,2023,100.0,https://api.worldbank.org/v2/country/all/indicator/EG.ELC.ACCS.ZS?format=json&per_page=20000&date=2020%3A2024
MNG,EG.ELC.ACCS.ZS,electricity_access_percent,2022,100.0,https://api.worldbank.org/v2/country/all/indicator/EG.ELC.ACCS.ZS?format=json&per_page=20000&date=2020%3A2024
MNG,EG.ELC.ACCS.ZS,electricity_access_percent,2021,100.0,https://api.worldbank.org/v2/country/all/indicator/EG.ELC.ACCS.ZS?format=json&per_page=20000&date=2020%3A2024
MNG,EG.ELC.ACCS.ZS,electricity_access_percent,2020,99.5,https://api.worldbank.org/v2/country/all/indicator/EG.ELC.ACCS.ZS?format=json&per_page=20000&date=2020%3A2024
MNE,EG.ELC.ACCS.ZS,electricity_access_percent,2024,100.0,https://api.worldbank.org/v2/country/all/indicator/EG.ELC.ACCS.ZS?format=json&per_page=20000&date=2020%3A2024
MNE,EG.ELC.ACCS.ZS,electricity_access_percent,2023,100.0,https://api.worldbank.org/v2/country/all/indicator/EG.ELC.ACCS.ZS?format=json&per_page=20000&date=2020%3A2024
MNE,EG.ELC.ACCS.ZS,electricity_access_percent,2022,100.0,https://api.worldbank.org/v2/country/all/indicator/EG.ELC.ACCS.ZS?format=json&per_page=20000&date=2020%3A2024
MNE,EG.ELC.ACCS.ZS,electricity_access_percent,2021,99.8,https://api.worldbank.org/v2/country/all/indicator/EG.ELC.ACCS.ZS?format=json&per_page=20000&date=2020%3A2024
MNE,EG.ELC.ACCS.ZS,electricity_access_percent,2020,99.9,https://api.worldbank.org/v2/country/all/indicator/EG.ELC.ACCS.ZS?format=json&per_page=20000&date=2020%3A2024
MAR,EG.ELC.ACCS.ZS,electricity_access_percent,2024,100.0,https://api.worldbank.org/v2/country/all/indicator/EG.ELC.ACCS.ZS?format=json&per_page=20000&date=2020%3A2024
MAR,EG.ELC.ACCS.ZS,electricity_access_percent,2023,100.0,https://api.worldbank.org/v2/country/all/indicator/EG.ELC.ACCS.ZS?format=json&per_page=20000&date=2020%3A2024
MAR,EG.ELC.ACCS.ZS,electricity_access_percent,2022,100.0,https://api.worldbank.org/v2/country/all/indicator/EG.ELC.ACCS.ZS?format=json&per_page=20000&date=2020%3A2024
MAR,EG.ELC.ACCS.ZS,electricity_access_percent,2021,100.0,https://api.worldbank.org/v2/country/all/indicator/EG.ELC.ACCS.ZS?format=json&per_page=20000&date=2020%3A2024
MAR,EG.ELC.ACCS.ZS,electricity_access_percent,2020,100.0,https://api.worldbank.org/v2/country/all/indicator/EG.ELC.ACCS.ZS?format=json&per_page=20000&date=2020%3A2024
MOZ,EG.ELC.ACCS.ZS,electricity_access_percent,2024,36.9,https://api.worldbank.org/v2/country/all/indicator/EG.ELC.ACCS.ZS?format=json&per_page=20000&date=2020%3A2024
MOZ,EG.ELC.ACCS.ZS,electricity_access_percent,2023,36.0,https://api.worldbank.org/v2/country/all/indicator/EG.ELC.ACCS.ZS?format=json&per_page=20000&date=2020%3A2024
MOZ,EG.ELC.ACCS.ZS,electricity_access_percent,2022,33.2,https://api.worldbank.org/v2/country/all/indicator/EG.ELC.ACCS.ZS?format=json&per_page=20000&date=2020%3A2024
MOZ,EG.ELC.ACCS.ZS,electricity_access_percent,2021,31.5,https://api.worldbank.org/v2/country/all/indicator/EG.ELC.ACCS.ZS?format=json&per_page=20000&date=2020%3A2024
MOZ,EG.ELC.ACCS.ZS,electricity_access_percent,2020,30.6,https://api.worldbank.org/v2/country/all/indicator/EG.ELC.ACCS.ZS?format=json&per_page=20000&date=2020%3A2024
MMR,EG.ELC.ACCS.ZS,electricity_access_percent,2024,80.4,https://api.worldbank.org/v2/country/all/indicator/EG.ELC.ACCS.ZS?format=json&per_page=20000&date=2020%3A2024
MMR,EG.ELC.ACCS.ZS,electricity_access_percent,2023,76.8,https://api.worldbank.org/v2/country/all/indicator/EG.ELC.ACCS.ZS?format=json&per_page=20000&date=2020%3A2024
MMR,EG.ELC.ACCS.ZS,electricity_access_percent,2022,73.7,https://api.worldbank.org/v2/country/all/indicator/EG.ELC.ACCS.ZS?format=json&per_page=20000&date=2020%3A2024
MMR,EG.ELC.ACCS.ZS,electricity_access_percent,2021,72.5,https://api.worldbank.org/v2/country/all/indicator/EG.ELC.ACCS.ZS?format=json&per_page=20000&date=2020%3A2024
MMR,EG.ELC.ACCS.ZS,electricity_access_percent,2020,70.4,https://api.worldbank.org/v2/country/all/indicator/EG.ELC.ACCS.ZS?format=json&per_page=20000&date=2020%3A2024
NAM,EG.ELC.ACCS.ZS,electricity_access_percent,2024,59.3,https://api.worldbank.org/v2/country/all/indicator/EG.ELC.ACCS.ZS?format=json&per_page=20000&date=2020%3A2024
NAM,EG.ELC.ACCS.ZS,electricity_access_percent,2023,56.7,https://api.worldbank.org/v2/country/all/indicator/EG.ELC.ACCS.ZS?format=json&per_page=20000&date=2020%3A2024
NAM,EG.ELC.ACCS.ZS,electricity_access_percent,2022,56.2,https://api.worldbank.org/v2/country/all/indicator/EG.ELC.ACCS.ZS?format=json&per_page=20000&date=2020%3A2024
NAM,EG.ELC.ACCS.ZS,electricity_access_percent,2021,55.2,https://api.worldbank.org/v2/country/all/indicator/EG.ELC.ACCS.ZS?format=json&per_page=20000&date=2020%3A2024
NAM,EG.ELC.ACCS.ZS,electricity_access_percent,2020,52.3,https://api.worldbank.org/v2/country/all/indicator/EG.ELC.ACCS.ZS?format=json&per_page=20000&date=2020%3A2024
NRU,EG.ELC.ACCS.ZS,electricity_access_percent,2024,100.0,https://api.worldbank.org/v2/country/all/indicator/EG.ELC.ACCS.ZS?format=json&per_page=20000&date=2020%3A2024
NRU,EG.ELC.ACCS.ZS,electricity_access_percent,2023,100.0,https://api.worldbank.org/v2/country/all/indicator/EG.ELC.ACCS.ZS?format=json&per_page=20000&date=2020%3A2024
NRU,EG.ELC.ACCS.ZS,electricity_access_percent,2022,100.0,https://api.worldbank.org/v2/country/all/indicator/EG.ELC.ACCS.ZS?format=json&per_page=20000&date=2020%3A2024
NRU,EG.ELC.ACCS.ZS,electricity_access_percent,2021,100.0,https://api.worldbank.org/v2/country/all/indicator/EG.ELC.ACCS.ZS?format=json&per_page=20000&date=2020%3A2024
NRU,EG.ELC.ACCS.ZS,electricity_access_percent,2020,100.0,https://api.worldbank.org/v2/country/all/indicator/EG.ELC.ACCS.ZS?format=json&per_page=20000&date=2020%3A2024
NPL,EG.ELC.ACCS.ZS,electricity_access_percent,2024,97.9,https://api.worldbank.org/v2/country/all/indicator/EG.ELC.ACCS.ZS?format=json&per_page=20000&date=2020%3A2024
NPL,EG.ELC.ACCS.ZS,electricity_access_percent,2023,94.0,https://api.worldbank.org/v2/country/all/indicator/EG.ELC.ACCS.ZS?format=json&per_page=20000&date=2020%3A2024
NPL,EG.ELC.ACCS.ZS,electricity_access_percent,2022,91.3,https://api.worldbank.org/v2/country/all/indicator/EG.ELC.ACCS.ZS?format=json&per_page=20000&date=2020%3A2024
NPL,EG.ELC.ACCS.ZS,electricity_access_percent,2021,89.9,https://api.worldbank.org/v2/country/all/indicator/EG.ELC.ACCS.ZS?format=json&per_page=20000&date=2020%3A2024
NPL,EG.ELC.ACCS.ZS,electricity_access_percent,2020,89.9,https://api.worldbank.org/v2/country/all/indicator/EG.ELC.ACCS.ZS?format=json&per_page=20000&date=2020%3A2024
NLD,EG.ELC.ACCS.ZS,electricity_access_percent,2024,100.0,https://api.worldbank.org/v2/country/all/indicator/EG.ELC.ACCS.ZS?format=json&per_page=20000&date=2020%3A2024
NLD,EG.ELC.ACCS.ZS,electricity_access_percent,2023,100.0,https://api.worldbank.org/v2/country/all/indicator/EG.ELC.ACCS.ZS?format=json&per_page=20000&date=2020%3A2024
NLD,EG.ELC.ACCS.ZS,electricity_access_percent,2022,100.0,https://api.worldbank.org/v2/country/all/indicator/EG.ELC.ACCS.ZS?format=json&per_page=20000&date=2020%3A2024
NLD,EG.ELC.ACCS.ZS,electricity_access_percent,2021,100.0,https://api.worldbank.org/v2/country/all/indicator/EG.ELC.ACCS.ZS?format=json&per_page=20000&date=2020%3A2024
NLD,EG.ELC.ACCS.ZS,electricity_access_percent,2020,100.0,https://api.worldbank.org/v2/country/all/indicator/EG.ELC.ACCS.ZS?format=json&per_page=20000&date=2020%3A2024
NCL,EG.ELC.ACCS.ZS,electricity_access_percent,2024,100.0,https://api.worldbank.org/v2/country/all/indicator/EG.ELC.ACCS.ZS?format=json&per_page=20000&date=2020%3A2024
NCL,EG.ELC.ACCS.ZS,electricity_access_percent,2023,100.0,https://api.worldbank.org/v2/country/all/indicator/EG.ELC.ACCS.ZS?format=json&per_page=20000&date=2020%3A2024
NCL,EG.ELC.ACCS.ZS,electricity_access_percent,2022,100.0,https://api.worldbank.org/v2/country/all/indicator/EG.ELC.ACCS.ZS?format=json&per_page=20000&date=2020%3A2024
NCL,EG.ELC.ACCS.ZS,electricity_access_percent,2021,100.0,https://api.worldbank.org/v2/country/all/indicator/EG.ELC.ACCS.ZS?format=json&per_page=20000&date=2020%3A2024
NCL,EG.ELC.ACCS.ZS,electricity_access_percent,2020,100.0,https://api.worldbank.org/v2/country/all/indicator/EG.ELC.ACCS.ZS?format=json&per_page=20000&date=2020%3A2024
NZL,EG.ELC.ACCS.ZS,electricity_access_percent,2024,100.0,https://api.worldbank.org/v2/country/all/indicator/EG.ELC.ACCS.ZS?format=json&per_page=20000&date=2020%3A2024
NZL,EG.ELC.ACCS.ZS,electricity_access_percent,2023,100.0,https://api.worldbank.org/v2/country/all/indicator/EG.ELC.ACCS.ZS?format=json&per_page=20000&date=2020%3A2024
NZL,EG.ELC.ACCS.ZS,electricity_access_percent,2022,100.0,https://api.worldbank.org/v2/country/all/indicator/EG.ELC.ACCS.ZS?format=json&per_page=20000&date=2020%3A2024
NZL,EG.ELC.ACCS.ZS,electricity_access_percent,2021,100.0,https://api.worldbank.org/v2/country/all/indicator/EG.ELC.ACCS.ZS?format=json&per_page=20000&date=2020%3A2024
NZL,EG.ELC.ACCS.ZS,electricity_access_percent,2020,100.0,https://api.worldbank.org/v2/country/all/indicator/EG.ELC.ACCS.ZS?format=json&per_page=20000&date=2020%3A2024
NIC,EG.ELC.ACCS.ZS,electricity_access_percent,2024,88.7,https://api.worldbank.org/v2/country/all/indicator/EG.ELC.ACCS.ZS?format=json&per_page=20000&date=2020%3A2024
NIC,EG.ELC.ACCS.ZS,electricity_access_percent,2023,88.3,https://api.worldbank.org/v2/country/all/indicator/EG.ELC.ACCS.ZS?format=json&per_page=20000&date=2020%3A2024
NIC,EG.ELC.ACCS.ZS,electricity_access_percent,2022,86.5,https://api.worldbank.org/v2/country/all/indicator/EG.ELC.ACCS.ZS?format=json&per_page=20000&date=2020%3A2024
NIC,EG.ELC.ACCS.ZS,electricity_access_percent,2021,86.3,https://api.worldbank.org/v2/country/all/indicator/EG.ELC.ACCS.ZS?format=json&per_page=20000&date=2020%3A2024
NIC,EG.ELC.ACCS.ZS,electricity_access_percent,2020,86.0,https://api.worldbank.org/v2/country/all/indicator/EG.ELC.ACCS.ZS?format=json&per_page=20000&date=2020%3A2024
NER,EG.ELC.ACCS.ZS,electricity_access_percent,2024,21.3,https://api.worldbank.org/v2/country/all/indicator/EG.ELC.ACCS.ZS?format=json&per_page=20000&date=2020%3A2024
NER,EG.ELC.ACCS.ZS,electricity_access_percent,2023,20.1,https://api.worldbank.org/v2/country/all/indicator/EG.ELC.ACCS.ZS?format=json&per_page=20000&date=2020%3A2024
NER,EG.ELC.ACCS.ZS,electricity_access_percent,2022,19.5,https://api.worldbank.org/v2/country/all/indicator/EG.ELC.ACCS.ZS?format=json&per_page=20000&date=2020%3A2024
NER,EG.ELC.ACCS.ZS,electricity_access_percent,2021,18.6,https://api.worldbank.org/v2/country/all/indicator/EG.ELC.ACCS.ZS?format=json&per_page=20000&date=2020%3A2024
NER,EG.ELC.ACCS.ZS,electricity_access_percent,2020,18.7,https://api.worldbank.org/v2/country/all/indicator/EG.ELC.ACCS.ZS?format=json&per_page=20000&date=2020%3A2024
NGA,EG.ELC.ACCS.ZS,electricity_access_percent,2024,62.5,https://api.worldbank.org/v2/country/all/indicator/EG.ELC.ACCS.ZS?format=json&per_page=20000&date=2020%3A2024
NGA,EG.ELC.ACCS.ZS,electricity_access_percent,2023,61.2,https://api.worldbank.org/v2/country/all/indicator/EG.ELC.ACCS.ZS?format=json&per_page=20000&date=2020%3A2024
NGA,EG.ELC.ACCS.ZS,electricity_access_percent,2022,60.5,https://api.worldbank.org/v2/country/all/indicator/EG.ELC.ACCS.ZS?format=json&per_page=20000&date=2020%3A2024
NGA,EG.ELC.ACCS.ZS,electricity_access_percent,2021,59.5,https://api.worldbank.org/v2/country/all/indicator/EG.ELC.ACCS.ZS?format=json&per_page=20000&date=2020%3A2024
NGA,EG.ELC.ACCS.ZS,electricity_access_percent,2020,55.4,https://api.worldbank.org/v2/country/all/indicator/EG.ELC.ACCS.ZS?format=json&per_page=20000&date=2020%3A2024
MKD,EG.ELC.ACCS.ZS,electricity_access_percent,2024,100.0,https://api.worldbank.org/v2/country/all/indicator/EG.ELC.ACCS.ZS?format=json&per_page=20000&date=2020%3A2024
MKD,EG.ELC.ACCS.ZS,electricity_access_percent,2023,100.0,https://api.worldbank.org/v2/country/all/indicator/EG.ELC.ACCS.ZS?format=json&per_page=20000&date=2020%3A2024
MKD,EG.ELC.ACCS.ZS,electricity_access_percent,2022,100.0,https://api.worldbank.org/v2/country/all/indicator/EG.ELC.ACCS.ZS?format=json&per_page=20000&date=2020%3A2024
MKD,EG.ELC.ACCS.ZS,electricity_access_percent,2021,100.0,https://api.worldbank.org/v2/country/all/indicator/EG.ELC.ACCS.ZS?format=json&per_page=20000&date=2020%3A2024
MKD,EG.ELC.ACCS.ZS,electricity_access_percent,2020,100.0,https://api.worldbank.org/v2/country/all/indicator/EG.ELC.ACCS.ZS?format=json&per_page=20000&date=2020%3A2024
MNP,EG.ELC.ACCS.ZS,electricity_access_percent,2024,100.0,https://api.worldbank.org/v2/country/all/indicator/EG.ELC.ACCS.ZS?format=json&per_page=20000&date=2020%3A2024
MNP,EG.ELC.ACCS.ZS,electricity_access_percent,2023,100.0,https://api.worldbank.org/v2/country/all/indicator/EG.ELC.ACCS.ZS?format=json&per_page=20000&date=2020%3A2024
MNP,EG.ELC.ACCS.ZS,electricity_access_percent,2022,100.0,https://api.worldbank.org/v2/country/all/indicator/EG.ELC.ACCS.ZS?format=json&per_page=20000&date=2020%3A2024
MNP,EG.ELC.ACCS.ZS,electricity_access_percent,2021,100.0,https://api.worldbank.org/v2/country/all/indicator/EG.ELC.ACCS.ZS?format=json&per_page=20000&date=2020%3A2024
MNP,EG.ELC.ACCS.ZS,electricity_access_percent,2020,100.0,https://api.worldbank.org/v2/country/all/indicator/EG.ELC.ACCS.ZS?format=json&per_page=20000&date=2020%3A2024
NOR,EG.ELC.ACCS.ZS,electricity_access_percent,2024,100.0,https://api.worldbank.org/v2/country/all/indicator/EG.ELC.ACCS.ZS?format=json&per_page=20000&date=2020%3A2024
NOR,EG.ELC.ACCS.ZS,electricity_access_percent,2023,100.0,https://api.worldbank.org/v2/country/all/indicator/EG.ELC.ACCS.ZS?format=json&per_page=20000&date=2020%3A2024
NOR,EG.ELC.ACCS.ZS,electricity_access_percent,2022,100.0,https://api.worldbank.org/v2/country/all/indicator/EG.ELC.ACCS.ZS?format=json&per_page=20000&date=2020%3A2024
NOR,EG.ELC.ACCS.ZS,electricity_access_percent,2021,100.0,https://api.worldbank.org/v2/country/all/indicator/EG.ELC.ACCS.ZS?format=json&per_page=20000&date=2020%3A2024
NOR,EG.ELC.ACCS.ZS,electricity_access_percent,2020,100.0,https://api.worldbank.org/v2/country/all/indicator/EG.ELC.ACCS.ZS?format=json&per_page=20000&date=2020%3A2024
OMN,EG.ELC.ACCS.ZS,electricity_access_percent,2024,100.0,https://api.worldbank.org/v2/country/all/indicator/EG.ELC.ACCS.ZS?format=json&per_page=20000&date=2020%3A2024
OMN,EG.ELC.ACCS.ZS,electricity_access_percent,2023,100.0,https://api.worldbank.org/v2/country/all/indicator/EG.ELC.ACCS.ZS?format=json&per_page=20000&date=2020%3A2024
OMN,EG.ELC.ACCS.ZS,electricity_access_percent,2022,100.0,https://api.worldbank.org/v2/country/all/indicator/EG.ELC.ACCS.ZS?format=json&per_page=20000&date=2020%3A2024
OMN,EG.ELC.ACCS.ZS,electricity_access_percent,2021,100.0,https://api.worldbank.org/v2/country/all/indicator/EG.ELC.ACCS.ZS?format=json&per_page=20000&date=2020%3A2024
OMN,EG.ELC.ACCS.ZS,electricity_access_percent,2020,100.0,https://api.worldbank.org/v2/country/all/indicator/EG.ELC.ACCS.ZS?format=json&per_page=20000&date=2020%3A2024
PAK,EG.ELC.ACCS.ZS,electricity_access_percent,2024,95.7,https://api.worldbank.org/v2/country/all/indicator/EG.ELC.ACCS.ZS?format=json&per_page=20000&date=2020%3A2024
PAK,EG.ELC.ACCS.ZS,electricity_access_percent,2023,95.6,https://api.worldbank.org/v2/country/all/indicator/EG.ELC.ACCS.ZS?format=json&per_page=20000&date=2020%3A2024
PAK,EG.ELC.ACCS.ZS,electricity_access_percent,2022,95.0,https://api.worldbank.org/v2/country/all/indicator/EG.ELC.ACCS.ZS?format=json&per_page=20000&date=2020%3A2024
PAK,EG.ELC.ACCS.ZS,electricity_access_percent,2021,94.9,https://api.worldbank.org/v2/country/all/indicator/EG.ELC.ACCS.ZS?format=json&per_page=20000&date=2020%3A2024
PAK,EG.ELC.ACCS.ZS,electricity_access_percent,2020,94.5,https://api.worldbank.org/v2/country/all/indicator/EG.ELC.ACCS.ZS?format=json&per_page=20000&date=2020%3A2024
PLW,EG.ELC.ACCS.ZS,electricity_access_percent,2024,100.0,https://api.worldbank.org/v2/country/all/indicator/EG.ELC.ACCS.ZS?format=json&per_page=20000&date=2020%3A2024
PLW,EG.ELC.ACCS.ZS,electricity_access_percent,2023,100.0,https://api.worldbank.org/v2/country/all/indicator/EG.ELC.ACCS.ZS?format=json&per_page=20000&date=2020%3A2024
PLW,EG.ELC.ACCS.ZS,electricity_access_percent,2022,100.0,https://api.worldbank.org/v2/country/all/indicator/EG.ELC.ACCS.ZS?format=json&per_page=20000&date=2020%3A2024
PLW,EG.ELC.ACCS.ZS,electricity_access_percent,2021,100.0,https://api.worldbank.org/v2/country/all/indicator/EG.ELC.ACCS.ZS?format=json&per_page=20000&date=2020%3A2024
PLW,EG.ELC.ACCS.ZS,electricity_access_percent,2020,100.0,https://api.worldbank.org/v2/country/all/indicator/EG.ELC.ACCS.ZS?format=json&per_page=20000&date=2020%3A2024
PAN,EG.ELC.ACCS.ZS,electricity_access_percent,2024,96.0,https://api.worldbank.org/v2/country/all/indicator/EG.ELC.ACCS.ZS?format=json&per_page=20000&date=2020%3A2024
PAN,EG.ELC.ACCS.ZS,electricity_access_percent,2023,97.0,https://api.worldbank.org/v2/country/all/indicator/EG.ELC.ACCS.ZS?format=json&per_page=20000&date=2020%3A2024
PAN,EG.ELC.ACCS.ZS,electricity_access_percent,2022,95.0,https://api.worldbank.org/v2/country/all/indicator/EG.ELC.ACCS.ZS?format=json&per_page=20000&date=2020%3A2024
PAN,EG.ELC.ACCS.ZS,electricity_access_percent,2021,95.3,https://api.worldbank.org/v2/country/all/indicator/EG.ELC.ACCS.ZS?format=json&per_page=20000&date=2020%3A2024
PAN,EG.ELC.ACCS.ZS,electricity_access_percent,2020,95.3,https://api.worldbank.org/v2/country/all/indicator/EG.ELC.ACCS.ZS?format=json&per_page=20000&date=2020%3A2024
PNG,EG.ELC.ACCS.ZS,electricity_access_percent,2024,43.3,https://api.worldbank.org/v2/country/all/indicator/EG.ELC.ACCS.ZS?format=json&per_page=20000&date=2020%3A2024
PNG,EG.ELC.ACCS.ZS,electricity_access_percent,2023,20.5,https://api.worldbank.org/v2/country/all/indicator/EG.ELC.ACCS.ZS?format=json&per_page=20000&date=2020%3A2024
PNG,EG.ELC.ACCS.ZS,electricity_access_percent,2022,19.0,https://api.worldbank.org/v2/country/all/indicator/EG.ELC.ACCS.ZS?format=json&per_page=20000&date=2020%3A2024
PNG,EG.ELC.ACCS.ZS,electricity_access_percent,2021,20.9,https://api.worldbank.org/v2/country/all/indicator/EG.ELC.ACCS.ZS?format=json&per_page=20000&date=2020%3A2024
PNG,EG.ELC.ACCS.ZS,electricity_access_percent,2020,20.5,https://api.worldbank.org/v2/country/all/indicator/EG.ELC.ACCS.ZS?format=json&per_page=20000&date=2020%3A2024
PRY,EG.ELC.ACCS.ZS,electricity_access_percent,2024,99.8,https://api.worldbank.org/v2/country/all/indicator/EG.ELC.ACCS.ZS?format=json&per_page=20000&date=2020%3A2024
PRY,EG.ELC.ACCS.ZS,electricity_access_percent,2023,99.8,https://api.worldbank.org/v2/country/all/indicator/EG.ELC.ACCS.ZS?format=json&per_page=20000&date=2020%3A2024
PRY,EG.ELC.ACCS.ZS,electricity_access_percent,2022,100.0,https://api.worldbank.org/v2/country/all/indicator/EG.ELC.ACCS.ZS?format=json&per_page=20000&date=2020%3A2024
PRY,EG.ELC.ACCS.ZS,electricity_access_percent,2021,100.0,https://api.worldbank.org/v2/country/all/indicator/EG.ELC.ACCS.ZS?format=json&per_page=20000&date=2020%3A2024
PRY,EG.ELC.ACCS.ZS,electricity_access_percent,2020,99.7,https://api.worldbank.org/v2/country/all/indicator/EG.ELC.ACCS.ZS?format=json&per_page=20000&date=2020%3A2024
PER,EG.ELC.ACCS.ZS,electricity_access_percent,2024,96.5,https://api.worldbank.org/v2/country/all/indicator/EG.ELC.ACCS.ZS?format=json&per_page=20000&date=2020%3A2024
PER,EG.ELC.ACCS.ZS,electricity_access_percent,2023,96.2,https://api.worldbank.org/v2/country/all/indicator/EG.ELC.ACCS.ZS?format=json&per_page=20000&date=2020%3A2024
PER,EG.ELC.ACCS.ZS,electricity_access_percent,2022,96.2,https://api.worldbank.org/v2/country/all/indicator/EG.ELC.ACCS.ZS?format=json&per_page=20000&date=2020%3A2024
PER,EG.ELC.ACCS.ZS,electricity_access_percent,2021,95.6,https://api.worldbank.org/v2/country/all/indicator/EG.ELC.ACCS.ZS?format=json&per_page=20000&date=2020%3A2024
PER,EG.ELC.ACCS.ZS,electricity_access_percent,2020,96.2,https://api.worldbank.org/v2/country/all/indicator/EG.ELC.ACCS.ZS?format=json&per_page=20000&date=2020%3A2024
PHL,EG.ELC.ACCS.ZS,electricity_access_percent,2024,94.8,https://api.worldbank.org/v2/country/all/indicator/EG.ELC.ACCS.ZS?format=json&per_page=20000&date=2020%3A2024
PHL,EG.ELC.ACCS.ZS,electricity_access_percent,2023,98.0,https://api.worldbank.org/v2/country/all/indicator/EG.ELC.ACCS.ZS?format=json&per_page=20000&date=2020%3A2024
PHL,EG.ELC.ACCS.ZS,electricity_access_percent,2022,94.8,https://api.worldbank.org/v2/country/all/indicator/EG.ELC.ACCS.ZS?format=json&per_page=20000&date=2020%3A2024
PHL,EG.ELC.ACCS.ZS,electricity_access_percent,2021,97.5,https://api.worldbank.org/v2/country/all/indicator/EG.ELC.ACCS.ZS?format=json&per_page=20000&date=2020%3A2024
PHL,EG.ELC.ACCS.ZS,electricity_access_percent,2020,96.4,https://api.worldbank.org/v2/country/all/indicator/EG.ELC.ACCS.ZS?format=json&per_page=20000&date=2020%3A2024
POL,EG.ELC.ACCS.ZS,electricity_access_percent,2024,100.0,https://api.worldbank.org/v2/country/all/indicator/EG.ELC.ACCS.ZS?format=json&per_page=20000&date=2020%3A2024
POL,EG.ELC.ACCS.ZS,electricity_access_percent,2023,100.0,https://api.worldbank.org/v2/country/all/indicator/EG.ELC.ACCS.ZS?format=json&per_page=20000&date=2020%3A2024
POL,EG.ELC.ACCS.ZS,electricity_access_percent,2022,100.0,https://api.worldbank.org/v2/country/all/indicator/EG.ELC.ACCS.ZS?format=json&per_page=20000&date=2020%3A2024
POL,EG.ELC.ACCS.ZS,electricity_access_percent,2021,100.0,https://api.worldbank.org/v2/country/all/indicator/EG.ELC.ACCS.ZS?format=json&per_page=20000&date=2020%3A2024
POL,EG.ELC.ACCS.ZS,electricity_access_percent,2020,100.0,https://api.worldbank.org/v2/country/all/indicator/EG.ELC.ACCS.ZS?format=json&per_page=20000&date=2020%3A2024
PRT,EG.ELC.ACCS.ZS,electricity_access_percent,2024,100.0,https://api.worldbank.org/v2/country/all/indicator/EG.ELC.ACCS.ZS?format=json&per_page=20000&date=2020%3A2024
PRT,EG.ELC.ACCS.ZS,electricity_access_percent,2023,100.0,https://api.worldbank.org/v2/country/all/indicator/EG.ELC.ACCS.ZS?format=json&per_page=20000&date=2020%3A2024
PRT,EG.ELC.ACCS.ZS,electricity_access_percent,2022,100.0,https://api.worldbank.org/v2/country/all/indicator/EG.ELC.ACCS.ZS?format=json&per_page=20000&date=2020%3A2024
PRT,EG.ELC.ACCS.ZS,electricity_access_percent,2021,100.0,https://api.worldbank.org/v2/country/all/indicator/EG.ELC.ACCS.ZS?format=json&per_page=20000&date=2020%3A2024
PRT,EG.ELC.ACCS.ZS,electricity_access_percent,2020,100.0,https://api.worldbank.org/v2/country/all/indicator/EG.ELC.ACCS.ZS?format=json&per_page=20000&date=2020%3A2024
PRI,EG.ELC.ACCS.ZS,electricity_access_percent,2024,100.0,https://api.worldbank.org/v2/country/all/indicator/EG.ELC.ACCS.ZS?format=json&per_page=20000&date=2020%3A2024
PRI,EG.ELC.ACCS.ZS,electricity_access_percent,2023,100.0,https://api.worldbank.org/v2/country/all/indicator/EG.ELC.ACCS.ZS?format=json&per_page=20000&date=2020%3A2024
PRI,EG.ELC.ACCS.ZS,electricity_access_percent,2022,100.0,https://api.worldbank.org/v2/country/all/indicator/EG.ELC.ACCS.ZS?format=json&per_page=20000&date=2020%3A2024
PRI,EG.ELC.ACCS.ZS,electricity_access_percent,2021,100.0,https://api.worldbank.org/v2/country/all/indicator/EG.ELC.ACCS.ZS?format=json&per_page=20000&date=2020%3A2024
PRI,EG.ELC.ACCS.ZS,electricity_access_percent,2020,100.0,https://api.worldbank.org/v2/country/all/indicator/EG.ELC.ACCS.ZS?format=json&per_page=20000&date=2020%3A2024
QAT,EG.ELC.ACCS.ZS,electricity_access_percent,2024,100.0,https://api.worldbank.org/v2/country/all/indicator/EG.ELC.ACCS.ZS?format=json&per_page=20000&date=2020%3A2024
QAT,EG.ELC.ACCS.ZS,electricity_access_percent,2023,100.0,https://api.worldbank.org/v2/country/all/indicator/EG.ELC.ACCS.ZS?format=json&per_page=20000&date=2020%3A2024
QAT,EG.ELC.ACCS.ZS,electricity_access_percent,2022,100.0,https://api.worldbank.org/v2/country/all/indicator/EG.ELC.ACCS.ZS?format=json&per_page=20000&date=2020%3A2024
QAT,EG.ELC.ACCS.ZS,electricity_access_percent,2021,100.0,https://api.worldbank.org/v2/country/all/indicator/EG.ELC.ACCS.ZS?format=json&per_page=20000&date=2020%3A2024
QAT,EG.ELC.ACCS.ZS,electricity_access_percent,2020,100.0,https://api.worldbank.org/v2/country/all/indicator/EG.ELC.ACCS.ZS?format=json&per_page=20000&date=2020%3A2024
ROU,EG.ELC.ACCS.ZS,electricity_access_percent,2024,100.0,https://api.worldbank.org/v2/country/all/indicator/EG.ELC.ACCS.ZS?format=json&per_page=20000&date=2020%3A2024
ROU,EG.ELC.ACCS.ZS,electricity_access_percent,2023,100.0,https://api.worldbank.org/v2/country/all/indicator/EG.ELC.ACCS.ZS?format=json&per_page=20000&date=2020%3A2024
ROU,EG.ELC.ACCS.ZS,electricity_access_percent,2022,100.0,https://api.worldbank.org/v2/country/all/indicator/EG.ELC.ACCS.ZS?format=json&per_page=20000&date=2020%3A2024
ROU,EG.ELC.ACCS.ZS,electricity_access_percent,2021,100.0,https://api.worldbank.org/v2/country/all/indicator/EG.ELC.ACCS.ZS?format=json&per_page=20000&date=2020%3A2024
ROU,EG.ELC.ACCS.ZS,electricity_access_percent,2020,100.0,https://api.worldbank.org/v2/country/all/indicator/EG.ELC.ACCS.ZS?format=json&per_page=20000&date=2020%3A2024
RUS,EG.ELC.ACCS.ZS,electricity_access_percent,2024,100.0,https://api.worldbank.org/v2/country/all/indicator/EG.ELC.ACCS.ZS?format=json&per_page=20000&date=2020%3A2024
RUS,EG.ELC.ACCS.ZS,electricity_access_percent,2023,100.0,https://api.worldbank.org/v2/country/all/indicator/EG.ELC.ACCS.ZS?format=json&per_page=20000&date=2020%3A2024
RUS,EG.ELC.ACCS.ZS,electricity_access_percent,2022,100.0,https://api.worldbank.org/v2/country/all/indicator/EG.ELC.ACCS.ZS?format=json&per_page=20000&date=2020%3A2024
RUS,EG.ELC.ACCS.ZS,electricity_access_percent,2021,100.0,https://api.worldbank.org/v2/country/all/indicator/EG.ELC.ACCS.ZS?format=json&per_page=20000&date=2020%3A2024
RUS,EG.ELC.ACCS.ZS,electricity_access_percent,2020,99.9,https://api.worldbank.org/v2/country/all/indicator/EG.ELC.ACCS.ZS?format=json&per_page=20000&date=2020%3A2024
RWA,EG.ELC.ACCS.ZS,electricity_access_percent,2024,72.0,https://api.worldbank.org/v2/country/all/indicator/EG.ELC.ACCS.ZS?format=json&per_page=20000&date=2020%3A2024
RWA,EG.ELC.ACCS.ZS,electricity_access_percent,2023,63.9,https://api.worldbank.org/v2/country/all/indicator/EG.ELC.ACCS.ZS?format=json&per_page=20000&date=2020%3A2024
RWA,EG.ELC.ACCS.ZS,electricity_access_percent,2022,50.6,https://api.worldbank.org/v2/country/all/indicator/EG.ELC.ACCS.ZS?format=json&per_page=20000&date=2020%3A2024
RWA,EG.ELC.ACCS.ZS,electricity_access_percent,2021,48.7,https://api.worldbank.org/v2/country/all/indicator/EG.ELC.ACCS.ZS?format=json&per_page=20000&date=2020%3A2024
RWA,EG.ELC.ACCS.ZS,electricity_access_percent,2020,45.2,https://api.worldbank.org/v2/country/all/indicator/EG.ELC.ACCS.ZS?format=json&per_page=20000&date=2020%3A2024
WSM,EG.ELC.ACCS.ZS,electricity_access_percent,2024,100.0,https://api.worldbank.org/v2/country/all/indicator/EG.ELC.ACCS.ZS?format=json&per_page=20000&date=2020%3A2024
WSM,EG.ELC.ACCS.ZS,electricity_access_percent,2023,100.0,https://api.worldbank.org/v2/country/all/indicator/EG.ELC.ACCS.ZS?format=json&per_page=20000&date=2020%3A2024
WSM,EG.ELC.ACCS.ZS,electricity_access_percent,2022,98.3,https://api.worldbank.org/v2/country/all/indicator/EG.ELC.ACCS.ZS?format=json&per_page=20000&date=2020%3A2024
WSM,EG.ELC.ACCS.ZS,electricity_access_percent,2021,98.3,https://api.worldbank.org/v2/country/all/indicator/EG.ELC.ACCS.ZS?format=json&per_page=20000&date=2020%3A2024
WSM,EG.ELC.ACCS.ZS,electricity_access_percent,2020,100.0,https://api.worldbank.org/v2/country/all/indicator/EG.ELC.ACCS.ZS?format=json&per_page=20000&date=2020%3A2024
SMR,EG.ELC.ACCS.ZS,electricity_access_percent,2024,100.0,https://api.worldbank.org/v2/country/all/indicator/EG.ELC.ACCS.ZS?format=json&per_page=20000&date=2020%3A2024
SMR,EG.ELC.ACCS.ZS,electricity_access_percent,2023,100.0,https://api.worldbank.org/v2/country/all/indicator/EG.ELC.ACCS.ZS?format=json&per_page=20000&date=2020%3A2024
SMR,EG.ELC.ACCS.ZS,electricity_access_percent,2022,100.0,https://api.worldbank.org/v2/country/all/indicator/EG.ELC.ACCS.ZS?format=json&per_page=20000&date=2020%3A2024
SMR,EG.ELC.ACCS.ZS,electricity_access_percent,2021,100.0,https://api.worldbank.org/v2/country/all/indicator/EG.ELC.ACCS.ZS?format=json&per_page=20000&date=2020%3A2024
SMR,EG.ELC.ACCS.ZS,electricity_access_percent,2020,100.0,https://api.worldbank.org/v2/country/all/indicator/EG.ELC.ACCS.ZS?format=json&per_page=20000&date=2020%3A2024
STP,EG.ELC.ACCS.ZS,electricity_access_percent,2024,77.7,https://api.worldbank.org/v2/country/all/indicator/EG.ELC.ACCS.ZS?format=json&per_page=20000&date=2020%3A2024
STP,EG.ELC.ACCS.ZS,electricity_access_percent,2023,81.3,https://api.worldbank.org/v2/country/all/indicator/EG.ELC.ACCS.ZS?format=json&per_page=20000&date=2020%3A2024
STP,EG.ELC.ACCS.ZS,electricity_access_percent,2022,78.0,https://api.worldbank.org/v2/country/all/indicator/EG.ELC.ACCS.ZS?format=json&per_page=20000&date=2020%3A2024
STP,EG.ELC.ACCS.ZS,electricity_access_percent,2021,78.5,https://api.worldbank.org/v2/country/all/indicator/EG.ELC.ACCS.ZS?format=json&per_page=20000&date=2020%3A2024
STP,EG.ELC.ACCS.ZS,electricity_access_percent,2020,76.8,https://api.worldbank.org/v2/country/all/indicator/EG.ELC.ACCS.ZS?format=json&per_page=20000&date=2020%3A2024
SAU,EG.ELC.ACCS.ZS,electricity_access_percent,2024,100.0,https://api.worldbank.org/v2/country/all/indicator/EG.ELC.ACCS.ZS?format=json&per_page=20000&date=2020%3A2024
SAU,EG.ELC.ACCS.ZS,electricity_access_percent,2023,100.0,https://api.worldbank.org/v2/country/all/indicator/EG.ELC.ACCS.ZS?format=json&per_page=20000&date=2020%3A2024
SAU,EG.ELC.ACCS.ZS,electricity_access_percent,2022,100.0,https://api.worldbank.org/v2/country/all/indicator/EG.ELC.ACCS.ZS?format=json&per_page=20000&date=2020%3A2024
SAU,EG.ELC.ACCS.ZS,electricity_access_percent,2021,100.0,https://api.worldbank.org/v2/country/all/indicator/EG.ELC.ACCS.ZS?format=json&per_page=20000&date=2020%3A2024
SAU,EG.ELC.ACCS.ZS,electricity_access_percent,2020,100.0,https://api.worldbank.org/v2/country/all/indicator/EG.ELC.ACCS.ZS?format=json&per_page=20000&date=2020%3A2024
SEN,EG.ELC.ACCS.ZS,electricity_access_percent,2024,82.9,https://api.worldbank.org/v2/country/all/indicator/EG.ELC.ACCS.ZS?format=json&per_page=20000&date=2020%3A2024
SEN,EG.ELC.ACCS.ZS,electricity_access_percent,2023,74.2,https://api.worldbank.org/v2/country/all/indicator/EG.ELC.ACCS.ZS?format=json&per_page=20000&date=2020%3A2024
SEN,EG.ELC.ACCS.ZS,electricity_access_percent,2022,67.9,https://api.worldbank.org/v2/country/all/indicator/EG.ELC.ACCS.ZS?format=json&per_page=20000&date=2020%3A2024
SEN,EG.ELC.ACCS.ZS,electricity_access_percent,2021,68.0,https://api.worldbank.org/v2/country/all/indicator/EG.ELC.ACCS.ZS?format=json&per_page=20000&date=2020%3A2024
SEN,EG.ELC.ACCS.ZS,electricity_access_percent,2020,64.3,https://api.worldbank.org/v2/country/all/indicator/EG.ELC.ACCS.ZS?format=json&per_page=20000&date=2020%3A2024
SRB,EG.ELC.ACCS.ZS,electricity_access_percent,2024,100.0,https://api.worldbank.org/v2/country/all/indicator/EG.ELC.ACCS.ZS?format=json&per_page=20000&date=2020%3A2024
SRB,EG.ELC.ACCS.ZS,electricity_access_percent,2023,100.0,https://api.worldbank.org/v2/country/all/indicator/EG.ELC.ACCS.ZS?format=json&per_page=20000&date=2020%3A2024
SRB,EG.ELC.ACCS.ZS,electricity_access_percent,2022,100.0,https://api.worldbank.org/v2/country/all/indicator/EG.ELC.ACCS.ZS?format=json&per_page=20000&date=2020%3A2024
SRB,EG.ELC.ACCS.ZS,electricity_access_percent,2021,100.0,https://api.worldbank.org/v2/country/all/indicator/EG.ELC.ACCS.ZS?format=json&per_page=20000&date=2020%3A2024
SRB,EG.ELC.ACCS.ZS,electricity_access_percent,2020,100.0,https://api.worldbank.org/v2/country/all/indicator/EG.ELC.ACCS.ZS?format=json&per_page=20000&date=2020%3A2024
SYC,EG.ELC.ACCS.ZS,electricity_access_percent,2024,100.0,https://api.worldbank.org/v2/country/all/indicator/EG.ELC.ACCS.ZS?format=json&per_page=20000&date=2020%3A2024
SYC,EG.ELC.ACCS.ZS,electricity_access_percent,2023,100.0,https://api.worldbank.org/v2/country/all/indicator/EG.ELC.ACCS.ZS?format=json&per_page=20000&date=2020%3A2024
SYC,EG.ELC.ACCS.ZS,electricity_access_percent,2022,100.0,https://api.worldbank.org/v2/country/all/indicator/EG.ELC.ACCS.ZS?format=json&per_page=20000&date=2020%3A2024
SYC,EG.ELC.ACCS.ZS,electricity_access_percent,2021,100.0,https://api.worldbank.org/v2/country/all/indicator/EG.ELC.ACCS.ZS?format=json&per_page=20000&date=2020%3A2024
SYC,EG.ELC.ACCS.ZS,electricity_access_percent,2020,100.0,https://api.worldbank.org/v2/country/all/indicator/EG.ELC.ACCS.ZS?format=json&per_page=20000&date=2020%3A2024
SLE,EG.ELC.ACCS.ZS,electricity_access_percent,2024,39.2,https://api.worldbank.org/v2/country/all/indicator/EG.ELC.ACCS.ZS?format=json&per_page=20000&date=2020%3A2024
SLE,EG.ELC.ACCS.ZS,electricity_access_percent,2023,35.5,https://api.worldbank.org/v2/country/all/indicator/EG.ELC.ACCS.ZS?format=json&per_page=20000&date=2020%3A2024
SLE,EG.ELC.ACCS.ZS,electricity_access_percent,2022,29.4,https://api.worldbank.org/v2/country/all/indicator/EG.ELC.ACCS.ZS?format=json&per_page=20000&date=2020%3A2024
SLE,EG.ELC.ACCS.ZS,electricity_access_percent,2021,27.5,https://api.worldbank.org/v2/country/all/indicator/EG.ELC.ACCS.ZS?format=json&per_page=20000&date=2020%3A2024
SLE,EG.ELC.ACCS.ZS,electricity_access_percent,2020,26.3,https://api.worldbank.org/v2/country/all/indicator/EG.ELC.ACCS.ZS?format=json&per_page=20000&date=2020%3A2024
SGP,EG.ELC.ACCS.ZS,electricity_access_percent,2024,100.0,https://api.worldbank.org/v2/country/all/indicator/EG.ELC.ACCS.ZS?format=json&per_page=20000&date=2020%3A2024
SGP,EG.ELC.ACCS.ZS,electricity_access_percent,2023,100.0,https://api.worldbank.org/v2/country/all/indicator/EG.ELC.ACCS.ZS?format=json&per_page=20000&date=2020%3A2024
SGP,EG.ELC.ACCS.ZS,electricity_access_percent,2022,100.0,https://api.worldbank.org/v2/country/all/indicator/EG.ELC.ACCS.ZS?format=json&per_page=20000&date=2020%3A2024
SGP,EG.ELC.ACCS.ZS,electricity_access_percent,2021,100.0,https://api.worldbank.org/v2/country/all/indicator/EG.ELC.ACCS.ZS?format=json&per_page=20000&date=2020%3A2024
SGP,EG.ELC.ACCS.ZS,electricity_access_percent,2020,100.0,https://api.worldbank.org/v2/country/all/indicator/EG.ELC.ACCS.ZS?format=json&per_page=20000&date=2020%3A2024
SXM,EG.ELC.ACCS.ZS,electricity_access_percent,2024,100.0,https://api.worldbank.org/v2/country/all/indicator/EG.ELC.ACCS.ZS?format=json&per_page=20000&date=2020%3A2024
SXM,EG.ELC.ACCS.ZS,electricity_access_percent,2023,100.0,https://api.worldbank.org/v2/country/all/indicator/EG.ELC.ACCS.ZS?format=json&per_page=20000&date=2020%3A2024
SXM,EG.ELC.ACCS.ZS,electricity_access_percent,2022,100.0,https://api.worldbank.org/v2/country/all/indicator/EG.ELC.ACCS.ZS?format=json&per_page=20000&date=2020%3A2024
SXM,EG.ELC.ACCS.ZS,electricity_access_percent,2021,100.0,https://api.worldbank.org/v2/country/all/indicator/EG.ELC.ACCS.ZS?format=json&per_page=20000&date=2020%3A2024
SXM,EG.ELC.ACCS.ZS,electricity_access_percent,2020,100.0,https://api.worldbank.org/v2/country/all/indicator/EG.ELC.ACCS.ZS?format=json&per_page=20000&date=2020%3A2024
SVK,EG.ELC.ACCS.ZS,electricity_access_percent,2024,100.0,https://api.worldbank.org/v2/country/all/indicator/EG.ELC.ACCS.ZS?format=json&per_page=20000&date=2020%3A2024
SVK,EG.ELC.ACCS.ZS,electricity_access_percent,2023,100.0,https://api.worldbank.org/v2/country/all/indicator/EG.ELC.ACCS.ZS?format=json&per_page=20000&date=2020%3A2024
SVK,EG.ELC.ACCS.ZS,electricity_access_percent,2022,100.0,https://api.worldbank.org/v2/country/all/indicator/EG.ELC.ACCS.ZS?format=json&per_page=20000&date=2020%3A2024
SVK,EG.ELC.ACCS.ZS,electricity_access_percent,2021,100.0,https://api.worldbank.org/v2/country/all/indicator/EG.ELC.ACCS.ZS?format=json&per_page=20000&date=2020%3A2024
SVK,EG.ELC.ACCS.ZS,electricity_access_percent,2020,100.0,https://api.worldbank.org/v2/country/all/indicator/EG.ELC.ACCS.ZS?format=json&per_page=20000&date=2020%3A2024
SVN,EG.ELC.ACCS.ZS,electricity_access_percent,2024,100.0,https://api.worldbank.org/v2/country/all/indicator/EG.ELC.ACCS.ZS?format=json&per_page=20000&date=2020%3A2024
SVN,EG.ELC.ACCS.ZS,electricity_access_percent,2023,100.0,https://api.worldbank.org/v2/country/all/indicator/EG.ELC.ACCS.ZS?format=json&per_page=20000&date=2020%3A2024
SVN,EG.ELC.ACCS.ZS,electricity_access_percent,2022,100.0,https://api.worldbank.org/v2/country/all/indicator/EG.ELC.ACCS.ZS?format=json&per_page=20000&date=2020%3A2024
SVN,EG.ELC.ACCS.ZS,electricity_access_percent,2021,100.0,https://api.worldbank.org/v2/country/all/indicator/EG.ELC.ACCS.ZS?format=json&per_page=20000&date=2020%3A2024
SVN,EG.ELC.ACCS.ZS,electricity_access_percent,2020,100.0,https://api.worldbank.org/v2/country/all/indicator/EG.ELC.ACCS.ZS?format=json&per_page=20000&date=2020%3A2024
SLB,EG.ELC.ACCS.ZS,electricity_access_percent,2024,81.5,https://api.worldbank.org/v2/country/all/indicator/EG.ELC.ACCS.ZS?format=json&per_page=20000&date=2020%3A2024
SLB,EG.ELC.ACCS.ZS,electricity_access_percent,2023,81.3,https://api.worldbank.org/v2/country/all/indicator/EG.ELC.ACCS.ZS?format=json&per_page=20000&date=2020%3A2024
SLB,EG.ELC.ACCS.ZS,electricity_access_percent,2022,76.0,https://api.worldbank.org/v2/country/all/indicator/EG.ELC.ACCS.ZS?format=json&per_page=20000&date=2020%3A2024
SLB,EG.ELC.ACCS.ZS,electricity_access_percent,2021,76.3,https://api.worldbank.org/v2/country/all/indicator/EG.ELC.ACCS.ZS?format=json&per_page=20000&date=2020%3A2024
SLB,EG.ELC.ACCS.ZS,electricity_access_percent,2020,72.9,https://api.worldbank.org/v2/country/all/indicator/EG.ELC.ACCS.ZS?format=json&per_page=20000&date=2020%3A2024
SOM,EG.ELC.ACCS.ZS,electricity_access_percent,2024,54.4,https://api.worldbank.org/v2/country/all/indicator/EG.ELC.ACCS.ZS?format=json&per_page=20000&date=2020%3A2024
SOM,EG.ELC.ACCS.ZS,electricity_access_percent,2023,50.3,https://api.worldbank.org/v2/country/all/indicator/EG.ELC.ACCS.ZS?format=json&per_page=20000&date=2020%3A2024
SOM,EG.ELC.ACCS.ZS,electricity_access_percent,2022,48.9,https://api.worldbank.org/v2/country/all/indicator/EG.ELC.ACCS.ZS?format=json&per_page=20000&date=2020%3A2024
SOM,EG.ELC.ACCS.ZS,electricity_access_percent,2021,49.3,https://api.worldbank.org/v2/country/all/indicator/EG.ELC.ACCS.ZS?format=json&per_page=20000&date=2020%3A2024
SOM,EG.ELC.ACCS.ZS,electricity_access_percent,2020,49.9,https://api.worldbank.org/v2/country/all/indicator/EG.ELC.ACCS.ZS?format=json&per_page=20000&date=2020%3A2024
ZAF,EG.ELC.ACCS.ZS,electricity_access_percent,2024,90.2,https://api.worldbank.org/v2/country/all/indicator/EG.ELC.ACCS.ZS?format=json&per_page=20000&date=2020%3A2024
ZAF,EG.ELC.ACCS.ZS,electricity_access_percent,2023,87.7,https://api.worldbank.org/v2/country/all/indicator/EG.ELC.ACCS.ZS?format=json&per_page=20000&date=2020%3A2024
ZAF,EG.ELC.ACCS.ZS,electricity_access_percent,2022,86.5,https://api.worldbank.org/v2/country/all/indicator/EG.ELC.ACCS.ZS?format=json&per_page=20000&date=2020%3A2024
ZAF,EG.ELC.ACCS.ZS,electricity_access_percent,2021,89.3,https://api.worldbank.org/v2/country/all/indicator/EG.ELC.ACCS.ZS?format=json&per_page=20000&date=2020%3A2024
ZAF,EG.ELC.ACCS.ZS,electricity_access_percent,2020,90.0,https://api.worldbank.org/v2/country/all/indicator/EG.ELC.ACCS.ZS?format=json&per_page=20000&date=2020%3A2024
SSD,EG.ELC.ACCS.ZS,electricity_access_percent,2024,5.4,https://api.worldbank.org/v2/country/all/indicator/EG.ELC.ACCS.ZS?format=json&per_page=20000&date=2020%3A2024
SSD,EG.ELC.ACCS.ZS,electricity_access_percent,2023,5.4,https://api.worldbank.org/v2/country/all/indicator/EG.ELC.ACCS.ZS?format=json&per_page=20000&date=2020%3A2024
SSD,EG.ELC.ACCS.ZS,electricity_access_percent,2022,8.4,https://api.worldbank.org/v2/country/all/indicator/EG.ELC.ACCS.ZS?format=json&per_page=20000&date=2020%3A2024
SSD,EG.ELC.ACCS.ZS,electricity_access_percent,2021,7.7,https://api.worldbank.org/v2/country/all/indicator/EG.ELC.ACCS.ZS?format=json&per_page=20000&date=2020%3A2024
SSD,EG.ELC.ACCS.ZS,electricity_access_percent,2020,7.3,https://api.worldbank.org/v2/country/all/indicator/EG.ELC.ACCS.ZS?format=json&per_page=20000&date=2020%3A2024
ESP,EG.ELC.ACCS.ZS,electricity_access_percent,2024,100.0,https://api.worldbank.org/v2/country/all/indicator/EG.ELC.ACCS.ZS?format=json&per_page=20000&date=2020%3A2024
ESP,EG.ELC.ACCS.ZS,electricity_access_percent,2023,100.0,https://api.worldbank.org/v2/country/all/indicator/EG.ELC.ACCS.ZS?format=json&per_page=20000&date=2020%3A2024
ESP,EG.ELC.ACCS.ZS,electricity_access_percent,2022,100.0,https://api.worldbank.org/v2/country/all/indicator/EG.ELC.ACCS.ZS?format=json&per_page=20000&date=2020%3A2024
ESP,EG.ELC.ACCS.ZS,electricity_access_percent,2021,100.0,https://api.worldbank.org/v2/country/all/indicator/EG.ELC.ACCS.ZS?format=json&per_page=20000&date=2020%3A2024
ESP,EG.ELC.ACCS.ZS,electricity_access_percent,2020,100.0,https://api.worldbank.org/v2/country/all/indicator/EG.ELC.ACCS.ZS?format=json&per_page=20000&date=2020%3A2024
LKA,EG.ELC.ACCS.ZS,electricity_access_percent,2024,100.0,https://api.worldbank.org/v2/country/all/indicator/EG.ELC.ACCS.ZS?format=json&per_page=20000&date=2020%3A2024
LKA,EG.ELC.ACCS.ZS,electricity_access_percent,2023,100.0,https://api.worldbank.org/v2/country/all/indicator/EG.ELC.ACCS.ZS?format=json&per_page=20000&date=2020%3A2024
LKA,EG.ELC.ACCS.ZS,electricity_access_percent,2022,100.0,https://api.worldbank.org/v2/country/all/indicator/EG.ELC.ACCS.ZS?format=json&per_page=20000&date=2020%3A2024
LKA,EG.ELC.ACCS.ZS,electricity_access_percent,2021,100.0,https://api.worldbank.org/v2/country/all/indicator/EG.ELC.ACCS.ZS?format=json&per_page=20000&date=2020%3A2024
LKA,EG.ELC.ACCS.ZS,electricity_access_percent,2020,100.0,https://api.worldbank.org/v2/country/all/indicator/EG.ELC.ACCS.ZS?format=json&per_page=20000&date=2020%3A2024
KNA,EG.ELC.ACCS.ZS,electricity_access_percent,2024,100.0,https://api.worldbank.org/v2/country/all/indicator/EG.ELC.ACCS.ZS?format=json&per_page=20000&date=2020%3A2024
KNA,EG.ELC.ACCS.ZS,electricity_access_percent,2023,100.0,https://api.worldbank.org/v2/country/all/indicator/EG.ELC.ACCS.ZS?format=json&per_page=20000&date=2020%3A2024
KNA,EG.ELC.ACCS.ZS,electricity_access_percent,2022,100.0,https://api.worldbank.org/v2/country/all/indicator/EG.ELC.ACCS.ZS?format=json&per_page=20000&date=2020%3A2024
KNA,EG.ELC.ACCS.ZS,electricity_access_percent,2021,100.0,https://api.worldbank.org/v2/country/all/indicator/EG.ELC.ACCS.ZS?format=json&per_page=20000&date=2020%3A2024
KNA,EG.ELC.ACCS.ZS,electricity_access_percent,2020,100.0,https://api.worldbank.org/v2/country/all/indicator/EG.ELC.ACCS.ZS?format=json&per_page=20000&date=2020%3A2024
LCA,EG.ELC.ACCS.ZS,electricity_access_percent,2024,100.0,https://api.worldbank.org/v2/country/all/indicator/EG.ELC.ACCS.ZS?format=json&per_page=20000&date=2020%3A2024
LCA,EG.ELC.ACCS.ZS,electricity_access_percent,2023,100.0,https://api.worldbank.org/v2/country/all/indicator/EG.ELC.ACCS.ZS?format=json&per_page=20000&date=2020%3A2024
LCA,EG.ELC.ACCS.ZS,electricity_access_percent,2022,100.0,https://api.worldbank.org/v2/country/all/indicator/EG.ELC.ACCS.ZS?format=json&per_page=20000&date=2020%3A2024
LCA,EG.ELC.ACCS.ZS,electricity_access_percent,2021,100.0,https://api.worldbank.org/v2/country/all/indicator/EG.ELC.ACCS.ZS?format=json&per_page=20000&date=2020%3A2024
LCA,EG.ELC.ACCS.ZS,electricity_access_percent,2020,100.0,https://api.worldbank.org/v2/country/all/indicator/EG.ELC.ACCS.ZS?format=json&per_page=20000&date=2020%3A2024
MAF,EG.ELC.ACCS.ZS,electricity_access_percent,2024,100.0,https://api.worldbank.org/v2/country/all/indicator/EG.ELC.ACCS.ZS?format=json&per_page=20000&date=2020%3A2024
MAF,EG.ELC.ACCS.ZS,electricity_access_percent,2023,100.0,https://api.worldbank.org/v2/country/all/indicator/EG.ELC.ACCS.ZS?format=json&per_page=20000&date=2020%3A2024
MAF,EG.ELC.ACCS.ZS,electricity_access_percent,2022,100.0,https://api.worldbank.org/v2/country/all/indicator/EG.ELC.ACCS.ZS?format=json&per_page=20000&date=2020%3A2024
MAF,EG.ELC.ACCS.ZS,electricity_access_percent,2021,100.0,https://api.worldbank.org/v2/country/all/indicator/EG.ELC.ACCS.ZS?format=json&per_page=20000&date=2020%3A2024
MAF,EG.ELC.ACCS.ZS,electricity_access_percent,2020,100.0,https://api.worldbank.org/v2/country/all/indicator/EG.ELC.ACCS.ZS?format=json&per_page=20000&date=2020%3A2024
VCT,EG.ELC.ACCS.ZS,electricity_access_percent,2024,100.0,https://api.worldbank.org/v2/country/all/indicator/EG.ELC.ACCS.ZS?format=json&per_page=20000&date=2020%3A2024
VCT,EG.ELC.ACCS.ZS,electricity_access_percent,2023,100.0,https://api.worldbank.org/v2/country/all/indicator/EG.ELC.ACCS.ZS?format=json&per_page=20000&date=2020%3A2024
VCT,EG.ELC.ACCS.ZS,electricity_access_percent,2022,100.0,https://api.worldbank.org/v2/country/all/indicator/EG.ELC.ACCS.ZS?format=json&per_page=20000&date=2020%3A2024
VCT,EG.ELC.ACCS.ZS,electricity_access_percent,2021,100.0,https://api.worldbank.org/v2/country/all/indicator/EG.ELC.ACCS.ZS?format=json&per_page=20000&date=2020%3A2024
VCT,EG.ELC.ACCS.ZS,electricity_access_percent,2020,100.0,https://api.worldbank.org/v2/country/all/indicator/EG.ELC.ACCS.ZS?format=json&per_page=20000&date=2020%3A2024
SDN,EG.ELC.ACCS.ZS,electricity_access_percent,2024,66.0,https://api.worldbank.org/v2/country/all/indicator/EG.ELC.ACCS.ZS?format=json&per_page=20000&date=2020%3A2024
SDN,EG.ELC.ACCS.ZS,electricity_access_percent,2023,66.0,https://api.worldbank.org/v2/country/all/indicator/EG.ELC.ACCS.ZS?format=json&per_page=20000&date=2020%3A2024
SDN,EG.ELC.ACCS.ZS,electricity_access_percent,2022,63.2,https://api.worldbank.org/v2/country/all/indicator/EG.ELC.ACCS.ZS?format=json&per_page=20000&date=2020%3A2024
SDN,EG.ELC.ACCS.ZS,electricity_access_percent,2021,61.8,https://api.worldbank.org/v2/country/all/indicator/EG.ELC.ACCS.ZS?format=json&per_page=20000&date=2020%3A2024
SDN,EG.ELC.ACCS.ZS,electricity_access_percent,2020,59.7,https://api.worldbank.org/v2/country/all/indicator/EG.ELC.ACCS.ZS?format=json&per_page=20000&date=2020%3A2024
SUR,EG.ELC.ACCS.ZS,electricity_access_percent,2024,99.0,https://api.worldbank.org/v2/country/all/indicator/EG.ELC.ACCS.ZS?format=json&per_page=20000&date=2020%3A2024
SUR,EG.ELC.ACCS.ZS,electricity_access_percent,2023,99.6,https://api.worldbank.org/v2/country/all/indicator/EG.ELC.ACCS.ZS?format=json&per_page=20000&date=2020%3A2024
SUR,EG.ELC.ACCS.ZS,electricity_access_percent,2022,99.0,https://api.worldbank.org/v2/country/all/indicator/EG.ELC.ACCS.ZS?format=json&per_page=20000&date=2020%3A2024
SUR,EG.ELC.ACCS.ZS,electricity_access_percent,2021,98.8,https://api.worldbank.org/v2/country/all/indicator/EG.ELC.ACCS.ZS?format=json&per_page=20000&date=2020%3A2024
SUR,EG.ELC.ACCS.ZS,electricity_access_percent,2020,98.4,https://api.worldbank.org/v2/country/all/indicator/EG.ELC.ACCS.ZS?format=json&per_page=20000&date=2020%3A2024
SWE,EG.ELC.ACCS.ZS,electricity_access_percent,2024,100.0,https://api.worldbank.org/v2/country/all/indicator/EG.ELC.ACCS.ZS?format=json&per_page=20000&date=2020%3A2024
SWE,EG.ELC.ACCS.ZS,electricity_access_percent,2023,100.0,https://api.worldbank.org/v2/country/all/indicator/EG.ELC.ACCS.ZS?format=json&per_page=20000&date=2020%3A2024
SWE,EG.ELC.ACCS.ZS,electricity_access_percent,2022,100.0,https://api.worldbank.org/v2/country/all/indicator/EG.ELC.ACCS.ZS?format=json&per_page=20000&date=2020%3A2024
SWE,EG.ELC.ACCS.ZS,electricity_access_percent,2021,100.0,https://api.worldbank.org/v2/country/all/indicator/EG.ELC.ACCS.ZS?format=json&per_page=20000&date=2020%3A2024
SWE,EG.ELC.ACCS.ZS,electricity_access_percent,2020,100.0,https://api.worldbank.org/v2/country/all/indicator/EG.ELC.ACCS.ZS?format=json&per_page=20000&date=2020%3A2024
CHE,EG.ELC.ACCS.ZS,electricity_access_percent,2024,100.0,https://api.worldbank.org/v2/country/all/indicator/EG.ELC.ACCS.ZS?format=json&per_page=20000&date=2020%3A2024
CHE,EG.ELC.ACCS.ZS,electricity_access_percent,2023,100.0,https://api.worldbank.org/v2/country/all/indicator/EG.ELC.ACCS.ZS?format=json&per_page=20000&date=2020%3A2024
CHE,EG.ELC.ACCS.ZS,electricity_access_percent,2022,100.0,https://api.worldbank.org/v2/country/all/indicator/EG.ELC.ACCS.ZS?format=json&per_page=20000&date=2020%3A2024
CHE,EG.ELC.ACCS.ZS,electricity_access_percent,2021,100.0,https://api.worldbank.org/v2/country/all/indicator/EG.ELC.ACCS.ZS?format=json&per_page=20000&date=2020%3A2024
CHE,EG.ELC.ACCS.ZS,electricity_access_percent,2020,100.0,https://api.worldbank.org/v2/country/all/indicator/EG.ELC.ACCS.ZS?format=json&per_page=20000&date=2020%3A2024
SYR,EG.ELC.ACCS.ZS,electricity_access_percent,2024,89.3,https://api.worldbank.org/v2/country/all/indicator/EG.ELC.ACCS.ZS?format=json&per_page=20000&date=2020%3A2024
SYR,EG.ELC.ACCS.ZS,electricity_access_percent,2023,88.4,https://api.worldbank.org/v2/country/all/indicator/EG.ELC.ACCS.ZS?format=json&per_page=20000&date=2020%3A2024
SYR,EG.ELC.ACCS.ZS,electricity_access_percent,2022,89.0,https://api.worldbank.org/v2/country/all/indicator/EG.ELC.ACCS.ZS?format=json&per_page=20000&date=2020%3A2024
SYR,EG.ELC.ACCS.ZS,electricity_access_percent,2021,88.8,https://api.worldbank.org/v2/country/all/indicator/EG.ELC.ACCS.ZS?format=json&per_page=20000&date=2020%3A2024
SYR,EG.ELC.ACCS.ZS,electricity_access_percent,2020,89.0,https://api.worldbank.org/v2/country/all/indicator/EG.ELC.ACCS.ZS?format=json&per_page=20000&date=2020%3A2024
TJK,EG.ELC.ACCS.ZS,electricity_access_percent,2024,99.9,https://api.worldbank.org/v2/country/all/indicator/EG.ELC.ACCS.ZS?format=json&per_page=20000&date=2020%3A2024
TJK,EG.ELC.ACCS.ZS,electricity_access_percent,2023,100.0,https://api.worldbank.org/v2/country/all/indicator/EG.ELC.ACCS.ZS?format=json&per_page=20000&date=2020%3A2024
TJK,EG.ELC.ACCS.ZS,electricity_access_percent,2022,100.0,https://api.worldbank.org/v2/country/all/indicator/EG.ELC.ACCS.ZS?format=json&per_page=20000&date=2020%3A2024
TJK,EG.ELC.ACCS.ZS,electricity_access_percent,2021,99.6,https://api.worldbank.org/v2/country/all/indicator/EG.ELC.ACCS.ZS?format=json&per_page=20000&date=2020%3A2024
TJK,EG.ELC.ACCS.ZS,electricity_access_percent,2020,99.5,https://api.worldbank.org/v2/country/all/indicator/EG.ELC.ACCS.ZS?format=json&per_page=20000&date=2020%3A2024
TZA,EG.ELC.ACCS.ZS,electricity_access_percent,2024,52.4,https://api.worldbank.org/v2/country/all/indicator/EG.ELC.ACCS.ZS?format=json&per_page=20000&date=2020%3A2024
TZA,EG.ELC.ACCS.ZS,electricity_access_percent,2023,48.3,https://api.worldbank.org/v2/country/all/indicator/EG.ELC.ACCS.ZS?format=json&per_page=20000&date=2020%3A2024
TZA,EG.ELC.ACCS.ZS,electricity_access_percent,2022,45.8,https://api.worldbank.org/v2/country/all/indicator/EG.ELC.ACCS.ZS?format=json&per_page=20000&date=2020%3A2024
TZA,EG.ELC.ACCS.ZS,electricity_access_percent,2021,42.7,https://api.worldbank.org/v2/country/all/indicator/EG.ELC.ACCS.ZS?format=json&per_page=20000&date=2020%3A2024
TZA,EG.ELC.ACCS.ZS,electricity_access_percent,2020,39.9,https://api.worldbank.org/v2/country/all/indicator/EG.ELC.ACCS.ZS?format=json&per_page=20000&date=2020%3A2024
THA,EG.ELC.ACCS.ZS,electricity_access_percent,2024,100.0,https://api.worldbank.org/v2/country/all/indicator/EG.ELC.ACCS.ZS?format=json&per_page=20000&date=2020%3A2024
THA,EG.ELC.ACCS.ZS,electricity_access_percent,2023,100.0,https://api.worldbank.org/v2/country/all/indicator/EG.ELC.ACCS.ZS?format=json&per_page=20000&date=2020%3A2024
THA,EG.ELC.ACCS.ZS,electricity_access_percent,2022,99.9,https://api.worldbank.org/v2/country/all/indicator/EG.ELC.ACCS.ZS?format=json&per_page=20000&date=2020%3A2024
THA,EG.ELC.ACCS.ZS,electricity_access_percent,2021,100.0,https://api.worldbank.org/v2/country/all/indicator/EG.ELC.ACCS.ZS?format=json&per_page=20000&date=2020%3A2024
THA,EG.ELC.ACCS.ZS,electricity_access_percent,2020,100.0,https://api.worldbank.org/v2/country/all/indicator/EG.ELC.ACCS.ZS?format=json&per_page=20000&date=2020%3A2024
TLS,EG.ELC.ACCS.ZS,electricity_access_percent,2024,94.3,https://api.worldbank.org/v2/country/all/indicator/EG.ELC.ACCS.ZS?format=json&per_page=20000&date=2020%3A2024
TLS,EG.ELC.ACCS.ZS,electricity_access_percent,2023,100.0,https://api.worldbank.org/v2/country/all/indicator/EG.ELC.ACCS.ZS?format=json&per_page=20000&date=2020%3A2024
TLS,EG.ELC.ACCS.ZS,electricity_access_percent,2022,99.7,https://api.worldbank.org/v2/country/all/indicator/EG.ELC.ACCS.ZS?format=json&per_page=20000&date=2020%3A2024
TLS,EG.ELC.ACCS.ZS,electricity_access_percent,2021,100.0,https://api.worldbank.org/v2/country/all/indicator/EG.ELC.ACCS.ZS?format=json&per_page=20000&date=2020%3A2024
TLS,EG.ELC.ACCS.ZS,electricity_access_percent,2020,96.0,https://api.worldbank.org/v2/country/all/indicator/EG.ELC.ACCS.ZS?format=json&per_page=20000&date=2020%3A2024
TGO,EG.ELC.ACCS.ZS,electricity_access_percent,2024,61.1,https://api.worldbank.org/v2/country/all/indicator/EG.ELC.ACCS.ZS?format=json&per_page=20000&date=2020%3A2024
TGO,EG.ELC.ACCS.ZS,electricity_access_percent,2023,59.2,https://api.worldbank.org/v2/country/all/indicator/EG.ELC.ACCS.ZS?format=json&per_page=20000&date=2020%3A2024
TGO,EG.ELC.ACCS.ZS,electricity_access_percent,2022,57.2,https://api.worldbank.org/v2/country/all/indicator/EG.ELC.ACCS.ZS?format=json&per_page=20000&date=2020%3A2024
TGO,EG.ELC.ACCS.ZS,electricity_access_percent,2021,55.7,https://api.worldbank.org/v2/country/all/indicator/EG.ELC.ACCS.ZS?format=json&per_page=20000&date=2020%3A2024
TGO,EG.ELC.ACCS.ZS,electricity_access_percent,2020,54.1,https://api.worldbank.org/v2/country/all/indicator/EG.ELC.ACCS.ZS?format=json&per_page=20000&date=2020%3A2024
TON,EG.ELC.ACCS.ZS,electricity_access_percent,2024,100.0,https://api.worldbank.org/v2/country/all/indicator/EG.ELC.ACCS.ZS?format=json&per_page=20000&date=2020%3A2024
TON,EG.ELC.ACCS.ZS,electricity_access_percent,2023,100.0,https://api.worldbank.org/v2/country/all/indicator/EG.ELC.ACCS.ZS?format=json&per_page=20000&date=2020%3A2024
TON,EG.ELC.ACCS.ZS,electricity_access_percent,2022,100.0,https://api.worldbank.org/v2/country/all/indicator/EG.ELC.ACCS.ZS?format=json&per_page=20000&date=2020%3A2024
TON,EG.ELC.ACCS.ZS,electricity_access_percent,2021,100.0,https://api.worldbank.org/v2/country/all/indicator/EG.ELC.ACCS.ZS?format=json&per_page=20000&date=2020%3A2024
TON,EG.ELC.ACCS.ZS,electricity_access_percent,2020,99.9,https://api.worldbank.org/v2/country/all/indicator/EG.ELC.ACCS.ZS?format=json&per_page=20000&date=2020%3A2024
TTO,EG.ELC.ACCS.ZS,electricity_access_percent,2024,100.0,https://api.worldbank.org/v2/country/all/indicator/EG.ELC.ACCS.ZS?format=json&per_page=20000&date=2020%3A2024
TTO,EG.ELC.ACCS.ZS,electricity_access_percent,2023,98.7,https://api.worldbank.org/v2/country/all/indicator/EG.ELC.ACCS.ZS?format=json&per_page=20000&date=2020%3A2024
TTO,EG.ELC.ACCS.ZS,electricity_access_percent,2022,100.0,https://api.worldbank.org/v2/country/all/indicator/EG.ELC.ACCS.ZS?format=json&per_page=20000&date=2020%3A2024
TTO,EG.ELC.ACCS.ZS,electricity_access_percent,2021,100.0,https://api.worldbank.org/v2/country/all/indicator/EG.ELC.ACCS.ZS?format=json&per_page=20000&date=2020%3A2024
TTO,EG.ELC.ACCS.ZS,electricity_access_percent,2020,100.0,https://api.worldbank.org/v2/country/all/indicator/EG.ELC.ACCS.ZS?format=json&per_page=20000&date=2020%3A2024
TUN,EG.ELC.ACCS.ZS,electricity_access_percent,2024,100.0,https://api.worldbank.org/v2/country/all/indicator/EG.ELC.ACCS.ZS?format=json&per_page=20000&date=2020%3A2024
TUN,EG.ELC.ACCS.ZS,electricity_access_percent,2023,100.0,https://api.worldbank.org/v2/country/all/indicator/EG.ELC.ACCS.ZS?format=json&per_page=20000&date=2020%3A2024
TUN,EG.ELC.ACCS.ZS,electricity_access_percent,2022,100.0,https://api.worldbank.org/v2/country/all/indicator/EG.ELC.ACCS.ZS?format=json&per_page=20000&date=2020%3A2024
TUN,EG.ELC.ACCS.ZS,electricity_access_percent,2021,99.9,https://api.worldbank.org/v2/country/all/indicator/EG.ELC.ACCS.ZS?format=json&per_page=20000&date=2020%3A2024
TUN,EG.ELC.ACCS.ZS,electricity_access_percent,2020,99.9,https://api.worldbank.org/v2/country/all/indicator/EG.ELC.ACCS.ZS?format=json&per_page=20000&date=2020%3A2024
TUR,EG.ELC.ACCS.ZS,electricity_access_percent,2024,100.0,https://api.worldbank.org/v2/country/all/indicator/EG.ELC.ACCS.ZS?format=json&per_page=20000&date=2020%3A2024
TUR,EG.ELC.ACCS.ZS,electricity_access_percent,2023,100.0,https://api.worldbank.org/v2/country/all/indicator/EG.ELC.ACCS.ZS?format=json&per_page=20000&date=2020%3A2024
TUR,EG.ELC.ACCS.ZS,electricity_access_percent,2022,100.0,https://api.worldbank.org/v2/country/all/indicator/EG.ELC.ACCS.ZS?format=json&per_page=20000&date=2020%3A2024
TUR,EG.ELC.ACCS.ZS,electricity_access_percent,2021,100.0,https://api.worldbank.org/v2/country/all/indicator/EG.ELC.ACCS.ZS?format=json&per_page=20000&date=2020%3A2024
TUR,EG.ELC.ACCS.ZS,electricity_access_percent,2020,100.0,https://api.worldbank.org/v2/country/all/indicator/EG.ELC.ACCS.ZS?format=json&per_page=20000&date=2020%3A2024
TKM,EG.ELC.ACCS.ZS,electricity_access_percent,2024,100.0,https://api.worldbank.org/v2/country/all/indicator/EG.ELC.ACCS.ZS?format=json&per_page=20000&date=2020%3A2024
TKM,EG.ELC.ACCS.ZS,electricity_access_percent,2023,100.0,https://api.worldbank.org/v2/country/all/indicator/EG.ELC.ACCS.ZS?format=json&per_page=20000&date=2020%3A2024
TKM,EG.ELC.ACCS.ZS,electricity_access_percent,2022,100.0,https://api.worldbank.org/v2/country/all/indicator/EG.ELC.ACCS.ZS?format=json&per_page=20000&date=2020%3A2024
TKM,EG.ELC.ACCS.ZS,electricity_access_percent,2021,100.0,https://api.worldbank.org/v2/country/all/indicator/EG.ELC.ACCS.ZS?format=json&per_page=20000&date=2020%3A2024
TKM,EG.ELC.ACCS.ZS,electricity_access_percent,2020,100.0,https://api.worldbank.org/v2/country/all/indicator/EG.ELC.ACCS.ZS?format=json&per_page=20000&date=2020%3A2024
TCA,EG.ELC.ACCS.ZS,electricity_access_percent,2024,100.0,https://api.worldbank.org/v2/country/all/indicator/EG.ELC.ACCS.ZS?format=json&per_page=20000&date=2020%3A2024
TCA,EG.ELC.ACCS.ZS,electricity_access_percent,2023,100.0,https://api.worldbank.org/v2/country/all/indicator/EG.ELC.ACCS.ZS?format=json&per_page=20000&date=2020%3A2024
TCA,EG.ELC.ACCS.ZS,electricity_access_percent,2022,99.9,https://api.worldbank.org/v2/country/all/indicator/EG.ELC.ACCS.ZS?format=json&per_page=20000&date=2020%3A2024
TCA,EG.ELC.ACCS.ZS,electricity_access_percent,2021,100.0,https://api.worldbank.org/v2/country/all/indicator/EG.ELC.ACCS.ZS?format=json&per_page=20000&date=2020%3A2024
TCA,EG.ELC.ACCS.ZS,electricity_access_percent,2020,99.4,https://api.worldbank.org/v2/country/all/indicator/EG.ELC.ACCS.ZS?format=json&per_page=20000&date=2020%3A2024
TUV,EG.ELC.ACCS.ZS,electricity_access_percent,2024,100.0,https://api.worldbank.org/v2/country/all/indicator/EG.ELC.ACCS.ZS?format=json&per_page=20000&date=2020%3A2024
TUV,EG.ELC.ACCS.ZS,electricity_access_percent,2023,100.0,https://api.worldbank.org/v2/country/all/indicator/EG.ELC.ACCS.ZS?format=json&per_page=20000&date=2020%3A2024
TUV,EG.ELC.ACCS.ZS,electricity_access_percent,2022,100.0,https://api.worldbank.org/v2/country/all/indicator/EG.ELC.ACCS.ZS?format=json&per_page=20000&date=2020%3A2024
TUV,EG.ELC.ACCS.ZS,electricity_access_percent,2021,99.7,https://api.worldbank.org/v2/country/all/indicator/EG.ELC.ACCS.ZS?format=json&per_page=20000&date=2020%3A2024
TUV,EG.ELC.ACCS.ZS,electricity_access_percent,2020,99.4,https://api.worldbank.org/v2/country/all/indicator/EG.ELC.ACCS.ZS?format=json&per_page=20000&date=2020%3A2024
UGA,EG.ELC.ACCS.ZS,electricity_access_percent,2024,55.3,https://api.worldbank.org/v2/country/all/indicator/EG.ELC.ACCS.ZS?format=json&per_page=20000&date=2020%3A2024
UGA,EG.ELC.ACCS.ZS,electricity_access_percent,2023,51.5,https://api.worldbank.org/v2/country/all/indicator/EG.ELC.ACCS.ZS?format=json&per_page=20000&date=2020%3A2024
UGA,EG.ELC.ACCS.ZS,electricity_access_percent,2022,47.1,https://api.worldbank.org/v2/country/all/indicator/EG.ELC.ACCS.ZS?format=json&per_page=20000&date=2020%3A2024
UGA,EG.ELC.ACCS.ZS,electricity_access_percent,2021,45.2,https://api.worldbank.org/v2/country/all/indicator/EG.ELC.ACCS.ZS?format=json&per_page=20000&date=2020%3A2024
UGA,EG.ELC.ACCS.ZS,electricity_access_percent,2020,42.1,https://api.worldbank.org/v2/country/all/indicator/EG.ELC.ACCS.ZS?format=json&per_page=20000&date=2020%3A2024
UKR,EG.ELC.ACCS.ZS,electricity_access_percent,2024,100.0,https://api.worldbank.org/v2/country/all/indicator/EG.ELC.ACCS.ZS?format=json&per_page=20000&date=2020%3A2024
UKR,EG.ELC.ACCS.ZS,electricity_access_percent,2023,100.0,https://api.worldbank.org/v2/country/all/indicator/EG.ELC.ACCS.ZS?format=json&per_page=20000&date=2020%3A2024
UKR,EG.ELC.ACCS.ZS,electricity_access_percent,2022,100.0,https://api.worldbank.org/v2/country/all/indicator/EG.ELC.ACCS.ZS?format=json&per_page=20000&date=2020%3A2024
UKR,EG.ELC.ACCS.ZS,electricity_access_percent,2021,100.0,https://api.worldbank.org/v2/country/all/indicator/EG.ELC.ACCS.ZS?format=json&per_page=20000&date=2020%3A2024
UKR,EG.ELC.ACCS.ZS,electricity_access_percent,2020,100.0,https://api.worldbank.org/v2/country/all/indicator/EG.ELC.ACCS.ZS?format=json&per_page=20000&date=2020%3A2024
ARE,EG.ELC.ACCS.ZS,electricity_access_percent,2024,100.0,https://api.worldbank.org/v2/country/all/indicator/EG.ELC.ACCS.ZS?format=json&per_page=20000&date=2020%3A2024
ARE,EG.ELC.ACCS.ZS,electricity_access_percent,2023,100.0,https://api.worldbank.org/v2/country/all/indicator/EG.ELC.ACCS.ZS?format=json&per_page=20000&date=2020%3A2024
ARE,EG.ELC.ACCS.ZS,electricity_access_percent,2022,100.0,https://api.worldbank.org/v2/country/all/indicator/EG.ELC.ACCS.ZS?format=json&per_page=20000&date=2020%3A2024
ARE,EG.ELC.ACCS.ZS,electricity_access_percent,2021,100.0,https://api.worldbank.org/v2/country/all/indicator/EG.ELC.ACCS.ZS?format=json&per_page=20000&date=2020%3A2024
ARE,EG.ELC.ACCS.ZS,electricity_access_percent,2020,100.0,https://api.worldbank.org/v2/country/all/indicator/EG.ELC.ACCS.ZS?format=json&per_page=20000&date=2020%3A2024
GBR,EG.ELC.ACCS.ZS,electricity_access_percent,2024,100.0,https://api.worldbank.org/v2/country/all/indicator/EG.ELC.ACCS.ZS?format=json&per_page=20000&date=2020%3A2024
GBR,EG.ELC.ACCS.ZS,electricity_access_percent,2023,100.0,https://api.worldbank.org/v2/country/all/indicator/EG.ELC.ACCS.ZS?format=json&per_page=20000&date=2020%3A2024
GBR,EG.ELC.ACCS.ZS,electricity_access_percent,2022,100.0,https://api.worldbank.org/v2/country/all/indicator/EG.ELC.ACCS.ZS?format=json&per_page=20000&date=2020%3A2024
GBR,EG.ELC.ACCS.ZS,electricity_access_percent,2021,100.0,https://api.worldbank.org/v2/country/all/indicator/EG.ELC.ACCS.ZS?format=json&per_page=20000&date=2020%3A2024
GBR,EG.ELC.ACCS.ZS,electricity_access_percent,2020,100.0,https://api.worldbank.org/v2/country/all/indicator/EG.ELC.ACCS.ZS?format=json&per_page=20000&date=2020%3A2024
USA,EG.ELC.ACCS.ZS,electricity_access_percent,2024,100.0,https://api.worldbank.org/v2/country/all/indicator/EG.ELC.ACCS.ZS?format=json&per_page=20000&date=2020%3A2024
USA,EG.ELC.ACCS.ZS,electricity_access_percent,2023,100.0,https://api.worldbank.org/v2/country/all/indicator/EG.ELC.ACCS.ZS?format=json&per_page=20000&date=2020%3A2024
USA,EG.ELC.ACCS.ZS,electricity_access_percent,2022,100.0,https://api.worldbank.org/v2/country/all/indicator/EG.ELC.ACCS.ZS?format=json&per_page=20000&date=2020%3A2024
USA,EG.ELC.ACCS.ZS,electricity_access_percent,2021,100.0,https://api.worldbank.org/v2/country/all/indicator/EG.ELC.ACCS.ZS?format=json&per_page=20000&date=2020%3A2024
USA,EG.ELC.ACCS.ZS,electricity_access_percent,2020,100.0,https://api.worldbank.org/v2/country/all/indicator/EG.ELC.ACCS.ZS?format=json&per_page=20000&date=2020%3A2024
URY,EG.ELC.ACCS.ZS,electricity_access_percent,2024,100.0,https://api.worldbank.org/v2/country/all/indicator/EG.ELC.ACCS.ZS?format=json&per_page=20000&date=2020%3A2024
URY,EG.ELC.ACCS.ZS,electricity_access_percent,2023,100.0,https://api.worldbank.org/v2/country/all/indicator/EG.ELC.ACCS.ZS?format=json&per_page=20000&date=2020%3A2024
URY,EG.ELC.ACCS.ZS,electricity_access_percent,2022,100.0,https://api.worldbank.org/v2/country/all/indicator/EG.ELC.ACCS.ZS?format=json&per_page=20000&date=2020%3A2024
URY,EG.ELC.ACCS.ZS,electricity_access_percent,2021,100.0,https://api.worldbank.org/v2/country/all/indicator/EG.ELC.ACCS.ZS?format=json&per_page=20000&date=2020%3A2024
URY,EG.ELC.ACCS.ZS,electricity_access_percent,2020,100.0,https://api.worldbank.org/v2/country/all/indicator/EG.ELC.ACCS.ZS?format=json&per_page=20000&date=2020%3A2024
UZB,EG.ELC.ACCS.ZS,electricity_access_percent,2024,100.0,https://api.worldbank.org/v2/country/all/indicator/EG.ELC.ACCS.ZS?format=json&per_page=20000&date=2020%3A2024
UZB,EG.ELC.ACCS.ZS,electricity_access_percent,2023,100.0,https://api.worldbank.org/v2/country/all/indicator/EG.ELC.ACCS.ZS?format=json&per_page=20000&date=2020%3A2024
UZB,EG.ELC.ACCS.ZS,electricity_access_percent,2022,100.0,https://api.worldbank.org/v2/country/all/indicator/EG.ELC.ACCS.ZS?format=json&per_page=20000&date=2020%3A2024
UZB,EG.ELC.ACCS.ZS,electricity_access_percent,2021,99.9,https://api.worldbank.org/v2/country/all/indicator/EG.ELC.ACCS.ZS?format=json&per_page=20000&date=2020%3A2024
UZB,EG.ELC.ACCS.ZS,electricity_access_percent,2020,100.0,https://api.worldbank.org/v2/country/all/indicator/EG.ELC.ACCS.ZS?format=json&per_page=20000&date=2020%3A2024
VUT,EG.ELC.ACCS.ZS,electricity_access_percent,2024,65.5,https://api.worldbank.org/v2/country/all/indicator/EG.ELC.ACCS.ZS?format=json&per_page=20000&date=2020%3A2024
VUT,EG.ELC.ACCS.ZS,electricity_access_percent,2023,61.6,https://api.worldbank.org/v2/country/all/indicator/EG.ELC.ACCS.ZS?format=json&per_page=20000&date=2020%3A2024
VUT,EG.ELC.ACCS.ZS,electricity_access_percent,2022,70.0,https://api.worldbank.org/v2/country/all/indicator/EG.ELC.ACCS.ZS?format=json&per_page=20000&date=2020%3A2024
VUT,EG.ELC.ACCS.ZS,electricity_access_percent,2021,70.0,https://api.worldbank.org/v2/country/all/indicator/EG.ELC.ACCS.ZS?format=json&per_page=20000&date=2020%3A2024
VUT,EG.ELC.ACCS.ZS,electricity_access_percent,2020,67.3,https://api.worldbank.org/v2/country/all/indicator/EG.ELC.ACCS.ZS?format=json&per_page=20000&date=2020%3A2024
VEN,EG.ELC.ACCS.ZS,electricity_access_percent,2024,100.0,https://api.worldbank.org/v2/country/all/indicator/EG.ELC.ACCS.ZS?format=json&per_page=20000&date=2020%3A2024
VEN,EG.ELC.ACCS.ZS,electricity_access_percent,2023,100.0,https://api.worldbank.org/v2/country/all/indicator/EG.ELC.ACCS.ZS?format=json&per_page=20000&date=2020%3A2024
VEN,EG.ELC.ACCS.ZS,electricity_access_percent,2022,100.0,https://api.worldbank.org/v2/country/all/indicator/EG.ELC.ACCS.ZS?format=json&per_page=20000&date=2020%3A2024
VEN,EG.ELC.ACCS.ZS,electricity_access_percent,2021,100.0,https://api.worldbank.org/v2/country/all/indicator/EG.ELC.ACCS.ZS?format=json&per_page=20000&date=2020%3A2024
VEN,EG.ELC.ACCS.ZS,electricity_access_percent,2020,99.9,https://api.worldbank.org/v2/country/all/indicator/EG.ELC.ACCS.ZS?format=json&per_page=20000&date=2020%3A2024
VNM,EG.ELC.ACCS.ZS,electricity_access_percent,2024,100.0,https://api.worldbank.org/v2/country/all/indicator/EG.ELC.ACCS.ZS?format=json&per_page=20000&date=2020%3A2024
VNM,EG.ELC.ACCS.ZS,electricity_access_percent,2023,99.8,https://api.worldbank.org/v2/country/all/indicator/EG.ELC.ACCS.ZS?format=json&per_page=20000&date=2020%3A2024
VNM,EG.ELC.ACCS.ZS,electricity_access_percent,2022,100.0,https://api.worldbank.org/v2/country/all/indicator/EG.ELC.ACCS.ZS?format=json&per_page=20000&date=2020%3A2024
VNM,EG.ELC.ACCS.ZS,electricity_access_percent,2021,100.0,https://api.worldbank.org/v2/country/all/indicator/EG.ELC.ACCS.ZS?format=json&per_page=20000&date=2020%3A2024
VNM,EG.ELC.ACCS.ZS,electricity_access_percent,2020,99.8,https://api.worldbank.org/v2/country/all/indicator/EG.ELC.ACCS.ZS?format=json&per_page=20000&date=2020%3A2024
VIR,EG.ELC.ACCS.ZS,electricity_access_percent,2024,100.0,https://api.worldbank.org/v2/country/all/indicator/EG.ELC.ACCS.ZS?format=json&per_page=20000&date=2020%3A2024
VIR,EG.ELC.ACCS.ZS,electricity_access_percent,2023,100.0,https://api.worldbank.org/v2/country/all/indicator/EG.ELC.ACCS.ZS?format=json&per_page=20000&date=2020%3A2024
VIR,EG.ELC.ACCS.ZS,electricity_access_percent,2022,100.0,https://api.worldbank.org/v2/country/all/indicator/EG.ELC.ACCS.ZS?format=json&per_page=20000&date=2020%3A2024
VIR,EG.ELC.ACCS.ZS,electricity_access_percent,2021,100.0,https://api.worldbank.org/v2/country/all/indicator/EG.ELC.ACCS.ZS?format=json&per_page=20000&date=2020%3A2024
VIR,EG.ELC.ACCS.ZS,electricity_access_percent,2020,100.0,https://api.worldbank.org/v2/country/all/indicator/EG.ELC.ACCS.ZS?format=json&per_page=20000&date=2020%3A2024
PSE,EG.ELC.ACCS.ZS,electricity_access_percent,2024,100.0,https://api.worldbank.org/v2/country/all/indicator/EG.ELC.ACCS.ZS?format=json&per_page=20000&date=2020%3A2024
PSE,EG.ELC.ACCS.ZS,electricity_access_percent,2023,100.0,https://api.worldbank.org/v2/country/all/indicator/EG.ELC.ACCS.ZS?format=json&per_page=20000&date=2020%3A2024
PSE,EG.ELC.ACCS.ZS,electricity_access_percent,2022,100.0,https://api.worldbank.org/v2/country/all/indicator/EG.ELC.ACCS.ZS?format=json&per_page=20000&date=2020%3A2024
PSE,EG.ELC.ACCS.ZS,electricity_access_percent,2021,100.0,https://api.worldbank.org/v2/country/all/indicator/EG.ELC.ACCS.ZS?format=json&per_page=20000&date=2020%3A2024
PSE,EG.ELC.ACCS.ZS,electricity_access_percent,2020,100.0,https://api.worldbank.org/v2/country/all/indicator/EG.ELC.ACCS.ZS?format=json&per_page=20000&date=2020%3A2024
YEM,EG.ELC.ACCS.ZS,electricity_access_percent,2024,86.3,https://api.worldbank.org/v2/country/all/indicator/EG.ELC.ACCS.ZS?format=json&per_page=20000&date=2020%3A2024
YEM,EG.ELC.ACCS.ZS,electricity_access_percent,2023,83.6,https://api.worldbank.org/v2/country/all/indicator/EG.ELC.ACCS.ZS?format=json&per_page=20000&date=2020%3A2024
YEM,EG.ELC.ACCS.ZS,electricity_access_percent,2022,76.0,https://api.worldbank.org/v2/country/all/indicator/EG.ELC.ACCS.ZS?format=json&per_page=20000&date=2020%3A2024
YEM,EG.ELC.ACCS.ZS,electricity_access_percent,2021,74.9,https://api.worldbank.org/v2/country/all/indicator/EG.ELC.ACCS.ZS?format=json&per_page=20000&date=2020%3A2024
YEM,EG.ELC.ACCS.ZS,electricity_access_percent,2020,73.9,https://api.worldbank.org/v2/country/all/indicator/EG.ELC.ACCS.ZS?format=json&per_page=20000&date=2020%3A2024
ZMB,EG.ELC.ACCS.ZS,electricity_access_percent,2024,53.6,https://api.worldbank.org/v2/country/all/indicator/EG.ELC.ACCS.ZS?format=json&per_page=20000&date=2020%3A2024
ZMB,EG.ELC.ACCS.ZS,electricity_access_percent,2023,51.1,https://api.worldbank.org/v2/country/all/indicator/EG.ELC.ACCS.ZS?format=json&per_page=20000&date=2020%3A2024
ZMB,EG.ELC.ACCS.ZS,electricity_access_percent,2022,47.8,https://api.worldbank.org/v2/country/all/indicator/EG.ELC.ACCS.ZS?format=json&per_page=20000&date=2020%3A2024
ZMB,EG.ELC.ACCS.ZS,electricity_access_percent,2021,46.7,https://api.worldbank.org/v2/country/all/indicator/EG.ELC.ACCS.ZS?format=json&per_page=20000&date=2020%3A2024
ZMB,EG.ELC.ACCS.ZS,electricity_access_percent,2020,44.6,https://api.worldbank.org/v2/country/all/indicator/EG.ELC.ACCS.ZS?format=json&per_page=20000&date=2020%3A2024
ZWE,EG.ELC.ACCS.ZS,electricity_access_percent,2024,62.0,https://api.worldbank.org/v2/country/all/indicator/EG.ELC.ACCS.ZS?format=json&per_page=20000&date=2020%3A2024
ZWE,EG.ELC.ACCS.ZS,electricity_access_percent,2023,62.0,https://api.worldbank.org/v2/country/all/indicator/EG.ELC.ACCS.ZS?format=json&per_page=20000&date=2020%3A2024
ZWE,EG.ELC.ACCS.ZS,electricity_access_percent,2022,50.1,https://api.worldbank.org/v2/country/all/indicator/EG.ELC.ACCS.ZS?format=json&per_page=20000&date=2020%3A2024
ZWE,EG.ELC.ACCS.ZS,electricity_access_percent,2021,49.0,https://api.worldbank.org/v2/country/all/indicator/EG.ELC.ACCS.ZS?format=json&per_page=20000&date=2020%3A2024
ZWE,EG.ELC.ACCS.ZS,electricity_access_percent,2020,52.7,https://api.worldbank.org/v2/country/all/indicator/EG.ELC.ACCS.ZS?format=json&per_page=20000&date=2020%3A2024
