id,inventory_id,agency,use_case_name,development_stage,topic_area,rationale,consensus_P,consensus_O,consensus_W_ind,consensus_W_opt,consensus_W_nar,consensus_H,consensus_status,status_votes,status_agreement_n,unanimous,mean_confidence,formula_corrections,representative_excerpts,argument_status,legacy_status,legacy_matches_consensus
DHS-101,DHS-101,DHS,The Advanced Trade Analytics Platform (ATAP),Deployed,International Affairs,"The AI outputs do not produce an action or serve as a principal basis for a decision that has the potential to significantly impact the safety of human-life or well-being, climate or environment, critical infrastructure, or strategic assets or resources. Additionally, the AI outputs do not serve as a principal basis for a decision or action concerning a specific individual or entity that has a legal, material, binding, or similarly significant effect on that individual’s or entity’s civil rights, civil liberties or privacy, equal opportunities, or access to or the ability to apply for critical government resources or services.",YES,NO,NO,NO,NO,NO,U,"{""U"": 5}",5,1,0.986,0,do not serve as a principal basis for a decision or action || do not produce an action or serve as a principal basis for a decision || do not produce an action or serve as a principal basis,U: publicly unresolved,U,True
DHS-123,DHS-123,DHS,Voice Analytics for Investigative Data,Retired,,"The definition states that the ""output serves as a principal basis for a decision or action concerning a specific individual or entity..."" However, the output of the AI is never the only basis for a decision, and no rights impacting action is taken unless a human is in the loop making a further determatination",YES,NO,NO,NO,NO,YES,D,"{""D"": 5}",5,1,0.976,0,output serves as a principal basis for a decision or action concerning a specific individual or entity || a human is in the loop making a further determatination || the output of the AI || no rights impacting action is taken unless a human is in the loop making a further determatination || output serves as a principal basis for a decision || output serves as a principal basis for a decision or action concerning a specific individual or entity... || output serves as a principal basis || never the only basis || a human is in the loop,U: publicly unresolved,U,False
DHS-125,DHS-125,DHS,Investigative Prioritization Aggregator,Deployed,Law Enforcement,"This use case provides more efficient data processing for HSI personnel. The AI output may be used to produce investigative insights in the form of data, information leads or connections that HSI personnel can use to inform investigations, but the output itself is data preparation and organization so HSI personnel can produce those leads when combining the AI output with the personnel’s expertise and other relevant investigative data and information. Personnel may use these insights for law enforcement purposes in ongoing investigations with existing targets to assist in activities such as producing risk assessments about individuals or identifying criminal suspects; however, all insights are reviewed and validated by both personnel and supervisors before being included in any official case management system, and do not serve as a principal basis for law enforcement action or decision. Any enforcement decisions related to these insights are outcomes of the full Federal Investigation Process involving verifying any insights as evidence (including validating AI-translated material by a certified interpreter), presentation to a U.S. Attorney’s Office and potentially a District Court judge, decision to prosecute, judicial review, and trial and sentencing.",YES,YES,YES,NO,YES,YES,S,"{""S"": 5}",5,1,0.976,0,"do not serve as a principal basis for law enforcement action or decision || investigative insights in the form of data, information leads or connections that HSI personnel can use to inform investigations || the output itself is data preparation and organization so HSI personnel can produce those leads when combining the AI output with the personnel’s expertise and other relevant investigative data and information || all insights are reviewed and validated by both personnel and supervisors || Any enforcement decisions related to these insights are outcomes of the full Federal Investigation Process involving verifying any insights as evidence || data, information leads or connections || full Federal Investigation Process involving verifying any insights as evidence || outcomes of the full Federal Investigation Process involving verifying any insights as evidence || reviewed and validated by both personnel and supervisors",S: minimally supported rebuttal,S,True
DHS-14,DHS-14,DHS,Biometrics Enrollment Tool (BET) Fingerprint Quality Check,Deployed,Law Enforcement,"The AI outputs do not serve as a principal basis for a decision or action concerning a specific individual or entity that has a legal, material, binding, or similarly significant effect on that individual’s or entity’s civil rights, civil liberties or privacy, equal opportunities, or access to or the ability to apply for critical government resources or services. This tool simply identifies whether a fingerprint collected is of sufficient quality to pass the FBI fingerprint check process, ultimately maximizing the number of successful FBI submissions while minimizing the number of fingerprint recaptures necessary. This quality assurance step is one task in a series of adjudication activities but is not determinative of the overall adjudication decision. The tool saves personnel time and resources while enhancing customer experience by helping to ensure that only quality fingerprints are passed forward for matching against the FBI Identity History Summary Check. Results of FBI fingerprint checks are subsequently reviewed by a human as part of the immigration adjudicative process.",YES,YES,NO,NO,YES,YES,S,"{""S"": 5}",5,1,0.9639999999999999,0,do not serve as a principal basis for a decision or action || identifies whether a fingerprint collected is of sufficient quality to pass the FBI fingerprint check process || This quality assurance step is one task in a series of adjudication activities but is not determinative of the overall adjudication decision. || Results of FBI fingerprint checks are subsequently reviewed by a human || identifies whether a fingerprint collected is of sufficient quality || one task in a series of adjudication activities but is not determinative of the overall adjudication decision || not determinative of the overall adjudication decision || reviewed by a human,D: public defeater undefeated,D,False
DHS-180,DHS-180,DHS,Automated Name and Date of Birth (DOB) Harvesting Service,Deployed,Service Delivery,"The use case improves case processing efficiency by reducing the amount of time USCIS staff must spend to manually find aliases and dates of birth (DOBs) in existing records of an individual. The AI outputs do not serve as a principal basis for a decision or action concerning a specific individual or entity that has a legal, material, binding, or similarly significant effect on that individual’s or entity’s civil rights, civil liberties or privacy, equal opportunities, or access to or the ability to apply for critical government resources or services. The use case increases efficiency of tasks associated with accurate and timely identification, analysis, and review of biographical information needed for adjudication. The AI outputs are suggested aliases and DOBs related to the individual query, which USCIS staff must review to accept, reject, or ignore the suggested information. The AI outputs reduce the amount of adjudicative time spent manually harvesting aliases and DOBs. The use case increases efficiency of tasks associated with reviewing existing records for adjudicating requests for immigration benefits. Completing such adjudications are not dependent on the use case however lack of this tool would significantly increase human processing times and potentially reduce the accuracy of information consulted during the human review process.",YES,YES,NO,YES,YES,YES,S,"{""S"": 5}",5,1,0.95,0,"do not serve as a principal basis for a decision or action || suggested aliases and DOBs related to the individual query, which USCIS staff must review to accept, reject, or ignore || Completing such adjudications are not dependent on the use case however lack of this tool would significantly increase human processing times || USCIS staff must review to accept, reject, or ignore the suggested information || suggested aliases and DOBs || Completing such adjudications are not dependent on the use case || USCIS staff must review to accept, reject, or ignore || staff must review to accept, reject, or ignore",D: public defeater undefeated,D,False
DHS-183,DHS-183,DHS,Public Information Compilation for Travel Threat Analysis (Dataminr),Deployed,Admin Functions,"The AI outputs do not produce an action or serve as a principal basis for a decision that has the potential to significantly impact the safety of human-life or well-being, climate or environment, critical infrastructure, or strategic assets or resources. The AI output only provides the officer with complied public information. The AI outputs do not serve as a principal basis for a decision or action concerning a specific individual or entity that has a legal, material, binding, or similarly significant effect on that individual’s or entity’s civil rights, civil liberties or privacy, equal opportunities, or access to or the ability to apply for critical government resources or services.",YES,YES,NO,NO,NO,NO,U,"{""U"": 5}",5,1,0.95,0,do not serve as a principal basis for a decision or action || only provides the officer with complied public information || do not produce an action or serve as a principal basis for a decision || do not produce an action or serve as a principal basis || compiled public information,U: publicly unresolved,U,True
DHS-188,DHS-188,DHS,Airship Outpost for Conveyance Identification,Deployed,Law Enforcement,The AI is not being used for tracking or analysis. It is simply identifying the alpha-numeric values of the conveyances in front of it.,NO,UNCLEAR,NO,NO,NO,NO,U,"{""U"": 5}",5,1,0.978,0,identifying the alpha-numeric values of the conveyances in front of it || identifying the alpha-numeric values of the conveyances || simply identifying,U: publicly unresolved,U,True
DHS-189,DHS-189,DHS,ELIS Card Photo Validation Service,Deployed,Service Delivery,"This use case supports beneficiaries submitting an e-filed I-765 via myUSCIS to apply for employment authorization. These applications include a digital ID photo of the applicant, which will be printed on their Employment Authorization Document (EAD) card if the application is accepted. The use case determines whether a user-uploaded ID photo is suitable for use on an EAD card, and notifies the submitter if it detects a potential quality issue with the photo. (SEE DHS CAIO SUPER MEMO FY24) --- The AI outputs do not serve as a principal basis for a decision or action concerning a specific individual or entity that has a legal, material, binding, or similarly significant effect on that individual’s or entity’s civil rights, civil liberties or privacy, equal opportunities, or access to or the ability to apply for critical government resources or services. The AI outputs are a real-time advisory message to the submitter of the photo that it is of insufficient quality for card production at which point the submitter may choose to resubmit or not. While adjudication of EADs is not dependent on this use case, this tool enhances efficiency and customer service by minimizing the number of cards failing in production and delays related to subsequent requests for information. (SEE USCIS REQUEST FOR DHS CAIO DETERMINATION FY24)",YES,YES,NO,YES,YES,NO,S,"{""S"": 5}",5,1,0.96,0,do not serve as a principal basis for a decision or action || a real-time advisory message to the submitter of the photo that it is of insufficient quality for card production || the submitter may choose to resubmit or not. While adjudication of EADs is not dependent on this use case || a real-time advisory message to the submitter || adjudication of EADs is not dependent on this use case,U: publicly unresolved,U,False
DHS-194,DHS-194,DHS,AI Enabled Autonomous Underwater Vehicle,Pre-deployment,Law Enforcement,"Computer Vision application onboard the ROV detects items of interest (IoI). The ROV also uses AI for collision avoidance. Once an IOI is detected, a bounding box is placed around the suspected IoI in the image and the user is notified of an alert of a potential IOI. The user then reviews the image and decides if a dive team is required for further inspection. The AI output does not serve as a principal basis for any decisions or actions.",YES,YES,UNCLEAR,NO,NO,YES,U,"{""D"": 3, ""S"": 2}",3,0,0.9219999999999999,0,does not serve as a principal basis for any decisions or actions || a bounding box is placed around the suspected IoI in the image and the user is notified of an alert || The user then reviews the image and decides if a dive team is required for further inspection. || The user then reviews the image and decides if a dive team is required || The user then reviews the image || the user is notified of an alert of a potential IOI || The user then reviews the image and decides || an alert of a potential IOI || user then reviews the image and decides,U: publicly unresolved,U,True
DHS-204,DHS-204,DHS,Semantic Search and Summarization for Investigative Data,Pre-deployment,Law Enforcement,"This use case provides a natural language contextual search and summarization capability against existing Reports of Investigation and other investigative data, producing more relevant search responses and investigative insights in the form of data, information leads or connections that HSI personnel can use to inform investigations. The AI output (search queries and responses) provide investigators with easy-to-read search responses that are accompanied by links to source material for further analysis. Any data used to produce these investigative insights are first obtained through legal means and processes for the purposes of law enforcement investigations and do not significantly impact the categories listed in the definitions of “high-impacting AI.” Personnel may use these insights for law enforcement purposes in ongoing investigations with existing targets to assist in activities such as producing risk assessments about individuals or identifying criminal suspects; however, all insights are reviewed and validated by both personnel and supervisors before being included in any official case management system, and do not serve as a principal basis for enforcement decisions. Any enforcement decisions related to these insights are outcomes of the full Federal Investigation Process involving verifying any insights as evidence.",YES,YES,YES,NO,NO,YES,S,"{""S"": 5}",5,1,0.9739999999999999,0,do not serve as a principal basis for enforcement decisions || search responses that are accompanied by links to source material for further analysis || Any enforcement decisions related to these insights are outcomes of the full Federal Investigation Process involving verifying any insights as evidence. || all insights are reviewed and validated by both personnel and supervisors || search responses that are accompanied by links to source material || full Federal Investigation Process involving verifying any insights as evidence || search queries and responses || reviewed and validated by both personnel and supervisors,S: minimally supported rebuttal,S,True
DHS-234,DHS-234,DHS,Relocatable Multi-Sensor System,Pre-deployment,Law Enforcement,"Sensors and CUAS capabilities to support significant events. The AI combines sensor data from RF detections / radar/ and infrared / electro optical cameras. It combines all feeds and provides detections on the user interface back to users. Fully standalone and airgapped system. Looking to identify non-RF drones. System does not have any mitigation capability, system cannot autonomously mitigate an aircraft, it only detects and provides a digital track on the GUI/map for further user investigation. This use of AI does not serve as a principal basis for decision or action.",YES,YES,NO,NO,YES,NO,S,"{""S"": 5}",5,1,0.9480000000000001,0,"does not serve as a principal basis for decision or action || provides detections on the user interface back to users || system cannot autonomously mitigate an aircraft, it only detects and provides a digital track on the GUI/map for further user investigation || provides detections on the user interface || system cannot autonomously mitigate an aircraft, it only detects and provides a digital track || cannot autonomously mitigate an aircraft, it only detects",U: publicly unresolved,U,False
DHS-2363,DHS-2363,DHS,Anomaly Detection COV Structure,Pre-deployment,Law Enforcement,"Computer Vision is intended to detect anomalies in non-intrusive inspection images. The images are then shared with officers who review the detections within the images (represented as a polygon). If the officer feels physical review is required, the vehicle is moved to secondary inspection for more thorough review by an officer. The output of the AI does not serve as a principal basis for a decision or action.",YES,YES,NO,NO,NO,YES,D,"{""D"": 5}",5,1,0.9600000000000002,0,"does not serve as a principal basis for a decision or action || detections within the images (represented as a polygon) || If the officer feels physical review is required, the vehicle is moved to secondary inspection || detect anomalies in non-intrusive inspection images || If the officer feels physical review is required || secondary inspection for more thorough review || officers who review the detections",U: publicly unresolved,U,False
DHS-2365,DHS-2365,DHS,Anomaly Detection POV Structure,Pre-deployment,Law Enforcement,"Computer Vision is intended to detect anomalies in non-intrusive inspection images. The images are then shared with officers who review the detections within the images (represented as a polygon). If the officer feels physical review is required, the vehicle is moved to secondary inspection for more thorough review by an officer. The output of the AI does not serve as a principal basis for a decision or action.",YES,YES,NO,NO,NO,YES,D,"{""D"": 5}",5,1,0.9600000000000002,0,"does not serve as a principal basis for a decision or action || detections within the images (represented as a polygon) || If the officer feels physical review is required, the vehicle is moved to secondary inspection || detect anomalies in non-intrusive inspection images || If the officer feels physical review is required || secondary inspection for more thorough review || officers who review the detections",U: publicly unresolved,U,False
DHS-2383,DHS-2383,DHS,Unmanned Aircraft Collision Avoidance,Deployed,Law Enforcement,"This use case avoids collisions for small unmanned aircraft systems. It operates a video feed that activates the obstacle avoidance features. The obstacle avoidance capability assists the pilot on the ground to avoid colliding the unmanned aircraft with objects such as man-made structures, vehicles, trees, wires, or other objects in the projected flight path. The pilot receives a visual alert on the hand controller, indicating a possible collision and in some cases the aircraft will slow down, change direction to avoid the obstacle, or stop.",NO,YES,NO,NO,NO,NO,U,"{""U"": 5}",5,1,0.9800000000000001,0,"The pilot receives a visual alert on the hand controller, indicating a possible collision || The pilot receives a visual alert || visual alert on the hand controller",U: publicly unresolved,U,True
DHS-24,DHS-24,DHS,Entity Resolution,Deployed,Law Enforcement,"The AI outputs do not produce an action or serve as a principal basis for a decision that has the potential to significantly impact the safety of human-life or well-being, climate or environment, critical infrastructure, or strategic assets or resources. AI outputs do not serve as a principal basis for a decision or action concerning a specific individual or entity that has a legal, material, binding, or similarly significant effect on that individual’s or entity’s civil rights, civil liberties or privacy, equal opportunities, or access to or the ability to apply for critical government resources or services.",YES,NO,NO,NO,NO,NO,U,"{""U"": 5}",5,1,0.986,0,do not serve as a principal basis for a decision or action || do not produce an action or serve as a principal basis for a decision || do not produce an action or serve as a principal basis,U: publicly unresolved,U,True
DHS-2417,DHS-2417,DHS,Process Efficiency Traveler Identity for Airline Check-in and Bag Drop,Deployed,Law Enforcement,"This is an option for travelers, not a requirement. If a traveler chooses to use it and the service cannot match a traveler, the traveler may continue check-in/bag drop via another means. CBP does not make any decision or action based on a no-match.",YES,YES,NO,YES,NO,NO,S,"{""S"": 5}",5,1,0.984,0,CBP does not make any decision or action based on a no-match. || the service cannot match a traveler || the traveler may continue check-in/bag drop via another means || does not make any decision or action based on a no-match || the traveler may continue check-in/bag drop via another means. CBP does not make any decision or action based on a no-match. || service cannot match a traveler || traveler may continue check-in/bag drop via another means,U: publicly unresolved,U,False
DHS-2427,DHS-2427,DHS,Translation and Transcription for Investigative Data,Deployed,Law Enforcement,"This use case provides more efficient data processing for HSI personnel. The AI output may be used to produce investigative insights in the form of data, information leads or connections that HSI personnel can use to inform investigations, but the output itself is data preparation and organization so HSI personnel can produce those leads when combining the AI output with the personnel’s expertise and other relevant investigative data and information. Personnel may use these insights for law enforcement purposes in ongoing investigations with existing targets to assist in activities such as producing risk assessments about individuals or identifying criminal suspects; however, all insights are reviewed and validated by both personnel and supervisors before being included in any official case management system, and do not serve as a principal basis for law enforcement action or decision. Any enforcement decisions related to these insights are outcomes of the full Federal Investigation Process involving verifying any insights as evidence (including validating AI-translated material by a certified interpreter), presentation to a U.S. Attorney’s Office and potentially a District Court judge, decision to prosecute, judicial review, and trial and sentencing.",YES,YES,YES,NO,YES,YES,S,"{""S"": 5}",5,1,0.976,0,"do not serve as a principal basis for law enforcement action or decision || investigative insights in the form of data, information leads or connections that HSI personnel can use to inform investigations || the output itself is data preparation and organization so HSI personnel can produce those leads when combining the AI output with the personnel’s expertise and other relevant investigative data and information || all insights are reviewed and validated by both personnel and supervisors || Any enforcement decisions related to these insights are outcomes of the full Federal Investigation Process involving verifying any insights as evidence || data, information leads or connections || full Federal Investigation Process involving verifying any insights as evidence || outcomes of the full Federal Investigation Process involving verifying any insights as evidence || reviewed and validated by both personnel and supervisors",S: minimally supported rebuttal,S,True
DHS-2434,DHS-2434,DHS,User and Entity Behavior Analytics (UEBA),Deployed,Admin Functions,"The CVAS sub-system inside the VIEW system of record is not a high-impact use case because the Al's output from CVAS does not actually ""serve as a principal basis for"" the relevant type of agency action or decision. The collated information supports decisions about staffing priorities but is not used to make security-related or employment-related decisions. The use case also does not perform workplace monitoring or surveillance.",YES,YES,NO,NO,YES,NO,S,"{""S"": 5}",5,1,0.9359999999999999,0,"does not actually ""serve as a principal basis for"" the relevant type of agency action or decision || The collated information supports decisions about staffing priorities || supports decisions about staffing priorities but is not used to make security-related or employment-related decisions || does not actually serve as a principal basis || is not used to make security-related or employment-related decisions || The collated information supports decisions about staffing priorities but is not used to make security-related or employment-related decisions. || collated information supports decisions about staffing priorities || not used to make security-related or employment-related decisions",U: publicly unresolved,U,False
DHS-2511,DHS-2511,DHS,AI-Assisted Audio/Video Redaction,Deployed,Law Enforcement,"The AI-Assisted Audio/Video Redaction use case does not meet the definition of a High-Impact category under OMB M-25-21 due to its narrowly defined scope, reliance on human oversight, and non-decision-making role. This tool is designed to assist Homeland Security Investigations (HSI) by partially automating the redaction of audio and video evidence, such as detecting and obscuring faces, objects, or sensitive information (e.g., license plates, PII), to protect individuals’ identities during investigations and legal proceedings. Importantly, the tool does not perform 1:1 facial matching or identification, and its outputs are strictly limited to redactions, which are subject to comprehensive human review and editing before finalization. This ensures that the AI’s role is supportive rather than determinative, with no direct impact on investigative decisions or legal outcomes.",YES,YES,NO,NO,YES,YES,S,"{""S"": 5}",5,1,0.9799999999999999,0,"no direct impact on investigative decisions or legal outcomes || detecting and obscuring faces, objects, or sensitive information || its outputs are strictly limited to redactions || subject to comprehensive human review and editing before finalization || outputs are strictly limited to redactions || subject to comprehensive human review and editing || with no direct impact on investigative decisions or legal outcomes || the tool does not perform 1:1 facial matching or identification, and its outputs are strictly limited to redactions || comprehensive human review and editing",U: publicly unresolved,U,False
DHS-2517,DHS-2517,DHS,Dark Web Threat Intelligence for Cyber Investigations,Deployed,Law Enforcement,"This use case provides a more efficient way to process, review, summarize, translate, and analyze dark web data for use in HSI investigations. The AI output may be used to produce investigative insights, but the output itself is supporting information for HSI personnel to use for ease of review, for further analysis, and to produce leads. Insights derived from translated data allow investigators to identify the most relevant data that, if deemed critical for court proceedings, can be submitted to certified human translators for final review. Personnel may use investigative insights for law enforcement actions such as identifying criminal suspects; however, all insights are reviewed and validated by both personnel and supervisors before being included in any official case management system, and do not serve as a principal basis for any law enforcement action or decision. Any enforcement decisions related to these insights are outcomes of the full Federal Investigation Process involving verifying any insights as evidence (including validating AI-translated material by a certified interpreter), presentation to a U.S. Attorney’s Office and potentially a District Court judge, decision to prosecute, judicial review, and trial and sentencing.",YES,YES,YES,NO,NO,YES,S,"{""S"": 5}",5,1,0.9780000000000001,0,do not serve as a principal basis for any law enforcement action or decision || investigative insights || Any enforcement decisions related to these insights are outcomes of the full Federal Investigation Process involving verifying any insights as evidence || all insights are reviewed and validated by both personnel and supervisors || supporting information for HSI personnel || full Federal Investigation Process involving verifying any insights as evidence || submitted to certified human translators for final review || reviewed and validated by both personnel and supervisors,S: minimally supported rebuttal,S,True
DHS-2543,DHS-2543,DHS,AI Security and Monitoring,Deployed,Cybersecurity,This use case collates information provided by or authorized to be collected by an employee as part of network security process. The collated information supports decisions about staffing priorities but is not used to make security-related or employment-related decisions.,YES,YES,NO,NO,YES,NO,S,"{""S"": 5}",5,1,0.9339999999999999,0,not used to make security-related or employment-related decisions || collates information provided by or authorized to be collected by an employee || supports decisions about staffing priorities but is not used to make security-related or employment-related decisions || The collated information supports decisions about staffing priorities || The collated information supports decisions about staffing priorities but is not used to make security-related or employment-related decisions. || collates information || supports decisions about staffing priorities,U: publicly unresolved,U,False
DHS-2547,DHS-2547,DHS,Entity Resolution for Global Trade Data,Deployed,Law Enforcement,"Although the use case falls into a presumed high-impact category related to law enforcement investigations, it does not meet the high-impact definition as its outputs do not directly serve as a principal basis for enforcement actions or regulatory decisions. Instead, the AI-generated knowledge graph provides a foundation for further human-led investigation, requiring source validation through separate processes. This delineation ensures that the AI output remains a supportive rather than a determinative factor, disqualifying it from the high-impact AI system category.",YES,YES,YES,NO,NO,YES,U,"{""D"": 2, ""S"": 3}",3,0,0.9659999999999999,0,outputs do not directly serve as a principal basis for enforcement actions or regulatory decisions || the AI-generated knowledge graph provides a foundation for further human-led investigation || requiring source validation through separate processes || provides a foundation for further human-led investigation || do not directly serve as a principal basis for enforcement actions or regulatory decisions || AI-generated knowledge graph || further human-led investigation,S: minimally supported rebuttal,S,False
DHS-2552,DHS-2552,DHS,Mobile Device Forensics for Investigations,Pre-deployment,Law Enforcement,"This use case falls into a presumptive high-impact category under M-25-21 Section 6 (j) due to its role in supporting law enforcement activities, specifically application of digital forensic techniques. However, it does not meet the definition of high-impact AI as outlined in OMB Memorandum M-25-21 because its outputs do not serve as a ""principal basis"" for decisions or actions with legal, material, binding, or significant effects on an individual or entity's civil rights, civil liberties, or privacy; or human health and safety. The AI capabilities, including classification, decoding, and origin analysis, are designed to assist analysts in prioritizing human review rather than independently determining outcomes. For example, AI-generated tags and app artifacts are suggestions that require manual validation and further investigation before enforcement actions are taken. All outputs are reviewed as part of a broader investigative process before any actions are taken.",YES,YES,UNCLEAR,NO,UNCLEAR,YES,U,"{""D"": 3, ""S"": 2}",3,0,0.916,0,"outputs do not serve as a ""principal basis"" for decisions or actions with legal, material, binding, or significant effects || AI-generated tags and app artifacts are suggestions || designed to assist analysts in prioritizing human review rather than independently determining outcomes || All outputs are reviewed as part of a broader investigative process before any actions are taken. || require manual validation and further investigation before enforcement actions are taken || outputs do not serve as a ""principal basis"" || classification, decoding, and origin analysis || manual validation and further investigation || require manual validation || designed to assist analysts in prioritizing human review",S: minimally supported rebuttal,S,False
DHS-2565,DHS-2565,DHS,CBP Common AI Service(CCAIS) Image Analysis and Data Correlation,Pre-deployment,Law Enforcement,"This use case is not yet live in production, and the current ATT only covers for within the CCAIS platform. The use case needs further review, prior to the ATT for ICAD integration. The model can identify people, animals, and vehicles as well as extract license plate information, and we will need to determine how exactly the extracted information will be used for operations if it is determined to be feasible. The AI inventory team will need to review once the AI Use Case is fully defined.",NO,UNCLEAR,NO,NO,NO,NO,U,"{""U"": 5}",5,1,0.984,0,"we will need to determine how exactly the extracted information will be used for operations || identify people, animals, and vehicles as well as extract license plate information || identify people, animals, and vehicles",U: publicly unresolved,U,True
DHS-2568,DHS-2568,DHS,Non-intrusive vessel and object detection tool (Tethered Aerostat Radar System (TARS)),Pre-deployment,Law Enforcement,"The AI will analyze images from the sensors to determine what the item is in the image (e.g. Vessel). The image location will also be correlated with any publicly available AIS (Automated Identified System) data for maritime traffic. AIS is used as a filtering mechanism in most cases to filter out legitimate traffic. User is provided with information for detected objects lacking AIS signal. After the alert of a detection, a trained CBP agent or user, reviews the image to identify and classify the activity taking place. This use of AI does not serve as the principal basis for decisions or actions.",YES,YES,UNCLEAR,NO,NO,YES,U,"{""D"": 2, ""S"": 3}",3,0,0.844,0,"does not serve as the principal basis for decisions or actions || User is provided with information for detected objects lacking AIS signal. || AIS is used as a filtering mechanism in most cases to filter out legitimate traffic. || a trained CBP agent or user, reviews the image to identify and classify the activity taking place || After the alert of a detection, a trained CBP agent or user, reviews the image to identify and classify the activity taking place. || a trained CBP agent or user, reviews the image || does not serve as the principal basis || provided with information for detected objects lacking AIS signal || AIS is used as a filtering mechanism || reviews the image || analyze images from the sensors || agent or user, reviews the image",U: publicly unresolved,U,True
DHS-2572,DHS-2572,DHS,Acoustic Signature AI for Gunshot Detection,Pilot,Law Enforcement,"This system detects sounds that are associated with sounds of gunfire. Only events classified as High Confidence are then sent to users as a detection. Users then review the audio of the event to determine the accuracy of the detection and to review the location of the detection on an associated map. If the audio review is deemed relevant by agent and/or system users, agents may be sent to investigate further and the message is sent to field personnel of potential gunshot activity. It may be warning of activity south of the border where notifications made enhance safety of officers/agents in the region. Any further actions taken will be based on what the agents encounter when they arrive on scene. The AI associated with this system is not a principle basis for a decision or action.",YES,YES,YES,NO,NO,YES,S,"{""S"": 5}",5,1,0.97,0,not a principle basis for a decision or action || Only events classified as High Confidence are then sent to users as a detection. || Any further actions taken will be based on what the agents encounter when they arrive on scene. || Users then review the audio of the event to determine the accuracy of the detection || detects sounds that are associated with sounds of gunfire || actions taken will be based on what the agents encounter || Users then review the audio || detects sounds...of gunfire || based on what the agents encounter when they arrive on scene,U: publicly unresolved,U,False
DHS-2575,DHS-2575,DHS,Blockchain Analysis,Deployed,Law Enforcement,"Despite falling into a presumed category of high-impact AI, this use case does not meet the definition because the AI’s outputs serve primarily as inputs to an investigative process rather than making legally binding or material decisions itself. HSI investigators review, validate, and contextualize the AI-generated outputs before integrating them into any official case management system. Enforcement decisions and outcomes arise from a full investigative process that includes judicial review and other safeguards, thereby distancing the AI outputs from direct impact on civil liberties or privacy",YES,UNCLEAR,YES,NO,NO,YES,U,"{""S"": 2, ""U"": 3}",3,0,0.898,0,"rather than making legally binding or material decisions itself || the AI’s outputs serve primarily as inputs to an investigative process || Enforcement decisions and outcomes arise from a full investigative process that includes judicial review || HSI investigators review, validate, and contextualize the AI-generated outputs || AI’s outputs serve primarily as inputs to an investigative process || Enforcement decisions and outcomes arise from a full investigative process that includes judicial review and other safeguards || includes judicial review and other safeguards || investigators review, validate, and contextualize || outputs serve primarily as inputs to an investigative process || AI-generated outputs || full investigative process that includes judicial review",S: minimally supported rebuttal,S,False
DHS-2578,DHS-2578,DHS,Enhanced Lead Identification and Targeting,Deployed,Law Enforcement,"While ELITE provides actionable data to ERO officers, its outputs are limited to normalized address data and do not serve as a principal basis for decisions or actions with legal, material, binding, or significant effects on individuals. ERO officers review and validate the AI-driven outputs before determining actions, ensuring human oversight and additional verification steps. Furthermore, enforcement decisions are based on the full investigative process, which includes human analysis and validation of the source of AI outputs. As such, the AI system's role is limited to data extraction and normalization, rather than serving as a primary basis for enforcement actions.",YES,YES,UNCLEAR,NO,YES,YES,U,"{""D"": 2, ""S"": 3}",3,0,0.9359999999999999,0,"do not serve as a principal basis for decisions or actions with legal, material, binding, or significant effects || its outputs are limited to normalized address data || the AI system's role is limited to data extraction and normalization, rather than serving as a primary basis for enforcement actions || ERO officers review and validate the AI-driven outputs before determining actions || outputs are limited to normalized address data || role is limited to data extraction and normalization, rather than serving as a primary basis for enforcement actions || do not serve as a principal basis || limited to normalized address data || additional verification steps || ERO officers review and validate || normalized address data || review and validate the AI-driven outputs",S: minimally supported rebuttal,S,False
DHS-2595,DHS-2595,DHS,Open-Source Intelligence for Lead Identification and Targeting,Pre-deployment,Law Enforcement,"This use case falls into a presumptive high-impact category due to its role in supporting law enforcement activities, specifically in identifying individuals who pose risks to community safety or violate U.S. immigration laws. However, it does not meet the definition of high-impact AI as outlined in OMB Memorandum M-25-21 because its outputs do not serve as a ""principal basis"" for decisions or actions with legal, material, binding, or significant effects on an individual or entity's civil rights, civil liberties, or privacy; or human health and safety. The AI modules, including risk extraction, image analysis, language detection, and AI chat, are designed to augment traditional investigative processes by providing structured annotations and insights for analysts to review. These outputs are explicitly described as supporting tools that require human validation and integration with other government data holdings before any enforcement action is taken. Furthermore, the AI system operates as a supplementary tool, consolidating and organizing information to enhance efficiency, but does not independently produce outcomes that directly affect civil rights, civil liberties, or privacy. The safeguards in place, including human validation and adherence to established legal standards, ensure that the AI outputs remain supportive rather than determinative, confirming that this use case does not meet the high-impact definition.",YES,YES,YES,NO,NO,YES,S,"{""D"": 1, ""S"": 4}",4,0,0.9480000000000001,0,"outputs do not serve as a ""principal basis"" for decisions or actions with legal, material, binding, or significant effects || providing structured annotations and insights for analysts to review || integration with other government data holdings before any enforcement action is taken || The safeguards in place, including human validation || require human validation and integration with other government data holdings before any enforcement action is taken || human validation || do not serve as a ""principal basis"" || structured annotations and insights || integration with other government data holdings before any enforcement action || require human validation || outputs do not serve as a ""principal basis""",S: minimally supported rebuttal,S,True
DHS-2627,DHS-2627,DHS,Extended Automated Name Harvesting (eANH),Pre-deployment,Benefits Processing,"No. The AI outputs do not serve as a principal basis for a decision or action concerning a specific individual or entity that has a legal, material, binding, or similarly significant effect on that individual’s or entity’s civil rights, civil liberties or privacy, equal opportunities, or access to or the ability to apply for critical government resources or services. The use case increases efficiency of tasks associated with the accurate and timely identification, analysis, and review of biographical information needed for adjudication. The AI outputs are suggested aliases and DOBs related to the individual query, which USCIS staff must review to accept, reject, or ignore the suggested information. The AI outputs reduce the amount of adjudicative time spent manually harvesting aliases and DOBs. The use case increases efficiency of tasks associated with reviewing existing records for adjudicating requests for immigration benefits. Completing such adjudications are not dependent on the use case however lack of this tool would significantly increase human processing times and potentially reduce the accuracy of information consulted during the human review process.",YES,YES,NO,YES,NO,YES,S,"{""S"": 5}",5,1,0.966,0,"do not serve as a principal basis for a decision or action concerning a specific individual or entity that has a legal, material, binding, or similarly significant effect || The AI outputs are suggested aliases and DOBs related to the individual query || Completing such adjudications are not dependent on the use case || USCIS staff must review to accept, reject, or ignore the suggested information || do not serve as a principal basis || suggested aliases and DOBs || adjudications are not dependent on the use case || staff must review to accept, reject, or ignore || The AI outputs are suggested aliases and DOBs || The adjudication process can be conducted without this tool",D: public defeater undefeated,D,False
DHS-2667,DHS-2667,DHS,Global Maritime Intelligence,Pre-deployment,Law Enforcement,"This use case does not meet the definition of ""high-impact"" as outlined in Section 5 of M-25-21 because its outputs do not serve as a ""principal basis for decisions or actions that have a legal, material, binding, or significant effect on rights or safety."" Instead, the AI system generates intelligence reports and risk assessments that are used to support human decision-making. Analysts review the outputs and initiate follow-on actions after validating the source data, such as inspections or investigations, ensuring that the AI's outputs are not the sole or principal basis for these decisions. While the use case aligns with a presumed high-impact category due to its critical role in maritime safety and law enforcement, it does not meet the stricter definition of high-impact because its outputs are advisory and produce leads that must be validated as part of the investigative process prior to action being taken.",YES,YES,UNCLEAR,NO,NO,YES,D,"{""D"": 4, ""S"": 1}",4,0,0.9019999999999999,0,"outputs do not serve as a ""principal basis for decisions or actions that have a legal, material, binding, or significant effect on rights or safety."" || generates intelligence reports and risk assessments that are used to support human decision-making || Analysts review the outputs and initiate follow-on actions after validating the source data || must be validated as part of the investigative process prior to action being taken || not the sole or principal basis || generates intelligence reports and risk assessments || validating the source data || support human decision-making || after validating the source data || Analysts review the outputs and initiate follow-on actions || intelligence reports and risk assessments || validating the source data, such as inspections or investigations || Analysts review the outputs",S: minimally supported rebuttal,S,False
DHS-2729,DHS-2729,DHS,Facial Recognition for National Security and Transnational Criminal Organizations,Pilot,Law Enforcement,"The AI utilizes publicly available images and performs a comparative search against other open-source images to identify potential matches. Results produced by the AI can only be utilized for investigative leads and cannot be utilized as a determining factor for any enforcement action by CBP personnel. Therefore, in instances where the AI outputs assist in identifying leads, CBP personnel must then use internal CBP or USG data prior to making any law enforcement decisions or actions. The outputs of the AI do not serve as the principal basis for a high-impact decision or action.",YES,YES,YES,NO,YES,NO,S,"{""S"": 5}",5,1,0.984,0,do not serve as the principal basis for a high-impact decision or action || identify potential matches || CBP personnel must then use internal CBP or USG data prior to making any law enforcement decisions or actions. || performs a comparative search against other open-source images to identify potential matches || can only be utilized for investigative leads and cannot be utilized as a determining factor for any enforcement action || do not serve as the principal basis || comparative search against other open-source images || must then use internal CBP or USG data prior to making any law enforcement decisions || cannot be utilized as a determining factor for any enforcement action || must then use internal CBP or USG data prior to making any law enforcement decisions or actions,U: publicly unresolved,U,False
DHS-310,DHS-310,DHS,Customs Broker License Exam - Proctor Support,Deployed,HR,"This is not a high impact case because this would only be used in for examinees taking the Customs Broker License Exam and not used in requests for federal services, processes, and benefits to include loans and access to public housing. This is just a feature that the CBP exam vendor uses to detect cheating during the exam.",YES,YES,NO,NO,NO,NO,U,"{""U"": 5}",5,1,0.882,0,"not used in requests for federal services, processes, and benefits || a feature that the CBP exam vendor uses to detect cheating during the exam || the CBP exam vendor uses to detect cheating during the exam || detect cheating during the exam || uses to detect cheating during the exam",U: publicly unresolved,U,True
DHS-317,DHS-317,DHS,RAPTOR (Rapid Tactical Operations Reconnaissance),Pre-deployment,Law Enforcement,"The AI system processes data from radar, infrared sensors, and video surveillance to detect and track suspicious activities along U.S. borders. By incorporating AI-powered vessel registration, aircraft tail number, license plate, and object detection RAPTOR significantly boosts domain awareness. If the OCR can capture vessel or license plate information, that information is run through CBP Super Query and if derogatory information is returned or other information from the imagery (high number of gas cans in the image) the information is sent through SMS or email to the field for response to the potential activity. Agents log into RAPTOR and reviews for accuracy/validity of image to avoid any investigation of the wrong boat. Neither the AI or output of AI serves as a principal basis for a decision or action. Human review takes place prior to any final decision to act, and then personal interaction leads to any follow-up decisions.",YES,YES,YES,NO,NO,YES,S,"{""S"": 5}",5,1,0.9219999999999999,0,"Neither the AI or output of AI serves as a principal basis for a decision or action. || processes data from radar, infrared sensors, and video surveillance to detect and track suspicious activities || then personal interaction leads to any follow-up decisions || Human review takes place prior to any final decision to act || AI-powered vessel registration, aircraft tail number, license plate, and object detection || that information is run through CBP Super Query and if derogatory information is returned or other information from the imagery || Neither the AI or output of AI serves as a principal basis || vessel registration, aircraft tail number, license plate, and object detection || personal interaction leads to any follow-up decisions || Human review takes place",S: minimally supported rebuttal,S,True
DHS-35,DHS-35,DHS,Autonomous Surveillance Tower,Deployed,Law Enforcement,"The AI outputs do not serve as a principal basis for a decision or action concerning a specific individual or entity that has a legal, material, binding, or similarly significant effect on that individual’s or entity’s civil rights, civil liberties or privacy, equal opportunities, or access to or the ability to apply for critical government resources or services. The AI provides alerts when it detects the presence of an IoI (i.e., persons, vehicles, animals) in the image frame. With regard to persons, this computer vision application is trained to determine if the object in the image frame is a person with a certain of level of confidence and not another object that may be shaped similarly to a person. After the alert of a detection, a trained agent or user, reviews the image to identify and classify the activity taking place. The AI merely alerts to the presence of an item it was trained to detect. This is not a biometric system and does not identify or track specific individuals.",YES,YES,NO,NO,YES,YES,S,"{""D"": 1, ""S"": 4}",4,0,0.9139999999999999,0,"do not serve as a principal basis for a decision or action concerning a specific individual or entity that has a legal, material, binding, or similarly significant effect || provides alerts when it detects the presence of an IoI || The AI merely alerts to the presence of an item it was trained to detect. This is not a biometric system and does not identify or track specific individuals. || a trained agent or user, reviews the image to identify and classify the activity taking place || The AI merely alerts to the presence of an item it was trained to detect. || do not serve as a principal basis || merely alerts to the presence of an item || reviews the image || reviews the image to identify and classify the activity taking place || a trained agent or user, reviews the image || provides alerts when it detects the presence || trained agent or user, reviews the image",U: publicly unresolved,U,False
DHS-37,DHS-37,DHS,Automated Item of Interest Detection,Deployed,Law Enforcement,"The AI outputs do not serve as a principal basis for a decision or action concerning a specific individual or entity that has a legal, material, binding, or similarly significant effect on that individual’s or entity’s civil rights, civil liberties or privacy, equal opportunities, or access to or the ability to apply for critical government resources or services. The AI runs on video and images captured from lawfully deployed technologies used to support the U.S. Border Patrol mission between Ports of Entry. The AI provides alerts when it detects the presence of an IoI, such as persons, vehicles, animals in the image frame. With regard to persons, this computer vision application is trained to determine if the object in the image frame is a person with a certain of level of confidence and not another object that may be shaped similarly to a person. After the alert of a detection, a trained agent or user, reviews the image to identify and classify the activity taking place. The AI merely alerts to the presence of an item it was trained to detect.",YES,YES,NO,NO,YES,YES,U,"{""D"": 2, ""S"": 3}",3,0,0.9179999999999999,0,"do not serve as a principal basis for a decision or action concerning a specific individual or entity that has a legal, material, binding, or similarly significant effect || provides alerts when it detects the presence of an IoI || The AI merely alerts to the presence of an item it was trained to detect. || a trained agent or user, reviews the image to identify and classify the activity taking place || do not serve as a principal basis || merely alerts to the presence of an item || reviews the image || reviews the image to identify and classify the activity taking place || a trained agent or user, reviews the image || provides alerts when it detects the presence || trained agent or user, reviews the image",U: publicly unresolved,U,True
DHS-372,DHS-372,DHS,User Entity and Behavior Analytics (UEBA) for Security Operations (SecOps) Anomaly Identification,Deployed,Cybersecurity,This use case collates information provided by or authorized to be collected by an employee as part of network security process. The collated information supports decisions about staffing priorities but is not used to make security-related or employment-related decisions.,YES,YES,NO,NO,YES,NO,U,"{""S"": 3, ""U"": 2}",3,0,0.9099999999999999,0,is not used to make security-related or employment-related decisions || The collated information supports decisions about staffing priorities || supports decisions about staffing priorities but is not used to make security-related or employment-related decisions || not used to make security-related or employment-related decisions || collated information supports decisions about staffing priorities || collates information,U: publicly unresolved,U,True
DHS-38,DHS-38,DHS,Vessel Detection,Deployed,Law Enforcement,The computer vision application scans a large grid within the viewshed of the high-definition camera. It then attempts to detect small vessels detecting entering and exiting small waterways in and around the area the camera is deployed. System is calibrated to detect to identify inbound and outbound traffic. When it detects a vessel it sends and image to the cloud for user review and determination if any follow-up action is required. The AI output does not serve as a principal basis for decisions or actions related to the definition of High-Impact AI.,YES,YES,NO,NO,NO,YES,U,"{""D"": 3, ""S"": 2}",3,0,0.9039999999999999,0,does not serve as a principal basis for decisions or actions related to the definition of High-Impact AI || When it detects a vessel it sends and image to the cloud || for user review and determination if any follow-up action is required || When it detects a vessel it sends and image to the cloud for user review || user review and determination if any follow-up action is required || does not serve as a principal basis || detect small vessels || user review and determination,U: publicly unresolved,U,True
DHS-401,DHS-401,DHS,Vault Access Log (SPVAA),Deployed,Admin Functions,"This use case uses facial recognition technology in Seized Property Vault Activity Automation (SPVAA) to create a log of access to a seized property vault. Photos of the CBP personnel accessing the vault are loaded into the application and logs the entrance request, the case number associated with the entrance request, and the individual’s access to the vault.",NO,YES,NO,NO,NO,NO,U,"{""U"": 5}",5,1,0.9880000000000001,0,uses facial recognition technology in Seized Property Vault Activity Automation (SPVAA) to create a log of access || facial recognition technology in Seized Property Vault Activity Automation (SPVAA) to create a log of access || create a log of access,U: publicly unresolved,U,True
DHS-407,DHS-407,DHS,Biometric Check-in for ATD-ISAP (SmartLINK),Deployed,Law Enforcement,"Facial verification is only one option for check-in. If the remote check-in fails, either because it was unable to verify the match between the user and their previously taken photo, or because of other potential issues (poor lighting, camera/phone malfunction, etc...), an officer will manually review the check-in photo against the previously taken photos. If that fails, the user can schedule an in-person check-in at their local ERO office. Therefore, the output of AI (facial verification for a remote check-in) is not the primary basis for a decision or action that would affect the individual's rights or safety. It is a convenience to help save time for both the user and officers.",YES,YES,YES,YES,NO,YES,S,"{""S"": 5}",5,1,0.984,0,"not the primary basis for a decision or action that would affect the individual's rights or safety || facial verification for a remote check-in || If that fails, the user can schedule an in-person check-in at their local ERO office. || an officer will manually review the check-in photo against the previously taken photos || schedule an in-person check-in at their local ERO office || an officer will manually review || is not the primary basis for a decision or action that would affect the individual's rights or safety || output of AI (facial verification for a remote check-in) || the user can schedule an in-person check-in at their local ERO office || user can schedule an in-person check-in",S: minimally supported rebuttal,S,True
DHS-417,DHS-417,DHS,Machine Learning Analysis Applied to Cyber Threat Hunt Data,Pre-deployment,Cybersecurity,"The AI outputs do not produce an action or serve as a principal basis for a decision that has the potential to significantly impact the safety of human-life or well-being, climate or environment, critical infrastructure, or strategic assets or resources. This use case detects anomalies or outliers, and also may be used to classify or categorize certain activity within data that has already been collected during an authorized cyber threat hunt operation within TSA’s networks. The AI outputs are reviewed by a human analyst team to determine if any of the patterns might be associated with unusual activity. The analyst would then continue to investigate further as during normal threat hunt operations.",YES,YES,UNCLEAR,NO,NO,YES,D,"{""D"": 4, ""S"": 1}",4,0,0.938,0,"do not produce an action or serve as a principal basis for a decision that has the potential to significantly impact the safety of human-life or well-being, climate or environment, critical infrastructure, or strategic assets or resources || detects anomalies or outliers, and also may be used to classify or categorize certain activity || The AI outputs are reviewed by a human analyst team to determine if any of the patterns might be associated with unusual activity. || do not produce an action or serve as a principal basis for a decision that has the potential to significantly impact the safety of human-life or well-being || The analyst would then continue to investigate further as during normal threat hunt operations. || The AI outputs are reviewed by a human analyst team || do not produce an action or serve as a principal basis || detects anomalies or outliers || continue to investigate further || reviewed by a human analyst team || do not produce an action or serve as a principal basis for a decision that has the potential to significantly impact || continue to investigate further as during normal threat hunt operations",D: public defeater undefeated,D,True
DHS-48,DHS-48,DHS,Email Analytics for Investigative Data,Pre-deployment,Law Enforcement,"This use case provides more efficient data processing for HSI personnel. The AI output may be used to produce investigative insights in the form of data, information leads or connections that HSI personnel can use to inform investigations, but the output itself is data preparation and organization so HSI personnel can produce those leads when combining the AI output with the personnel’s expertise and other relevant investigative data and information. Personnel may use these insights for law enforcement purposes in ongoing investigations with existing targets to assist in activities such as producing risk assessments about individuals or identifying criminal suspects; however, all insights are reviewed and validated by both personnel and supervisors before being included in any official case management system, and do not serve as a principal basis for law enforcement action or decision. Any enforcement decisions related to these insights are outcomes of the full Federal Investigation Process involving verifying any insights as evidence (including validating AI-translated material by a certified interpreter), presentation to a U.S. Attorney’s Office and potentially a District Court judge, decision to prosecute, judicial review, and trial and sentencing.",YES,YES,YES,NO,NO,YES,S,"{""S"": 5}",5,1,0.984,0,"do not serve as a principal basis for law enforcement action or decision || investigative insights in the form of data, information leads or connections || verifying any insights as evidence (including validating AI-translated material by a certified interpreter), presentation to a U.S. Attorney’s Office and potentially a District Court judge || all insights are reviewed and validated by both personnel and supervisors before being included in any official case management system || combining the AI output with the personnel’s expertise and other relevant investigative data and information || all insights are reviewed and validated by both personnel and supervisors || presentation to a U.S. Attorney’s Office and potentially a District Court judge || reviewed and validated by both personnel and supervisors || presentation to a U.S. Attorney’s Office and potentially a District Court judge, decision to prosecute, judicial review, and trial and sentencing || do not serve as a principal basis || data, information leads or connections || verifying any insights as evidence",S: minimally supported rebuttal,S,True
DHS-49,DHS-49,DHS,Mobile Device Analytics for Investigative Data,Retired,,"The definition states that the ""output serves as a principal basis for a decision or action concerning a specific individual or entity..."" However, the output of the AI is never the only basis for a decision, and no rights impacting action is taken unless a human is in the loop making a further determatination",YES,UNCLEAR,NO,NO,NO,YES,D,"{""D"": 5}",5,1,0.9559999999999998,0,"The definition states that the ""output serves as a principal basis for a decision or action concerning a specific individual or entity..."" || no rights impacting action is taken unless a human is in the loop making a further determatination || output serves as a principal basis for a decision or action concerning a specific individual or entity || the output of the AI || no rights impacting action is taken || a human is in the loop making a further determatination || output serves as a principal basis for a decision or action || a human is in the loop",U: publicly unresolved,U,False
DHS-56,DHS-56,DHS,Person-Centric Identity Services Information Compilation Check,Deployed,Law Enforcement,"This use case verifies the ongoing accuracy of information compiled from within the Person-Centric Identity Services (PCIS). It identifies which records from within PCIS best match search criteria to support case processing. ------ The AI outputs do not serve as a principal basis for a decision or action concerning a specific individual or entity that has a legal, material, binding, or similarly significant effect on that individual’s or entity’s civil rights, civil liberties or privacy, equal opportunities, or access to or the ability to apply for critical government resources or services. The use case compiles records from across a variety of USCIS systems to provide a comprehensive history of a person’s interaction with USCIS. The output of this can be visualized through a report or dashboard to assist with case review ensuring access to helpful and accurate records. Adjudicators review the outputs of this use case, alongside other information and insights, to process a case and make a final determination. The adjudication process can be conducted without this tool, however, doing so would significantly increase the time and effort required to process immigration requests.",YES,YES,NO,YES,NO,YES,S,"{""S"": 5}",5,1,0.978,0,"do not serve as a principal basis for a decision or action concerning a specific individual or entity that has a legal, material, binding, or similarly significant effect || identifies which records from within PCIS best match search criteria to support case processing || The adjudication process can be conducted without this tool || Adjudicators review the outputs of this use case, alongside other information and insights, to process a case and make a final determination. || visualized through a report or dashboard to assist with case review || do not serve as a principal basis || visualized through a report or dashboard || adjudication process can be conducted without this tool || Adjudicators review the outputs || report or dashboard",S: minimally supported rebuttal,S,True
DHS-57,DHS-57,DHS,Identity Match Option (IMO) Tool for Record Compilation,Retired,,"The use case compiles records from across a variety of USCIS systems to provide a comprehensive history of a person’s interaction with USCIS. The AI output can be visualized through a report or dashboard to assist with case review ensuring access to useful and accurate records. (SEE DHS CAIO SUPER MEMO FY24) ------ The AI outputs do not serve as a principal basis for a decision or action concerning a specific individual or entity that has a legal, material, binding, or similarly significant effect on that individual’s or entity’s civil rights, civil liberties or privacy, equal opportunities, or access to or the ability to apply for critical government resources or services. The use case compiles records from across a variety of USCIS systems to provide a comprehensive history of a person’s interaction with USCIS. The output of this can be visualized through a report or dashboard to assist with case review ensuring access to helpful and accurate records. Adjudicators review the outputs of this use case, alongside other information and insights, to process a case and make a final determination. The adjudication process can be conducted without this tool, however, doing so would significantly increase the time and effort required to process immigration requests.",YES,YES,NO,YES,NO,YES,S,"{""S"": 5}",5,1,0.958,0,"do not serve as a principal basis for a decision or action || visualized through a report or dashboard to assist with case review || The adjudication process can be conducted without this tool || Adjudicators review the outputs of this use case, alongside other information and insights, to process a case and make a final determination. || report or dashboard to assist with case review || do not serve as a principal basis || visualized through a report or dashboard || Adjudicators review the outputs",S: minimally supported rebuttal,S,True
DHS-65,DHS-65,DHS,Aircraft Landing Location Predictor (KESTREL),Deployed,Transportation,"The AI predicts aircraft landing locations. The AI outputs do not produce an action or serve as a principal basis for a decision that has the potential to significantly impact the safety of human-life or well-being, climate or environment, critical infrastructure, or strategic assets or resources. The AI outputs do not serve as a principal basis for a decision or action concerning a specific individual or entity that has a legal, material, binding, or similarly significant effect on that individual’s or entity’s civil rights, civil liberties or privacy, equal opportunities, or access to or the ability to apply for critical government resources or services.",YES,UNCLEAR,NO,NO,NO,NO,U,"{""U"": 5}",5,1,0.968,0,do not produce an action or serve as a principal basis for a decision || The AI predicts aircraft landing locations. || do not produce an action or serve as a principal basis || predicts aircraft landing locations,U: publicly unresolved,U,True
DHS-81,DHS-81,DHS,Passport Anomaly Model,Deployed,Law Enforcement,"The AI outputs do not serve as a principal basis for a decision or action concerning a specific individual or entity that has a legal, material, binding, or similarly significant effect on that individual’s or entity’s civil rights, civil liberties or privacy, equal opportunities, or access to or the ability to apply for critical government resources or services. The AI output is an assessment of passport validity in response to an officer's request for passport validation. This result could be related to an inconsistency or abnormality in a passport's pattern. This is a tool available to CBP officers for confirming the validity of a passport. This result is used to notify the CBP officer that a passport may require review, as it may be part of a newly released sequence, may be invalid, or even possibly fraudulent. This is only one piece of information provided to CBP Officers during the normal course of their duties. The officers would use any results provided to research the validity of the passport through other sources.",YES,YES,NO,NO,YES,YES,U,"{""D"": 2, ""S"": 3}",3,0,0.8800000000000001,0,do not serve as a principal basis for a decision or action || used to notify the CBP officer that a passport may require review || The officers would use any results provided to research the validity of the passport || This is only one piece of information provided to CBP Officers || The officers would use any results provided to research the validity of the passport through other sources. || do not serve as a principal basis || assessment of passport validity || officers would use any results provided to research || an assessment of passport validity in response to an officer's request for passport validation || assessment of passport validity in response to an officer's request || passport may require review,S: minimally supported rebuttal,S,False
DHS-86,DHS-86,DHS,Agriculture Commodity Model (AGC),Deployed,Law Enforcement,"The AI outputs do not produce an action or serve as a principal basis for a decision that has the potential to significantly impact the safety of human-life or well-being, climate or environment, critical infrastructure, or strategic assets or resources. The use case identifies agricultural pest risk in cargo shipments entering the United States. If a cargo shipment is identified as high-risk for pest infestation, it is prioritized for inspection. The model does not track or identify individuals.",YES,YES,NO,NO,NO,NO,U,"{""U"": 5}",5,1,0.968,0,"serve as a principal basis for a decision that has the potential to significantly impact the safety of human-life or well-being || If a cargo shipment is identified as high-risk for pest infestation, it is prioritized for inspection. || do not produce an action or serve as a principal basis for a decision || do not produce an action or serve as a principal basis || identified as high-risk for pest infestation, it is prioritized for inspection || identifies agricultural pest risk",U: publicly unresolved,U,True
DHS-95,DHS-95,DHS,Trade Entity Risk Model,Deployed,Law Enforcement,"The Trade Entity Risk model/tool enhances cargo predictive threat models by providing a comprehensive risk profile that aggregates historical trade entity transactions, trading partner relationships, reviews, examinations, and violations (within CBP data holdings) to create quantifiable risk measures for all trade entities. The AI model serves as an input to larger AI/ML cargo risk targeting models to better assess cargo threats and inform focus areas for trade targeting. Its outputs are not directly shared with users or operators and the output does not serve as a principal basis for decision or actions.",YES,YES,NO,NO,UNCLEAR,NO,U,"{""U"": 5}",5,1,0.9,0,the output does not serve as a principal basis for decision or actions || serves as an input to larger AI/ML cargo risk targeting models || Its outputs are not directly shared with users or operators || does not serve as a principal basis || create quantifiable risk measures,U: publicly unresolved,U,True
DOE-574,DOE-574,DOE,M365 Copilot,Pilot,Other,The M365 Copilot and it's variants are integrated into all LANL collaboration and productivity services within M365 including email and Teams.,NO,NO,NO,NO,NO,NO,U,"{""U"": 5}",5,1,0.9880000000000001,0,integrated into all LANL collaboration and productivity services within M365 including email and Teams,U: publicly unresolved,U,True
DOE-579,DOE-579,DOE,MR-DT,Pre-deployment,Science,This deals with international safeguars approaches.,NO,NO,NO,NO,NO,NO,U,"{""U"": 5}",5,1,0.992,0,,U: publicly unresolved,U,True
DOE-588,DOE-588,DOE,AI-Assisted Strategies and Solutions for Environmental Technology (AI-ASSET),Pre-deployment,Energy and Environment,In development stage and impact has not been determined,NO,NO,NO,NO,NO,NO,U,"{""U"": 5}",5,1,0.992,0,,U: publicly unresolved,U,True
DOE-629,DOE-629,DOE,Consolidated Nuclear Waste Glass Database,Pre-deployment,Energy and Environment,In development stage and impact has not been determined,NO,NO,NO,NO,NO,NO,U,"{""U"": 5}",5,1,0.992,0,,U: publicly unresolved,U,True
DOE-713,DOE-713,DOE,Performance Monitoring at the Salt Waste Processing Facility (SWPF),Pre-deployment,Energy and Environment,In development stage and impact has not been determined,NO,NO,NO,NO,NO,NO,U,"{""U"": 5}",5,1,0.992,0,,U: publicly unresolved,U,True
DOJ-0009,DOJ-0009,DOJ,CargoNet,Deployed,Law Enforcement,"Does not produce an output that serves as a principal basis for decisions or actions with legal, material, binding, or significant effect on any of the individuals or entities identified in OMB-25-21.",YES,NO,NO,NO,NO,NO,U,"{""U"": 5}",5,1,0.992,0,"serves as a principal basis for decisions or actions with legal, material, binding, or significant effect || does not produce an output that serves as a principal basis",U: publicly unresolved,U,True
DOJ-0014,DOJ-0014,DOJ,Dun & Bradstreet Business Establishments Data,Deployed,Procurement and Finance Mgmt,"Does not produce an output that serves as a principal basis for decisions or actions with legal, material, binding, or significant effect on any of the individuals or entities identified in OMB-25-21.",YES,NO,NO,NO,NO,NO,U,"{""U"": 5}",5,1,0.992,0,"serves as a principal basis for decisions or actions with legal, material, binding, or significant effect || does not produce an output that serves as a principal basis",U: publicly unresolved,U,True
DOJ-0019,DOJ-0019,DOJ,LexisNexis Accurint,Deployed,Law Enforcement,"Does not produce an output that serves as a principal basis for decisions or actions with legal, material, binding, or significant effect on any of the individuals or entities identified in OMB-25-21.",YES,NO,NO,NO,NO,NO,U,"{""U"": 5}",5,1,0.992,0,"serves as a principal basis for decisions or actions with legal, material, binding, or significant effect || does not produce an output that serves as a principal basis",U: publicly unresolved,U,True
DOJ-0021,DOJ-0021,DOJ,Mark43 Public Safety Records,Deployed,Law Enforcement,"Does not produce an output that serves as a principal basis for decisions or actions with legal, material, binding, or significant effect on any of the individuals or entities identified in OMB-25-21.",YES,NO,NO,NO,NO,NO,U,"{""U"": 5}",5,1,0.992,0,"serves as a principal basis for decisions or actions with legal, material, binding, or significant effect || does not produce an output that serves as a principal basis",U: publicly unresolved,U,True
DOJ-0022,DOJ-0022,DOJ,National Insurance Crime Bureau ISO ClaimSearch,Deployed,Procurement and Finance Mgmt,"Does not produce an output that serves as a principal basis for decisions or actions with legal, material, binding, or significant effect on any of the individuals or entities identified in OMB-25-21.",YES,NO,NO,NO,NO,NO,U,"{""U"": 5}",5,1,0.992,0,"serves as a principal basis for decisions or actions with legal, material, binding, or significant effect || does not produce an output that serves as a principal basis",U: publicly unresolved,U,True
DOJ-0029,DOJ-0029,DOJ,Southwest Border Transaction Record Analysis Center (SWBTRAC),Deployed,Procurement and Finance Mgmt,"Does not produce an output that serves as a principal basis for decisions or actions with legal, material, binding, or significant effect on any of the individuals or entities identified in OMB-25-21.",YES,NO,NO,NO,NO,NO,U,"{""U"": 5}",5,1,0.992,0,"serves as a principal basis for decisions or actions with legal, material, binding, or significant effect || does not produce an output that serves as a principal basis",U: publicly unresolved,U,True
DOJ-0030,DOJ-0030,DOJ,Spokeo,Deployed,Law Enforcement,"Does not produce an output that serves as a principal basis for decisions or actions with legal, material, binding, or significant effect on any of the individuals or entities identified in OMB-25-21.",YES,NO,NO,NO,NO,NO,U,"{""U"": 5}",5,1,0.992,0,"serves as a principal basis for decisions or actions with legal, material, binding, or significant effect || does not produce an output that serves as a principal basis",U: publicly unresolved,U,True
DOJ-0031,DOJ-0031,DOJ,Thomson Reuters CLEAR,Deployed,Law Enforcement,"Does not produce an output that serves as a principal basis for decisions or actions with legal, material, binding, or significant effect on any of the individuals or entities identified in OMB-25-21.",YES,NO,NO,NO,NO,NO,U,"{""U"": 5}",5,1,0.992,0,"serves as a principal basis for decisions or actions with legal, material, binding, or significant effect || does not produce an output that serves as a principal basis",U: publicly unresolved,U,True
DOJ-0032,DOJ-0032,DOJ,TransUnion TLOxp Online Investigative Services,Deployed,Law Enforcement,"Does not produce an output that serves as a principal basis for decisions or actions with legal, material, binding, or significant effect on any of the individuals or entities identified in OMB-25-21.",YES,NO,NO,NO,NO,NO,U,"{""U"": 5}",5,1,0.992,0,"serves as a principal basis for decisions or actions with legal, material, binding, or significant effect || does not produce an output that serves as a principal basis",U: publicly unresolved,U,True
DOJ-0033,DOJ-0033,DOJ,Veritone Redact,Deployed,Admin Functions,"Does not produce an output that serves as a principal basis for decisions or actions with legal, material, binding, or significant effect on any of the individuals or entities identified in OMB-25-21.",YES,NO,NO,NO,NO,NO,U,"{""U"": 5}",5,1,0.992,0,"serves as a principal basis for decisions or actions with legal, material, binding, or significant effect || does not produce an output that serves as a principal basis",U: publicly unresolved,U,True
DOJ-0040,DOJ-0040,DOJ,"SAS (Forecasting, predictive analytics, data/statistical analysis)",Pre-deployment,Law Enforcement,"Does not produce an output that serves as a principal basis for decisions or actions with legal, material, binding, or significant effect on any of the individuals or entities identified in OMB-25-21.",YES,NO,NO,NO,NO,NO,U,"{""U"": 5}",5,1,0.992,0,"serves as a principal basis for decisions or actions with legal, material, binding, or significant effect || does not produce an output that serves as a principal basis",U: publicly unresolved,U,True
DOJ-0041,DOJ-0041,DOJ,"R (Forecasting, predictive analytics, data/statistical analysis)",Pre-deployment,Law Enforcement,"Does not produce an output that serves as a principal basis for decisions or actions with legal, material, binding, or significant effect on any of the individuals or entities identified in OMB-25-21.",YES,NO,NO,NO,NO,NO,U,"{""U"": 5}",5,1,0.992,0,"serves as a principal basis for decisions or actions with legal, material, binding, or significant effect || does not produce an output that serves as a principal basis",U: publicly unresolved,U,True
DOJ-0042,DOJ-0042,DOJ,"Stata (Forecasting, predictive analytics, data/statistical analysis)",Pre-deployment,Law Enforcement,"Does not produce an output that serves as a principal basis for decisions or actions with legal, material, binding, or significant effect on any of the individuals or entities identified in OMB-25-21.",YES,NO,NO,NO,NO,NO,U,"{""U"": 5}",5,1,0.9880000000000001,0,"principal basis for decisions or actions with legal, material, binding, or significant effect || an output || legal, material, binding, or significant effect",U: publicly unresolved,U,True
DOJ-0043,DOJ-0043,DOJ,"Matlab (Forecasting, predictive analytics, data/statistical analysis)",Pre-deployment,Law Enforcement,"Does not produce an output that serves as a principal basis for decisions or actions with legal, material, binding, or significant effect on any of the individuals or entities identified in OMB-25-21.",YES,NO,NO,NO,NO,NO,U,"{""U"": 5}",5,1,0.9880000000000001,0,"principal basis for decisions or actions with legal, material, binding, or significant effect || an output || legal, material, binding, or significant effect",U: publicly unresolved,U,True
DOJ-0044,DOJ-0044,DOJ,"Databricks (Forecasting, predictive analytics, data/statistical analysis)",Pilot,Law Enforcement,"Does not produce an output that serves as a principal basis for decisions or actions with legal, material, binding, or significant effect on any of the individuals or entities identified in OMB-25-21.",YES,NO,NO,NO,NO,NO,U,"{""U"": 5}",5,1,0.9880000000000001,0,"principal basis for decisions or actions with legal, material, binding, or significant effect || an output || legal, material, binding, or significant effect",U: publicly unresolved,U,True
DOJ-0072,DOJ-0072,DOJ,Data & Analytics: Threat and Security Incident Monitoring,Pilot,Law Enforcement,"Does not produce an output that serves as a principal basis for decisions or actions with legal, material, binding, or significant effect on any of the individuals or entities identified in OMB-25-21.",YES,NO,NO,NO,NO,NO,U,"{""U"": 5}",5,1,0.9880000000000001,0,"principal basis for decisions or actions with legal, material, binding, or significant effect || an output || legal, material, binding, or significant effect",U: publicly unresolved,U,True
DOJ-0073,DOJ-0073,DOJ,Data & Analytics: Transportation OCR,Pre-deployment,Law Enforcement,"Does not produce an output that serves as a principal basis for decisions or actions with legal, material, binding, or significant effect on any of the individuals or entities identified in OMB-25-21.",YES,NO,NO,NO,NO,NO,U,"{""U"": 5}",5,1,0.9880000000000001,0,"principal basis for decisions or actions with legal, material, binding, or significant effect || an output || legal, material, binding, or significant effect",U: publicly unresolved,U,True
DOJ-0102,DOJ-0102,DOJ,eLitigation Tools,Deployed,Law Enforcement,"Does not produce an output that serves as a principal basis for decisions or actions with legal, material, binding, or significant effect on any of the individuals or entities identified in OMB-25-21.",YES,NO,NO,NO,NO,NO,U,"{""U"": 5}",5,1,0.9880000000000001,0,"principal basis for decisions or actions with legal, material, binding, or significant effect || an output || legal, material, binding, or significant effect",U: publicly unresolved,U,True
DOJ-0153,DOJ-0153,DOJ,Google Translate,Deployed,Admin Functions,"Does not produce an output that serves as a principal basis for decisions or actions with legal, material, binding, or significant effect on any of the individuals or entities identified in OMB-25-21.",YES,NO,NO,NO,NO,NO,U,"{""U"": 5}",5,1,0.9880000000000001,0,"principal basis for decisions or actions with legal, material, binding, or significant effect || an output || legal, material, binding, or significant effect",U: publicly unresolved,U,True
DOJ-0220,DOJ-0220,DOJ,AWS Transcribe,Deployed,Law Enforcement,"Does not produce an output that serves as a principal basis for decisions or actions with legal, material, binding, or significant effect on any of the individuals or entities identified in OMB-25-21.",YES,NO,NO,NO,NO,NO,U,"{""U"": 5}",5,1,0.9880000000000001,0,"principal basis for decisions or actions with legal, material, binding, or significant effect || an output || legal, material, binding, or significant effect",U: publicly unresolved,U,True
DOJ-0221,DOJ-0221,DOJ,AWS Translate,Deployed,Law Enforcement,"Does not produce an output that serves as a principal basis for decisions or actions with legal, material, binding, or significant effect on any of the individuals or entities identified in OMB-25-21.",YES,NO,NO,NO,NO,NO,U,"{""U"": 5}",5,1,0.9880000000000001,0,"principal basis for decisions or actions with legal, material, binding, or significant effect || an output || legal, material, binding, or significant effect",U: publicly unresolved,U,True
DOJ-0235,DOJ-0235,DOJ,Aware,Deployed,Law Enforcement,"Does not produce an output that serves as a principal basis for decisions or actions with legal, material, binding, or significant effect on any of the individuals or entities identified in OMB-25-21.",YES,NO,NO,NO,NO,NO,U,"{""U"": 5}",5,1,0.9880000000000001,0,"principal basis for decisions or actions with legal, material, binding, or significant effect || an output || legal, material, binding, or significant effect",U: publicly unresolved,U,True
DOJ-0239,DOJ-0239,DOJ,Thomson Reuters CLEAR,Deployed,Law Enforcement,"Does not produce an output that serves as a principal basis for decisions or actions with legal, material, binding, or significant effect on any of the individuals or entities identified in OMB-25-21.",YES,NO,NO,NO,NO,NO,U,"{""U"": 5}",5,1,0.9880000000000001,0,"principal basis for decisions or actions with legal, material, binding, or significant effect || an output || legal, material, binding, or significant effect",U: publicly unresolved,U,True
DOJ-0265,DOJ-0265,DOJ,Public Comment Analysis,Deployed,Admin Functions,"Does not produce an output that serves as a principal basis for decisions or actions with legal, material, binding, or significant effect on any of the individuals or entities identified in OMB-25-21.",YES,NO,NO,NO,NO,NO,U,"{""U"": 5}",5,1,0.9880000000000001,0,"principal basis for decisions or actions with legal, material, binding, or significant effect || an output || legal, material, binding, or significant effect",U: publicly unresolved,U,True
DOJ-0271,DOJ-0271,DOJ,Pega GenAI,Pre-deployment,IT,"Does not produce an output that serves as a principal basis for decisions or actions with legal, material, binding, or significant effect on any of the individuals or entities identified in OMB-25-21.",YES,NO,NO,NO,NO,NO,U,"{""U"": 5}",5,1,0.9880000000000001,0,"principal basis for decisions or actions with legal, material, binding, or significant effect || an output || legal, material, binding, or significant effect",U: publicly unresolved,U,True
DOJ-0315,DOJ-0315,DOJ,Civil Rights Public Reporting Portal,Pre-deployment,Admin Functions,"Does not produce an output that serves as a principal basis for decisions or actions with legal, material, binding, or significant effect on any of the individuals or entities identified in OMB-25-21.",YES,NO,NO,NO,NO,NO,U,"{""U"": 5}",5,1,0.9880000000000001,0,"principal basis for decisions or actions with legal, material, binding, or significant effect || an output || legal, material, binding, or significant effect",U: publicly unresolved,U,True
DOJ-0326,DOJ-0326,DOJ,AWS Textract,Pre-deployment,Law Enforcement,"Does not produce an output that serves as a principal basis for decisions or actions with legal, material, binding, or significant effect on any of the individuals or entities identified in OMB-25-21.",YES,NO,NO,NO,NO,NO,U,"{""U"": 5}",5,1,0.9880000000000001,0,"principal basis for decisions or actions with legal, material, binding, or significant effect || an output || legal, material, binding, or significant effect",U: publicly unresolved,U,True
DOJ-0332,DOJ-0332,DOJ,ATR Expert/Consulting with Bates White,Deployed,Law Enforcement,"Does not produce an output that serves as a principal basis for decisions or actions with legal, material, binding, or significant effect on any of the individuals or entities identified in OMB-25-21.",YES,NO,NO,NO,NO,NO,U,"{""U"": 5}",5,1,0.9880000000000001,0,"principal basis for decisions or actions with legal, material, binding, or significant effect || an output || legal, material, binding, or significant effect",U: publicly unresolved,U,True
DOJ-0357-R01,DOJ-0357,DOJ,Creating and Maintaining IT Security Packages for Authorizations,Pre-deployment,Admin Functions,"Does not produce an output that serves as a principal basis for decisions or actions with legal, material, binding, or significant effect on any of the individuals or entities identified in OMB-25-21.",YES,NO,NO,NO,NO,NO,U,"{""U"": 5}",5,1,0.9880000000000001,0,"principal basis for decisions or actions with legal, material, binding, or significant effect || an output || legal, material, binding, or significant effect",U: publicly unresolved,U,True
DOJ-0357-R02,DOJ-0357,DOJ,Creating and Maintaining IT Security Packages for Authorizations,Pre-deployment,Admin Functions,"Does not produce an output that serves as a principal basis for decisions or actions with legal, material, binding, or significant effect on any of the individuals or entities identified in OMB-25-21.",YES,NO,NO,NO,NO,NO,U,"{""U"": 5}",5,1,0.9880000000000001,0,"principal basis for decisions or actions with legal, material, binding, or significant effect || an output || legal, material, binding, or significant effect",U: publicly unresolved,U,True
DOJ-0362,DOJ-0362,DOJ,Analyzing Prescription Monitoring Program Data,Pre-deployment,Law Enforcement,"Does not produce an output that serves as a principal basis for decisions or actions with legal, material, binding, or significant effect on any of the individuals or entities identified in OMB-25-21.",YES,NO,NO,NO,NO,NO,U,"{""U"": 5}",5,1,0.9880000000000001,0,"principal basis for decisions or actions with legal, material, binding, or significant effect || an output || legal, material, binding, or significant effect",U: publicly unresolved,U,True
DOJ-0363,DOJ-0363,DOJ,Analyze Financial Reports to Identify Linkages Across Investigations,Pre-deployment,Law Enforcement,"Does not produce an output that serves as a principal basis for decisions or actions with legal, material, binding, or significant effect on any of the individuals or entities identified in OMB-25-21.",YES,NO,NO,NO,NO,NO,U,"{""U"": 5}",5,1,0.9880000000000001,0,"principal basis for decisions or actions with legal, material, binding, or significant effect || an output || legal, material, binding, or significant effect",U: publicly unresolved,U,True
46,46,EPA,Briefcam,Pilot,Law Enforcement,,NO,NO,NO,NO,NO,NO,U,"{""U"": 5}",5,1,1.0,0,,U: publicly unresolved,U,True
MISSING-6FB970D7652E,,HHS,Structuring and Validating Completeness of Case Data Information,Deployed,Benefits Processing,"The use of AI is narrowly focused on extracting key data points from scanned notices. The outputs do not serve as a principal basis for decisions or actions with legal, material, binding, or significant effect on any of the 6 cases outlined in M-25-21, page 19.",YES,YES,NO,NO,UNCLEAR,NO,U,"{""S"": 1, ""U"": 4}",4,0,0.916,0,"principal basis for decisions or actions with legal, material, binding, or significant effect || extracting key data points from scanned notices || narrowly focused on extracting key data points from scanned notices || narrowly focused on extracting key data points from scanned notices. The outputs do not serve as a principal basis || narrowly focused on extracting key data points",S: minimally supported rebuttal,S,False
MISSING-404BD6C1AE03,,HHS,Structuring Notice of Concern Data,Deployed,Benefits Processing,"The use of AI is narrowly focused on extracting key data points from unstructured narratives and validating data completeness. The outputs do not serve as a principal basis for decisions or actions with legal, material, binding, or significant effect on any of the 6 cases outlined in M-25-21, page 19.",YES,YES,NO,NO,YES,NO,S,"{""S"": 4, ""U"": 1}",4,0,0.8859999999999999,0,"do not serve as a principal basis for decisions or actions with legal, material, binding, or significant effect || extracting key data points from unstructured narratives and validating data completeness || narrowly focused on extracting key data points || The use of AI is narrowly focused on extracting key data points || do not serve as a principal basis || extracting key data points || narrowly focused on extracting key data points from unstructured narratives || extracting key data points from unstructured narratives || The use of AI is narrowly focused on extracting key data points from unstructured narratives and validating data completeness. The outputs do not serve as a principal basis for decisions",S: minimally supported rebuttal,S,True
MISSING-2045216ACC4E,,HHS,Enhanced Direct Enrollment Outlier Detection,Pre-deployment,IT,"The Enhanced Direct Enrollment Outlier Detection use-case is not considered high-impact as it does not serve as the basis for decisions or actions that affect civil rights, liberties, privacy, critical resources, safety, or strategic assets. The AI models within this use-case use machine learning techniques to detect anomalous or inconsistent patterns relative to standard partner actions and other application channels outside of the EDE pathway. The findings are shared with the agency divisions in the form of different reports and tables. The data alone is not enough to determine fraud, however, can be used by CMS in tandem with other data to determine if CMS should take any corrective actions. CMS makes all determinations on actions.",YES,YES,NO,NO,NO,YES,D,"{""D"": 4, ""S"": 1}",4,0,0.932,0,"does not serve as the basis for decisions or actions that affect civil rights, liberties, privacy, critical resources, safety, or strategic assets || detect anomalous or inconsistent patterns relative to standard partner actions and other application channels outside of the EDE pathway || used by CMS in tandem with other data || CMS makes all determinations on actions. || findings are shared with the agency divisions in the form of different reports and tables || in tandem with other data || does not serve as the basis for decisions || detect anomalous or inconsistent patterns || CMS makes all determinations on actions || detect anomalous or inconsistent patterns relative to standard partner actions || The data alone is not enough to determine fraud",S: minimally supported rebuttal,S,False
MISSING-F55AC1E5A2AD,,HHS,Agent/Broker Fraud Analysis (ABCQI),Pre-deployment,IT,"The Agent/Broker Fraud use-case is not considered high-impact as it does not serve as the basis for decisions or actions that affect civil rights, liberties, privacy, critical resources, safety, or strategic assets. The AI models within this use-case use machine learning techniques to detect patterns that are inconsistent or anomalous relative to standard consumer, agent broker, and partner actions. Our findings are shared with the agency divisions in the form of reports and tables and can be used in combination with additional information derived outside of this AI tool to determine if CMS should take any corrective actions. All outcomes are internal facing. CMS makes all determinations on actions.",YES,YES,UNCLEAR,NO,NO,YES,D,"{""D"": 5}",5,1,0.9279999999999999,0,"does not serve as the basis for decisions or actions that affect civil rights, liberties, privacy, critical resources, safety, or strategic assets || detect patterns that are inconsistent or anomalous relative to standard consumer, agent broker, and partner actions || additional information derived outside of this AI tool || CMS makes all determinations on actions. || findings are shared with the agency divisions in the form of reports and tables || in combination with additional information derived outside of this AI tool || does not serve as the basis for decisions || detect patterns that are inconsistent or anomalous || CMS makes all determinations on actions",U: publicly unresolved,U,False
MISSING-7DF6162305FD,,HHS,CDER Regulatory Science Research (RSR) Projects AI for Process Control in Advanced Manufacturing,Deployed,Science,"This project explores the use of AI in advanced pharmaceutical manufacturing as part of an exploratory R&D effort focused on model predictive control strategies. The AI components are used solely in a research context to improve understanding of AI-enabled control systems and inform future regulatory readiness. The project does not involve operational use, decision-making, or direct impact on the public or regulated entities. Therefore, it does not meet the definition of a high-impact AI use case under OMB M-25-21.",UNCLEAR,UNCLEAR,NO,NO,NO,NO,U,"{""U"": 5}",5,1,0.916,0,"does not involve operational use, decision-making, or direct impact on the public or regulated entities || used solely in a research context to improve understanding of AI-enabled control systems || inform future regulatory readiness",U: publicly unresolved,U,True
MISSING-E9650DD065E1,,HHS,Developing an Objective and Quantitative Endpoint for Atopic Dermatitis in Pediatric and Adult Populations,Deployed,Health and Medical,"The purpose of this study is to validate the Emerald technology to see if it accurately detects the motion of an individual scratching. The act of scratching would not be considered to have a significant effect on human health and safety, which means this study is not a high-impact AI use case based on the definition in OMB M-25-21.",YES,YES,NO,NO,NO,NO,U,"{""S"": 1, ""U"": 4}",4,0,0.9179999999999999,0,would not be considered to have a significant effect on human health and safety || detects the motion of an individual scratching || detects the motion of an individual scratching. The act of scratching would not be considered to have a significant effect on human health and safety || significant effect on human health and safety || accurately detects the motion of an individual scratching,U: publicly unresolved,U,True
MISSING-18A285367578,,HHS,FOIA REDACTION (FRED) TOOL,Deployed,Health and Medical,"FRED should not be considered a high-impact AI use case because: a. It operates as a recommendation system only, with mandatory human review and approval required for all outputs. b. No automated decisions are made - humans retain full control over all redaction decisions. c. It serves as an assistive tool to improve efficiency while maintaining human oversight and accountability for all FOIA compliance decisions.",YES,YES,NO,NO,NO,YES,D,"{""D"": 5}",5,1,0.9460000000000001,0,all FOIA compliance decisions || operates as a recommendation system only || mandatory human review and approval required for all outputs || FOIA compliance decisions || It operates as a recommendation system only || recommendation system only || mandatory human review and approval,D: public defeater undefeated,D,True
MISSING-AB553836F519,,HHS,AI-Powered Video Analytics for Law Enforcement,Deployed,Law Enforcement,"AI is used to filter relevant video, but outputs are verified by humans, decisions/actions are performed by humans",NO,YES,NO,NO,NO,YES,D,"{""D"": 5}",5,1,0.952,0,"AI is used to filter relevant video || outputs are verified by humans || decisions/actions are performed by humans || filter relevant video || outputs are verified by humans, decisions/actions are performed by humans || used to filter relevant video",U: publicly unresolved,U,False
MISSING-4B41CCE5A80E,,HHS,Computer Vision to translate and mine Product Labeling photos to analyze labeling for potential violations,Pre-deployment,Health and Medical,"The Computer Vision (CV) project aims to automate label extraction (identification of label information) for regulatory compliance, reducing manual effort and improving accuracy in detecting label discrepancies.",NO,YES,NO,NO,NO,NO,U,"{""U"": 5}",5,1,0.968,0,automate label extraction (identification of label information) for regulatory compliance || automate label extraction,U: publicly unresolved,U,True
MISSING-94D0D1898672,,HHS,NICHD RPAB AI/ML NICHD Relevance Model,Pilot,Admin Functions,"The primary objective is to improve the efficiency, accuracy, and consistency of grant application referral assignments while streamlining the internal process for referring new applications. The AI-generated output supports subject matter experts by providing additional information that helps them make faster decisions and prioritize applications for review. All AI output is used solely as an assistive tool, and every referral decision undergoes 100% human review. Therefore, this use case does not meet the definition of a high-impact AI.",NO,YES,NO,NO,NO,YES,D,"{""D"": 5}",5,1,0.9480000000000001,0,providing additional information that helps them make faster decisions and prioritize applications for review || every referral decision undergoes 100% human review || AI-generated output supports subject matter experts || AI-generated output supports subject matter experts by providing additional information,D: public defeater undefeated,D,True
MISSING-91EA622F8902,,HHS,Internal Referral Module (IRM),Deployed,Admin Functions,"The output from this AI use case does not drive any agency decision, including the categories listed in section 6 of the memorandum. The output is a recommendation to assign a grant application to the appropriate Agency staff based on the scientific content of the application. The person to whom the grant application has been referred to can accept, reject, or reassign the application based on their expertise.",YES,YES,NO,NO,NO,YES,D,"{""D"": 4, ""S"": 1}",4,0,0.9199999999999999,0,"does not drive any agency decision, including the categories listed in section 6 of the memorandum || a recommendation to assign a grant application to the appropriate Agency staff || based on their expertise || can accept, reject, or reassign the application || does not drive any agency decision || can accept, reject, or reassign the application based on their expertise || recommendation to assign a grant application || can accept, reject, or reassign || does not drive any agency decision, including the categories listed in section 6 || a recommendation to assign a grant application",U: publicly unresolved,U,False
MISSING-8A490802AE57,,HHS,NICHD RPAB AI/ML Application Referral System,Deployed,Admin Functions,"The primary objective is to improve the efficiency, accuracy, and consistency of grant application referral assignments while streamlining the internal process for referring new applications. The AI-generated output supports subject matter experts by providing additional information that helps them make faster decisions and prioritize applications for review. All AI output is used solely as an assistive tool, and every referral decision undergoes 100% human review. Therefore, this use case does not meet the definition of a high-impact AI.",NO,YES,NO,NO,NO,YES,D,"{""D"": 5}",5,1,0.9480000000000001,0,providing additional information that helps them make faster decisions and prioritize applications for review || every referral decision undergoes 100% human review || AI-generated output supports subject matter experts || AI-generated output supports subject matter experts by providing additional information,D: public defeater undefeated,D,True
MISSING-C38B75F17C3C,,HHS,NLP Automated Referral,Deployed,Admin Functions,"First, the NLP Automated Referral tool produces non-binding recommendations regarding which NIGMS program officer is most appropriate to manage an incoming grant application, along with two alternative suggestions. Program officers must actively accept the assignment or refer the application to a more appropriate program officer, and they have full discretion to ignore or override the AI tool’s recommendations. The system’s output is therefore not a principal basis for any legal or binding decision; it is one of several informational inputs to an internal workflow choice made by human staff. Second, all funding and programmatic decisions are made through established peer review and programmatic processes, governed by existing NIH/NIGMS policies and human judgment. Final funding decisions are made by the NIGMS Director in consultation with the NIGMS Advisory Council, the NIGMS Deputy Director, and the NIGMS Division Directors, not the individual program officers who manage the applications. As a result, the AI’s output does not directly affect an individual’s or organization’s access to Federal funding or other critical government resources or services, nor does it alter anyone’s legal status or rights. Finally, the NLP Automated Referral tool does not fall into any of the categories of AI use cases identified in Section 6 of M-25-21 that are automatically designated high-impact. It is a routing tool used for internal staff portfolio management.",YES,YES,YES,YES,YES,YES,S,"{""S"": 5}",5,1,0.9739999999999999,0,"not a principal basis for any legal or binding decision || non-binding recommendations regarding which NIGMS program officer is most appropriate to manage an incoming grant application || all funding and programmatic decisions are made through established peer review and programmatic processes || they have full discretion to ignore or override the AI tool’s recommendations || non-binding recommendations regarding which NIGMS program officer is most appropriate to manage an incoming grant application, along with two alternative suggestions || produces non-binding recommendations || funding and programmatic decisions are made through established peer review || full discretion to ignore or override || produces non-binding recommendations regarding which NIGMS program officer is most appropriate || Program officers must actively accept the assignment or refer the application to a more appropriate program officer",U: publicly unresolved,U,False
NASA-234,NASA-234,NASA,MLNav (Machine Learning Navigation),Deployed,Science,Low-speed engagements with terrain features on Mars; part of core mission parameters. Mars Rover cannot harm humans or impact rights.,YES,NO,NO,NO,UNCLEAR,NO,U,"{""U"": 5}",5,1,0.89,0,cannot harm humans or impact rights || engagements with terrain features on Mars || Low-speed engagements with terrain features on Mars || Mars Rover cannot harm humans or impact rights.,U: publicly unresolved,U,True
NASA-398,NASA-398,NASA,Autonomous WAiting Room Evaluation (AWARE),Deployed,Administrative functions,This AI processes images of people waiting in the Langley Badge & Pass office. The people are counted and their images immediately deleted to avoid privacy issues.,YES,YES,NO,NO,NO,NO,U,"{""U"": 5}",5,1,0.874,0,to avoid privacy issues || The people are counted and their images immediately deleted || avoid privacy issues || people are counted || their images immediately deleted to avoid privacy issues || The people are counted,U: publicly unresolved,U,True
NASA-487,NASA-487,NASA,"AI Digital Assistants (HRP) [was ""Doc in a Box"" for Earth Independent Medical Operations (EIMO)]",Pilot,Health and Medical,"Digital assistant does not take any action, only gives information for a crew to act upon. Informational purposes only.",NO,YES,NO,NO,NO,YES,U,"{""D"": 3, ""U"": 2}",3,0,0.9280000000000002,0,"only gives information for a crew to act upon || does not take any action, only gives information for a crew to act upon || Digital assistant does not take any action || gives information for a crew to act upon || for a crew to act upon",U: publicly unresolved,U,True
TBD-R01,TBD,STB,Copilot for Appian,Pre-deployment,Other,"AI may be integrated in decision or activity pipelines in high-impact categories without meeting the definition of high-impact because the Al's output does not actually ""serve as a principal basis for"" the relevant type of agency action or decision, as described in OMB Memo M-25-21 definition of ""high-impact Al.""",YES,NO,NO,NO,NO,NO,U,"{""U"": 5}",5,1,0.9799999999999999,0,"does not actually ""serve as a principal basis for"" the relevant type of agency action or decision || integrated in decision or activity pipelines || does not actually ""serve as a principal basis for""",U: publicly unresolved,U,True
TBD-R02,TBD,STB,RelativityOne,Pre-deployment,Other,"AI may be integrated in decision or activity pipelines in high-impact categories without meeting the definition of high-impact because the Al's output does not actually ""serve as a principal basis for"" the relevant type of agency action or decision, as described in OMB Memo M-25-21 definition of ""high-impact Al.""",YES,NO,NO,NO,NO,NO,U,"{""U"": 5}",5,1,0.9799999999999999,0,"does not actually ""serve as a principal basis for"" the relevant type of agency action or decision || integrated in decision or activity pipelines || does not actually ""serve as a principal basis for""",U: publicly unresolved,U,True
TREAS-94,TREAS-94,TREAS,AI Contract Document Toolbox,Deployed,Procurement and Finance Mgmt,"AI Contract Document Toolbox drafts procurement narratives, supports vendor evaluations, and aids source selection. It offers recommendations but does not approve contracts. Final decisions are made by agency officials using multiple information sources.",YES,YES,UNCLEAR,NO,NO,YES,D,"{""D"": 5}",5,1,0.9339999999999999,0,"does not approve contracts || drafts procurement narratives, supports vendor evaluations, and aids source selection || using multiple information sources || Final decisions are made by agency officials || offers recommendations || multiple information sources",U: publicly unresolved,U,False
TREAS-IRS-75,TREAS-IRS-75,TREAS,Procurement Research,Pre-deployment,Procurement and Finance Mgmt,Research effort may examine AI bias (e.g. large vs. small business) in drafting procurement documents as market research / proposal evaluation. Research effort and not an operational use case where AI will make or influence government decisions.,YES,UNCLEAR,NO,NO,NO,NO,U,"{""U"": 5}",5,1,0.924,0,not an operational use case where AI will make or influence government decisions || in drafting procurement documents as market research / proposal evaluation || drafting procurement documents as market research / proposal evaluation || may examine AI bias,U: publicly unresolved,U,True
TREAS-IRS-9,TREAS-IRS-9,TREAS,Vendor Risk Analytics,Pilot,Procurement and Finance Mgmt,AI makes recommendations only and any contracting decisions would go through multiple layers of review by agency officials.,YES,YES,NO,NO,NO,YES,D,"{""D"": 5}",5,1,0.958,0,contracting decisions || AI makes recommendations only || contracting decisions would go through multiple layers of review by agency officials || multiple layers of review by agency officials || AI makes recommendations,D: public defeater undefeated,D,True
USDA-048,USDA-048,USDA,Dam Inspection Report Document Processing,Deployed,Admin Functions,"The AI is used for information extraction that informs dam portfolio decisions. However, the principal basis for decisions is made by humans for the repairs, and is vetted through aerial imagery analysis, the Oklahoma Conservation Commission, and associated dam sponsors.",YES,YES,YES,NO,NO,YES,S,"{""S"": 5}",5,1,0.968,0,"the principal basis for decisions || information extraction that informs dam portfolio decisions || vetted through aerial imagery analysis, the Oklahoma Conservation Commission, and associated dam sponsors || the principal basis for decisions is made by humans || the principal basis for decisions is made by humans for the repairs || principal basis for decisions || information extraction || vetted through aerial imagery analysis, the Oklahoma Conservation Commission || used for information extraction that informs dam portfolio decisions",S: minimally supported rebuttal,S,True
USDA-175,USDA-175,USDA,AI for Environmental Permitting Review,Pilot,Energy and Environment,"AI is not making any final decisions, only recommendations for authorized staff to review.",NO,YES,NO,NO,NO,YES,D,"{""D"": 5}",5,1,0.95,0,not making any final decisions || recommendations for authorized staff to review || authorized staff to review || only recommendations for authorized staff to review || AI is not making any final decisions || only recommendations,D: public defeater undefeated,D,True
