lens,lens_name,id,P,O,W_ind,W_opt,W_nar,H,status,excerpts,ambiguity,confidence,reported_status,formula_corrected
1,literal entailment,DHS-101,YES,NO,NO,NO,NO,NO,U,"{'P': 'do not serve as a principal basis for a decision or action', 'O': '', 'W': '', 'H': ''}",The rationale never identifies what the AI output is or how it enters a workflow.,0.99,U,0
1,literal entailment,DHS-123,YES,NO,NO,NO,NO,YES,D,"{'P': 'output serves as a principal basis for a decision or action concerning a specific individual or entity', 'O': '', 'W': '', 'H': 'a human is in the loop making a further determatination'}",The unnamed additional basis is not identifiable independent evidence; “never the only basis” does not itself establish a qualifying W mechanism.,0.97,D,0
1,literal entailment,DHS-125,YES,YES,YES,NO,YES,YES,S,"{'P': 'do not serve as a principal basis for law enforcement action or decision', 'O': 'investigative insights in the form of data, information leads or connections that HSI personnel can use to inform investigations', 'W': 'the output itself is data preparation and organization so HSI personnel can produce those leads when combining the AI output with the personnel’s expertise and other relevant investigative data and information', 'H': 'all insights are reviewed and validated by both personnel and supervisors'}",,0.97,S,0
1,literal entailment,DHS-14,YES,YES,YES,NO,YES,YES,S,"{'P': 'do not serve as a principal basis for a decision or action', 'O': 'identifies whether a fingerprint collected is of sufficient quality to pass the FBI fingerprint check process', 'W': 'This quality assurance step is one task in a series of adjudication activities but is not determinative of the overall adjudication decision.', 'H': 'Results of FBI fingerprint checks are subsequently reviewed by a human'}",,0.96,S,0
1,literal entailment,DHS-180,YES,YES,NO,YES,YES,YES,S,"{'P': 'do not serve as a principal basis for a decision or action', 'O': 'suggested aliases and DOBs related to the individual query, which USCIS staff must review to accept, reject, or ignore', 'W': 'Completing such adjudications are not dependent on the use case however lack of this tool would significantly increase human processing times', 'H': 'USCIS staff must review to accept, reject, or ignore the suggested information'}",,0.97,S,0
1,literal entailment,DHS-183,YES,YES,NO,NO,NO,NO,U,"{'P': 'do not serve as a principal basis for a decision or action', 'O': 'only provides the officer with complied public information', 'W': '', 'H': ''}","The output is described as compiled public information, but the rationale does not explain how that bound prevents consequential reliance.",0.94,U,0
1,literal entailment,DHS-188,NO,UNCLEAR,NO,NO,NO,NO,U,"{'P': '', 'O': 'identifying the alpha-numeric values of the conveyances in front of it', 'W': '', 'H': ''}","The output is identified, but its role in a consequential workflow and the relevant high-impact predicate are absent.",0.98,U,0
1,literal entailment,DHS-189,YES,YES,NO,YES,YES,NO,S,"{'P': 'do not serve as a principal basis for a decision or action', 'O': 'a real-time advisory message to the submitter of the photo that it is of insufficient quality for card production', 'W': 'the submitter may choose to resubmit or not. While adjudication of EADs is not dependent on this use case', 'H': ''}",,0.99,S,0
1,literal entailment,DHS-194,YES,YES,YES,NO,NO,YES,S,"{'P': 'does not serve as a principal basis for any decisions or actions', 'O': 'a bounding box is placed around the suspected IoI in the image and the user is notified of an alert', 'W': 'The user then reviews the image and decides if a dive team is required for further inspection.', 'H': 'The user then reviews the image and decides if a dive team is required'}","The underlying image is expressly reviewed before the dive-team decision, providing an identifiable basis beyond the alert.",0.94,S,0
1,literal entailment,DHS-204,YES,YES,YES,NO,NO,YES,S,"{'P': 'do not serve as a principal basis for enforcement decisions', 'O': 'search responses that are accompanied by links to source material for further analysis', 'W': 'Any enforcement decisions related to these insights are outcomes of the full Federal Investigation Process involving verifying any insights as evidence.', 'H': 'all insights are reviewed and validated by both personnel and supervisors'}",,0.97,S,0
1,literal entailment,DHS-234,YES,YES,NO,NO,YES,NO,S,"{'P': 'does not serve as a principal basis for decision or action', 'O': 'provides detections on the user interface back to users', 'W': 'system cannot autonomously mitigate an aircraft, it only detects and provides a digital track on the GUI/map for further user investigation', 'H': ''}",,0.98,S,0
1,literal entailment,DHS-2363,YES,YES,NO,NO,NO,YES,D,"{'P': 'does not serve as a principal basis for a decision or action', 'O': 'detections within the images (represented as a polygon)', 'W': '', 'H': 'If the officer feels physical review is required, the vehicle is moved to secondary inspection'}",Reviewing the AI detections is not expressly distinguished from human review of the AI output and therefore does not establish independent evidence.,0.95,D,0
1,literal entailment,DHS-2365,YES,YES,NO,NO,NO,YES,D,"{'P': 'does not serve as a principal basis for a decision or action', 'O': 'detections within the images (represented as a polygon)', 'W': '', 'H': 'If the officer feels physical review is required, the vehicle is moved to secondary inspection'}",Reviewing the AI detections is not expressly distinguished from human review of the AI output and therefore does not establish independent evidence.,0.95,D,0
1,literal entailment,DHS-2383,NO,YES,NO,NO,NO,NO,U,"{'P': '', 'O': 'The pilot receives a visual alert on the hand controller, indicating a possible collision', 'W': '', 'H': ''}","The rationale describes operation, including autonomous aircraft responses, but does not deny a high-impact predicate or state a limiting mechanism.",0.98,U,0
1,literal entailment,DHS-24,YES,NO,NO,NO,NO,NO,U,"{'P': 'do not serve as a principal basis for a decision or action', 'O': '', 'W': '', 'H': ''}",The rationale never identifies what the AI supplies or how it enters a workflow.,0.99,U,0
1,literal entailment,DHS-2417,YES,YES,NO,YES,NO,NO,S,"{'P': 'CBP does not make any decision or action based on a no-match.', 'O': 'the service cannot match a traveler', 'W': 'the traveler may continue check-in/bag drop via another means', 'H': ''}",,0.99,S,0
1,literal entailment,DHS-2427,YES,YES,YES,NO,YES,YES,S,"{'P': 'do not serve as a principal basis for law enforcement action or decision', 'O': 'investigative insights in the form of data, information leads or connections that HSI personnel can use to inform investigations', 'W': 'the output itself is data preparation and organization so HSI personnel can produce those leads when combining the AI output with the personnel’s expertise and other relevant investigative data and information', 'H': 'all insights are reviewed and validated by both personnel and supervisors'}",,0.97,S,0
1,literal entailment,DHS-2434,YES,YES,NO,NO,YES,NO,S,"{'P': 'does not actually ""serve as a principal basis for"" the relevant type of agency action or decision', 'O': 'The collated information supports decisions about staffing priorities', 'W': 'supports decisions about staffing priorities but is not used to make security-related or employment-related decisions', 'H': ''}",,0.97,S,0
1,literal entailment,DHS-2511,YES,YES,NO,NO,YES,YES,S,"{'P': 'no direct impact on investigative decisions or legal outcomes', 'O': 'detecting and obscuring faces, objects, or sensitive information', 'W': 'its outputs are strictly limited to redactions', 'H': 'subject to comprehensive human review and editing before finalization'}",,0.99,S,0
1,literal entailment,DHS-2517,YES,YES,YES,NO,NO,YES,S,"{'P': 'do not serve as a principal basis for any law enforcement action or decision', 'O': 'investigative insights', 'W': 'Any enforcement decisions related to these insights are outcomes of the full Federal Investigation Process involving verifying any insights as evidence', 'H': 'all insights are reviewed and validated by both personnel and supervisors'}",,0.98,S,0
1,literal entailment,DHS-2543,YES,YES,NO,NO,YES,NO,S,"{'P': 'not used to make security-related or employment-related decisions', 'O': 'collates information provided by or authorized to be collected by an employee', 'W': 'supports decisions about staffing priorities but is not used to make security-related or employment-related decisions', 'H': ''}",,0.97,S,0
1,literal entailment,DHS-2547,YES,YES,UNCLEAR,NO,NO,YES,D,"{'P': 'outputs do not directly serve as a principal basis for enforcement actions or regulatory decisions', 'O': 'the AI-generated knowledge graph provides a foundation for further human-led investigation', 'W': 'requiring source validation through separate processes', 'H': 'provides a foundation for further human-led investigation'}",“Source validation through separate processes” does not identify the separate procedure or source sufficiently to establish an independent-basis mechanism.,0.93,D,0
1,literal entailment,DHS-2552,YES,YES,NO,NO,YES,YES,S,"{'P': 'outputs do not serve as a ""principal basis"" for decisions or actions with legal, material, binding, or significant effects', 'O': 'AI-generated tags and app artifacts are suggestions', 'W': 'designed to assist analysts in prioritizing human review rather than independently determining outcomes', 'H': 'All outputs are reviewed as part of a broader investigative process before any actions are taken.'}","Manual validation and further investigation are generic, but the bounded role of tags and artifacts in prioritizing review is expressly contrasted with determining outcomes.",0.86,S,0
1,literal entailment,DHS-2565,NO,UNCLEAR,NO,NO,NO,NO,U,"{'P': '', 'O': 'we will need to determine how exactly the extracted information will be used for operations', 'W': '', 'H': ''}","The model outputs are identified, but their workflow use remains expressly undetermined.",0.98,U,0
1,literal entailment,DHS-2568,YES,YES,YES,NO,NO,YES,S,"{'P': 'does not serve as the principal basis for decisions or actions', 'O': 'User is provided with information for detected objects lacking AIS signal.', 'W': 'AIS is used as a filtering mechanism in most cases to filter out legitimate traffic.', 'H': 'a trained CBP agent or user, reviews the image to identify and classify the activity taking place'}","AIS supplies a stated non-AI filtering basis, while an agent independently examines the source image after an alert.",0.82,S,0
1,literal entailment,DHS-2572,YES,YES,YES,NO,NO,YES,S,"{'P': 'not a principle basis for a decision or action', 'O': 'Only events classified as High Confidence are then sent to users as a detection.', 'W': 'Any further actions taken will be based on what the agents encounter when they arrive on scene.', 'H': 'Users then review the audio of the event to determine the accuracy of the detection'}",,0.97,S,0
1,literal entailment,DHS-2575,YES,UNCLEAR,YES,NO,NO,YES,U,"{'P': 'rather than making legally binding or material decisions itself', 'O': 'the AI’s outputs serve primarily as inputs to an investigative process', 'W': 'Enforcement decisions and outcomes arise from a full investigative process that includes judicial review', 'H': 'HSI investigators review, validate, and contextualize the AI-generated outputs'}",The rationale never identifies what information or product the AI output contains.,0.91,U,0
1,literal entailment,DHS-2578,YES,YES,NO,NO,YES,YES,S,"{'P': 'do not serve as a principal basis for decisions or actions with legal, material, binding, or significant effects', 'O': 'its outputs are limited to normalized address data', 'W': ""the AI system's role is limited to data extraction and normalization, rather than serving as a primary basis for enforcement actions"", 'H': 'ERO officers review and validate the AI-driven outputs before determining actions'}","The investigative-process language is generic, but the output is expressly and consequentially bounded to extraction and normalization.",0.93,S,0
1,literal entailment,DHS-2595,YES,YES,YES,NO,NO,YES,S,"{'P': 'outputs do not serve as a ""principal basis"" for decisions or actions with legal, material, binding, or significant effects', 'O': 'providing structured annotations and insights for analysts to review', 'W': 'integration with other government data holdings before any enforcement action is taken', 'H': 'The safeguards in place, including human validation', 'ambiguity': ''}",,0.96,S,0
1,literal entailment,DHS-2627,YES,YES,NO,YES,NO,YES,S,"{'P': 'do not serve as a principal basis for a decision or action concerning a specific individual or entity that has a legal, material, binding, or similarly significant effect', 'O': 'The AI outputs are suggested aliases and DOBs related to the individual query', 'W': 'Completing such adjudications are not dependent on the use case', 'H': 'USCIS staff must review to accept, reject, or ignore the suggested information'}",,0.98,S,0
1,literal entailment,DHS-2667,YES,YES,NO,NO,NO,YES,D,"{'P': 'outputs do not serve as a ""principal basis for decisions or actions that have a legal, material, binding, or significant effect on rights or safety.""', 'O': 'generates intelligence reports and risk assessments that are used to support human decision-making', 'W': '', 'H': 'Analysts review the outputs and initiate follow-on actions after validating the source data'}",Neither the source data nor the investigative validation procedure is identified with enough specificity to establish an independent basis.,0.84,D,0
1,literal entailment,DHS-2729,YES,YES,YES,NO,YES,NO,S,"{'P': 'do not serve as the principal basis for a high-impact decision or action', 'O': 'identify potential matches', 'W': 'CBP personnel must then use internal CBP or USG data prior to making any law enforcement decisions or actions.', 'H': ''}",The required government data is an independent basis; the output is also expressly restricted to leads and barred as a determining factor.,0.98,S,0
1,literal entailment,DHS-310,YES,YES,NO,NO,NO,NO,U,"{'P': 'not used in requests for federal services, processes, and benefits', 'O': 'a feature that the CBP exam vendor uses to detect cheating during the exam', 'W': '', 'H': ''}",The rationale names a denied consequential-use category but provides no mechanism limiting reliance on a cheating detection.,0.88,U,0
1,literal entailment,DHS-317,YES,YES,YES,NO,NO,YES,S,"{'P': 'Neither the AI or output of AI serves as a principal basis for a decision or action.', 'O': 'processes data from radar, infrared sensors, and video surveillance to detect and track suspicious activities', 'W': 'then personal interaction leads to any follow-up decisions', 'H': 'Human review takes place prior to any final decision to act'}",,0.96,S,0
1,literal entailment,DHS-35,YES,YES,NO,NO,YES,YES,S,"{'P': 'do not serve as a principal basis for a decision or action concerning a specific individual or entity that has a legal, material, binding, or similarly significant effect', 'O': 'provides alerts when it detects the presence of an IoI', 'W': 'The AI merely alerts to the presence of an item it was trained to detect. This is not a biometric system and does not identify or track specific individuals.', 'H': 'a trained agent or user, reviews the image to identify and classify the activity taking place'}",The narrow-mechanism finding rests on the express limitation to presence alerts and the express exclusion of identification and tracking.,0.9,S,0
1,literal entailment,DHS-37,YES,YES,NO,NO,YES,YES,S,"{'P': 'do not serve as a principal basis for a decision or action concerning a specific individual or entity that has a legal, material, binding, or similarly significant effect', 'O': 'provides alerts when it detects the presence of an IoI', 'W': 'The AI merely alerts to the presence of an item it was trained to detect.', 'H': 'a trained agent or user, reviews the image to identify and classify the activity taking place'}",The rationale procedurally separates the bounded presence alert from the agent's identification and classification of activity.,0.84,S,0
1,literal entailment,DHS-372,YES,YES,NO,NO,YES,NO,S,"{'P': 'is not used to make security-related or employment-related decisions', 'O': 'The collated information supports decisions about staffing priorities', 'W': 'supports decisions about staffing priorities but is not used to make security-related or employment-related decisions', 'H': ''}",The disclosed use is expressly bounded to staffing priorities and excluded from the named consequential decision categories.,0.94,S,0
1,literal entailment,DHS-38,YES,YES,NO,NO,NO,YES,D,"{'P': 'does not serve as a principal basis for decisions or actions related to the definition of High-Impact AI', 'O': 'When it detects a vessel it sends and image to the cloud', 'W': '', 'H': 'for user review and determination if any follow-up action is required'}","The source image is reviewed, but the rationale supplies no independent evidence or limiting mechanism beyond human determination.",0.91,D,0
1,literal entailment,DHS-401,NO,YES,NO,NO,NO,NO,U,"{'P': '', 'O': 'uses facial recognition technology in Seized Property Vault Activity Automation (SPVAA) to create a log of access', 'W': '', 'H': ''}",The rationale describes the function but contains no rebuttal predicate or limiting mechanism.,0.99,U,0
1,literal entailment,DHS-407,YES,YES,YES,YES,NO,YES,S,"{'P': ""not the primary basis for a decision or action that would affect the individual's rights or safety"", 'O': 'facial verification for a remote check-in', 'W': 'If that fails, the user can schedule an in-person check-in at their local ERO office.', 'H': 'an officer will manually review the check-in photo against the previously taken photos'}","Manual comparison supplies an independent non-AI check, and an expressly available in-person path avoids dependence on facial verification.",0.97,S,0
1,literal entailment,DHS-417,YES,YES,NO,NO,NO,YES,D,"{'P': 'do not produce an action or serve as a principal basis for a decision that has the potential to significantly impact the safety of human-life or well-being, climate or environment, critical infrastructure, or strategic assets or resources', 'O': 'detects anomalies or outliers, and also may be used to classify or categorize certain activity', 'W': '', 'H': 'The AI outputs are reviewed by a human analyst team to determine if any of the patterns might be associated with unusual activity.'}","Further investigation is mentioned generically without an identifiable independent source, procedure, or constraining relation.",0.93,D,0
1,literal entailment,DHS-48,YES,YES,YES,NO,NO,YES,S,"{'P': 'do not serve as a principal basis for law enforcement action or decision', 'O': 'investigative insights in the form of data, information leads or connections', 'W': 'verifying any insights as evidence (including validating AI-translated material by a certified interpreter), presentation to a U.S. Attorney’s Office and potentially a District Court judge', 'H': 'all insights are reviewed and validated by both personnel and supervisors before being included in any official case management system'}",,0.98,S,0
1,literal entailment,DHS-49,YES,UNCLEAR,NO,NO,NO,YES,D,"{'P': 'The definition states that the ""output serves as a principal basis for a decision or action concerning a specific individual or entity...""', 'O': '', 'W': '', 'H': 'no rights impacting action is taken unless a human is in the loop making a further determatination'}",The rationale never identifies what the AI output supplies; saying it is not the only basis does not identify an independent basis.,0.97,D,0
1,literal entailment,DHS-56,YES,YES,NO,YES,NO,YES,S,"{'P': 'do not serve as a principal basis for a decision or action concerning a specific individual or entity that has a legal, material, binding, or similarly significant effect', 'O': 'identifies which records from within PCIS best match search criteria to support case processing', 'W': 'The adjudication process can be conducted without this tool', 'H': 'Adjudicators review the outputs of this use case, alongside other information and insights, to process a case and make a final determination.'}","The unspecified other information is not credited as an independent basis, but the rationale expressly states that adjudication remains available without the tool.",0.98,S,0
1,literal entailment,DHS-57,YES,YES,NO,YES,NO,YES,S,"{'P': 'do not serve as a principal basis for a decision or action', 'O': 'visualized through a report or dashboard to assist with case review', 'W': 'The adjudication process can be conducted without this tool', 'H': 'Adjudicators review the outputs of this use case, alongside other information and insights, to process a case and make a final determination.'}",“Other information and insights” is too generic for W-ind; the expressly available tool-free adjudication path establishes W-opt.,0.97,S,0
1,literal entailment,DHS-65,YES,UNCLEAR,NO,NO,NO,NO,U,"{'P': 'do not produce an action or serve as a principal basis for a decision', 'O': 'The AI predicts aircraft landing locations.', 'W': '', 'H': ''}","The output is identified, but the rationale does not state how the prediction enters a workflow or provide a limiting mechanism.",0.98,U,0
1,literal entailment,DHS-81,YES,YES,NO,NO,YES,YES,S,"{'P': 'do not serve as a principal basis for a decision or action', 'O': 'used to notify the CBP officer that a passport may require review', 'W': 'used to notify the CBP officer that a passport may require review', 'H': 'The officers would use any results provided to research the validity of the passport'}","“Other sources” is too generic for W-ind, but the output is bounded to a notification prompting further passport review rather than a validity determination.",0.88,S,0
1,literal entailment,DHS-86,YES,YES,NO,NO,NO,NO,U,"{'P': 'serve as a principal basis for a decision that has the potential to significantly impact the safety of human-life or well-being', 'O': 'If a cargo shipment is identified as high-risk for pest infestation, it is prioritized for inspection.', 'W': '', 'H': ''}",The rationale identifies a risk classification and its workflow use but no mechanism preventing that output from principally determining inspection priority.,0.98,U,0
1,literal entailment,DHS-95,YES,YES,NO,NO,UNCLEAR,NO,U,"{'P': 'the output does not serve as a principal basis for decision or actions', 'O': 'serves as an input to larger AI/ML cargo risk targeting models', 'W': 'Its outputs are not directly shared with users or operators', 'H': ''}",Being an upstream input not directly shown to operators does not entail that it cannot principally drive the downstream targeting model.,0.93,U,0
1,literal entailment,DOE-574,NO,NO,NO,NO,NO,NO,U,"{'P': '', 'O': '', 'W': '', 'H': ''}","Integration into M365 services identifies neither an AI output nor its workflow use, threshold predicate, or limiting mechanism.",0.99,U,0
1,literal entailment,DOE-579,NO,NO,NO,NO,NO,NO,U,"{'P': '', 'O': '', 'W': '', 'H': ''}",The rationale supplies only a topic description and no codable rebuttal components.,0.99,U,0
1,literal entailment,DOE-588,NO,NO,NO,NO,NO,NO,U,"{'P': '', 'O': '', 'W': '', 'H': ''}","Undetermined impact during development is a temporal statement, not a denied policy predicate or qualifying mechanism.",0.99,U,0
1,literal entailment,DOE-629,NO,NO,NO,NO,NO,NO,U,"{'P': '', 'O': '', 'W': '', 'H': ''}","Undetermined impact during development is a temporal statement, not a denied policy predicate or qualifying mechanism.",0.99,U,0
1,literal entailment,DOE-713,NO,NO,NO,NO,NO,NO,U,"{'P': '', 'O': '', 'W': '', 'H': ''}","Undetermined impact during development is a temporal statement, not a denied policy predicate or qualifying mechanism.",0.99,U,0
1,literal entailment,DOJ-0009,YES,NO,NO,NO,NO,NO,U,"{'P': 'serves as a principal basis for decisions or actions with legal, material, binding, or significant effect', 'O': '', 'W': '', 'H': ''}","The rationale names only a generic output and conclusion, without identifying what the AI supplies, its workflow use, or a limiting mechanism.",0.99,U,0
1,literal entailment,DOJ-0014,YES,NO,NO,NO,NO,NO,U,"{'P': 'serves as a principal basis for decisions or actions with legal, material, binding, or significant effect', 'O': '', 'W': '', 'H': ''}","The rationale names only a generic output and conclusion, without identifying what the AI supplies, its workflow use, or a limiting mechanism.",0.99,U,0
1,literal entailment,DOJ-0019,YES,NO,NO,NO,NO,NO,U,"{'P': 'serves as a principal basis for decisions or actions with legal, material, binding, or significant effect', 'O': '', 'W': '', 'H': ''}","The rationale names only a generic output and conclusion, without identifying what the AI supplies, its workflow use, or a limiting mechanism.",0.99,U,0
1,literal entailment,DOJ-0021,YES,NO,NO,NO,NO,NO,U,"{'P': 'serves as a principal basis for decisions or actions with legal, material, binding, or significant effect', 'O': '', 'W': '', 'H': ''}","The rationale names only a generic output and conclusion, without identifying what the AI supplies, its workflow use, or a limiting mechanism.",0.99,U,0
1,literal entailment,DOJ-0022,YES,NO,NO,NO,NO,NO,U,"{'P': 'serves as a principal basis for decisions or actions with legal, material, binding, or significant effect', 'O': '', 'W': '', 'H': ''}","The rationale names only a generic output and conclusion, without identifying what the AI supplies, its workflow use, or a limiting mechanism.",0.99,U,0
1,literal entailment,DOJ-0029,YES,NO,NO,NO,NO,NO,U,"{'P': 'serves as a principal basis for decisions or actions with legal, material, binding, or significant effect', 'O': '', 'W': '', 'H': ''}","The rationale names only a generic output and conclusion, without identifying what the AI supplies, its workflow use, or a limiting mechanism.",0.99,U,0
1,literal entailment,DOJ-0030,YES,NO,NO,NO,NO,NO,U,"{'P': 'serves as a principal basis for decisions or actions with legal, material, binding, or significant effect', 'O': '', 'W': '', 'H': ''}","The rationale names only a generic output and conclusion, without identifying what the AI supplies, its workflow use, or a limiting mechanism.",0.99,U,0
1,literal entailment,DOJ-0031,YES,NO,NO,NO,NO,NO,U,"{'P': 'serves as a principal basis for decisions or actions with legal, material, binding, or significant effect', 'O': '', 'W': '', 'H': ''}","The rationale names only a generic output and conclusion, without identifying what the AI supplies, its workflow use, or a limiting mechanism.",0.99,U,0
1,literal entailment,DOJ-0032,YES,NO,NO,NO,NO,NO,U,"{'P': 'serves as a principal basis for decisions or actions with legal, material, binding, or significant effect', 'O': '', 'W': '', 'H': ''}","The rationale names only a generic output and conclusion, without identifying what the AI supplies, its workflow use, or a limiting mechanism.",0.99,U,0
1,literal entailment,DOJ-0033,YES,NO,NO,NO,NO,NO,U,"{'P': 'serves as a principal basis for decisions or actions with legal, material, binding, or significant effect', 'O': '', 'W': '', 'H': ''}","The rationale names only a generic output and conclusion, without identifying what the AI supplies, its workflow use, or a limiting mechanism.",0.99,U,0
1,literal entailment,DOJ-0040,YES,NO,NO,NO,NO,NO,U,"{'P': 'serves as a principal basis for decisions or actions with legal, material, binding, or significant effect', 'O': '', 'W': '', 'H': ''}","The rationale names only a generic output and conclusion, without identifying what the AI supplies, its workflow use, or a limiting mechanism; pre-deployment status does not supply W.",0.99,U,0
1,literal entailment,DOJ-0041,YES,NO,NO,NO,NO,NO,U,"{'P': 'serves as a principal basis for decisions or actions with legal, material, binding, or significant effect', 'O': '', 'W': '', 'H': ''}","The rationale names only a generic output and conclusion, without identifying what the AI supplies, its workflow use, or a limiting mechanism; pre-deployment status does not supply W.",0.99,U,0
1,literal entailment,DOJ-0042,YES,NO,NO,NO,NO,NO,U,"{'P': 'principal basis for decisions or actions with legal, material, binding, or significant effect', 'O': '', 'W': '', 'H': ''}","The rationale names the denied predicate but does not identify the output, workflow, or a limiting mechanism.",0.99,U,0
1,literal entailment,DOJ-0043,YES,NO,NO,NO,NO,NO,U,"{'P': 'principal basis for decisions or actions with legal, material, binding, or significant effect', 'O': '', 'W': '', 'H': ''}","The rationale names the denied predicate but does not identify the output, workflow, or a limiting mechanism.",0.99,U,0
1,literal entailment,DOJ-0044,YES,NO,NO,NO,NO,NO,U,"{'P': 'principal basis for decisions or actions with legal, material, binding, or significant effect', 'O': '', 'W': '', 'H': ''}","The rationale names the denied predicate but does not identify the output, workflow, or a limiting mechanism.",0.99,U,0
1,literal entailment,DOJ-0072,YES,NO,NO,NO,NO,NO,U,"{'P': 'principal basis for decisions or actions with legal, material, binding, or significant effect', 'O': '', 'W': '', 'H': ''}","The rationale names the denied predicate but does not identify the output, workflow, or a limiting mechanism.",0.99,U,0
1,literal entailment,DOJ-0073,YES,NO,NO,NO,NO,NO,U,"{'P': 'principal basis for decisions or actions with legal, material, binding, or significant effect', 'O': '', 'W': '', 'H': ''}","The rationale names the denied predicate but does not identify the output, workflow, or a limiting mechanism.",0.99,U,0
1,literal entailment,DOJ-0102,YES,NO,NO,NO,NO,NO,U,"{'P': 'principal basis for decisions or actions with legal, material, binding, or significant effect', 'O': '', 'W': '', 'H': ''}","The rationale names the denied predicate but does not identify the output, workflow, or a limiting mechanism.",0.99,U,0
1,literal entailment,DOJ-0153,YES,NO,NO,NO,NO,NO,U,"{'P': 'principal basis for decisions or actions with legal, material, binding, or significant effect', 'O': '', 'W': '', 'H': ''}","The rationale names the denied predicate but does not identify the output, workflow, or a limiting mechanism.",0.99,U,0
1,literal entailment,DOJ-0220,YES,NO,NO,NO,NO,NO,U,"{'P': 'principal basis for decisions or actions with legal, material, binding, or significant effect', 'O': '', 'W': '', 'H': ''}","The rationale names the denied predicate but does not identify the output, workflow, or a limiting mechanism.",0.99,U,0
1,literal entailment,DOJ-0221,YES,NO,NO,NO,NO,NO,U,"{'P': 'principal basis for decisions or actions with legal, material, binding, or significant effect', 'O': '', 'W': '', 'H': ''}","The rationale names the denied predicate but does not identify the output, workflow, or a limiting mechanism.",0.99,U,0
1,literal entailment,DOJ-0235,YES,NO,NO,NO,NO,NO,U,"{'P': 'principal basis for decisions or actions with legal, material, binding, or significant effect', 'O': '', 'W': '', 'H': ''}","The rationale names the denied predicate but does not identify the output, workflow, or a limiting mechanism.",0.99,U,0
1,literal entailment,DOJ-0239,YES,NO,NO,NO,NO,NO,U,"{'P': 'principal basis for decisions or actions with legal, material, binding, or significant effect', 'O': '', 'W': '', 'H': ''}","The rationale names the denied predicate but does not identify the output, workflow, or a limiting mechanism.",0.99,U,0
1,literal entailment,DOJ-0265,YES,NO,NO,NO,NO,NO,U,"{'P': 'principal basis for decisions or actions with legal, material, binding, or significant effect', 'O': '', 'W': '', 'H': ''}","The rationale names the denied predicate but does not identify the output, workflow, or a limiting mechanism.",0.99,U,0
1,literal entailment,DOJ-0271,YES,NO,NO,NO,NO,NO,U,"{'P': 'principal basis for decisions or actions with legal, material, binding, or significant effect', 'O': '', 'W': '', 'H': ''}","The rationale names the denied predicate but does not identify the output, workflow, or a limiting mechanism.",0.99,U,0
1,literal entailment,DOJ-0315,YES,NO,NO,NO,NO,NO,U,"{'P': 'principal basis for decisions or actions with legal, material, binding, or significant effect', 'O': '', 'W': '', 'H': ''}","The rationale names the denied predicate but does not identify the output, workflow, or a limiting mechanism.",0.99,U,0
1,literal entailment,DOJ-0326,YES,NO,NO,NO,NO,NO,U,"{'P': 'principal basis for decisions or actions with legal, material, binding, or significant effect', 'O': '', 'W': '', 'H': ''}","The rationale names the denied predicate but does not identify the output, workflow, or a limiting mechanism.",0.99,U,0
1,literal entailment,DOJ-0332,YES,NO,NO,NO,NO,NO,U,"{'P': 'principal basis for decisions or actions with legal, material, binding, or significant effect', 'O': '', 'W': '', 'H': ''}","The rationale names the denied predicate but does not identify the output, workflow, or a limiting mechanism.",0.99,U,0
1,literal entailment,DOJ-0357-R01,YES,NO,NO,NO,NO,NO,U,"{'P': 'principal basis for decisions or actions with legal, material, binding, or significant effect', 'O': '', 'W': '', 'H': ''}","The rationale names the denied predicate but does not identify the output, workflow, or a limiting mechanism.",0.99,U,0
1,literal entailment,DOJ-0357-R02,YES,NO,NO,NO,NO,NO,U,"{'P': 'principal basis for decisions or actions with legal, material, binding, or significant effect', 'O': '', 'W': '', 'H': ''}","The rationale names the denied predicate but does not identify the output, workflow, or a limiting mechanism.",0.99,U,0
1,literal entailment,DOJ-0362,YES,NO,NO,NO,NO,NO,U,"{'P': 'principal basis for decisions or actions with legal, material, binding, or significant effect', 'O': '', 'W': '', 'H': ''}","The rationale names the denied predicate but does not identify the output, workflow, or a limiting mechanism.",0.99,U,0
1,literal entailment,DOJ-0363,YES,NO,NO,NO,NO,NO,U,"{'P': 'principal basis for decisions or actions with legal, material, binding, or significant effect', 'O': '', 'W': '', 'H': ''}","The rationale names the denied predicate but does not identify the output, workflow, or a limiting mechanism.",0.99,U,0
1,literal entailment,46,NO,NO,NO,NO,NO,NO,U,"{'P': '', 'O': '', 'W': '', 'H': ''}",No rationale was disclosed.,1.0,U,0
1,literal entailment,MISSING-6FB970D7652E,YES,YES,NO,NO,UNCLEAR,NO,U,"{'P': 'principal basis for decisions or actions with legal, material, binding, or significant effect', 'O': 'extracting key data points from scanned notices', 'W': 'narrowly focused on extracting key data points from scanned notices', 'H': ''}","The output is bounded, but the rationale does not explain how that bound prevents principal-basis use; it only asserts the conclusion.",0.96,U,0
1,literal entailment,MISSING-404BD6C1AE03,YES,YES,NO,NO,UNCLEAR,NO,U,"{'P': 'do not serve as a principal basis for decisions or actions with legal, material, binding, or significant effect', 'O': 'extracting key data points from unstructured narratives and validating data completeness', 'W': 'narrowly focused on extracting key data points', 'H': ''}","The output is bounded, but the rationale does not explicitly explain why that bound prevents principal-basis use.",0.84,U,0
1,literal entailment,MISSING-2045216ACC4E,YES,YES,UNCLEAR,NO,NO,YES,D,"{'P': 'does not serve as the basis for decisions or actions that affect civil rights, liberties, privacy, critical resources, safety, or strategic assets', 'O': 'detect anomalous or inconsistent patterns relative to standard partner actions and other application channels outside of the EDE pathway', 'W': 'used by CMS in tandem with other data', 'H': 'CMS makes all determinations on actions.'}","The additional data is not identified, so its independence and constraining role are unresolved.",0.94,D,0
1,literal entailment,MISSING-F55AC1E5A2AD,YES,YES,UNCLEAR,NO,NO,YES,D,"{'P': 'does not serve as the basis for decisions or actions that affect civil rights, liberties, privacy, critical resources, safety, or strategic assets', 'O': 'detect patterns that are inconsistent or anomalous relative to standard consumer, agent broker, and partner actions', 'W': 'additional information derived outside of this AI tool', 'H': 'CMS makes all determinations on actions.'}","The outside information is not identified, so it does not establish a qualifying independent basis.",0.94,D,0
1,literal entailment,MISSING-7DF6162305FD,UNCLEAR,UNCLEAR,NO,NO,NO,NO,U,"{'P': 'does not involve operational use, decision-making, or direct impact on the public or regulated entities', 'O': 'used solely in a research context to improve understanding of AI-enabled control systems', 'W': '', 'H': ''}","The rationale invokes a research-stage defense but does not identify a present AI output, workflow, or qualifying limiting mechanism.",0.91,U,0
1,literal entailment,MISSING-E9650DD065E1,YES,YES,NO,NO,YES,NO,S,"{'P': 'would not be considered to have a significant effect on human health and safety', 'O': 'detects the motion of an individual scratching', 'W': 'detects the motion of an individual scratching. The act of scratching would not be considered to have a significant effect on human health and safety', 'H': ''}",,0.93,S,0
1,literal entailment,MISSING-18A285367578,YES,YES,NO,NO,NO,YES,D,"{'P': 'all FOIA compliance decisions', 'O': 'operates as a recommendation system only', 'W': '', 'H': 'mandatory human review and approval required for all outputs'}",Recommendation-only language supplies no non-human limiting mechanism; the stated defense is human control.,0.92,D,0
1,literal entailment,MISSING-AB553836F519,NO,YES,UNCLEAR,NO,NO,YES,D,"{'P': '', 'O': 'AI is used to filter relevant video', 'W': 'outputs are verified by humans', 'H': 'decisions/actions are performed by humans'}",Human verification is stated without an independent evidence source or procedure.,0.92,D,0
1,literal entailment,MISSING-4B41CCE5A80E,NO,YES,NO,NO,NO,NO,U,"{'P': '', 'O': 'automate label extraction (identification of label information) for regulatory compliance', 'W': '', 'H': ''}",The rationale describes the function but does not deny a policy predicate or state a limiting mechanism.,0.97,U,0
1,literal entailment,MISSING-94D0D1898672,NO,YES,NO,NO,NO,YES,D,"{'P': '', 'O': 'providing additional information that helps them make faster decisions and prioritize applications for review', 'W': '', 'H': 'every referral decision undergoes 100% human review'}",Assistive-tool language is not itself a narrow mechanism; the exclusion rests on human review.,0.95,D,0
1,literal entailment,MISSING-91EA622F8902,YES,YES,UNCLEAR,NO,NO,YES,D,"{'P': 'does not drive any agency decision, including the categories listed in section 6 of the memorandum', 'O': 'a recommendation to assign a grant application to the appropriate Agency staff', 'W': 'based on their expertise', 'H': 'can accept, reject, or reassign the application'}","Staff expertise and discretion are stated, but no independent evidence or non-AI procedure is identified.",0.9,D,0
1,literal entailment,MISSING-8A490802AE57,NO,YES,NO,NO,NO,YES,D,"{'P': '', 'O': 'providing additional information that helps them make faster decisions and prioritize applications for review', 'W': '', 'H': 'every referral decision undergoes 100% human review'}",Assistive-tool language is not itself a narrow mechanism; the exclusion rests on human review.,0.95,D,0
1,literal entailment,MISSING-C38B75F17C3C,YES,YES,YES,YES,YES,YES,S,"{'P': 'not a principal basis for any legal or binding decision', 'O': 'non-binding recommendations regarding which NIGMS program officer is most appropriate to manage an incoming grant application', 'W': 'all funding and programmatic decisions are made through established peer review and programmatic processes', 'H': 'they have full discretion to ignore or override the AI tool’s recommendations'}",,0.98,S,0
1,literal entailment,NASA-234,YES,UNCLEAR,NO,NO,UNCLEAR,NO,U,"{'P': 'cannot harm humans or impact rights', 'O': 'engagements with terrain features on Mars', 'W': 'Low-speed engagements with terrain features on Mars', 'H': ''}","The operational setting is bounded, but the AI output and the link between that bound and principal-basis use are not disclosed.",0.88,U,0
1,literal entailment,NASA-398,YES,YES,NO,NO,NO,NO,U,"{'P': 'to avoid privacy issues', 'O': 'The people are counted and their images immediately deleted', 'W': '', 'H': ''}",Image deletion addresses retention-related privacy but does not explain why the count cannot principally support a consequential action.,0.87,U,0
1,literal entailment,NASA-487,NO,YES,NO,NO,NO,YES,D,"{'P': '', 'O': 'only gives information for a crew to act upon', 'W': '', 'H': 'does not take any action, only gives information for a crew to act upon'}",“Informational purposes only” does not technically or procedurally constrain how the crew may rely on the information.,0.93,D,0
1,literal entailment,TBD-R01,YES,UNCLEAR,NO,NO,NO,NO,U,"{'P': 'does not actually ""serve as a principal basis for"" the relevant type of agency action or decision', 'O': 'integrated in decision or activity pipelines', 'W': '', 'H': ''}",The rationale names neither the output supplied nor any mechanism preventing principal reliance.,0.97,U,0
1,literal entailment,TBD-R02,YES,UNCLEAR,NO,NO,NO,NO,U,"{'P': 'does not actually ""serve as a principal basis for"" the relevant type of agency action or decision', 'O': 'integrated in decision or activity pipelines', 'W': '', 'H': ''}",The rationale names neither the output supplied nor any mechanism preventing principal reliance.,0.97,U,0
1,literal entailment,TREAS-94,YES,YES,UNCLEAR,NO,NO,YES,D,"{'P': 'does not approve contracts', 'O': 'drafts procurement narratives, supports vendor evaluations, and aids source selection', 'W': 'using multiple information sources', 'H': 'Final decisions are made by agency officials'}","The multiple information sources are not identified, so a qualifying independent basis is not established.",0.93,D,0
1,literal entailment,TREAS-IRS-75,YES,UNCLEAR,NO,NO,NO,NO,U,"{'P': 'not an operational use case where AI will make or influence government decisions', 'O': 'in drafting procurement documents as market research / proposal evaluation', 'W': '', 'H': ''}",The text describes a possible research subject rather than an asserted operational AI output and workflow; research status is only a temporal defense.,0.91,U,0
1,literal entailment,TREAS-IRS-9,YES,YES,NO,NO,NO,YES,D,"{'P': 'contracting decisions', 'O': 'AI makes recommendations only', 'W': '', 'H': 'contracting decisions would go through multiple layers of review by agency officials'}",Multiple layers of human review do not identify independent evidence or another qualifying mechanism.,0.95,D,0
1,literal entailment,USDA-048,YES,YES,YES,NO,NO,YES,S,"{'P': 'the principal basis for decisions', 'O': 'information extraction that informs dam portfolio decisions', 'W': 'vetted through aerial imagery analysis, the Oklahoma Conservation Commission, and associated dam sponsors', 'H': 'the principal basis for decisions is made by humans'}",,0.98,S,0
1,literal entailment,USDA-175,UNCLEAR,YES,NO,NO,NO,YES,D,"{'P': 'not making any final decisions', 'O': 'recommendations for authorized staff to review', 'W': '', 'H': 'authorized staff to review'}",The rationale invokes final human decision-making but does not identify the relevant consequential decision or a non-human limiting mechanism.,0.94,D,0
2,policy-burden mapping,DHS-101,YES,NO,NO,NO,NO,NO,U,"{'P': 'do not produce an action or serve as a principal basis for a decision', 'O': '', 'W': '', 'H': ''}",The rationale states the denied predicate but never identifies the output or its workflow use.,0.99,U,0
2,policy-burden mapping,DHS-123,YES,UNCLEAR,NO,NO,NO,YES,D,"{'P': 'output serves as a principal basis for a decision or action concerning a specific individual or entity', 'O': 'the output of the AI', 'W': '', 'H': 'no rights impacting action is taken unless a human is in the loop making a further determatination'}","The AI output is unspecified, and the assertion that it is never the only basis names no independent basis.",0.98,D,0
2,policy-burden mapping,DHS-125,YES,YES,YES,NO,YES,YES,S,"{'P': 'do not serve as a principal basis for law enforcement action or decision', 'O': 'investigative insights in the form of data, information leads or connections that HSI personnel can use to inform investigations', 'W': 'Any enforcement decisions related to these insights are outcomes of the full Federal Investigation Process involving verifying any insights as evidence', 'H': 'all insights are reviewed and validated by both personnel and supervisors'}",,0.99,S,0
2,policy-burden mapping,DHS-14,YES,YES,NO,NO,YES,YES,S,"{'P': 'do not serve as a principal basis for a decision or action', 'O': 'identifies whether a fingerprint collected is of sufficient quality to pass the FBI fingerprint check process', 'W': 'This quality assurance step is one task in a series of adjudication activities but is not determinative of the overall adjudication decision.', 'H': 'Results of FBI fingerprint checks are subsequently reviewed by a human'}",,0.99,S,0
2,policy-burden mapping,DHS-180,YES,YES,YES,YES,YES,YES,S,"{'P': 'do not serve as a principal basis for a decision or action', 'O': 'suggested aliases and DOBs related to the individual query, which USCIS staff must review to accept, reject, or ignore', 'W': 'Completing such adjudications are not dependent on the use case however lack of this tool would significantly increase human processing times', 'H': 'USCIS staff must review to accept, reject, or ignore the suggested information'}",,0.98,S,0
2,policy-burden mapping,DHS-183,YES,UNCLEAR,NO,NO,NO,NO,U,"{'P': 'do not produce an action or serve as a principal basis for a decision', 'O': 'only provides the officer with complied public information', 'W': '', 'H': ''}","The output is described as compiled public information, but its workflow use and a mechanism preventing principal reliance are not disclosed.",0.96,U,0
2,policy-burden mapping,DHS-188,NO,UNCLEAR,NO,NO,NO,NO,U,"{'P': '', 'O': 'identifying the alpha-numeric values of the conveyances in front of it', 'W': '', 'H': ''}","The output is identified, but the rationale does not state its workflow use or connect its narrow form to the principal-basis burden.",0.98,U,0
2,policy-burden mapping,DHS-189,YES,YES,NO,YES,YES,NO,S,"{'P': 'do not serve as a principal basis for a decision or action', 'O': 'a real-time advisory message to the submitter of the photo that it is of insufficient quality for card production', 'W': 'the submitter may choose to resubmit or not. While adjudication of EADs is not dependent on this use case', 'H': ''}",,0.99,S,0
2,policy-burden mapping,DHS-194,YES,YES,UNCLEAR,NO,NO,YES,D,"{'P': 'does not serve as a principal basis for any decisions or actions', 'O': 'a bounding box is placed around the suspected IoI in the image and the user is notified of an alert', 'W': 'The user then reviews the image', 'H': 'The user then reviews the image and decides if a dive team is required'}",It is unclear whether reviewing the image supplies independent visual evidence or merely reviews the AI-marked output.,0.86,D,0
2,policy-burden mapping,DHS-204,YES,YES,YES,NO,NO,YES,S,"{'P': 'do not serve as a principal basis for enforcement decisions', 'O': 'search responses that are accompanied by links to source material for further analysis', 'W': 'Any enforcement decisions related to these insights are outcomes of the full Federal Investigation Process involving verifying any insights as evidence.', 'H': 'all insights are reviewed and validated by both personnel and supervisors'}",,0.99,S,0
2,policy-burden mapping,DHS-234,YES,YES,NO,NO,YES,NO,S,"{'P': 'does not serve as a principal basis for decision or action', 'O': 'provides detections on the user interface back to users', 'W': 'system cannot autonomously mitigate an aircraft, it only detects and provides a digital track on the GUI/map for further user investigation', 'H': ''}",,0.97,S,0
2,policy-burden mapping,DHS-2363,YES,YES,NO,NO,NO,YES,D,"{'P': 'does not serve as a principal basis for a decision or action', 'O': 'detect anomalies in non-intrusive inspection images', 'W': '', 'H': 'If the officer feels physical review is required, the vehicle is moved to secondary inspection'}",The officer reviews AI detections rather than a clearly identified independent evidentiary basis.,0.98,D,0
2,policy-burden mapping,DHS-2365,YES,YES,NO,NO,NO,YES,D,"{'P': 'does not serve as a principal basis for a decision or action', 'O': 'detect anomalies in non-intrusive inspection images', 'W': '', 'H': 'If the officer feels physical review is required, the vehicle is moved to secondary inspection'}",The officer reviews AI detections rather than a clearly identified independent evidentiary basis.,0.98,D,0
2,policy-burden mapping,DHS-2383,NO,YES,NO,NO,NO,NO,U,"{'P': '', 'O': 'The pilot receives a visual alert on the hand controller, indicating a possible collision', 'W': '', 'H': ''}",The rationale describes safety-related outputs and actions but does not deny or answer the high-impact threshold.,0.99,U,0
2,policy-burden mapping,DHS-24,YES,NO,NO,NO,NO,NO,U,"{'P': 'do not produce an action or serve as a principal basis for a decision', 'O': '', 'W': '', 'H': ''}",The rationale states the denied predicate but never identifies the output or its workflow use.,0.99,U,0
2,policy-burden mapping,DHS-2417,YES,YES,NO,YES,NO,NO,S,"{'P': 'CBP does not make any decision or action based on a no-match.', 'O': 'the service cannot match a traveler', 'W': 'the traveler may continue check-in/bag drop via another means', 'H': ''}",,0.99,S,0
2,policy-burden mapping,DHS-2427,YES,YES,YES,NO,YES,YES,S,"{'P': 'do not serve as a principal basis for law enforcement action or decision', 'O': 'investigative insights in the form of data, information leads or connections that HSI personnel can use to inform investigations', 'W': 'Any enforcement decisions related to these insights are outcomes of the full Federal Investigation Process involving verifying any insights as evidence', 'H': 'all insights are reviewed and validated by both personnel and supervisors'}",,0.99,S,0
2,policy-burden mapping,DHS-2434,YES,YES,NO,NO,YES,NO,S,"{'P': 'does not actually ""serve as a principal basis for"" the relevant type of agency action or decision', 'O': 'The collated information supports decisions about staffing priorities', 'W': 'supports decisions about staffing priorities but is not used to make security-related or employment-related decisions', 'H': ''}",,0.98,S,0
2,policy-burden mapping,DHS-2511,YES,YES,NO,NO,YES,YES,S,"{'P': 'no direct impact on investigative decisions or legal outcomes', 'O': 'detecting and obscuring faces, objects, or sensitive information', 'W': 'its outputs are strictly limited to redactions', 'H': 'subject to comprehensive human review and editing before finalization'}",,0.99,S,0
2,policy-burden mapping,DHS-2517,YES,YES,YES,NO,NO,YES,S,"{'P': 'do not serve as a principal basis for any law enforcement action or decision', 'O': 'investigative insights', 'W': 'Any enforcement decisions related to these insights are outcomes of the full Federal Investigation Process involving verifying any insights as evidence', 'H': 'all insights are reviewed and validated by both personnel and supervisors'}",,0.99,S,0
2,policy-burden mapping,DHS-2543,YES,YES,NO,NO,YES,NO,S,"{'P': 'not used to make security-related or employment-related decisions', 'O': 'collates information provided by or authorized to be collected by an employee', 'W': 'supports decisions about staffing priorities but is not used to make security-related or employment-related decisions', 'H': ''}",,0.98,S,0
2,policy-burden mapping,DHS-2547,YES,YES,YES,NO,NO,YES,S,"{'P': 'outputs do not directly serve as a principal basis for enforcement actions or regulatory decisions', 'O': 'the AI-generated knowledge graph provides a foundation for further human-led investigation', 'W': 'requiring source validation through separate processes', 'H': 'provides a foundation for further human-led investigation'}",,0.99,S,0
2,policy-burden mapping,DHS-2552,YES,YES,YES,NO,YES,YES,S,"{'P': 'outputs do not serve as a ""principal basis"" for decisions or actions with legal, material, binding, or significant effects', 'O': 'AI-generated tags and app artifacts are suggestions', 'W': 'require manual validation and further investigation before enforcement actions are taken', 'H': 'All outputs are reviewed as part of a broader investigative process before any actions are taken.'}",,0.96,S,0
2,policy-burden mapping,DHS-2565,NO,UNCLEAR,NO,NO,NO,NO,U,"{'P': '', 'O': 'identify people, animals, and vehicles as well as extract license plate information', 'W': '', 'H': ''}","The operational use of the extracted information is expressly undetermined, and the rationale gives only a temporal defense.",0.98,U,0
2,policy-burden mapping,DHS-2568,YES,YES,UNCLEAR,NO,YES,YES,S,"{'P': 'does not serve as the principal basis for decisions or actions', 'O': 'User is provided with information for detected objects lacking AIS signal.', 'W': 'After the alert of a detection, a trained CBP agent or user, reviews the image to identify and classify the activity taking place.', 'H': 'a trained CBP agent or user, reviews the image'}","AIS is a named non-AI source, but its filtering role is not explicitly connected to a consequential action; the alert-only role supplies the narrow mechanism.",0.82,S,0
2,policy-burden mapping,DHS-2572,YES,YES,YES,NO,YES,YES,S,"{'P': 'not a principle basis for a decision or action', 'O': 'Only events classified as High Confidence are then sent to users as a detection.', 'W': 'Any further actions taken will be based on what the agents encounter when they arrive on scene.', 'H': 'Users then review the audio of the event to determine the accuracy of the detection'}",,0.96,S,0
2,policy-burden mapping,DHS-2575,YES,UNCLEAR,YES,NO,UNCLEAR,YES,U,"{'P': 'rather than making legally binding or material decisions itself', 'O': 'AI’s outputs serve primarily as inputs to an investigative process', 'W': 'Enforcement decisions and outcomes arise from a full investigative process that includes judicial review and other safeguards', 'H': 'HSI investigators review, validate, and contextualize the AI-generated outputs'}","The rationale never identifies what information the AI output contains, so O cannot be established despite a described investigative safeguard.",0.9,U,0
2,policy-burden mapping,DHS-2578,YES,YES,UNCLEAR,NO,YES,YES,S,"{'P': 'do not serve as a principal basis for decisions or actions with legal, material, binding, or significant effects', 'O': 'outputs are limited to normalized address data', 'W': 'role is limited to data extraction and normalization, rather than serving as a primary basis for enforcement actions', 'H': 'ERO officers review and validate the AI-driven outputs before determining actions'}",The full investigative process and additional verification steps are not specified enough to establish an independent-basis mechanism.,0.94,S,0
2,policy-burden mapping,DHS-2595,YES,YES,YES,NO,YES,YES,S,"{'P': 'outputs do not serve as a ""principal basis"" for decisions or actions with legal, material, binding, or significant effects', 'O': 'providing structured annotations and insights for analysts to review', 'W': 'require human validation and integration with other government data holdings before any enforcement action is taken', 'H': 'human validation'}",,0.98,S,0
2,policy-burden mapping,DHS-2627,YES,YES,NO,YES,YES,YES,S,"{'P': 'do not serve as a principal basis for a decision or action concerning a specific individual or entity that has a legal, material, binding, or similarly significant effect', 'O': 'The AI outputs are suggested aliases and DOBs related to the individual query', 'W': 'Completing such adjudications are not dependent on the use case', 'H': 'USCIS staff must review to accept, reject, or ignore the suggested information'}",,0.97,S,0
2,policy-burden mapping,DHS-2667,YES,YES,UNCLEAR,NO,UNCLEAR,YES,D,"{'P': 'outputs do not serve as a ""principal basis for decisions or actions that have a legal, material, binding, or significant effect on rights or safety.""', 'O': 'generates intelligence reports and risk assessments that are used to support human decision-making', 'W': 'must be validated as part of the investigative process prior to action being taken', 'H': 'Analysts review the outputs and initiate follow-on actions after validating the source data'}","The cited source data and investigative validation are not identified specifically enough to establish an independent basis, while advisory and leads are labels without a clear limiting mechanism.",0.87,D,0
2,policy-burden mapping,DHS-2729,YES,YES,YES,NO,YES,NO,S,"{'P': 'do not serve as the principal basis for a high-impact decision or action', 'O': 'performs a comparative search against other open-source images to identify potential matches', 'W': 'can only be utilized for investigative leads and cannot be utilized as a determining factor for any enforcement action', 'H': ''}",,0.99,S,0
2,policy-burden mapping,DHS-310,YES,YES,NO,NO,NO,NO,U,"{'P': 'not used in requests for federal services, processes, and benefits', 'O': 'the CBP exam vendor uses to detect cheating during the exam', 'W': '', 'H': ''}",The rationale names an excluded consequential domain but provides no mechanism explaining why a cheating detection cannot materially affect an examinee.,0.85,U,0
2,policy-burden mapping,DHS-317,YES,YES,YES,NO,YES,YES,S,"{'P': 'Neither the AI or output of AI serves as a principal basis for a decision or action.', 'O': 'AI-powered vessel registration, aircraft tail number, license plate, and object detection', 'W': 'that information is run through CBP Super Query and if derogatory information is returned or other information from the imagery', 'H': 'Human review takes place prior to any final decision to act'}",,0.96,S,0
2,policy-burden mapping,DHS-35,YES,YES,YES,NO,YES,YES,S,"{'P': 'do not serve as a principal basis for a decision or action concerning a specific individual or entity that has a legal, material, binding, or similarly significant effect', 'O': 'provides alerts when it detects the presence of an IoI', 'W': 'The AI merely alerts to the presence of an item it was trained to detect.', 'H': 'a trained agent or user, reviews the image to identify and classify the activity taking place'}",,0.95,S,0
2,policy-burden mapping,DHS-37,YES,YES,YES,NO,YES,YES,S,"{'P': 'do not serve as a principal basis for a decision or action concerning a specific individual or entity that has a legal, material, binding, or similarly significant effect', 'O': 'provides alerts when it detects the presence of an IoI', 'W': 'The AI merely alerts to the presence of an item it was trained to detect.', 'H': 'a trained agent or user, reviews the image to identify and classify the activity taking place'}",,0.95,S,0
2,policy-burden mapping,DHS-372,YES,YES,NO,NO,YES,NO,S,"{'P': 'is not used to make security-related or employment-related decisions', 'O': 'The collated information supports decisions about staffing priorities', 'W': 'supports decisions about staffing priorities but is not used to make security-related or employment-related decisions', 'H': ''}",,0.92,S,0
2,policy-burden mapping,DHS-38,YES,YES,YES,NO,YES,YES,S,"{'P': 'does not serve as a principal basis for decisions or actions related to the definition of High-Impact AI', 'O': 'When it detects a vessel it sends and image to the cloud for user review', 'W': 'user review and determination if any follow-up action is required', 'H': 'user review and determination if any follow-up action is required'}","The rationale is terse, but it bounds the AI role to vessel detection and transmission of the underlying image for a separate follow-up determination.",0.86,S,0
2,policy-burden mapping,DHS-401,NO,YES,NO,NO,NO,NO,U,"{'P': '', 'O': 'facial recognition technology in Seized Property Vault Activity Automation (SPVAA) to create a log of access', 'W': '', 'H': ''}",The rationale describes the function but provides no rebuttal to a high-impact predicate.,0.98,U,0
2,policy-burden mapping,DHS-407,YES,YES,YES,YES,NO,YES,S,"{'P': ""not the primary basis for a decision or action that would affect the individual's rights or safety"", 'O': 'facial verification for a remote check-in', 'W': 'If that fails, the user can schedule an in-person check-in at their local ERO office.', 'H': 'an officer will manually review the check-in photo against the previously taken photos'}",,0.99,S,0
2,policy-burden mapping,DHS-417,YES,YES,UNCLEAR,NO,YES,YES,S,"{'P': 'do not produce an action or serve as a principal basis for a decision that has the potential to significantly impact the safety of human-life or well-being', 'O': 'detects anomalies or outliers, and also may be used to classify or categorize certain activity', 'W': 'The analyst would then continue to investigate further as during normal threat hunt operations.', 'H': 'The AI outputs are reviewed by a human analyst team'}","Normal threat-hunt investigation is not detailed enough for W-ind, but the output is procedurally limited to identifying patterns that initiate further investigation rather than action.",0.9,S,0
2,policy-burden mapping,DHS-48,YES,YES,YES,NO,YES,YES,S,"{'P': 'do not serve as a principal basis for law enforcement action or decision', 'O': 'investigative insights in the form of data, information leads or connections', 'W': 'combining the AI output with the personnel’s expertise and other relevant investigative data and information', 'H': 'all insights are reviewed and validated by both personnel and supervisors'}",,0.99,S,0
2,policy-burden mapping,DHS-49,YES,UNCLEAR,NO,NO,NO,YES,D,"{'P': 'output serves as a principal basis for a decision or action concerning a specific individual or entity', 'O': 'the output of the AI', 'W': '', 'H': 'no rights impacting action is taken unless a human is in the loop making a further determatination'}","The rationale does not identify the AI output, and ""never the only basis"" does not answer whether it is the principal basis or name an independent basis.",0.98,D,0
2,policy-burden mapping,DHS-56,YES,YES,UNCLEAR,YES,UNCLEAR,YES,S,"{'P': 'do not serve as a principal basis for a decision or action concerning a specific individual or entity that has a legal, material, binding, or similarly significant effect', 'O': 'visualized through a report or dashboard to assist with case review', 'W': 'The adjudication process can be conducted without this tool', 'H': 'Adjudicators review the outputs of this use case, alongside other information and insights, to process a case and make a final determination.'}","Other information and the report's assistive role are too generic to independently establish W-ind or W-nar, but the expressly available tool-free adjudication path establishes W-opt.",0.97,S,0
2,policy-burden mapping,DHS-57,YES,YES,UNCLEAR,YES,NO,YES,S,"{'P': 'do not serve as a principal basis for a decision or action', 'O': 'report or dashboard to assist with case review', 'W': 'The adjudication process can be conducted without this tool', 'H': 'Adjudicators review the outputs of this use case, alongside other information and insights, to process a case and make a final determination.'}","“Other information and insights” does not identify an independent evidentiary basis, but the expressly available tool-free adjudication path qualifies as W-opt.",0.96,S,0
2,policy-burden mapping,DHS-65,YES,UNCLEAR,NO,NO,NO,NO,U,"{'P': 'do not produce an action or serve as a principal basis for a decision', 'O': 'The AI predicts aircraft landing locations.', 'W': '', 'H': ''}","The output is identified, but the rationale does not state how the prediction enters a workflow or why it cannot be a principal basis.",0.98,U,0
2,policy-burden mapping,DHS-81,YES,YES,UNCLEAR,NO,YES,YES,S,"{'P': 'do not serve as a principal basis for a decision or action', 'O': 'used to notify the CBP officer that a passport may require review', 'W': 'This is only one piece of information provided to CBP Officers', 'H': 'The officers would use any results provided to research the validity of the passport through other sources.'}","The alert is bounded to prompting further review, supporting W-nar; “other sources” is too generic to establish W-ind.",0.87,S,0
2,policy-burden mapping,DHS-86,YES,YES,NO,NO,NO,NO,U,"{'P': 'do not produce an action or serve as a principal basis for a decision', 'O': 'If a cargo shipment is identified as high-risk for pest infestation, it is prioritized for inspection.', 'W': '', 'H': ''}",The rationale identifies a risk classification that directly prioritizes inspection but supplies no mechanism answering the principal-basis burden.,0.99,U,0
2,policy-burden mapping,DHS-95,YES,YES,NO,NO,UNCLEAR,NO,U,"{'P': 'the output does not serve as a principal basis for decision or actions', 'O': 'serves as an input to larger AI/ML cargo risk targeting models', 'W': 'Its outputs are not directly shared with users or operators', 'H': ''}","The upstream-input architecture and lack of direct operator access suggest a bound, but the rationale does not explain why downstream targeting cannot principally depend on the output.",0.93,U,0
2,policy-burden mapping,DOE-574,NO,UNCLEAR,NO,NO,NO,NO,U,"{'P': '', 'O': 'integrated into all LANL collaboration and productivity services within M365 including email and Teams', 'W': '', 'H': ''}","The rationale identifies integration contexts but neither a specific AI output nor its workflow role, and it does not address the principal-basis burden.",0.99,U,0
2,policy-burden mapping,DOE-579,NO,NO,NO,NO,NO,NO,U,"{'P': '', 'O': '', 'W': '', 'H': ''}","The subject-area statement does not disclose an AI output, workflow, policy predicate, or limiting mechanism.",1.0,U,0
2,policy-burden mapping,DOE-588,NO,NO,NO,NO,NO,NO,U,"{'P': '', 'O': '', 'W': '', 'H': ''}","Development status and undetermined impact are temporal uncertainty, not an answer to the principal-basis burden.",1.0,U,0
2,policy-burden mapping,DOE-629,NO,NO,NO,NO,NO,NO,U,"{'P': '', 'O': '', 'W': '', 'H': ''}","Development status and undetermined impact are temporal uncertainty, not an answer to the principal-basis burden.",1.0,U,0
2,policy-burden mapping,DOE-713,NO,NO,NO,NO,NO,NO,U,"{'P': '', 'O': '', 'W': '', 'H': ''}","Development status and undetermined impact are temporal uncertainty, not an answer to the principal-basis burden.",1.0,U,0
2,policy-burden mapping,DOJ-0009,YES,NO,NO,NO,NO,NO,U,"{'P': 'serves as a principal basis for decisions or actions with legal, material, binding, or significant effect', 'O': '', 'W': '', 'H': ''}","The rationale states the policy conclusion but does not identify the output, workflow, or mechanism supporting it.",1.0,U,0
2,policy-burden mapping,DOJ-0014,YES,NO,NO,NO,NO,NO,U,"{'P': 'serves as a principal basis for decisions or actions with legal, material, binding, or significant effect', 'O': '', 'W': '', 'H': ''}","The rationale states the policy conclusion but does not identify the output, workflow, or mechanism supporting it.",1.0,U,0
2,policy-burden mapping,DOJ-0019,YES,NO,NO,NO,NO,NO,U,"{'P': 'serves as a principal basis for decisions or actions with legal, material, binding, or significant effect', 'O': '', 'W': '', 'H': ''}","The rationale states the policy conclusion but does not identify the output, workflow, or mechanism supporting it.",1.0,U,0
2,policy-burden mapping,DOJ-0021,YES,NO,NO,NO,NO,NO,U,"{'P': 'serves as a principal basis for decisions or actions with legal, material, binding, or significant effect', 'O': '', 'W': '', 'H': ''}","The rationale states the policy conclusion but does not identify the output, workflow, or mechanism supporting it.",1.0,U,0
2,policy-burden mapping,DOJ-0022,YES,NO,NO,NO,NO,NO,U,"{'P': 'serves as a principal basis for decisions or actions with legal, material, binding, or significant effect', 'O': '', 'W': '', 'H': ''}","The rationale states the policy conclusion but does not identify the output, workflow, or mechanism supporting it.",1.0,U,0
2,policy-burden mapping,DOJ-0029,YES,NO,NO,NO,NO,NO,U,"{'P': 'serves as a principal basis for decisions or actions with legal, material, binding, or significant effect', 'O': '', 'W': '', 'H': ''}","The rationale states the policy conclusion but does not identify the output, workflow, or mechanism supporting it.",1.0,U,0
2,policy-burden mapping,DOJ-0030,YES,NO,NO,NO,NO,NO,U,"{'P': 'serves as a principal basis for decisions or actions with legal, material, binding, or significant effect', 'O': '', 'W': '', 'H': ''}","The rationale states the policy conclusion but does not identify the output, workflow, or mechanism supporting it.",1.0,U,0
2,policy-burden mapping,DOJ-0031,YES,NO,NO,NO,NO,NO,U,"{'P': 'serves as a principal basis for decisions or actions with legal, material, binding, or significant effect', 'O': '', 'W': '', 'H': ''}","The rationale states the policy conclusion but does not identify the output, workflow, or mechanism supporting it.",1.0,U,0
2,policy-burden mapping,DOJ-0032,YES,NO,NO,NO,NO,NO,U,"{'P': 'serves as a principal basis for decisions or actions with legal, material, binding, or significant effect', 'O': '', 'W': '', 'H': ''}","The rationale states the policy conclusion but does not identify the output, workflow, or mechanism supporting it.",1.0,U,0
2,policy-burden mapping,DOJ-0033,YES,NO,NO,NO,NO,NO,U,"{'P': 'serves as a principal basis for decisions or actions with legal, material, binding, or significant effect', 'O': '', 'W': '', 'H': ''}","The rationale states the policy conclusion but does not identify the output, workflow, or mechanism supporting it.",1.0,U,0
2,policy-burden mapping,DOJ-0040,YES,NO,NO,NO,NO,NO,U,"{'P': 'serves as a principal basis for decisions or actions with legal, material, binding, or significant effect', 'O': '', 'W': '', 'H': ''}","The rationale states the policy conclusion but does not identify the output, workflow, or mechanism supporting it; pre-deployment status does not supply W.",1.0,U,0
2,policy-burden mapping,DOJ-0041,YES,NO,NO,NO,NO,NO,U,"{'P': 'serves as a principal basis for decisions or actions with legal, material, binding, or significant effect', 'O': '', 'W': '', 'H': ''}","The rationale states the policy conclusion but does not identify the output, workflow, or mechanism supporting it; pre-deployment status does not supply W.",1.0,U,0
2,policy-burden mapping,DOJ-0042,YES,NO,NO,NO,NO,NO,U,"{'P': 'principal basis for decisions or actions with legal, material, binding, or significant effect', 'O': 'an output', 'W': '', 'H': ''}","The rationale states the policy conclusion but does not identify the output, workflow, or limiting mechanism.",0.99,U,0
2,policy-burden mapping,DOJ-0043,YES,NO,NO,NO,NO,NO,U,"{'P': 'principal basis for decisions or actions with legal, material, binding, or significant effect', 'O': 'an output', 'W': '', 'H': ''}","The rationale states the policy conclusion but does not identify the output, workflow, or limiting mechanism.",0.99,U,0
2,policy-burden mapping,DOJ-0044,YES,NO,NO,NO,NO,NO,U,"{'P': 'principal basis for decisions or actions with legal, material, binding, or significant effect', 'O': 'an output', 'W': '', 'H': ''}","The rationale states the policy conclusion but does not identify the output, workflow, or limiting mechanism.",0.99,U,0
2,policy-burden mapping,DOJ-0072,YES,NO,NO,NO,NO,NO,U,"{'P': 'principal basis for decisions or actions with legal, material, binding, or significant effect', 'O': 'an output', 'W': '', 'H': ''}","The rationale states the policy conclusion but does not identify the output, workflow, or limiting mechanism.",0.99,U,0
2,policy-burden mapping,DOJ-0073,YES,NO,NO,NO,NO,NO,U,"{'P': 'principal basis for decisions or actions with legal, material, binding, or significant effect', 'O': 'an output', 'W': '', 'H': ''}","The rationale states the policy conclusion but does not identify the output, workflow, or limiting mechanism.",0.99,U,0
2,policy-burden mapping,DOJ-0102,YES,NO,NO,NO,NO,NO,U,"{'P': 'principal basis for decisions or actions with legal, material, binding, or significant effect', 'O': 'an output', 'W': '', 'H': ''}","The rationale states the policy conclusion but does not identify the output, workflow, or limiting mechanism.",0.99,U,0
2,policy-burden mapping,DOJ-0153,YES,NO,NO,NO,NO,NO,U,"{'P': 'principal basis for decisions or actions with legal, material, binding, or significant effect', 'O': 'an output', 'W': '', 'H': ''}","The rationale states the policy conclusion but does not identify the output, workflow, or limiting mechanism.",0.99,U,0
2,policy-burden mapping,DOJ-0220,YES,NO,NO,NO,NO,NO,U,"{'P': 'principal basis for decisions or actions with legal, material, binding, or significant effect', 'O': 'an output', 'W': '', 'H': ''}","The rationale states the policy conclusion but does not identify the output, workflow, or limiting mechanism.",0.99,U,0
2,policy-burden mapping,DOJ-0221,YES,NO,NO,NO,NO,NO,U,"{'P': 'principal basis for decisions or actions with legal, material, binding, or significant effect', 'O': 'an output', 'W': '', 'H': ''}","The rationale states the policy conclusion but does not identify the output, workflow, or limiting mechanism.",0.99,U,0
2,policy-burden mapping,DOJ-0235,YES,NO,NO,NO,NO,NO,U,"{'P': 'principal basis for decisions or actions with legal, material, binding, or significant effect', 'O': 'an output', 'W': '', 'H': ''}","The rationale states the policy conclusion but does not identify the output, workflow, or limiting mechanism.",0.99,U,0
2,policy-burden mapping,DOJ-0239,YES,NO,NO,NO,NO,NO,U,"{'P': 'principal basis for decisions or actions with legal, material, binding, or significant effect', 'O': 'an output', 'W': '', 'H': ''}","The rationale states the policy conclusion but does not identify the output, workflow, or limiting mechanism.",0.99,U,0
2,policy-burden mapping,DOJ-0265,YES,NO,NO,NO,NO,NO,U,"{'P': 'principal basis for decisions or actions with legal, material, binding, or significant effect', 'O': 'an output', 'W': '', 'H': ''}","The rationale states the policy conclusion but does not identify the output, workflow, or limiting mechanism.",0.99,U,0
2,policy-burden mapping,DOJ-0271,YES,NO,NO,NO,NO,NO,U,"{'P': 'principal basis for decisions or actions with legal, material, binding, or significant effect', 'O': 'an output', 'W': '', 'H': ''}","The rationale states the policy conclusion but does not identify the output, workflow, or limiting mechanism.",0.99,U,0
2,policy-burden mapping,DOJ-0315,YES,NO,NO,NO,NO,NO,U,"{'P': 'principal basis for decisions or actions with legal, material, binding, or significant effect', 'O': 'an output', 'W': '', 'H': ''}","The rationale states the policy conclusion but does not identify the output, workflow, or limiting mechanism.",0.99,U,0
2,policy-burden mapping,DOJ-0326,YES,NO,NO,NO,NO,NO,U,"{'P': 'principal basis for decisions or actions with legal, material, binding, or significant effect', 'O': 'an output', 'W': '', 'H': ''}","The rationale states the policy conclusion but does not identify the output, workflow, or limiting mechanism.",0.99,U,0
2,policy-burden mapping,DOJ-0332,YES,NO,NO,NO,NO,NO,U,"{'P': 'principal basis for decisions or actions with legal, material, binding, or significant effect', 'O': 'an output', 'W': '', 'H': ''}","The rationale states the policy conclusion but does not identify the output, workflow, or limiting mechanism.",0.99,U,0
2,policy-burden mapping,DOJ-0357-R01,YES,NO,NO,NO,NO,NO,U,"{'P': 'principal basis for decisions or actions with legal, material, binding, or significant effect', 'O': 'an output', 'W': '', 'H': ''}","The rationale states the policy conclusion but does not identify the output, workflow, or limiting mechanism.",0.99,U,0
2,policy-burden mapping,DOJ-0357-R02,YES,NO,NO,NO,NO,NO,U,"{'P': 'principal basis for decisions or actions with legal, material, binding, or significant effect', 'O': 'an output', 'W': '', 'H': ''}","The rationale states the policy conclusion but does not identify the output, workflow, or limiting mechanism.",0.99,U,0
2,policy-burden mapping,DOJ-0362,YES,NO,NO,NO,NO,NO,U,"{'P': 'principal basis for decisions or actions with legal, material, binding, or significant effect', 'O': 'an output', 'W': '', 'H': ''}","The rationale states the policy conclusion but does not identify the output, workflow, or limiting mechanism.",0.99,U,0
2,policy-burden mapping,DOJ-0363,YES,NO,NO,NO,NO,NO,U,"{'P': 'principal basis for decisions or actions with legal, material, binding, or significant effect', 'O': 'an output', 'W': '', 'H': ''}","The rationale states the policy conclusion but does not identify the output, workflow, or limiting mechanism.",0.99,U,0
2,policy-burden mapping,46,NO,NO,NO,NO,NO,NO,U,"{'P': '', 'O': '', 'W': '', 'H': ''}",No rationale was disclosed.,1.0,U,0
2,policy-burden mapping,MISSING-6FB970D7652E,YES,YES,NO,NO,NO,NO,U,"{'P': 'principal basis for decisions or actions with legal, material, binding, or significant effect', 'O': 'extracting key data points from scanned notices', 'W': '', 'H': ''}","The extraction description bounds the task, but the rationale does not explain why that bound prevents principal-basis use.",0.95,U,0
2,policy-burden mapping,MISSING-404BD6C1AE03,YES,YES,NO,NO,YES,NO,S,"{'P': 'do not serve as a principal basis for decisions or actions with legal, material, binding, or significant effect', 'O': 'extracting key data points from unstructured narratives and validating data completeness', 'W': 'The use of AI is narrowly focused on extracting key data points', 'H': ''}",,0.96,S,0
2,policy-burden mapping,MISSING-2045216ACC4E,YES,YES,UNCLEAR,NO,NO,YES,D,"{'P': 'does not serve as the basis for decisions or actions that affect civil rights, liberties, privacy, critical resources, safety, or strategic assets', 'O': 'findings are shared with the agency divisions in the form of different reports and tables', 'W': 'in tandem with other data', 'H': 'CMS makes all determinations on actions.'}",The rationale constrains reliance on the findings but identifies the independent basis only generically as other data.,0.94,D,0
2,policy-burden mapping,MISSING-F55AC1E5A2AD,YES,YES,UNCLEAR,NO,NO,YES,D,"{'P': 'does not serve as the basis for decisions or actions that affect civil rights, liberties, privacy, critical resources, safety, or strategic assets', 'O': 'findings are shared with the agency divisions in the form of reports and tables', 'W': 'in combination with additional information derived outside of this AI tool', 'H': 'CMS makes all determinations on actions.'}","Information outside the tool is asserted, but its source, procedure, and constraining role are insufficiently specified.",0.91,D,0
2,policy-burden mapping,MISSING-7DF6162305FD,YES,UNCLEAR,NO,NO,NO,NO,U,"{'P': 'does not involve operational use, decision-making, or direct impact on the public or regulated entities', 'O': 'inform future regulatory readiness', 'W': '', 'H': ''}",The disclosed defense is research-stage and non-operational; it does not identify an asserted AI output and limiting mechanism.,0.93,U,0
2,policy-burden mapping,MISSING-E9650DD065E1,YES,YES,NO,NO,NO,NO,U,"{'P': 'would not be considered to have a significant effect on human health and safety', 'O': 'detects the motion of an individual scratching', 'W': '', 'H': ''}",The rationale denies a significant health-and-safety effect but does not explain a mechanism preventing the detection from principally supporting a consequential action.,0.9,U,0
2,policy-burden mapping,MISSING-18A285367578,YES,YES,NO,NO,NO,YES,D,"{'P': 'FOIA compliance decisions', 'O': 'It operates as a recommendation system only', 'W': '', 'H': 'mandatory human review and approval required for all outputs'}",Recommendation-only language supplies no operational limitation independent of the mandatory human approval rationale.,0.95,D,0
2,policy-burden mapping,MISSING-AB553836F519,NO,YES,NO,NO,NO,YES,D,"{'P': '', 'O': 'AI is used to filter relevant video', 'W': '', 'H': 'decisions/actions are performed by humans'}","Human verification does not identify an independent evidentiary basis, and no policy predicate is stated.",0.96,D,0
2,policy-burden mapping,MISSING-4B41CCE5A80E,NO,YES,NO,NO,NO,NO,U,"{'P': '', 'O': 'automate label extraction (identification of label information) for regulatory compliance', 'W': '', 'H': ''}",The rationale describes the output and purpose but does not answer the principal-basis burden.,0.98,U,0
2,policy-burden mapping,MISSING-94D0D1898672,NO,UNCLEAR,NO,NO,NO,YES,D,"{'P': '', 'O': 'providing additional information that helps them make faster decisions and prioritize applications for review', 'W': '', 'H': 'every referral decision undergoes 100% human review'}","The informational role is described, but the specific information supplied is not identified; the negative determination relies on universal human review.",0.92,D,0
2,policy-burden mapping,MISSING-91EA622F8902,YES,YES,NO,NO,NO,YES,D,"{'P': 'does not drive any agency decision', 'O': 'a recommendation to assign a grant application to the appropriate Agency staff', 'W': '', 'H': 'can accept, reject, or reassign the application based on their expertise'}",Staff expertise and override authority establish discretion but do not specify independent evidence or an alternative path avoiding the recommendation.,0.94,D,0
2,policy-burden mapping,MISSING-8A490802AE57,NO,UNCLEAR,NO,NO,NO,YES,D,"{'P': '', 'O': 'providing additional information that helps them make faster decisions and prioritize applications for review', 'W': '', 'H': 'every referral decision undergoes 100% human review'}","The informational role is described, but the specific information supplied is not identified; the negative determination relies on universal human review.",0.92,D,0
2,policy-burden mapping,MISSING-C38B75F17C3C,YES,YES,YES,NO,YES,YES,S,"{'P': 'not a principal basis for any legal or binding decision', 'O': 'non-binding recommendations regarding which NIGMS program officer is most appropriate to manage an incoming grant application, along with two alternative suggestions', 'W': 'all funding and programmatic decisions are made through established peer review and programmatic processes', 'H': 'they have full discretion to ignore or override the AI tool’s recommendations'}",,0.99,S,0
2,policy-burden mapping,NASA-234,YES,NO,NO,NO,UNCLEAR,NO,U,"{'P': 'Mars Rover cannot harm humans or impact rights.', 'O': '', 'W': 'Low-speed engagements with terrain features on Mars', 'H': ''}","The operational setting is bounded, but the AI output and its relationship to any consequential action are not disclosed.",0.92,U,0
2,policy-burden mapping,NASA-398,UNCLEAR,YES,NO,NO,NO,NO,U,"{'P': 'to avoid privacy issues', 'O': 'The people are counted and their images immediately deleted', 'W': '', 'H': ''}",Immediate deletion addresses data retention but does not answer whether an AI output principally supports a consequential decision or action.,0.94,U,0
2,policy-burden mapping,NASA-487,NO,YES,NO,NO,NO,YES,D,"{'P': '', 'O': 'only gives information for a crew to act upon', 'W': '', 'H': 'Digital assistant does not take any action'}",The rationale shifts action to the crew but does not identify a limiting mechanism or independent basis for the crew’s action.,0.91,D,0
2,policy-burden mapping,TBD-R01,YES,NO,NO,NO,NO,NO,U,"{'P': 'does not actually ""serve as a principal basis for"" the relevant type of agency action or decision', 'O': '', 'W': '', 'H': ''}","The text states the governing conclusion without identifying the AI output, workflow, or mechanism answering the burden.",0.99,U,0
2,policy-burden mapping,TBD-R02,YES,NO,NO,NO,NO,NO,U,"{'P': 'does not actually ""serve as a principal basis for"" the relevant type of agency action or decision', 'O': '', 'W': '', 'H': ''}","The text states the governing conclusion without identifying the AI output, workflow, or mechanism answering the burden.",0.99,U,0
2,policy-burden mapping,TREAS-94,YES,YES,UNCLEAR,NO,NO,YES,D,"{'P': 'does not approve contracts', 'O': 'drafts procurement narratives, supports vendor evaluations, and aids source selection', 'W': 'using multiple information sources', 'H': 'Final decisions are made by agency officials'}",Multiple information sources are invoked without identifying them or explaining how they constrain reliance on the recommendations.,0.94,D,0
2,policy-burden mapping,TREAS-IRS-75,YES,UNCLEAR,NO,NO,NO,NO,U,"{'P': 'not an operational use case where AI will make or influence government decisions', 'O': 'drafting procurement documents as market research / proposal evaluation', 'W': '', 'H': ''}","The described use is a prospective research effort, not an asserted operational output-and-workflow mechanism.",0.92,U,0
2,policy-burden mapping,TREAS-IRS-9,YES,YES,NO,NO,NO,YES,D,"{'P': 'contracting decisions', 'O': 'AI makes recommendations only', 'W': '', 'H': 'multiple layers of review by agency officials'}","Layered human review is not an independent evidentiary basis, and recommendation-only language does not explain an operational limitation.",0.97,D,0
2,policy-burden mapping,USDA-048,YES,YES,YES,NO,NO,YES,S,"{'P': 'the principal basis for decisions', 'O': 'information extraction that informs dam portfolio decisions', 'W': 'vetted through aerial imagery analysis, the Oklahoma Conservation Commission, and associated dam sponsors', 'H': 'the principal basis for decisions is made by humans for the repairs'}",,0.98,S,0
2,policy-burden mapping,USDA-175,NO,YES,NO,NO,NO,YES,D,"{'P': '', 'O': 'only recommendations for authorized staff to review', 'W': '', 'H': 'AI is not making any final decisions'}",The rationale relies on staff review and final-decision authority without identifying the relevant threshold or a qualifying limiting mechanism.,0.97,D,0
3,linguistic scope and negation,DHS-101,YES,NO,NO,NO,NO,NO,U,"{'P': 'do not produce an action or serve as a principal basis', 'O': '', 'W': '', 'H': ''}",,0.98,U,0
3,linguistic scope and negation,DHS-123,YES,NO,NO,NO,NO,YES,D,"{'P': 'output serves as a principal basis for a decision', 'O': '', 'W': '', 'H': 'a human is in the loop making a further determatination'}",,0.98,D,0
3,linguistic scope and negation,DHS-125,YES,YES,YES,NO,YES,YES,S,"{'P': 'do not serve as a principal basis for law enforcement action or decision', 'O': 'data, information leads or connections', 'W': 'full Federal Investigation Process involving verifying any insights as evidence', 'H': 'all insights are reviewed and validated by both personnel and supervisors'}",,0.98,S,0
3,linguistic scope and negation,DHS-14,YES,YES,NO,NO,YES,NO,S,"{'P': 'do not serve as a principal basis for a decision or action', 'O': 'identifies whether a fingerprint collected is of sufficient quality', 'W': 'one task in a series of adjudication activities but is not determinative of the overall adjudication decision', 'H': ''}",,0.94,S,0
3,linguistic scope and negation,DHS-180,YES,YES,NO,YES,YES,YES,S,"{'P': 'do not serve as a principal basis for a decision or action', 'O': 'suggested aliases and DOBs', 'W': 'Completing such adjudications are not dependent on the use case', 'H': 'USCIS staff must review to accept, reject, or ignore'}",,0.91,S,0
3,linguistic scope and negation,DHS-183,YES,YES,NO,NO,NO,NO,U,"{'P': 'do not produce an action or serve as a principal basis', 'O': 'only provides the officer with complied public information', 'W': '', 'H': ''}",,0.97,U,0
3,linguistic scope and negation,DHS-188,NO,YES,NO,NO,NO,NO,U,"{'P': '', 'O': 'identifying the alpha-numeric values of the conveyances', 'W': '', 'H': ''}",,0.98,U,0
3,linguistic scope and negation,DHS-189,YES,YES,NO,NO,YES,NO,S,"{'P': 'do not serve as a principal basis for a decision or action', 'O': 'a real-time advisory message to the submitter', 'W': 'adjudication of EADs is not dependent on this use case', 'H': ''}",,0.9,S,0
3,linguistic scope and negation,DHS-194,YES,YES,NO,NO,NO,YES,D,"{'P': 'does not serve as a principal basis for any decisions or actions', 'O': 'the user is notified of an alert of a potential IOI', 'W': '', 'H': 'The user then reviews the image and decides'}",,0.98,D,0
3,linguistic scope and negation,DHS-204,YES,YES,YES,NO,NO,YES,S,"{'P': 'do not serve as a principal basis for enforcement decisions', 'O': 'search responses that are accompanied by links to source material', 'W': 'full Federal Investigation Process involving verifying any insights as evidence', 'H': 'all insights are reviewed and validated by both personnel and supervisors'}",,0.98,S,0
3,linguistic scope and negation,DHS-234,YES,YES,NO,NO,YES,NO,S,"{'P': 'does not serve as a principal basis for decision or action', 'O': 'provides detections on the user interface', 'W': 'system cannot autonomously mitigate an aircraft, it only detects and provides a digital track', 'H': ''}",,0.91,S,0
3,linguistic scope and negation,DHS-2363,YES,YES,NO,NO,NO,YES,D,"{'P': 'does not serve as a principal basis for a decision or action', 'O': 'detect anomalies in non-intrusive inspection images', 'W': '', 'H': 'If the officer feels physical review is required'}",,0.98,D,0
3,linguistic scope and negation,DHS-2365,YES,YES,NO,NO,NO,YES,D,"{'P': 'does not serve as a principal basis for a decision or action', 'O': 'detect anomalies in non-intrusive inspection images', 'W': '', 'H': 'If the officer feels physical review is required'}",,0.98,D,0
3,linguistic scope and negation,DHS-2383,NO,YES,NO,NO,NO,NO,U,"{'P': '', 'O': 'The pilot receives a visual alert', 'W': '', 'H': ''}",,0.97,U,0
3,linguistic scope and negation,DHS-24,YES,NO,NO,NO,NO,NO,U,"{'P': 'do not produce an action or serve as a principal basis', 'O': '', 'W': '', 'H': ''}",,0.98,U,0
3,linguistic scope and negation,DHS-2417,YES,YES,NO,YES,NO,NO,S,"{'P': 'does not make any decision or action based on a no-match', 'O': 'the service cannot match a traveler', 'W': 'the traveler may continue check-in/bag drop via another means', 'H': ''}",,0.98,S,0
3,linguistic scope and negation,DHS-2427,YES,YES,YES,NO,YES,YES,S,"{'P': 'do not serve as a principal basis for law enforcement action or decision', 'O': 'data, information leads or connections', 'W': 'full Federal Investigation Process involving verifying any insights as evidence', 'H': 'all insights are reviewed and validated by both personnel and supervisors'}",,0.98,S,0
3,linguistic scope and negation,DHS-2434,YES,YES,NO,NO,YES,NO,S,"{'P': 'does not actually serve as a principal basis', 'O': 'The collated information supports decisions about staffing priorities', 'W': 'is not used to make security-related or employment-related decisions', 'H': ''}",,0.94,S,0
3,linguistic scope and negation,DHS-2511,YES,YES,NO,NO,YES,YES,S,"{'P': 'no direct impact on investigative decisions or legal outcomes', 'O': 'detecting and obscuring faces, objects, or sensitive information', 'W': 'outputs are strictly limited to redactions', 'H': 'subject to comprehensive human review and editing'}",,0.98,S,0
3,linguistic scope and negation,DHS-2517,YES,YES,YES,NO,NO,YES,S,"{'P': 'do not serve as a principal basis for any law enforcement action or decision', 'O': 'supporting information for HSI personnel', 'W': 'full Federal Investigation Process involving verifying any insights as evidence', 'H': 'all insights are reviewed and validated by both personnel and supervisors'}",,0.98,S,0
3,linguistic scope and negation,DHS-2543,YES,YES,NO,NO,YES,NO,S,"{'P': 'not used to make security-related or employment-related decisions', 'O': 'The collated information supports decisions about staffing priorities', 'W': 'supports decisions about staffing priorities but is not used to make security-related or employment-related decisions', 'H': ''}",,0.93,S,0
3,linguistic scope and negation,DHS-2547,YES,YES,YES,NO,NO,YES,S,"{'P': 'do not directly serve as a principal basis for enforcement actions or regulatory decisions', 'O': 'AI-generated knowledge graph', 'W': 'requiring source validation through separate processes', 'H': 'further human-led investigation'}",,0.97,S,0
3,linguistic scope and negation,DHS-2552,YES,YES,UNCLEAR,NO,NO,YES,D,"{'P': 'outputs do not serve as a ""principal basis""', 'O': 'classification, decoding, and origin analysis', 'W': 'manual validation and further investigation', 'H': 'require manual validation'}",Further investigation is not specified as an independent evidentiary basis.,0.91,D,0
3,linguistic scope and negation,DHS-2565,NO,YES,NO,NO,NO,NO,U,"{'P': '', 'O': 'identify people, animals, and vehicles as well as extract license plate information', 'W': '', 'H': ''}",The rationale is prospective and does not deny a high-impact predicate.,0.98,U,0
3,linguistic scope and negation,DHS-2568,YES,YES,UNCLEAR,NO,NO,YES,D,"{'P': 'does not serve as the principal basis', 'O': 'provided with information for detected objects lacking AIS signal', 'W': 'AIS is used as a filtering mechanism', 'H': 'reviews the image'}",AIS filtering is not explicitly connected to the basis for consequential action.,0.86,D,0
3,linguistic scope and negation,DHS-2572,YES,YES,YES,NO,NO,YES,S,"{'P': 'not a principle basis for a decision or action', 'O': 'detects sounds that are associated with sounds of gunfire', 'W': 'actions taken will be based on what the agents encounter', 'H': 'Users then review the audio'}",,0.96,S,0
3,linguistic scope and negation,DHS-2575,YES,YES,YES,NO,NO,YES,S,"{'P': 'rather than making legally binding or material decisions itself', 'O': 'AI’s outputs serve primarily as inputs to an investigative process', 'W': 'includes judicial review and other safeguards', 'H': 'investigators review, validate, and contextualize'}",,0.89,S,0
3,linguistic scope and negation,DHS-2578,YES,YES,UNCLEAR,NO,NO,YES,D,"{'P': 'do not serve as a principal basis', 'O': 'limited to normalized address data', 'W': 'additional verification steps', 'H': 'ERO officers review and validate'}",Verification and the investigative process do not identify an independent non-AI basis for action.,0.91,D,0
3,linguistic scope and negation,DHS-2595,YES,YES,YES,NO,NO,YES,S,"{'P': 'do not serve as a ""principal basis""', 'O': 'structured annotations and insights', 'W': 'integration with other government data holdings before any enforcement action', 'H': 'require human validation'}",,0.94,S,0
3,linguistic scope and negation,DHS-2627,YES,YES,NO,YES,NO,YES,S,"{'P': 'do not serve as a principal basis', 'O': 'suggested aliases and DOBs', 'W': 'adjudications are not dependent on the use case', 'H': 'staff must review to accept, reject, or ignore'}",,0.91,S,0
3,linguistic scope and negation,DHS-2667,YES,YES,UNCLEAR,NO,NO,YES,D,"{'P': 'not the sole or principal basis', 'O': 'generates intelligence reports and risk assessments', 'W': 'validating the source data', 'H': 'support human decision-making'}",Source-data validation is not described as an independent basis that constrains the action.,0.88,D,0
3,linguistic scope and negation,DHS-2729,YES,YES,YES,NO,NO,NO,S,"{'P': 'do not serve as the principal basis', 'O': 'comparative search against other open-source images', 'W': 'must then use internal CBP or USG data prior to making any law enforcement decisions', 'H': ''}",,0.97,S,0
3,linguistic scope and negation,DHS-310,YES,YES,NO,NO,NO,NO,U,"{'P': 'not used in requests for federal services, processes, and benefits', 'O': 'detect cheating during the exam', 'W': '', 'H': ''}",The limited use is not connected to a mechanism preventing consequential reliance.,0.82,U,0
3,linguistic scope and negation,DHS-317,YES,YES,YES,NO,NO,YES,S,"{'P': 'Neither the AI or output of AI serves as a principal basis', 'O': 'vessel registration, aircraft tail number, license plate, and object detection', 'W': 'personal interaction leads to any follow-up decisions', 'H': 'Human review takes place'}",,0.88,S,0
3,linguistic scope and negation,DHS-35,YES,YES,NO,NO,YES,YES,S,"{'P': 'do not serve as a principal basis', 'O': 'provides alerts when it detects the presence of an IoI', 'W': 'merely alerts to the presence of an item', 'H': 'reviews the image'}",,0.84,S,0
3,linguistic scope and negation,DHS-37,YES,YES,NO,NO,UNCLEAR,YES,D,"{'P': 'do not serve as a principal basis', 'O': 'provides alerts when it detects the presence of an IoI', 'W': 'merely alerts to the presence of an item', 'H': 'reviews the image'}",The alert-only description does not explain why it cannot be a principal basis for a consequential action.,0.92,D,0
3,linguistic scope and negation,DHS-372,YES,YES,NO,NO,NO,NO,U,"{'P': 'not used to make security-related or employment-related decisions', 'O': 'collated information supports decisions about staffing priorities', 'W': '', 'H': ''}",No mechanism explains the relationship between staffing support and consequential decisions.,0.87,U,0
3,linguistic scope and negation,DHS-38,YES,YES,NO,NO,NO,YES,D,"{'P': 'does not serve as a principal basis', 'O': 'detect small vessels', 'W': '', 'H': 'user review and determination if any follow-up action is required'}",,0.96,D,0
3,linguistic scope and negation,DHS-401,NO,YES,NO,NO,NO,NO,U,"{'P': '', 'O': 'create a log of access', 'W': '', 'H': ''}",No high-impact predicate or rebuttal mechanism is stated.,0.99,U,0
3,linguistic scope and negation,DHS-407,YES,YES,NO,YES,NO,YES,S,"{'P': ""not the primary basis for a decision or action that would affect the individual's rights or safety"", 'O': 'facial verification for a remote check-in', 'W': 'schedule an in-person check-in at their local ERO office', 'H': 'an officer will manually review'}",,0.98,S,0
3,linguistic scope and negation,DHS-417,YES,YES,UNCLEAR,NO,NO,YES,D,"{'P': 'do not produce an action or serve as a principal basis', 'O': 'detects anomalies or outliers', 'W': 'continue to investigate further', 'H': 'reviewed by a human analyst team'}",Further investigation is not specified as an independent evidentiary basis.,0.94,D,0
3,linguistic scope and negation,DHS-48,YES,YES,YES,NO,NO,YES,S,"{'P': 'do not serve as a principal basis for law enforcement action or decision', 'O': 'investigative insights in the form of data, information leads or connections', 'W': 'presentation to a U.S. Attorney’s Office and potentially a District Court judge', 'H': 'reviewed and validated by both personnel and supervisors'}",,0.98,S,0
3,linguistic scope and negation,DHS-49,YES,UNCLEAR,NO,NO,NO,YES,D,"{'P': 'no rights impacting action is taken', 'O': '', 'W': '', 'H': 'a human is in the loop making a further determatination'}",The rationale does not identify the AI output or its workflow role.,0.9,D,0
3,linguistic scope and negation,DHS-56,YES,YES,NO,YES,NO,YES,S,"{'P': 'do not serve as a principal basis', 'O': 'visualized through a report or dashboard', 'W': 'adjudication process can be conducted without this tool', 'H': 'Adjudicators review the outputs'}",,0.97,S,0
3,linguistic scope and negation,DHS-57,YES,YES,NO,YES,NO,YES,S,"{'P': 'do not serve as a principal basis', 'O': 'visualized through a report or dashboard', 'W': 'The adjudication process can be conducted without this tool', 'H': 'Adjudicators review the outputs'}",“other information and insights” is not an identifiable independent basis.,0.94,S,0
3,linguistic scope and negation,DHS-65,YES,YES,NO,NO,NO,NO,U,"{'P': 'do not produce an action or serve as a principal basis', 'O': 'predicts aircraft landing locations', 'W': '', 'H': ''}",No operational mechanism connects the prediction to the asserted non-principal role.,0.97,U,0
3,linguistic scope and negation,DHS-81,YES,YES,NO,NO,NO,YES,D,"{'P': 'do not serve as a principal basis', 'O': 'assessment of passport validity', 'W': '', 'H': 'officers would use any results provided to research'}",“other sources” is generic and does not identify an independent evidentiary basis.,0.91,D,0
3,linguistic scope and negation,DHS-86,YES,YES,NO,NO,NO,NO,U,"{'P': 'do not produce an action or serve as a principal basis', 'O': 'identified as high-risk for pest infestation, it is prioritized for inspection', 'W': '', 'H': ''}",The stated prioritization does not explain a limiting mechanism preventing principal reliance.,0.94,U,0
3,linguistic scope and negation,DHS-95,YES,YES,NO,NO,NO,NO,U,"{'P': 'does not serve as a principal basis', 'O': 'create quantifiable risk measures', 'W': '', 'H': ''}",Non-sharing with users does not itself explain why downstream use cannot be a principal basis.,0.9,U,0
3,linguistic scope and negation,DOE-574,NO,NO,NO,NO,NO,NO,U,"{'P': '', 'O': '', 'W': '', 'H': ''}","The rationale identifies integration but no AI output, policy predicate, or limiting mechanism.",0.98,U,0
3,linguistic scope and negation,DOE-579,NO,NO,NO,NO,NO,NO,U,"{'P': '', 'O': '', 'W': '', 'H': ''}","No disclosed predicate, output, or mechanism.",0.99,U,0
3,linguistic scope and negation,DOE-588,NO,NO,NO,NO,NO,NO,U,"{'P': '', 'O': '', 'W': '', 'H': ''}","Development stage and undetermined impact are temporal statements, not a rebuttal mechanism.",0.99,U,0
3,linguistic scope and negation,DOE-629,NO,NO,NO,NO,NO,NO,U,"{'P': '', 'O': '', 'W': '', 'H': ''}","Development stage and undetermined impact are temporal statements, not a rebuttal mechanism.",0.99,U,0
3,linguistic scope and negation,DOE-713,NO,NO,NO,NO,NO,NO,U,"{'P': '', 'O': '', 'W': '', 'H': ''}","Development stage and undetermined impact are temporal statements, not a rebuttal mechanism.",0.99,U,0
3,linguistic scope and negation,DOJ-0009,YES,NO,NO,NO,NO,NO,U,"{'P': 'does not produce an output that serves as a principal basis', 'O': '', 'W': '', 'H': ''}",The rationale states only a predicate-level conclusion and identifies no output or mechanism.,0.99,U,0
3,linguistic scope and negation,DOJ-0014,YES,NO,NO,NO,NO,NO,U,"{'P': 'does not produce an output that serves as a principal basis', 'O': '', 'W': '', 'H': ''}",The rationale states only a predicate-level conclusion and identifies no output or mechanism.,0.99,U,0
3,linguistic scope and negation,DOJ-0019,YES,NO,NO,NO,NO,NO,U,"{'P': 'does not produce an output that serves as a principal basis', 'O': '', 'W': '', 'H': ''}",The rationale states only a predicate-level conclusion and identifies no output or mechanism.,0.99,U,0
3,linguistic scope and negation,DOJ-0021,YES,NO,NO,NO,NO,NO,U,"{'P': 'does not produce an output that serves as a principal basis', 'O': '', 'W': '', 'H': ''}",The rationale states only a predicate-level conclusion and identifies no output or mechanism.,0.99,U,0
3,linguistic scope and negation,DOJ-0022,YES,NO,NO,NO,NO,NO,U,"{'P': 'does not produce an output that serves as a principal basis', 'O': '', 'W': '', 'H': ''}",The rationale states only a predicate-level conclusion and identifies no output or mechanism.,0.99,U,0
3,linguistic scope and negation,DOJ-0029,YES,NO,NO,NO,NO,NO,U,"{'P': 'does not produce an output that serves as a principal basis', 'O': '', 'W': '', 'H': ''}",The rationale states only a predicate-level conclusion and identifies no output or mechanism.,0.99,U,0
3,linguistic scope and negation,DOJ-0030,YES,NO,NO,NO,NO,NO,U,"{'P': 'does not produce an output that serves as a principal basis', 'O': '', 'W': '', 'H': ''}",The rationale states only a predicate-level conclusion and identifies no output or mechanism.,0.99,U,0
3,linguistic scope and negation,DOJ-0031,YES,NO,NO,NO,NO,NO,U,"{'P': 'does not produce an output that serves as a principal basis', 'O': '', 'W': '', 'H': ''}",The rationale states only a predicate-level conclusion and identifies no output or mechanism.,0.99,U,0
3,linguistic scope and negation,DOJ-0032,YES,NO,NO,NO,NO,NO,U,"{'P': 'does not produce an output that serves as a principal basis', 'O': '', 'W': '', 'H': ''}",The rationale states only a predicate-level conclusion and identifies no output or mechanism.,0.99,U,0
3,linguistic scope and negation,DOJ-0033,YES,NO,NO,NO,NO,NO,U,"{'P': 'does not produce an output that serves as a principal basis', 'O': '', 'W': '', 'H': ''}",The rationale states only a predicate-level conclusion and identifies no output or mechanism.,0.99,U,0
3,linguistic scope and negation,DOJ-0040,YES,NO,NO,NO,NO,NO,U,"{'P': 'does not produce an output that serves as a principal basis', 'O': '', 'W': '', 'H': ''}",The rationale states only a predicate-level conclusion and identifies no output or mechanism.,0.99,U,0
3,linguistic scope and negation,DOJ-0041,YES,NO,NO,NO,NO,NO,U,"{'P': 'does not produce an output that serves as a principal basis', 'O': '', 'W': '', 'H': ''}",The rationale states only a predicate-level conclusion and identifies no output or mechanism.,0.99,U,0
3,linguistic scope and negation,DOJ-0042,YES,UNCLEAR,NO,NO,NO,NO,U,"{'P': 'legal, material, binding, or significant effect', 'O': '', 'W': '', 'H': ''}",The rationale identifies only an unspecified output and asserts the conclusion without a limiting mechanism.,0.98,U,0
3,linguistic scope and negation,DOJ-0043,YES,UNCLEAR,NO,NO,NO,NO,U,"{'P': 'legal, material, binding, or significant effect', 'O': '', 'W': '', 'H': ''}",The rationale identifies only an unspecified output and asserts the conclusion without a limiting mechanism.,0.98,U,0
3,linguistic scope and negation,DOJ-0044,YES,UNCLEAR,NO,NO,NO,NO,U,"{'P': 'legal, material, binding, or significant effect', 'O': '', 'W': '', 'H': ''}",The rationale identifies only an unspecified output and asserts the conclusion without a limiting mechanism.,0.98,U,0
3,linguistic scope and negation,DOJ-0072,YES,UNCLEAR,NO,NO,NO,NO,U,"{'P': 'legal, material, binding, or significant effect', 'O': '', 'W': '', 'H': ''}",The rationale identifies only an unspecified output and asserts the conclusion without a limiting mechanism.,0.98,U,0
3,linguistic scope and negation,DOJ-0073,YES,UNCLEAR,NO,NO,NO,NO,U,"{'P': 'legal, material, binding, or significant effect', 'O': '', 'W': '', 'H': ''}",The rationale identifies only an unspecified output and asserts the conclusion without a limiting mechanism.,0.98,U,0
3,linguistic scope and negation,DOJ-0102,YES,UNCLEAR,NO,NO,NO,NO,U,"{'P': 'legal, material, binding, or significant effect', 'O': '', 'W': '', 'H': ''}",The rationale identifies only an unspecified output and asserts the conclusion without a limiting mechanism.,0.98,U,0
3,linguistic scope and negation,DOJ-0153,YES,UNCLEAR,NO,NO,NO,NO,U,"{'P': 'legal, material, binding, or significant effect', 'O': '', 'W': '', 'H': ''}",The rationale identifies only an unspecified output and asserts the conclusion without a limiting mechanism.,0.98,U,0
3,linguistic scope and negation,DOJ-0220,YES,UNCLEAR,NO,NO,NO,NO,U,"{'P': 'legal, material, binding, or significant effect', 'O': '', 'W': '', 'H': ''}",The rationale identifies only an unspecified output and asserts the conclusion without a limiting mechanism.,0.98,U,0
3,linguistic scope and negation,DOJ-0221,YES,UNCLEAR,NO,NO,NO,NO,U,"{'P': 'legal, material, binding, or significant effect', 'O': '', 'W': '', 'H': ''}",The rationale identifies only an unspecified output and asserts the conclusion without a limiting mechanism.,0.98,U,0
3,linguistic scope and negation,DOJ-0235,YES,UNCLEAR,NO,NO,NO,NO,U,"{'P': 'legal, material, binding, or significant effect', 'O': '', 'W': '', 'H': ''}",The rationale identifies only an unspecified output and asserts the conclusion without a limiting mechanism.,0.98,U,0
3,linguistic scope and negation,DOJ-0239,YES,UNCLEAR,NO,NO,NO,NO,U,"{'P': 'legal, material, binding, or significant effect', 'O': '', 'W': '', 'H': ''}",The rationale identifies only an unspecified output and asserts the conclusion without a limiting mechanism.,0.98,U,0
3,linguistic scope and negation,DOJ-0265,YES,UNCLEAR,NO,NO,NO,NO,U,"{'P': 'legal, material, binding, or significant effect', 'O': '', 'W': '', 'H': ''}",The rationale identifies only an unspecified output and asserts the conclusion without a limiting mechanism.,0.98,U,0
3,linguistic scope and negation,DOJ-0271,YES,UNCLEAR,NO,NO,NO,NO,U,"{'P': 'legal, material, binding, or significant effect', 'O': '', 'W': '', 'H': ''}",The rationale identifies only an unspecified output and asserts the conclusion without a limiting mechanism.,0.98,U,0
3,linguistic scope and negation,DOJ-0315,YES,UNCLEAR,NO,NO,NO,NO,U,"{'P': 'legal, material, binding, or significant effect', 'O': '', 'W': '', 'H': ''}",The rationale identifies only an unspecified output and asserts the conclusion without a limiting mechanism.,0.98,U,0
3,linguistic scope and negation,DOJ-0326,YES,UNCLEAR,NO,NO,NO,NO,U,"{'P': 'legal, material, binding, or significant effect', 'O': '', 'W': '', 'H': ''}",The rationale identifies only an unspecified output and asserts the conclusion without a limiting mechanism.,0.98,U,0
3,linguistic scope and negation,DOJ-0332,YES,UNCLEAR,NO,NO,NO,NO,U,"{'P': 'legal, material, binding, or significant effect', 'O': '', 'W': '', 'H': ''}",The rationale identifies only an unspecified output and asserts the conclusion without a limiting mechanism.,0.98,U,0
3,linguistic scope and negation,DOJ-0357-R01,YES,UNCLEAR,NO,NO,NO,NO,U,"{'P': 'legal, material, binding, or significant effect', 'O': '', 'W': '', 'H': ''}",The rationale identifies only an unspecified output and asserts the conclusion without a limiting mechanism.,0.98,U,0
3,linguistic scope and negation,DOJ-0357-R02,YES,UNCLEAR,NO,NO,NO,NO,U,"{'P': 'legal, material, binding, or significant effect', 'O': '', 'W': '', 'H': ''}",The rationale identifies only an unspecified output and asserts the conclusion without a limiting mechanism.,0.98,U,0
3,linguistic scope and negation,DOJ-0362,YES,UNCLEAR,NO,NO,NO,NO,U,"{'P': 'legal, material, binding, or significant effect', 'O': '', 'W': '', 'H': ''}",The rationale identifies only an unspecified output and asserts the conclusion without a limiting mechanism.,0.98,U,0
3,linguistic scope and negation,DOJ-0363,YES,UNCLEAR,NO,NO,NO,NO,U,"{'P': 'legal, material, binding, or significant effect', 'O': '', 'W': '', 'H': ''}",The rationale identifies only an unspecified output and asserts the conclusion without a limiting mechanism.,0.98,U,0
3,linguistic scope and negation,46,NO,NO,NO,NO,NO,NO,U,"{'P': '', 'O': '', 'W': '', 'H': ''}",No rationale was disclosed.,1.0,U,0
3,linguistic scope and negation,MISSING-6FB970D7652E,YES,YES,NO,NO,YES,NO,S,"{'P': 'principal basis for decisions or actions with legal, material, binding, or significant effect', 'O': 'extracting key data points from scanned notices', 'W': 'narrowly focused on extracting key data points from scanned notices. The outputs do not serve as a principal basis', 'H': ''}",,0.94,S,0
3,linguistic scope and negation,MISSING-404BD6C1AE03,YES,YES,NO,NO,YES,NO,S,"{'P': 'do not serve as a principal basis', 'O': 'extracting key data points', 'W': 'narrowly focused on extracting key data points', 'H': ''}",,0.91,S,0
3,linguistic scope and negation,MISSING-2045216ACC4E,YES,YES,NO,NO,NO,YES,D,"{'P': 'does not serve as the basis for decisions', 'O': 'detect anomalous or inconsistent patterns', 'W': 'in tandem with other data', 'H': 'CMS makes all determinations on actions'}",The other data are not identified as an independent constraining basis.,0.95,D,0
3,linguistic scope and negation,MISSING-F55AC1E5A2AD,YES,YES,NO,NO,NO,YES,D,"{'P': 'does not serve as the basis for decisions', 'O': 'detect patterns that are inconsistent or anomalous', 'W': 'additional information derived outside of this AI tool', 'H': 'CMS makes all determinations on actions'}",The additional information is not specified as an independent constraining basis.,0.95,D,0
3,linguistic scope and negation,MISSING-7DF6162305FD,NO,NO,NO,NO,NO,NO,U,"{'P': '', 'O': '', 'W': '', 'H': ''}",Research-only and non-operational language does not identify an output or a qualifying limiting mechanism.,0.94,U,0
3,linguistic scope and negation,MISSING-E9650DD065E1,YES,YES,NO,NO,NO,NO,U,"{'P': 'significant effect on human health and safety', 'O': 'detects the motion of an individual scratching', 'W': '', 'H': ''}",,0.97,U,0
3,linguistic scope and negation,MISSING-18A285367578,NO,YES,NO,NO,NO,YES,D,"{'P': '', 'O': 'recommendation system only', 'W': '', 'H': 'mandatory human review and approval'}",Recommendation-only language supplies no non-human limiting mechanism.,0.96,D,0
3,linguistic scope and negation,MISSING-AB553836F519,NO,YES,NO,NO,NO,YES,D,"{'P': '', 'O': 'filter relevant video', 'W': '', 'H': 'outputs are verified by humans'}",,0.97,D,0
3,linguistic scope and negation,MISSING-4B41CCE5A80E,NO,YES,NO,NO,NO,NO,U,"{'P': '', 'O': 'automate label extraction', 'W': '', 'H': ''}",,0.96,U,0
3,linguistic scope and negation,MISSING-94D0D1898672,NO,YES,NO,NO,NO,YES,D,"{'P': '', 'O': 'AI-generated output supports subject matter experts', 'W': '', 'H': 'every referral decision undergoes 100% human review'}",Assistive-tool language is not a qualifying narrow mechanism.,0.96,D,0
3,linguistic scope and negation,MISSING-91EA622F8902,YES,YES,NO,NO,NO,YES,D,"{'P': 'does not drive any agency decision', 'O': 'recommendation to assign a grant application', 'W': '', 'H': 'can accept, reject, or reassign'}",Staff discretion does not itself identify a non-AI alternative that avoids dependence on the output.,0.9,D,0
3,linguistic scope and negation,MISSING-8A490802AE57,NO,YES,NO,NO,NO,YES,D,"{'P': '', 'O': 'AI-generated output supports subject matter experts', 'W': '', 'H': 'every referral decision undergoes 100% human review'}",Assistive-tool language is not a qualifying narrow mechanism.,0.96,D,0
3,linguistic scope and negation,MISSING-C38B75F17C3C,YES,YES,YES,YES,YES,YES,S,"{'P': 'not a principal basis for any legal or binding decision', 'O': 'produces non-binding recommendations', 'W': 'funding and programmatic decisions are made through established peer review', 'H': 'full discretion to ignore or override'}",,0.96,S,0
3,linguistic scope and negation,NASA-234,YES,NO,NO,NO,NO,NO,U,"{'P': 'cannot harm humans or impact rights', 'O': '', 'W': '', 'H': ''}",The rationale does not identify what the AI supplies or how it is used.,0.94,U,0
3,linguistic scope and negation,NASA-398,YES,YES,NO,NO,NO,NO,U,"{'P': 'avoid privacy issues', 'O': 'people are counted', 'W': '', 'H': ''}",Immediate deletion limits retention but is not connected to principal-basis decisionmaking.,0.88,U,0
3,linguistic scope and negation,NASA-487,NO,YES,NO,NO,NO,NO,U,"{'P': '', 'O': 'gives information for a crew to act upon', 'W': '', 'H': ''}",Informational-purposes language alone is not a limiting mechanism.,0.95,U,0
3,linguistic scope and negation,TBD-R01,YES,NO,NO,NO,NO,NO,U,"{'P': 'does not actually ""serve as a principal basis for""', 'O': '', 'W': '', 'H': ''}",No output or workflow is identified.,0.98,U,0
3,linguistic scope and negation,TBD-R02,YES,NO,NO,NO,NO,NO,U,"{'P': 'does not actually ""serve as a principal basis for""', 'O': '', 'W': '', 'H': ''}",No output or workflow is identified.,0.98,U,0
3,linguistic scope and negation,TREAS-94,YES,YES,NO,NO,NO,YES,D,"{'P': 'does not approve contracts', 'O': 'offers recommendations', 'W': 'multiple information sources', 'H': 'Final decisions are made by agency officials'}",Multiple information sources are unnamed and do not establish an independent-basis mechanism.,0.93,D,0
3,linguistic scope and negation,TREAS-IRS-75,NO,UNCLEAR,NO,NO,NO,NO,U,"{'P': '', 'O': 'may examine AI bias', 'W': '', 'H': ''}",The modal research description does not assert an operational AI output or workflow.,0.97,U,0
3,linguistic scope and negation,TREAS-IRS-9,NO,YES,NO,NO,NO,YES,D,"{'P': '', 'O': 'AI makes recommendations only', 'W': '', 'H': 'multiple layers of review by agency officials'}",,0.96,D,0
3,linguistic scope and negation,USDA-048,YES,YES,YES,NO,NO,NO,S,"{'P': 'principal basis for decisions', 'O': 'information extraction', 'W': 'vetted through aerial imagery analysis, the Oklahoma Conservation Commission', 'H': ''}",,0.97,S,0
3,linguistic scope and negation,USDA-175,YES,YES,NO,NO,NO,YES,D,"{'P': 'not making any final decisions', 'O': 'only recommendations', 'W': '', 'H': 'authorized staff to review'}",,0.94,D,0
4,adversarial false-positive audit,DHS-101,YES,NO,NO,NO,NO,NO,U,"{'P': 'do not serve as a principal basis for a decision or action', 'O': '', 'W': '', 'H': ''}",The rationale denies the predicate but never identifies the output or a limiting mechanism.,0.99,U,0
4,adversarial false-positive audit,DHS-123,YES,NO,NO,NO,NO,YES,D,"{'P': 'output serves as a principal basis for a decision or action concerning a specific individual or entity...', 'O': '', 'W': '', 'H': 'a human is in the loop making a further determatination'}",“Never the only basis” names no independent evidence or constraining process.,0.98,D,0
4,adversarial false-positive audit,DHS-125,YES,YES,YES,NO,YES,YES,S,"{'P': 'do not serve as a principal basis for law enforcement action or decision', 'O': 'investigative insights in the form of data, information leads or connections that HSI personnel can use to inform investigations', 'W': 'Any enforcement decisions related to these insights are outcomes of the full Federal Investigation Process involving verifying any insights as evidence', 'H': 'all insights are reviewed and validated by both personnel and supervisors'}",,0.96,S,0
4,adversarial false-positive audit,DHS-14,YES,YES,YES,NO,YES,YES,S,"{'P': 'do not serve as a principal basis for a decision or action', 'O': 'identifies whether a fingerprint collected is of sufficient quality to pass the FBI fingerprint check process', 'W': 'This quality assurance step is one task in a series of adjudication activities but is not determinative of the overall adjudication decision.', 'H': 'Results of FBI fingerprint checks are subsequently reviewed by a human'}",,0.97,S,0
4,adversarial false-positive audit,DHS-180,YES,YES,YES,YES,YES,YES,S,"{'P': 'do not serve as a principal basis for a decision or action', 'O': 'suggested aliases and DOBs related to the individual query, which USCIS staff must review to accept, reject, or ignore', 'W': 'Completing such adjudications are not dependent on the use case however lack of this tool would significantly increase human processing times', 'H': 'USCIS staff must review to accept, reject, or ignore the suggested information'}",,0.94,S,0
4,adversarial false-positive audit,DHS-183,YES,YES,NO,NO,NO,NO,U,"{'P': 'do not serve as a principal basis for a decision or action', 'O': 'only provides the officer with complied public information', 'W': '', 'H': ''}",Calling the output compiled public information does not explain why it cannot principally ground an action.,0.97,U,0
4,adversarial false-positive audit,DHS-188,NO,UNCLEAR,NO,NO,NO,NO,U,"{'P': '', 'O': 'identifying the alpha-numeric values of the conveyances in front of it', 'W': '', 'H': ''}","The output is identified, but its workflow role and the relevant high-impact predicate are absent.",0.98,U,0
4,adversarial false-positive audit,DHS-189,YES,YES,NO,YES,YES,NO,S,"{'P': 'do not serve as a principal basis for a decision or action', 'O': 'a real-time advisory message to the submitter of the photo that it is of insufficient quality for card production', 'W': 'the submitter may choose to resubmit or not. While adjudication of EADs is not dependent on this use case', 'H': ''}",,0.98,S,0
4,adversarial false-positive audit,DHS-194,YES,YES,YES,NO,NO,YES,S,"{'P': 'does not serve as a principal basis for any decisions or actions', 'O': 'a bounding box is placed around the suspected IoI in the image and the user is notified of an alert', 'W': 'The user then reviews the image and decides if a dive team is required for further inspection.', 'H': 'The user then reviews the image and decides if a dive team is required'}","The image is treated as the identified non-AI evidentiary basis, distinct from the alert and bounding box.",0.86,S,0
4,adversarial false-positive audit,DHS-204,YES,YES,YES,NO,NO,YES,S,"{'P': 'do not serve as a principal basis for enforcement decisions', 'O': 'search responses that are accompanied by links to source material for further analysis', 'W': 'Any enforcement decisions related to these insights are outcomes of the full Federal Investigation Process involving verifying any insights as evidence.', 'H': 'all insights are reviewed and validated by both personnel and supervisors'}",,0.95,S,0
4,adversarial false-positive audit,DHS-234,YES,YES,NO,NO,YES,NO,S,"{'P': 'does not serve as a principal basis for decision or action', 'O': 'provides detections on the user interface back to users', 'W': 'system cannot autonomously mitigate an aircraft, it only detects and provides a digital track on the GUI/map for further user investigation', 'H': ''}",,0.94,S,0
4,adversarial false-positive audit,DHS-2363,YES,YES,NO,NO,NO,YES,D,"{'P': 'does not serve as a principal basis for a decision or action', 'O': 'detect anomalies in non-intrusive inspection images', 'W': '', 'H': 'If the officer feels physical review is required, the vehicle is moved to secondary inspection'}",Reviewing polygon-marked detections is review of the AI output; no independent basis for the secondary-inspection decision is stated.,0.95,D,0
4,adversarial false-positive audit,DHS-2365,YES,YES,NO,NO,NO,YES,D,"{'P': 'does not serve as a principal basis for a decision or action', 'O': 'detect anomalies in non-intrusive inspection images', 'W': '', 'H': 'If the officer feels physical review is required, the vehicle is moved to secondary inspection'}",Reviewing polygon-marked detections is review of the AI output; no independent basis for the secondary-inspection decision is stated.,0.95,D,0
4,adversarial false-positive audit,DHS-2383,NO,YES,NO,NO,NO,NO,U,"{'P': '', 'O': 'The pilot receives a visual alert on the hand controller, indicating a possible collision', 'W': '', 'H': ''}","The rationale describes operation, including autonomous aircraft responses, but does not rebut a high-impact predicate.",0.98,U,0
4,adversarial false-positive audit,DHS-24,YES,NO,NO,NO,NO,NO,U,"{'P': 'do not serve as a principal basis for a decision or action', 'O': '', 'W': '', 'H': ''}",The rationale supplies only predicate denials and never identifies the output or a mechanism.,0.99,U,0
4,adversarial false-positive audit,DHS-2417,YES,YES,NO,YES,YES,NO,S,"{'P': 'CBP does not make any decision or action based on a no-match.', 'O': 'the service cannot match a traveler', 'W': 'the traveler may continue check-in/bag drop via another means. CBP does not make any decision or action based on a no-match.', 'H': ''}",,0.98,S,0
4,adversarial false-positive audit,DHS-2427,YES,YES,YES,NO,YES,YES,S,"{'P': 'do not serve as a principal basis for law enforcement action or decision', 'O': 'investigative insights in the form of data, information leads or connections that HSI personnel can use to inform investigations', 'W': 'Any enforcement decisions related to these insights are outcomes of the full Federal Investigation Process involving verifying any insights as evidence', 'H': 'all insights are reviewed and validated by both personnel and supervisors'}",,0.96,S,0
4,adversarial false-positive audit,DHS-2434,YES,YES,NO,NO,YES,NO,S,"{'P': 'does not actually ""serve as a principal basis for"" the relevant type of agency action or decision', 'O': 'The collated information supports decisions about staffing priorities', 'W': 'The collated information supports decisions about staffing priorities but is not used to make security-related or employment-related decisions.', 'H': ''}","Staffing priorities could border employment operations, but the rationale expressly bounds use away from employment-related decisions.",0.84,S,0
4,adversarial false-positive audit,DHS-2511,YES,YES,NO,NO,YES,YES,S,"{'P': 'with no direct impact on investigative decisions or legal outcomes', 'O': 'detecting and obscuring faces, objects, or sensitive information', 'W': 'the tool does not perform 1:1 facial matching or identification, and its outputs are strictly limited to redactions', 'H': 'subject to comprehensive human review and editing before finalization'}",,0.97,S,0
4,adversarial false-positive audit,DHS-2517,YES,YES,YES,NO,NO,YES,S,"{'P': 'do not serve as a principal basis for any law enforcement action or decision', 'O': 'investigative insights', 'W': 'Any enforcement decisions related to these insights are outcomes of the full Federal Investigation Process involving verifying any insights as evidence', 'H': 'all insights are reviewed and validated by both personnel and supervisors'}",,0.96,S,0
4,adversarial false-positive audit,DHS-2543,YES,YES,NO,NO,YES,NO,S,"{'P': 'not used to make security-related or employment-related decisions', 'O': 'collates information provided by or authorized to be collected by an employee', 'W': 'The collated information supports decisions about staffing priorities but is not used to make security-related or employment-related decisions.', 'H': ''}","Staffing priorities could border employment operations, but the stated use restriction expressly excludes employment-related decisions.",0.85,S,0
4,adversarial false-positive audit,DHS-2547,YES,YES,NO,NO,NO,YES,D,"{'P': 'outputs do not directly serve as a principal basis for enforcement actions or regulatory decisions', 'O': 'the AI-generated knowledge graph provides a foundation for further human-led investigation', 'W': '', 'H': 'provides a foundation for further human-led investigation'}",“Source validation through separate processes” does not identify the sources or processes and therefore cannot establish an independent-basis mechanism.,0.97,D,0
4,adversarial false-positive audit,DHS-2552,YES,YES,UNCLEAR,NO,UNCLEAR,YES,D,"{'P': 'outputs do not serve as a ""principal basis"" for decisions or actions with legal, material, binding, or significant effects', 'O': 'AI-generated tags and app artifacts are suggestions', 'W': 'require manual validation and further investigation before enforcement actions are taken', 'H': 'designed to assist analysts in prioritizing human review'}",Manual validation and further investigation are not specified enough to establish an independent basis; describing outputs as suggestions does not itself constrain their influence.,0.91,D,0
4,adversarial false-positive audit,DHS-2565,NO,UNCLEAR,NO,NO,NO,NO,U,"{'P': '', 'O': 'identify people, animals, and vehicles as well as extract license plate information', 'W': '', 'H': ''}","The operational use of extracted information remains expressly undetermined, and the rationale offers only a temporal defense.",0.99,U,0
4,adversarial false-positive audit,DHS-2568,YES,YES,YES,NO,NO,YES,S,"{'P': 'does not serve as the principal basis for decisions or actions', 'O': 'User is provided with information for detected objects lacking AIS signal.', 'W': 'a trained CBP agent or user, reviews the image to identify and classify the activity taking place', 'H': 'a trained CBP agent or user, reviews the image'}","The reviewed sensor image is identifiable non-AI evidence, although the rationale does not describe the later decision in detail.",0.84,S,0
4,adversarial false-positive audit,DHS-2572,YES,YES,YES,NO,NO,YES,S,"{'P': 'not a principle basis for a decision or action', 'O': 'Only events classified as High Confidence are then sent to users as a detection.', 'W': 'Any further actions taken will be based on what the agents encounter when they arrive on scene.', 'H': 'Users then review the audio of the event to determine the accuracy of the detection'}","The on-scene encounter is expressly identified as the basis for further action, independently of the alert.",0.98,S,0
4,adversarial false-positive audit,DHS-2575,YES,YES,YES,NO,NO,YES,S,"{'P': 'rather than making legally binding or material decisions itself', 'O': 'outputs serve primarily as inputs to an investigative process', 'W': 'Enforcement decisions and outcomes arise from a full investigative process that includes judicial review', 'H': 'HSI investigators review, validate, and contextualize the AI-generated outputs'}","Judicial review is a named institutional check, though the remaining investigative safeguards are not specified.",0.93,S,0
4,adversarial false-positive audit,DHS-2578,YES,YES,UNCLEAR,NO,YES,YES,S,"{'P': 'do not serve as a principal basis for decisions or actions with legal, material, binding, or significant effects', 'O': 'outputs are limited to normalized address data', 'W': 'role is limited to data extraction and normalization, rather than serving as a primary basis for enforcement actions', 'H': 'ERO officers review and validate the AI-driven outputs before determining actions'}","The full-investigation language is generic, but the output is specifically bounded to address extraction and normalization and explicitly distinguished from enforcement decision-making.",0.94,S,0
4,adversarial false-positive audit,DHS-2595,YES,YES,UNCLEAR,NO,UNCLEAR,YES,D,"{'P': 'outputs do not serve as a ""principal basis"" for decisions or actions with legal, material, binding, or significant effects', 'O': 'providing structured annotations and insights for analysts to review', 'W': 'integration with other government data holdings before any enforcement action is taken', 'H': 'require human validation'}","Other government data holdings are not identified or established as non-AI independent evidence, while supportive and supplementary are conclusory characterizations rather than limiting mechanisms.",0.88,D,0
4,adversarial false-positive audit,DHS-2627,YES,YES,NO,YES,NO,YES,S,"{'P': 'do not serve as a principal basis for a decision or action concerning a specific individual or entity that has a legal, material, binding, or similarly significant effect', 'O': 'The AI outputs are suggested aliases and DOBs', 'W': 'The adjudication process can be conducted without this tool', 'H': 'USCIS staff must review to accept, reject, or ignore the suggested information'}","The rationale expressly identifies an available tool-free adjudication path, despite increased processing time and effort.",0.99,S,0
4,adversarial false-positive audit,DHS-2667,YES,YES,UNCLEAR,NO,UNCLEAR,YES,D,"{'P': 'outputs do not serve as a ""principal basis for decisions or actions that have a legal, material, binding, or significant effect on rights or safety.""', 'O': 'generates intelligence reports and risk assessments', 'W': 'after validating the source data', 'H': 'Analysts review the outputs and initiate follow-on actions'}","Source data is not identified, and validation, advisory, and leads language does not establish an independent evidentiary basis or a bounded-output mechanism.",0.94,D,0
4,adversarial false-positive audit,DHS-2729,YES,YES,YES,NO,YES,NO,S,"{'P': 'cannot be utilized as a determining factor for any enforcement action', 'O': 'performs a comparative search against other open-source images to identify potential matches', 'W': 'must then use internal CBP or USG data prior to making any law enforcement decisions or actions', 'H': ''}",The rationale both confines results to investigative leads and requires separate government data before enforcement decisions.,0.99,S,0
4,adversarial false-positive audit,DHS-310,YES,YES,NO,NO,NO,NO,U,"{'P': 'not used in requests for federal services, processes, and benefits', 'O': 'uses to detect cheating during the exam', 'W': '', 'H': ''}",The rationale identifies a denied policy domain and a cheating-detection function but gives no mechanism preventing that detection from materially affecting an examinee.,0.96,U,0
4,adversarial false-positive audit,DHS-317,YES,YES,YES,NO,NO,YES,S,"{'P': 'Neither the AI or output of AI serves as a principal basis for a decision or action.', 'O': 'vessel registration, aircraft tail number, license plate, and object detection', 'W': 'that information is run through CBP Super Query and if derogatory information is returned or other information from the imagery', 'H': 'Human review takes place prior to any final decision to act'}",The stated response condition includes named government-query results or directly reviewed imagery beyond the AI detection.,0.94,S,0
4,adversarial false-positive audit,DHS-35,YES,YES,YES,NO,YES,YES,S,"{'P': 'do not serve as a principal basis for a decision or action concerning a specific individual or entity that has a legal, material, binding, or similarly significant effect', 'O': 'provides alerts when it detects the presence of an IoI', 'W': 'reviews the image to identify and classify the activity taking place', 'H': 'a trained agent or user, reviews the image'}","The AI is bounded to object-presence alerts, while activity classification rests on direct human examination of the image.",0.95,S,0
4,adversarial false-positive audit,DHS-37,YES,YES,YES,NO,YES,YES,S,"{'P': 'do not serve as a principal basis for a decision or action concerning a specific individual or entity that has a legal, material, binding, or similarly significant effect', 'O': 'provides alerts when it detects the presence of an IoI', 'W': 'reviews the image to identify and classify the activity taking place', 'H': 'a trained agent or user, reviews the image'}",The rationale limits the AI to object-presence alerts and assigns activity identification to review of the underlying image.,0.95,S,0
4,adversarial false-positive audit,DHS-372,YES,YES,NO,NO,YES,NO,S,"{'P': 'not used to make security-related or employment-related decisions', 'O': 'collated information supports decisions about staffing priorities', 'W': 'supports decisions about staffing priorities but is not used to make security-related or employment-related decisions', 'H': ''}",The rationale procedurally confines use of the collated information to staffing-priority support and expressly excludes consequential security and employment decisions.,0.92,S,0
4,adversarial false-positive audit,DHS-38,YES,YES,YES,NO,NO,YES,S,"{'P': 'does not serve as a principal basis for decisions or actions related to the definition of High-Impact AI', 'O': 'When it detects a vessel it sends and image to the cloud', 'W': 'for user review and determination if any follow-up action is required', 'H': 'user review and determination if any follow-up action is required'}","The user receives and reviews the underlying image, but the rationale does not specify criteria for the follow-up determination.",0.83,S,0
4,adversarial false-positive audit,DHS-401,NO,YES,NO,NO,NO,NO,U,"{'P': '', 'O': 'uses facial recognition technology in Seized Property Vault Activity Automation (SPVAA) to create a log of access', 'W': '', 'H': ''}",The rationale describes the application and logging workflow but does not deny any high-impact predicate or provide a limiting mechanism.,0.99,U,0
4,adversarial false-positive audit,DHS-407,YES,YES,YES,YES,NO,YES,S,"{'P': ""is not the primary basis for a decision or action that would affect the individual's rights or safety"", 'O': 'output of AI (facial verification for a remote check-in)', 'W': 'the user can schedule an in-person check-in at their local ERO office', 'H': 'an officer will manually review the check-in photo against the previously taken photos'}",The rationale provides both manual photo comparison and an expressly available in-person check-in path after remote verification failure.,0.99,S,0
4,adversarial false-positive audit,DHS-417,YES,YES,UNCLEAR,NO,NO,YES,D,"{'P': 'do not produce an action or serve as a principal basis for a decision that has the potential to significantly impact', 'O': 'detects anomalies or outliers, and also may be used to classify or categorize certain activity', 'W': 'continue to investigate further as during normal threat hunt operations', 'H': 'reviewed by a human analyst team'}",Further investigation is generic and no independent evidence source or constraining procedure is identified; analyst review alone is not an independent basis.,0.96,D,0
4,adversarial false-positive audit,DHS-48,YES,YES,YES,NO,NO,YES,S,"{'P': 'do not serve as a principal basis for law enforcement action or decision', 'O': 'investigative insights in the form of data, information leads or connections', 'W': 'presentation to a U.S. Attorney’s Office and potentially a District Court judge, decision to prosecute, judicial review, and trial and sentencing', 'H': 'reviewed and validated by both personnel and supervisors'}",The rationale names independent investigative evidence and specific prosecutorial and judicial checks governing enforcement outcomes.,0.98,S,0
4,adversarial false-positive audit,DHS-49,YES,NO,NO,NO,NO,YES,D,"{'P': 'output serves as a principal basis for a decision or action concerning a specific individual or entity', 'O': '', 'W': '', 'H': 'a human is in the loop making a further determatination'}","The AI output is never identified, and never the only basis is weaker than denying principal reliance; the sole offered warrant is human involvement.",0.99,D,0
4,adversarial false-positive audit,DHS-56,YES,YES,UNCLEAR,YES,NO,YES,S,"{'P': 'do not serve as a principal basis for a decision or action concerning a specific individual or entity that has a legal, material, binding, or similarly significant effect', 'O': 'visualized through a report or dashboard to assist with case review', 'W': 'The adjudication process can be conducted without this tool', 'H': 'Adjudicators review the outputs of this use case, alongside other information and insights, to process a case and make a final determination.'}","Other information and insights are unspecified, but the rationale expressly states that adjudication remains available without the tool.",0.98,S,0
4,adversarial false-positive audit,DHS-57,YES,YES,NO,YES,NO,YES,S,"{'P': 'do not serve as a principal basis for a decision or action', 'O': 'visualized through a report or dashboard to assist with case review', 'W': 'The adjudication process can be conducted without this tool', 'H': 'Adjudicators review the outputs of this use case, alongside other information and insights, to process a case and make a final determination.'}","“Other information and insights” is too generic for W-ind, and the report/dashboard description lacks a limiting connection for W-nar; the expressly available tool-free adjudication process establishes W-opt.",0.94,S,0
4,adversarial false-positive audit,DHS-65,YES,UNCLEAR,NO,NO,NO,NO,U,"{'P': 'do not produce an action or serve as a principal basis for a decision', 'O': 'The AI predicts aircraft landing locations.', 'W': '', 'H': ''}","The output is identified, but the rationale does not state how the prediction enters a workflow or provide any limiting mechanism.",0.97,U,0
4,adversarial false-positive audit,DHS-81,YES,YES,NO,NO,YES,NO,S,"{'P': 'do not serve as a principal basis for a decision or action', 'O': ""an assessment of passport validity in response to an officer's request for passport validation"", 'W': 'used to notify the CBP officer that a passport may require review', 'H': ''}",“Other sources” is not identifiable enough for W-ind. W-nar rests on the stated alert-only role: the result notifies an officer of possible need for further review rather than resolving validity itself.,0.86,S,0
4,adversarial false-positive audit,DHS-86,YES,YES,NO,NO,NO,NO,U,"{'P': 'do not produce an action or serve as a principal basis for a decision', 'O': 'If a cargo shipment is identified as high-risk for pest infestation, it is prioritized for inspection.', 'W': '', 'H': ''}",The rationale identifies an output and its operational consequence but gives no mechanism explaining why the output is not a principal basis for inspection prioritization.,0.97,U,0
4,adversarial false-positive audit,DHS-95,YES,YES,NO,NO,UNCLEAR,NO,U,"{'P': 'the output does not serve as a principal basis for decision or actions', 'O': 'serves as an input to larger AI/ML cargo risk targeting models', 'W': 'Its outputs are not directly shared with users or operators', 'H': ''}","The output is an intermediate model input not directly shown to operators, but the rationale does not constrain its influence on downstream targeting models; the asserted indirectness therefore does not clearly establish W-nar.",0.79,U,0
4,adversarial false-positive audit,DOE-574,NO,NO,NO,NO,NO,NO,U,"{'P': '', 'O': '', 'W': '', 'H': ''}","The rationale states only where the product is integrated; it identifies neither a threshold predicate nor an AI output, workflow role, or limiting mechanism.",0.99,U,0
4,adversarial false-positive audit,DOE-579,NO,NO,NO,NO,NO,NO,U,"{'P': '', 'O': '', 'W': '', 'H': ''}",The rationale provides only a topic description and no codable rebuttal components.,0.99,U,0
4,adversarial false-positive audit,DOE-588,NO,NO,NO,NO,NO,NO,U,"{'P': '', 'O': '', 'W': '', 'H': ''}","Development status and an undetermined impact are temporal or unresolved statements, not an asserted policy predicate, output-use account, or W mechanism.",0.99,U,0
4,adversarial false-positive audit,DOE-629,NO,NO,NO,NO,NO,NO,U,"{'P': '', 'O': '', 'W': '', 'H': ''}","Development status and an undetermined impact are temporal or unresolved statements, not an asserted policy predicate, output-use account, or W mechanism.",0.99,U,0
4,adversarial false-positive audit,DOE-713,NO,NO,NO,NO,NO,NO,U,"{'P': '', 'O': '', 'W': '', 'H': ''}","Development status and an undetermined impact are temporal or unresolved statements, not an asserted policy predicate, output-use account, or W mechanism.",0.99,U,0
4,adversarial false-positive audit,DOJ-0009,YES,NO,NO,NO,NO,NO,U,"{'P': 'serves as a principal basis for decisions or actions with legal, material, binding, or significant effect', 'O': '', 'W': '', 'H': ''}","The rationale denies the policy predicate but does not identify the output, its workflow use, or a limiting mechanism.",0.99,U,0
4,adversarial false-positive audit,DOJ-0014,YES,NO,NO,NO,NO,NO,U,"{'P': 'serves as a principal basis for decisions or actions with legal, material, binding, or significant effect', 'O': '', 'W': '', 'H': ''}","The rationale denies the policy predicate but does not identify the output, its workflow use, or a limiting mechanism.",0.99,U,0
4,adversarial false-positive audit,DOJ-0019,YES,NO,NO,NO,NO,NO,U,"{'P': 'serves as a principal basis for decisions or actions with legal, material, binding, or significant effect', 'O': '', 'W': '', 'H': ''}","The rationale denies the policy predicate but does not identify the output, its workflow use, or a limiting mechanism.",0.99,U,0
4,adversarial false-positive audit,DOJ-0021,YES,NO,NO,NO,NO,NO,U,"{'P': 'serves as a principal basis for decisions or actions with legal, material, binding, or significant effect', 'O': '', 'W': '', 'H': ''}","The rationale denies the policy predicate but does not identify the output, its workflow use, or a limiting mechanism.",0.99,U,0
4,adversarial false-positive audit,DOJ-0022,YES,NO,NO,NO,NO,NO,U,"{'P': 'serves as a principal basis for decisions or actions with legal, material, binding, or significant effect', 'O': '', 'W': '', 'H': ''}","The rationale denies the policy predicate but does not identify the output, its workflow use, or a limiting mechanism.",0.99,U,0
4,adversarial false-positive audit,DOJ-0029,YES,NO,NO,NO,NO,NO,U,"{'P': 'serves as a principal basis for decisions or actions with legal, material, binding, or significant effect', 'O': '', 'W': '', 'H': ''}","The rationale denies the policy predicate but does not identify the output, its workflow use, or a limiting mechanism.",0.99,U,0
4,adversarial false-positive audit,DOJ-0030,YES,NO,NO,NO,NO,NO,U,"{'P': 'serves as a principal basis for decisions or actions with legal, material, binding, or significant effect', 'O': '', 'W': '', 'H': ''}","The rationale denies the policy predicate but does not identify the output, its workflow use, or a limiting mechanism.",0.99,U,0
4,adversarial false-positive audit,DOJ-0031,YES,NO,NO,NO,NO,NO,U,"{'P': 'serves as a principal basis for decisions or actions with legal, material, binding, or significant effect', 'O': '', 'W': '', 'H': ''}","The rationale denies the policy predicate but does not identify the output, its workflow use, or a limiting mechanism.",0.99,U,0
4,adversarial false-positive audit,DOJ-0032,YES,NO,NO,NO,NO,NO,U,"{'P': 'serves as a principal basis for decisions or actions with legal, material, binding, or significant effect', 'O': '', 'W': '', 'H': ''}","The rationale denies the policy predicate but does not identify the output, its workflow use, or a limiting mechanism.",0.99,U,0
4,adversarial false-positive audit,DOJ-0033,YES,NO,NO,NO,NO,NO,U,"{'P': 'serves as a principal basis for decisions or actions with legal, material, binding, or significant effect', 'O': '', 'W': '', 'H': ''}","The rationale denies the policy predicate but does not identify the output, its workflow use, or a limiting mechanism.",0.99,U,0
4,adversarial false-positive audit,DOJ-0040,YES,NO,NO,NO,NO,NO,U,"{'P': 'serves as a principal basis for decisions or actions with legal, material, binding, or significant effect', 'O': '', 'W': '', 'H': ''}","The rationale denies the policy predicate but does not identify the output, its workflow use, or a limiting mechanism; pre-deployment status supplies no W mechanism.",0.99,U,0
4,adversarial false-positive audit,DOJ-0041,YES,NO,NO,NO,NO,NO,U,"{'P': 'serves as a principal basis for decisions or actions with legal, material, binding, or significant effect', 'O': '', 'W': '', 'H': ''}","The rationale denies the policy predicate but does not identify the output, its workflow use, or a limiting mechanism; pre-deployment status supplies no W mechanism.",0.99,U,0
4,adversarial false-positive audit,DOJ-0042,YES,NO,NO,NO,NO,NO,U,"{'P': 'principal basis for decisions or actions with legal, material, binding, or significant effect', 'O': '', 'W': '', 'H': ''}","The rationale denies the policy predicate but does not identify the AI output, its workflow role, or a limiting mechanism.",0.99,U,0
4,adversarial false-positive audit,DOJ-0043,YES,NO,NO,NO,NO,NO,U,"{'P': 'principal basis for decisions or actions with legal, material, binding, or significant effect', 'O': '', 'W': '', 'H': ''}","The rationale denies the policy predicate but does not identify the AI output, its workflow role, or a limiting mechanism.",0.99,U,0
4,adversarial false-positive audit,DOJ-0044,YES,NO,NO,NO,NO,NO,U,"{'P': 'principal basis for decisions or actions with legal, material, binding, or significant effect', 'O': '', 'W': '', 'H': ''}","The rationale denies the policy predicate but does not identify the AI output, its workflow role, or a limiting mechanism; pilot status is not a W mechanism.",0.99,U,0
4,adversarial false-positive audit,DOJ-0072,YES,NO,NO,NO,NO,NO,U,"{'P': 'principal basis for decisions or actions with legal, material, binding, or significant effect', 'O': '', 'W': '', 'H': ''}","The rationale denies the policy predicate but does not identify the AI output, its workflow role, or a limiting mechanism; pilot status is not a W mechanism.",0.99,U,0
4,adversarial false-positive audit,DOJ-0073,YES,NO,NO,NO,NO,NO,U,"{'P': 'principal basis for decisions or actions with legal, material, binding, or significant effect', 'O': '', 'W': '', 'H': ''}","The rationale denies the policy predicate but does not identify the AI output, its workflow role, or a limiting mechanism.",0.99,U,0
4,adversarial false-positive audit,DOJ-0102,YES,NO,NO,NO,NO,NO,U,"{'P': 'principal basis for decisions or actions with legal, material, binding, or significant effect', 'O': '', 'W': '', 'H': ''}","The rationale denies the policy predicate but does not identify the AI output, its workflow role, or a limiting mechanism.",0.99,U,0
4,adversarial false-positive audit,DOJ-0153,YES,NO,NO,NO,NO,NO,U,"{'P': 'principal basis for decisions or actions with legal, material, binding, or significant effect', 'O': '', 'W': '', 'H': ''}","The rationale denies the policy predicate but does not identify the AI output, its workflow role, or a limiting mechanism; the use-case title cannot supply O.",0.99,U,0
4,adversarial false-positive audit,DOJ-0220,YES,NO,NO,NO,NO,NO,U,"{'P': 'principal basis for decisions or actions with legal, material, binding, or significant effect', 'O': '', 'W': '', 'H': ''}","The rationale denies the policy predicate but does not identify the AI output, its workflow role, or a limiting mechanism; the use-case title cannot supply O.",0.99,U,0
4,adversarial false-positive audit,DOJ-0221,YES,NO,NO,NO,NO,NO,U,"{'P': 'principal basis for decisions or actions with legal, material, binding, or significant effect', 'O': '', 'W': '', 'H': ''}","The rationale denies the policy predicate but does not identify the AI output, its workflow role, or a limiting mechanism; the use-case title cannot supply O.",0.99,U,0
4,adversarial false-positive audit,DOJ-0235,YES,NO,NO,NO,NO,NO,U,"{'P': 'principal basis for decisions or actions with legal, material, binding, or significant effect', 'O': '', 'W': '', 'H': ''}","The rationale denies the policy predicate but does not identify the AI output, its workflow role, or a limiting mechanism.",0.99,U,0
4,adversarial false-positive audit,DOJ-0239,YES,NO,NO,NO,NO,NO,U,"{'P': 'principal basis for decisions or actions with legal, material, binding, or significant effect', 'O': '', 'W': '', 'H': ''}","The rationale denies the policy predicate but does not identify the AI output, its workflow role, or a limiting mechanism.",0.99,U,0
4,adversarial false-positive audit,DOJ-0265,YES,NO,NO,NO,NO,NO,U,"{'P': 'principal basis for decisions or actions with legal, material, binding, or significant effect', 'O': '', 'W': '', 'H': ''}","The rationale denies the policy predicate but does not identify the AI output, its workflow role, or a limiting mechanism.",0.99,U,0
4,adversarial false-positive audit,DOJ-0271,YES,NO,NO,NO,NO,NO,U,"{'P': 'principal basis for decisions or actions with legal, material, binding, or significant effect', 'O': '', 'W': '', 'H': ''}","The rationale denies the policy predicate but does not identify the AI output, its workflow role, or a limiting mechanism.",0.99,U,0
4,adversarial false-positive audit,DOJ-0315,YES,NO,NO,NO,NO,NO,U,"{'P': 'principal basis for decisions or actions with legal, material, binding, or significant effect', 'O': '', 'W': '', 'H': ''}","The rationale denies the policy predicate but does not identify the AI output, its workflow role, or a limiting mechanism.",0.99,U,0
4,adversarial false-positive audit,DOJ-0326,YES,NO,NO,NO,NO,NO,U,"{'P': 'principal basis for decisions or actions with legal, material, binding, or significant effect', 'O': '', 'W': '', 'H': ''}","The rationale denies the policy predicate but does not identify the AI output, its workflow role, or a limiting mechanism; the use-case title cannot supply O.",0.99,U,0
4,adversarial false-positive audit,DOJ-0332,YES,NO,NO,NO,NO,NO,U,"{'P': 'principal basis for decisions or actions with legal, material, binding, or significant effect', 'O': '', 'W': '', 'H': ''}","The rationale denies the policy predicate but does not identify the AI output, its workflow role, or a limiting mechanism.",0.99,U,0
4,adversarial false-positive audit,DOJ-0357-R01,YES,NO,NO,NO,NO,NO,U,"{'P': 'principal basis for decisions or actions with legal, material, binding, or significant effect', 'O': '', 'W': '', 'H': ''}","The rationale denies the policy predicate but does not identify the AI output, its workflow role, or a limiting mechanism.",0.99,U,0
4,adversarial false-positive audit,DOJ-0357-R02,YES,NO,NO,NO,NO,NO,U,"{'P': 'principal basis for decisions or actions with legal, material, binding, or significant effect', 'O': '', 'W': '', 'H': ''}","The rationale denies the policy predicate but does not identify the AI output, its workflow role, or a limiting mechanism.",0.99,U,0
4,adversarial false-positive audit,DOJ-0362,YES,NO,NO,NO,NO,NO,U,"{'P': 'principal basis for decisions or actions with legal, material, binding, or significant effect', 'O': '', 'W': '', 'H': ''}","The rationale denies the policy predicate but does not identify the AI output, its workflow role, or a limiting mechanism.",0.99,U,0
4,adversarial false-positive audit,DOJ-0363,YES,NO,NO,NO,NO,NO,U,"{'P': 'principal basis for decisions or actions with legal, material, binding, or significant effect', 'O': '', 'W': '', 'H': ''}","The rationale denies the policy predicate but does not identify the AI output, its workflow role, or a limiting mechanism.",0.99,U,0
4,adversarial false-positive audit,46,NO,NO,NO,NO,NO,NO,U,"{'P': '', 'O': '', 'W': '', 'H': ''}","The rationale is missing, so no component has public support; pilot status is not a W mechanism.",1.0,U,0
4,adversarial false-positive audit,MISSING-6FB970D7652E,YES,YES,NO,NO,UNCLEAR,NO,U,"{'P': 'principal basis for decisions or actions with legal, material, binding, or significant effect', 'O': 'extracting key data points from scanned notices', 'W': 'narrowly focused on extracting key data points from scanned notices', 'H': ''}","The extraction scope is bounded, but the rationale merely juxtaposes that bound with the principal-basis denial and does not explain how the bound prevents consequential dependence.",0.95,U,0
4,adversarial false-positive audit,MISSING-404BD6C1AE03,YES,YES,NO,NO,YES,NO,S,"{'P': 'do not serve as a principal basis for decisions or actions with legal, material, binding, or significant effect', 'O': 'extracting key data points from unstructured narratives and validating data completeness', 'W': 'narrowly focused on extracting key data points from unstructured narratives', 'H': ''}",The limiting relation is terse but connects the extraction-only scope to non-principal use.,0.78,S,0
4,adversarial false-positive audit,MISSING-2045216ACC4E,YES,YES,NO,NO,YES,YES,S,"{'P': 'does not serve as the basis for decisions or actions that affect civil rights, liberties, privacy, critical resources, safety, or strategic assets', 'O': 'detect anomalous or inconsistent patterns relative to standard partner actions', 'W': 'The data alone is not enough to determine fraud', 'H': 'CMS makes all determinations on actions.'}","The unspecified 'other data' does not establish W-ind, but the output is expressly limited to anomaly detection insufficient to determine fraud.",0.91,S,0
4,adversarial false-positive audit,MISSING-F55AC1E5A2AD,YES,YES,UNCLEAR,NO,NO,YES,D,"{'P': 'does not serve as the basis for decisions or actions that affect civil rights, liberties, privacy, critical resources, safety, or strategic assets', 'O': 'findings are shared with the agency divisions in the form of reports and tables', 'W': 'additional information derived outside of this AI tool', 'H': 'CMS makes all determinations on actions.'}","The additional information is identified only generically, and no specific independent source or constraining procedure is disclosed.",0.92,D,0
4,adversarial false-positive audit,MISSING-7DF6162305FD,YES,UNCLEAR,NO,NO,NO,NO,U,"{'P': 'does not involve operational use, decision-making, or direct impact on the public or regulated entities', 'O': 'inform future regulatory readiness', 'W': '', 'H': ''}","The research purpose is described, but no specific AI output entering a workflow is identified; research status is a temporal defense, not W.",0.9,U,0
4,adversarial false-positive audit,MISSING-E9650DD065E1,YES,YES,NO,NO,NO,NO,U,"{'P': 'would not be considered to have a significant effect on human health and safety', 'O': 'detects the motion of an individual scratching', 'W': '', 'H': ''}",The rationale characterizes the detected event as non-significant but does not explain why the output cannot principally support a consequential action.,0.88,U,0
4,adversarial false-positive audit,MISSING-18A285367578,YES,YES,NO,NO,NO,YES,D,"{'P': 'FOIA compliance decisions', 'O': 'operates as a recommendation system only', 'W': '', 'H': 'mandatory human review and approval required for all outputs'}","Recommendation-only language is supported solely by human review and control, not an independent or output-bounding mechanism.",0.94,D,0
4,adversarial false-positive audit,MISSING-AB553836F519,NO,YES,NO,NO,NO,YES,D,"{'P': '', 'O': 'AI is used to filter relevant video', 'W': '', 'H': 'outputs are verified by humans, decisions/actions are performed by humans'}","Human verification does not identify independent evidence, and the rationale states no qualifying policy threshold.",0.97,D,0
4,adversarial false-positive audit,MISSING-4B41CCE5A80E,NO,YES,NO,NO,NO,NO,U,"{'P': '', 'O': 'automate label extraction (identification of label information) for regulatory compliance', 'W': '', 'H': ''}",The rationale describes functionality but gives no rebuttal predicate or limiting mechanism.,0.98,U,0
4,adversarial false-positive audit,MISSING-94D0D1898672,NO,YES,NO,NO,NO,YES,D,"{'P': '', 'O': 'providing additional information that helps them make faster decisions and prioritize applications for review', 'W': '', 'H': 'every referral decision undergoes 100% human review'}","The high-impact conclusion does not identify a policy predicate, and assistive-tool language rests on human review.",0.95,D,0
4,adversarial false-positive audit,MISSING-91EA622F8902,YES,YES,NO,NO,NO,YES,D,"{'P': 'does not drive any agency decision, including the categories listed in section 6', 'O': 'a recommendation to assign a grant application to the appropriate Agency staff', 'W': '', 'H': 'can accept, reject, or reassign the application'}","The disclosed reason the recommendation does not drive the decision is recipient discretion, not a separate narrow-output mechanism.",0.92,D,0
4,adversarial false-positive audit,MISSING-8A490802AE57,NO,YES,NO,NO,NO,YES,D,"{'P': '', 'O': 'providing additional information that helps them make faster decisions and prioritize applications for review', 'W': '', 'H': 'every referral decision undergoes 100% human review'}","The high-impact conclusion does not identify a policy predicate, and assistive-tool language rests on human review.",0.95,D,0
4,adversarial false-positive audit,MISSING-C38B75F17C3C,YES,YES,YES,NO,YES,YES,S,"{'P': 'not a principal basis for any legal or binding decision', 'O': 'non-binding recommendations regarding which NIGMS program officer is most appropriate to manage an incoming grant application', 'W': 'all funding and programmatic decisions are made through established peer review and programmatic processes', 'H': 'they have full discretion to ignore or override the AI tool’s recommendations'}",The rationale separately limits the output to internal routing and identifies established downstream processes governing consequential funding decisions.,0.97,S,0
4,adversarial false-positive audit,NASA-234,YES,UNCLEAR,NO,NO,YES,NO,U,"{'P': 'cannot harm humans or impact rights', 'O': 'engagements with terrain features on Mars', 'W': 'Low-speed engagements with terrain features on Mars', 'H': ''}","The Mars-only operational bound is intelligible, but the rationale does not identify what output MLNav supplies or how it enters navigation.",0.79,U,0
4,adversarial false-positive audit,NASA-398,YES,YES,NO,NO,NO,NO,U,"{'P': 'to avoid privacy issues', 'O': 'The people are counted and their images immediately deleted', 'W': '', 'H': ''}",Immediate image deletion mitigates data retention but does not show that the count cannot principally support a consequential action.,0.84,U,0
4,adversarial false-positive audit,NASA-487,NO,YES,NO,NO,NO,YES,D,"{'P': '', 'O': 'only gives information for a crew to act upon', 'W': '', 'H': 'for a crew to act upon'}",Informational-only wording does not constrain reliance on the information; the stated distinction is that the crew acts.,0.91,D,0
4,adversarial false-positive audit,TBD-R01,YES,NO,NO,NO,NO,NO,U,"{'P': 'does not actually ""serve as a principal basis for"" the relevant type of agency action or decision', 'O': '', 'W': '', 'H': ''}",The rationale supplies only the policy conclusion and identifies neither the AI output nor a limiting mechanism.,0.99,U,0
4,adversarial false-positive audit,TBD-R02,YES,NO,NO,NO,NO,NO,U,"{'P': 'does not actually ""serve as a principal basis for"" the relevant type of agency action or decision', 'O': '', 'W': '', 'H': ''}",The rationale supplies only the policy conclusion and identifies neither the AI output nor a limiting mechanism.,0.99,U,0
4,adversarial false-positive audit,TREAS-94,YES,YES,UNCLEAR,NO,NO,YES,D,"{'P': 'does not approve contracts', 'O': 'drafts procurement narratives, supports vendor evaluations, and aids source selection', 'W': 'using multiple information sources', 'H': 'Final decisions are made by agency officials'}",Multiple information sources are asserted generically without identifying the sources or a constraining independent procedure.,0.93,D,0
4,adversarial false-positive audit,TREAS-IRS-75,YES,UNCLEAR,NO,NO,NO,NO,U,"{'P': 'not an operational use case where AI will make or influence government decisions', 'O': 'drafting procurement documents as market research / proposal evaluation', 'W': '', 'H': ''}","The potential research subject is described, but no asserted AI output and operational use are disclosed; research status is temporal rather than W.",0.89,U,0
4,adversarial false-positive audit,TREAS-IRS-9,YES,YES,NO,NO,NO,YES,D,"{'P': 'contracting decisions', 'O': 'AI makes recommendations only', 'W': '', 'H': 'multiple layers of review by agency officials'}",Layers of human review do not identify independent evidence or a non-AI decision path.,0.96,D,0
4,adversarial false-positive audit,USDA-048,YES,YES,YES,NO,NO,YES,S,"{'P': 'the principal basis for decisions', 'O': 'information extraction that informs dam portfolio decisions', 'W': 'vetted through aerial imagery analysis, the Oklahoma Conservation Commission, and associated dam sponsors', 'H': 'the principal basis for decisions is made by humans'}",The rationale identifies concrete independent evidence and institutional checks linked to repair decisions.,0.96,S,0
4,adversarial false-positive audit,USDA-175,NO,YES,NO,NO,NO,YES,D,"{'P': '', 'O': 'only recommendations for authorized staff to review', 'W': '', 'H': 'authorized staff to review'}","The rationale does not identify the relevant policy threshold, and recommendation-only language is supported solely by human review.",0.95,D,0
5,assurance-case completeness,DHS-101,YES,NO,NO,NO,NO,NO,U,"{'P': 'do not produce an action or serve as a principal basis', 'O': '', 'W': '', 'H': ''}",,0.98,U,0
5,assurance-case completeness,DHS-123,YES,NO,UNCLEAR,NO,NO,YES,D,"{'P': 'output serves as a principal basis', 'O': '', 'W': 'never the only basis', 'H': 'a human is in the loop'}",No non-AI basis is identified.,0.97,D,0
5,assurance-case completeness,DHS-125,YES,YES,YES,NO,NO,YES,S,"{'P': 'do not serve as a principal basis for law enforcement action or decision', 'O': 'data, information leads or connections', 'W': 'outcomes of the full Federal Investigation Process involving verifying any insights as evidence', 'H': 'reviewed and validated by both personnel and supervisors'}",,0.98,S,0
5,assurance-case completeness,DHS-14,YES,YES,NO,NO,YES,YES,S,"{'P': 'do not serve as a principal basis for a decision or action', 'O': 'identifies whether a fingerprint collected is of sufficient quality', 'W': 'not determinative of the overall adjudication decision', 'H': 'reviewed by a human'}",,0.96,S,0
5,assurance-case completeness,DHS-180,YES,YES,NO,YES,NO,YES,S,"{'P': 'do not serve as a principal basis for a decision or action', 'O': 'suggested aliases and DOBs', 'W': 'Completing such adjudications are not dependent on the use case', 'H': 'staff must review to accept, reject, or ignore'}",,0.95,S,0
5,assurance-case completeness,DHS-183,YES,YES,NO,NO,UNCLEAR,NO,U,"{'P': 'do not produce an action or serve as a principal basis', 'O': 'compiled public information', 'W': 'only provides the officer with complied public information', 'H': ''}",The informational limitation is stated without an intelligible limiting mechanism.,0.91,U,0
5,assurance-case completeness,DHS-188,NO,YES,NO,NO,UNCLEAR,NO,U,"{'P': '', 'O': 'identifying the alpha-numeric values of the conveyances', 'W': 'simply identifying', 'H': ''}",The narrow description is not tied to a high-impact threshold.,0.97,U,0
5,assurance-case completeness,DHS-189,YES,YES,NO,UNCLEAR,YES,NO,S,"{'P': 'do not serve as a principal basis for a decision or action', 'O': 'a real-time advisory message to the submitter', 'W': 'adjudication of EADs is not dependent on this use case', 'H': ''}",The resubmission choice alone does not clearly specify a non-AI path.,0.94,S,0
5,assurance-case completeness,DHS-194,YES,YES,NO,NO,NO,YES,D,"{'P': 'does not serve as a principal basis for any decisions or actions', 'O': 'an alert of a potential IOI', 'W': '', 'H': 'user then reviews the image and decides'}",,0.97,D,0
5,assurance-case completeness,DHS-204,YES,YES,YES,NO,NO,YES,S,"{'P': 'do not serve as a principal basis for enforcement decisions', 'O': 'search queries and responses', 'W': 'full Federal Investigation Process involving verifying any insights as evidence', 'H': 'reviewed and validated by both personnel and supervisors'}",,0.98,S,0
5,assurance-case completeness,DHS-234,YES,YES,NO,NO,YES,NO,S,"{'P': 'does not serve as a principal basis for decision or action', 'O': 'provides detections on the user interface', 'W': 'cannot autonomously mitigate an aircraft, it only detects', 'H': ''}",,0.94,S,0
5,assurance-case completeness,DHS-2363,YES,YES,UNCLEAR,NO,NO,YES,D,"{'P': 'does not serve as a principal basis for a decision or action', 'O': 'detect anomalies in non-intrusive inspection images', 'W': 'secondary inspection for more thorough review', 'H': 'officers who review the detections'}",The later physical review is contingent on officer discretion and is not stated as an independent basis for the consequential action.,0.94,D,0
5,assurance-case completeness,DHS-2365,YES,YES,UNCLEAR,NO,NO,YES,D,"{'P': 'does not serve as a principal basis for a decision or action', 'O': 'detect anomalies in non-intrusive inspection images', 'W': 'secondary inspection for more thorough review', 'H': 'officers who review the detections'}",The later physical review is contingent on officer discretion and is not stated as an independent basis for the consequential action.,0.94,D,0
5,assurance-case completeness,DHS-2383,NO,YES,NO,NO,NO,NO,U,"{'P': '', 'O': 'visual alert on the hand controller', 'W': '', 'H': ''}",,0.98,U,0
5,assurance-case completeness,DHS-24,YES,NO,NO,NO,NO,NO,U,"{'P': 'do not produce an action or serve as a principal basis', 'O': '', 'W': '', 'H': ''}",,0.98,U,0
5,assurance-case completeness,DHS-2417,YES,YES,NO,YES,NO,NO,S,"{'P': 'does not make any decision or action based on a no-match', 'O': 'service cannot match a traveler', 'W': 'traveler may continue check-in/bag drop via another means', 'H': ''}",,0.98,S,0
5,assurance-case completeness,DHS-2427,YES,YES,YES,NO,NO,YES,S,"{'P': 'do not serve as a principal basis for law enforcement action or decision', 'O': 'data, information leads or connections', 'W': 'outcomes of the full Federal Investigation Process involving verifying any insights as evidence', 'H': 'reviewed and validated by both personnel and supervisors'}",,0.98,S,0
5,assurance-case completeness,DHS-2434,YES,YES,NO,NO,YES,NO,S,"{'P': 'does not actually serve as a principal basis', 'O': 'collated information supports decisions about staffing priorities', 'W': 'not used to make security-related or employment-related decisions', 'H': ''}",,0.95,S,0
5,assurance-case completeness,DHS-2511,YES,YES,NO,NO,YES,YES,S,"{'P': 'no direct impact on investigative decisions or legal outcomes', 'O': 'detecting and obscuring faces, objects, or sensitive information', 'W': 'outputs are strictly limited to redactions', 'H': 'comprehensive human review and editing'}",,0.97,S,0
5,assurance-case completeness,DHS-2517,YES,YES,YES,NO,NO,YES,S,"{'P': 'do not serve as a principal basis for any law enforcement action or decision', 'O': 'supporting information for HSI personnel', 'W': 'submitted to certified human translators for final review', 'H': 'reviewed and validated by both personnel and supervisors'}",,0.98,S,0
5,assurance-case completeness,DHS-2543,YES,YES,NO,NO,YES,NO,S,"{'P': 'not used to make security-related or employment-related decisions', 'O': 'collates information', 'W': 'supports decisions about staffing priorities', 'H': ''}",,0.94,S,0
5,assurance-case completeness,DHS-2547,YES,YES,YES,NO,NO,YES,S,"{'P': 'do not directly serve as a principal basis for enforcement actions or regulatory decisions', 'O': 'AI-generated knowledge graph', 'W': 'requiring source validation through separate processes', 'H': 'further human-led investigation'}",,0.97,S,0
5,assurance-case completeness,DHS-2552,YES,YES,NO,NO,NO,YES,D,"{'P': 'outputs do not serve as a ""principal basis""', 'O': 'classification, decoding, and origin analysis', 'W': '', 'H': 'require manual validation'}",,0.94,D,0
5,assurance-case completeness,DHS-2565,NO,YES,NO,NO,NO,NO,U,"{'P': '', 'O': 'identify people, animals, and vehicles', 'W': '', 'H': ''}",Operational use is expressly unresolved.,0.99,U,0
5,assurance-case completeness,DHS-2568,YES,YES,NO,NO,NO,YES,D,"{'P': 'does not serve as the principal basis', 'O': 'analyze images from the sensors', 'W': '', 'H': 'agent or user, reviews the image'}","AIS filtering is described, but not as a stated independent basis for consequential action.",0.88,D,0
5,assurance-case completeness,DHS-2572,YES,YES,YES,NO,NO,YES,S,"{'P': 'not a principle basis for a decision or action', 'O': 'detects sounds...of gunfire', 'W': 'based on what the agents encounter when they arrive on scene', 'H': 'Users then review the audio'}",,0.98,S,0
5,assurance-case completeness,DHS-2575,YES,UNCLEAR,YES,NO,NO,YES,U,"{'P': 'outputs serve primarily as inputs to an investigative process', 'O': 'AI-generated outputs', 'W': 'full investigative process that includes judicial review', 'H': 'investigators review, validate, and contextualize'}",The rationale does not identify the specific AI output.,0.86,U,0
5,assurance-case completeness,DHS-2578,YES,YES,NO,NO,NO,YES,D,"{'P': 'do not serve as a principal basis', 'O': 'normalized address data', 'W': '', 'H': 'review and validate the AI-driven outputs'}",,0.96,D,0
5,assurance-case completeness,DHS-2595,YES,YES,YES,NO,NO,YES,S,"{'P': 'outputs do not serve as a ""principal basis""', 'O': 'structured annotations and insights', 'W': 'integration with other government data holdings before any enforcement action', 'H': 'require human validation'}",,0.98,S,0
5,assurance-case completeness,DHS-2627,YES,YES,NO,YES,NO,YES,S,"{'P': 'do not serve as a principal basis', 'O': 'suggested aliases and DOBs', 'W': 'adjudications are not dependent on the use case', 'H': 'staff must review to accept, reject, or ignore'}",,0.98,S,0
5,assurance-case completeness,DHS-2667,YES,YES,YES,NO,NO,YES,S,"{'P': 'not the sole or principal basis', 'O': 'intelligence reports and risk assessments', 'W': 'validating the source data, such as inspections or investigations', 'H': 'Analysts review the outputs'}",,0.98,S,0
5,assurance-case completeness,DHS-2729,YES,YES,YES,NO,NO,NO,S,"{'P': 'do not serve as the principal basis', 'O': 'identify potential matches', 'W': 'must then use internal CBP or USG data prior to making any law enforcement decisions', 'H': ''}",,0.99,S,0
5,assurance-case completeness,DHS-310,YES,YES,NO,NO,NO,NO,U,"{'P': 'not used in requests for federal services, processes, and benefits', 'O': 'detect cheating during the exam', 'W': '', 'H': ''}",No mechanism connects cheat-detection output to the exclusion.,0.9,U,0
5,assurance-case completeness,DHS-317,YES,YES,YES,NO,NO,YES,S,"{'P': 'Neither the AI or output of AI serves as a principal basis', 'O': 'vessel registration, aircraft tail number, license plate, and object detection', 'W': 'personal interaction leads to any follow-up decisions', 'H': 'Human review takes place'}",,0.87,S,0
5,assurance-case completeness,DHS-35,YES,YES,NO,NO,NO,YES,D,"{'P': 'do not serve as a principal basis', 'O': 'provides alerts when it detects the presence', 'W': '', 'H': 'trained agent or user, reviews the image'}",The alert's narrowness is not expressly connected to why it cannot be a principal basis.,0.93,D,0
5,assurance-case completeness,DHS-37,YES,YES,NO,NO,NO,YES,D,"{'P': 'do not serve as a principal basis', 'O': 'provides alerts when it detects the presence', 'W': '', 'H': 'trained agent or user, reviews the image'}",The alert's narrowness is not expressly connected to why it cannot be a principal basis.,0.93,D,0
5,assurance-case completeness,DHS-372,YES,YES,NO,NO,NO,NO,U,"{'P': 'not used to make security-related or employment-related decisions', 'O': 'collates information', 'W': '', 'H': ''}",It states a conclusion but no limiting mechanism.,0.9,U,0
5,assurance-case completeness,DHS-38,YES,YES,NO,NO,NO,YES,D,"{'P': 'does not serve as a principal basis', 'O': 'detect small vessels', 'W': '', 'H': 'user review and determination'}",,0.96,D,0
5,assurance-case completeness,DHS-401,NO,YES,NO,NO,NO,NO,U,"{'P': '', 'O': 'create a log of access', 'W': '', 'H': ''}",No disclosed high-impact rationale.,0.99,U,0
5,assurance-case completeness,DHS-407,YES,YES,NO,YES,NO,YES,S,"{'P': ""not the primary basis for a decision or action that would affect the individual's rights or safety"", 'O': 'facial verification for a remote check-in', 'W': 'user can schedule an in-person check-in', 'H': 'an officer will manually review'}",,0.99,S,0
5,assurance-case completeness,DHS-417,YES,YES,NO,NO,NO,YES,D,"{'P': 'do not produce an action or serve as a principal basis', 'O': 'detects anomalies or outliers', 'W': '', 'H': 'reviewed by a human analyst team'}",,0.96,D,0
5,assurance-case completeness,DHS-48,YES,YES,YES,NO,NO,YES,S,"{'P': 'do not serve as a principal basis', 'O': 'data, information leads or connections', 'W': 'verifying any insights as evidence', 'H': 'reviewed and validated by both personnel and supervisors'}",,0.99,S,0
5,assurance-case completeness,DHS-49,YES,UNCLEAR,NO,NO,NO,YES,D,"{'P': 'output serves as a principal basis for a decision or action', 'O': '', 'W': '', 'H': 'a human is in the loop'}",The rationale does not identify the AI output.,0.94,D,0
5,assurance-case completeness,DHS-56,YES,YES,NO,YES,NO,YES,S,"{'P': 'do not serve as a principal basis', 'O': 'report or dashboard', 'W': 'adjudication process can be conducted without this tool', 'H': 'Adjudicators review the outputs'}",,0.99,S,0
5,assurance-case completeness,DHS-57,YES,YES,NO,YES,NO,YES,S,"{'P': 'do not serve as a principal basis', 'O': 'visualized through a report or dashboard to assist with case review', 'W': 'The adjudication process can be conducted without this tool', 'H': 'Adjudicators review the outputs'}",,0.98,S,0
5,assurance-case completeness,DHS-65,YES,UNCLEAR,NO,NO,NO,NO,U,"{'P': 'do not produce an action or serve as a principal basis', 'O': 'predicts aircraft landing locations', 'W': '', 'H': ''}",The rationale names a prediction but does not state how it enters a workflow.,0.94,U,0
5,assurance-case completeness,DHS-81,YES,YES,NO,NO,NO,YES,D,"{'P': 'do not serve as a principal basis', 'O': ""assessment of passport validity in response to an officer's request"", 'W': '', 'H': 'passport may require review'}",“Other sources” is not an identifiable independent evidence source.,0.88,D,0
5,assurance-case completeness,DHS-86,YES,YES,NO,NO,NO,NO,U,"{'P': 'do not produce an action or serve as a principal basis', 'O': 'identifies agricultural pest risk', 'W': '', 'H': ''}",Prioritization for inspection does not state a limiting mechanism preventing principal reliance.,0.96,U,0
5,assurance-case completeness,DHS-95,YES,YES,NO,NO,NO,NO,U,"{'P': 'does not serve as a principal basis', 'O': 'create quantifiable risk measures', 'W': '', 'H': ''}",Non-sharing with users does not explain why downstream use cannot be a principal basis.,0.95,U,0
5,assurance-case completeness,DOE-574,NO,NO,NO,NO,NO,NO,U,"{'P': '', 'O': '', 'W': '', 'H': ''}",The rationale only states software integration.,0.99,U,0
5,assurance-case completeness,DOE-579,NO,NO,NO,NO,NO,NO,U,"{'P': '', 'O': '', 'W': '', 'H': ''}",No intelligible rationale is disclosed.,0.99,U,0
5,assurance-case completeness,DOE-588,NO,NO,NO,NO,NO,NO,U,"{'P': '', 'O': '', 'W': '', 'H': ''}","Development stage and undetermined impact are temporal statements, not a rebuttal mechanism.",0.99,U,0
5,assurance-case completeness,DOE-629,NO,NO,NO,NO,NO,NO,U,"{'P': '', 'O': '', 'W': '', 'H': ''}","Development stage and undetermined impact are temporal statements, not a rebuttal mechanism.",0.99,U,0
5,assurance-case completeness,DOE-713,NO,NO,NO,NO,NO,NO,U,"{'P': '', 'O': '', 'W': '', 'H': ''}","Development stage and undetermined impact are temporal statements, not a rebuttal mechanism.",0.99,U,0
5,assurance-case completeness,DOJ-0009,YES,NO,NO,NO,NO,NO,U,"{'P': 'does not produce an output that serves as a principal basis', 'O': '', 'W': '', 'H': ''}",The rationale states only a conclusory predicate denial.,0.99,U,0
5,assurance-case completeness,DOJ-0014,YES,NO,NO,NO,NO,NO,U,"{'P': 'does not produce an output that serves as a principal basis', 'O': '', 'W': '', 'H': ''}",The rationale states only a conclusory predicate denial.,0.99,U,0
5,assurance-case completeness,DOJ-0019,YES,NO,NO,NO,NO,NO,U,"{'P': 'does not produce an output that serves as a principal basis', 'O': '', 'W': '', 'H': ''}",The rationale states only a conclusory predicate denial.,0.99,U,0
5,assurance-case completeness,DOJ-0021,YES,NO,NO,NO,NO,NO,U,"{'P': 'does not produce an output that serves as a principal basis', 'O': '', 'W': '', 'H': ''}",The rationale states only a conclusory predicate denial.,0.99,U,0
5,assurance-case completeness,DOJ-0022,YES,NO,NO,NO,NO,NO,U,"{'P': 'does not produce an output that serves as a principal basis', 'O': '', 'W': '', 'H': ''}",The rationale states only a conclusory predicate denial.,0.99,U,0
5,assurance-case completeness,DOJ-0029,YES,NO,NO,NO,NO,NO,U,"{'P': 'does not produce an output that serves as a principal basis', 'O': '', 'W': '', 'H': ''}",The rationale states only a conclusory predicate denial.,0.99,U,0
5,assurance-case completeness,DOJ-0030,YES,NO,NO,NO,NO,NO,U,"{'P': 'does not produce an output that serves as a principal basis', 'O': '', 'W': '', 'H': ''}",The rationale states only a conclusory predicate denial.,0.99,U,0
5,assurance-case completeness,DOJ-0031,YES,NO,NO,NO,NO,NO,U,"{'P': 'does not produce an output that serves as a principal basis', 'O': '', 'W': '', 'H': ''}",The rationale states only a conclusory predicate denial.,0.99,U,0
5,assurance-case completeness,DOJ-0032,YES,NO,NO,NO,NO,NO,U,"{'P': 'does not produce an output that serves as a principal basis', 'O': '', 'W': '', 'H': ''}",The rationale states only a conclusory predicate denial.,0.99,U,0
5,assurance-case completeness,DOJ-0033,YES,NO,NO,NO,NO,NO,U,"{'P': 'does not produce an output that serves as a principal basis', 'O': '', 'W': '', 'H': ''}",The rationale states only a conclusory predicate denial.,0.99,U,0
5,assurance-case completeness,DOJ-0040,YES,NO,NO,NO,NO,NO,U,"{'P': 'does not produce an output that serves as a principal basis', 'O': '', 'W': '', 'H': ''}",The rationale states only a conclusory predicate denial.,0.99,U,0
5,assurance-case completeness,DOJ-0041,YES,NO,NO,NO,NO,NO,U,"{'P': 'does not produce an output that serves as a principal basis', 'O': '', 'W': '', 'H': ''}",The rationale states only a conclusory predicate denial.,0.99,U,0
5,assurance-case completeness,DOJ-0042,YES,NO,NO,NO,NO,NO,U,"{'P': 'principal basis for decisions or actions with legal, material, binding, or significant effect', 'O': '', 'W': '', 'H': ''}",The rationale states the denied predicate but identifies no AI output or limiting mechanism.,0.99,U,0
5,assurance-case completeness,DOJ-0043,YES,NO,NO,NO,NO,NO,U,"{'P': 'principal basis for decisions or actions with legal, material, binding, or significant effect', 'O': '', 'W': '', 'H': ''}",The rationale states the denied predicate but identifies no AI output or limiting mechanism.,0.99,U,0
5,assurance-case completeness,DOJ-0044,YES,NO,NO,NO,NO,NO,U,"{'P': 'principal basis for decisions or actions with legal, material, binding, or significant effect', 'O': '', 'W': '', 'H': ''}",The rationale states the denied predicate but identifies no AI output or limiting mechanism.,0.99,U,0
5,assurance-case completeness,DOJ-0072,YES,NO,NO,NO,NO,NO,U,"{'P': 'principal basis for decisions or actions with legal, material, binding, or significant effect', 'O': '', 'W': '', 'H': ''}",The rationale states the denied predicate but identifies no AI output or limiting mechanism.,0.99,U,0
5,assurance-case completeness,DOJ-0073,YES,NO,NO,NO,NO,NO,U,"{'P': 'principal basis for decisions or actions with legal, material, binding, or significant effect', 'O': '', 'W': '', 'H': ''}",The rationale states the denied predicate but identifies no AI output or limiting mechanism.,0.99,U,0
5,assurance-case completeness,DOJ-0102,YES,NO,NO,NO,NO,NO,U,"{'P': 'principal basis for decisions or actions with legal, material, binding, or significant effect', 'O': '', 'W': '', 'H': ''}",The rationale states the denied predicate but identifies no AI output or limiting mechanism.,0.99,U,0
5,assurance-case completeness,DOJ-0153,YES,NO,NO,NO,NO,NO,U,"{'P': 'principal basis for decisions or actions with legal, material, binding, or significant effect', 'O': '', 'W': '', 'H': ''}",The rationale states the denied predicate but identifies no AI output or limiting mechanism.,0.99,U,0
5,assurance-case completeness,DOJ-0220,YES,NO,NO,NO,NO,NO,U,"{'P': 'principal basis for decisions or actions with legal, material, binding, or significant effect', 'O': '', 'W': '', 'H': ''}",The rationale states the denied predicate but identifies no AI output or limiting mechanism.,0.99,U,0
5,assurance-case completeness,DOJ-0221,YES,NO,NO,NO,NO,NO,U,"{'P': 'principal basis for decisions or actions with legal, material, binding, or significant effect', 'O': '', 'W': '', 'H': ''}",The rationale states the denied predicate but identifies no AI output or limiting mechanism.,0.99,U,0
5,assurance-case completeness,DOJ-0235,YES,NO,NO,NO,NO,NO,U,"{'P': 'principal basis for decisions or actions with legal, material, binding, or significant effect', 'O': '', 'W': '', 'H': ''}",The rationale states the denied predicate but identifies no AI output or limiting mechanism.,0.99,U,0
5,assurance-case completeness,DOJ-0239,YES,NO,NO,NO,NO,NO,U,"{'P': 'principal basis for decisions or actions with legal, material, binding, or significant effect', 'O': '', 'W': '', 'H': ''}",The rationale states the denied predicate but identifies no AI output or limiting mechanism.,0.99,U,0
5,assurance-case completeness,DOJ-0265,YES,NO,NO,NO,NO,NO,U,"{'P': 'principal basis for decisions or actions with legal, material, binding, or significant effect', 'O': '', 'W': '', 'H': ''}",The rationale states the denied predicate but identifies no AI output or limiting mechanism.,0.99,U,0
5,assurance-case completeness,DOJ-0271,YES,NO,NO,NO,NO,NO,U,"{'P': 'principal basis for decisions or actions with legal, material, binding, or significant effect', 'O': '', 'W': '', 'H': ''}",The rationale states the denied predicate but identifies no AI output or limiting mechanism.,0.99,U,0
5,assurance-case completeness,DOJ-0315,YES,NO,NO,NO,NO,NO,U,"{'P': 'principal basis for decisions or actions with legal, material, binding, or significant effect', 'O': '', 'W': '', 'H': ''}",The rationale states the denied predicate but identifies no AI output or limiting mechanism.,0.99,U,0
5,assurance-case completeness,DOJ-0326,YES,NO,NO,NO,NO,NO,U,"{'P': 'principal basis for decisions or actions with legal, material, binding, or significant effect', 'O': '', 'W': '', 'H': ''}",The rationale states the denied predicate but identifies no AI output or limiting mechanism.,0.99,U,0
5,assurance-case completeness,DOJ-0332,YES,NO,NO,NO,NO,NO,U,"{'P': 'principal basis for decisions or actions with legal, material, binding, or significant effect', 'O': '', 'W': '', 'H': ''}",The rationale states the denied predicate but identifies no AI output or limiting mechanism.,0.99,U,0
5,assurance-case completeness,DOJ-0357-R01,YES,NO,NO,NO,NO,NO,U,"{'P': 'principal basis for decisions or actions with legal, material, binding, or significant effect', 'O': '', 'W': '', 'H': ''}",The rationale states the denied predicate but identifies no AI output or limiting mechanism.,0.99,U,0
5,assurance-case completeness,DOJ-0357-R02,YES,NO,NO,NO,NO,NO,U,"{'P': 'principal basis for decisions or actions with legal, material, binding, or significant effect', 'O': '', 'W': '', 'H': ''}",The rationale states the denied predicate but identifies no AI output or limiting mechanism.,0.99,U,0
5,assurance-case completeness,DOJ-0362,YES,NO,NO,NO,NO,NO,U,"{'P': 'principal basis for decisions or actions with legal, material, binding, or significant effect', 'O': '', 'W': '', 'H': ''}",The rationale states the denied predicate but identifies no AI output or limiting mechanism.,0.99,U,0
5,assurance-case completeness,DOJ-0363,YES,NO,NO,NO,NO,NO,U,"{'P': 'principal basis for decisions or actions with legal, material, binding, or significant effect', 'O': '', 'W': '', 'H': ''}",The rationale states the denied predicate but identifies no AI output or limiting mechanism.,0.99,U,0
5,assurance-case completeness,46,NO,NO,NO,NO,NO,NO,U,"{'P': '', 'O': '', 'W': '', 'H': ''}",No rationale was disclosed.,1.0,U,0
5,assurance-case completeness,MISSING-6FB970D7652E,YES,YES,NO,NO,UNCLEAR,NO,U,"{'P': 'principal basis for decisions or actions with legal, material, binding, or significant effect', 'O': 'extracting key data points from scanned notices', 'W': 'narrowly focused on extracting key data points', 'H': ''}","The bounded extraction output is stated, but the rationale does not intelligibly connect that bound to why it cannot be a principal basis.",0.78,U,0
5,assurance-case completeness,MISSING-404BD6C1AE03,YES,YES,NO,NO,YES,NO,S,"{'P': 'do not serve as a principal basis for decisions or actions with legal, material, binding, or significant effect', 'O': 'extracting key data points from unstructured narratives', 'W': 'The use of AI is narrowly focused on extracting key data points from unstructured narratives and validating data completeness. The outputs do not serve as a principal basis for decisions', 'H': ''}",,0.94,S,0
5,assurance-case completeness,MISSING-2045216ACC4E,YES,YES,NO,NO,NO,YES,D,"{'P': 'does not serve as the basis for decisions or actions that affect civil rights, liberties, privacy, critical resources, safety, or strategic assets', 'O': 'detect anomalous or inconsistent patterns', 'W': '', 'H': 'CMS makes all determinations on actions.'}",Other data are not identified or assigned a limiting role.,0.92,D,0
5,assurance-case completeness,MISSING-F55AC1E5A2AD,YES,YES,NO,NO,NO,YES,D,"{'P': 'does not serve as the basis for decisions or actions that affect civil rights, liberties, privacy, critical resources, safety, or strategic assets', 'O': 'detect patterns that are inconsistent or anomalous', 'W': '', 'H': 'CMS makes all determinations on actions.'}",Additional information outside the tool is not specifically identified.,0.92,D,0
5,assurance-case completeness,MISSING-7DF6162305FD,NO,NO,NO,NO,NO,NO,U,"{'P': '', 'O': '', 'W': '', 'H': ''}",Research-only and no-direct-impact assertions do not identify an AI output or a qualifying policy predicate.,0.9,U,0
5,assurance-case completeness,MISSING-E9650DD065E1,YES,YES,NO,NO,NO,NO,U,"{'P': 'would not be considered to have a significant effect on human health and safety', 'O': 'accurately detects the motion of an individual scratching', 'W': '', 'H': ''}",No independent mechanism explains why the output cannot be a principal basis.,0.91,U,0
5,assurance-case completeness,MISSING-18A285367578,NO,YES,NO,NO,NO,YES,D,"{'P': '', 'O': 'recommendation system only', 'W': '', 'H': 'mandatory human review and approval required for all outputs'}",Recommendation-only wording is not a qualifying narrow-output mechanism.,0.96,D,0
5,assurance-case completeness,MISSING-AB553836F519,NO,YES,NO,NO,NO,YES,D,"{'P': '', 'O': 'used to filter relevant video', 'W': '', 'H': 'outputs are verified by humans, decisions/actions are performed by humans'}",,0.94,D,0
5,assurance-case completeness,MISSING-4B41CCE5A80E,NO,YES,NO,NO,NO,NO,U,"{'P': '', 'O': 'automate label extraction', 'W': '', 'H': ''}",The rationale does not state a high-impact predicate or limiting mechanism.,0.95,U,0
5,assurance-case completeness,MISSING-94D0D1898672,NO,YES,NO,NO,NO,YES,D,"{'P': '', 'O': 'AI-generated output supports subject matter experts by providing additional information', 'W': '', 'H': 'every referral decision undergoes 100% human review'}",Assistive-tool wording is not a qualifying narrow-output mechanism.,0.96,D,0
5,assurance-case completeness,MISSING-91EA622F8902,YES,YES,NO,YES,NO,YES,S,"{'P': 'does not drive any agency decision', 'O': 'a recommendation to assign a grant application', 'W': 'can accept, reject, or reassign the application based on their expertise', 'H': 'can accept, reject, or reassign the application'}",,0.94,S,0
5,assurance-case completeness,MISSING-8A490802AE57,NO,YES,NO,NO,NO,YES,D,"{'P': '', 'O': 'AI-generated output supports subject matter experts by providing additional information', 'W': '', 'H': 'every referral decision undergoes 100% human review'}",Assistive-tool wording is not a qualifying narrow-output mechanism.,0.96,D,0
5,assurance-case completeness,MISSING-C38B75F17C3C,YES,YES,NO,YES,YES,YES,S,"{'P': 'not a principal basis for any legal or binding decision', 'O': 'produces non-binding recommendations regarding which NIGMS program officer is most appropriate', 'W': 'Program officers must actively accept the assignment or refer the application to a more appropriate program officer', 'H': 'they have full discretion to ignore or override the AI tool’s recommendations'}",,0.97,S,0
5,assurance-case completeness,NASA-234,YES,NO,NO,NO,NO,NO,U,"{'P': 'cannot harm humans or impact rights', 'O': '', 'W': '', 'H': ''}",The rationale does not identify the AI output or its workflow role.,0.92,U,0
5,assurance-case completeness,NASA-398,YES,YES,NO,NO,NO,NO,U,"{'P': 'their images immediately deleted to avoid privacy issues', 'O': 'The people are counted', 'W': '', 'H': ''}",Deletion explains a privacy safeguard but not why the output cannot be a principal basis for a consequential action.,0.84,U,0
5,assurance-case completeness,NASA-487,NO,YES,NO,NO,NO,NO,U,"{'P': '', 'O': 'only gives information for a crew to act upon', 'W': '', 'H': ''}",Informational-purposes-only is a label without a limiting mechanism or policy predicate.,0.94,U,0
5,assurance-case completeness,TBD-R01,YES,NO,NO,NO,NO,NO,U,"{'P': 'does not actually ""serve as a principal basis for"" the relevant type of agency action or decision', 'O': '', 'W': '', 'H': ''}",No AI output or limiting mechanism is disclosed.,0.97,U,0
5,assurance-case completeness,TBD-R02,YES,NO,NO,NO,NO,NO,U,"{'P': 'does not actually ""serve as a principal basis for"" the relevant type of agency action or decision', 'O': '', 'W': '', 'H': ''}",No AI output or limiting mechanism is disclosed.,0.97,U,0
5,assurance-case completeness,TREAS-94,YES,YES,NO,NO,NO,YES,D,"{'P': 'does not approve contracts', 'O': 'drafts procurement narratives, supports vendor evaluations, and aids source selection', 'W': '', 'H': 'Final decisions are made by agency officials'}",Multiple information sources are not identified as independent evidence sources.,0.94,D,0
5,assurance-case completeness,TREAS-IRS-75,NO,NO,NO,NO,NO,NO,U,"{'P': '', 'O': '', 'W': '', 'H': ''}","Research/non-operational assertions do not identify an output, policy predicate, or mechanism.",0.93,U,0
5,assurance-case completeness,TREAS-IRS-9,NO,YES,NO,NO,NO,YES,D,"{'P': '', 'O': 'AI makes recommendations', 'W': '', 'H': 'contracting decisions would go through multiple layers of review by agency officials'}",Recommendation-only wording is not a qualifying narrow-output mechanism.,0.95,D,0
5,assurance-case completeness,USDA-048,YES,YES,YES,NO,NO,YES,S,"{'P': 'the principal basis for decisions is made by humans', 'O': 'used for information extraction that informs dam portfolio decisions', 'W': 'vetted through aerial imagery analysis, the Oklahoma Conservation Commission, and associated dam sponsors', 'H': 'the principal basis for decisions is made by humans'}",,0.95,S,0
5,assurance-case completeness,USDA-175,NO,YES,NO,NO,NO,YES,D,"{'P': '', 'O': 'only recommendations for authorized staff to review', 'W': '', 'H': 'not making any final decisions'}",Recommendations and staff review do not establish an independent limiting mechanism.,0.95,D,0
